file,group,ground_truth,prediction,error,linearity,planarity,elongation,thickness_norm,compactness,rectangularity,axis_alignment,normal_disp_p95,local_surface_bending_mean,local_surface_bending_p95,hull_vertex_density,boundary_edge_cv,boundary_turning_std,perimeter_rect_ratio
BedSet_01_01.obj,BedSet_01,OB,CA,x,0.004667699,0.960659215,5.651442206,0.130983516,0.977104605,0.630762142,0.586038758,1.098654247,6.22E-09,3.57E-08,0.072968134,2.525509913,0.335469513,0.789816526
BedSet_01_02.obj,BedSet_01,OB,CA,x,0.524143807,0.460076695,7.559740074,0.107987523,0.996580938,0.999300166,0.977775797,1.007738356,7.95E-09,5.40E-08,0.098189634,3.428431135,0.033118502,0.987982903
BedSet_01_03.obj,BedSet_01,M,M,,0.99031486,0.007630769,22.49859632,0.044190319,0.99994987,1,1,1.0816,3.36E-17,1.11E-16,0.073061824,0.820806451,0,1
BedSet_01_04.obj,BedSet_01,M,M,,0.991315516,0.003861474,14.68444771,0.067650132,1,1,1,1.0816,0,0,0.084770104,0.829507171,0,1
BedSet_01_05.obj,BedSet_01,M,M,,0.991229341,0.006910282,23.64373806,0.042072946,1,1,1,1.0816,1.01E-17,1.11E-16,0.071276207,0.828735623,0,1
BedSet_01_06.obj,BedSet_01,M,M,,0.988622488,0.009979367,27.27348132,0.036434627,1,1,1,1.0816,5.05E-17,1.55E-16,0.073688169,0.807230953,0,1
BedSet_01_07.obj,BedSet_01,OB,OB,,0.88888924,0.110340218,36.02482913,0.026325029,1,1,1,1,0,0,0.014082479,0.500000593,0,1
BedSet_01_08.obj,BedSet_01,OB,OB,,0.939494053,0.060149396,52.95891761,0.018332908,1,1,1,1,0,0,0.012097332,0.605162759,0,1
BedSet_01_09.obj,BedSet_01,OB,OB,,0.939494053,0.060193328,56.55776204,0.017166716,1,1,1,1,0,0,0.012097332,0.605162759,0,1
BedSet_01_10.obj,BedSet_01,OB,OB,,0.8770026,0.122232015,36.14596607,0.026097736,1,1,1,1,0,0,0.014444885,0.480702904,0,1
BedSet_01_11.obj,BedSet_01,OB,OB,,0.488410176,0.511522878,122.2184592,0.006654824,1,1,1,1,0,0,0.007234667,0.166007335,0,1
BedSet_01_12.obj,BedSet_01,OB,OB,,0.400609032,0.599032805,52.83962574,0.01496285,1,1,1,1,0,0,0.009240396,0.127266442,0,1
BedSet_01_13.obj,BedSet_01,OB,OB,,0.960717717,0.039083901,70.99842864,0.013814751,1,1,1,1,0,0,0.018262868,0.669173785,0,1
BedSet_01_14.obj,BedSet_01,OB,OB,,0.407554953,0.592100865,53.90218127,0.014699904,1,1,1,1,0,0,0.009267362,0.130132165,0,1
BedSet_01_15.obj,BedSet_01,OB,OB,,0.251829382,0.735515492,8.889283815,0.084776413,1,1,1,1,0,0,0.047048704,0.072404135,0,1
BedSet_01_16.obj,BedSet_01,OB,OB,,0.327230815,0.656213817,7.771960618,0.098994909,1,1,1,1,0,0,0.045815668,0.098765213,0,1
BedSet_01_17.obj,BedSet_01,OB,OB,,0.364291503,0.628165373,11.51395033,0.067752233,1,1,1,1,0,0,0.045171239,0.112772047,0,1
BedSet_01_18.obj,BedSet_01,OB,OB,,0.954887366,0.045109212,540.641594,0.00180929,1,1,1,1,0,0,0.023314282,0.649624195,0,1
BedSet_01_19.obj,BedSet_01,OB,OB,,0.251829382,0.735515492,8.889283815,0.084776413,1,1,1,1,8.88E-17,2.22E-16,0.047048704,0.072404135,0,1
BedSet_01_20.obj,BedSet_01,OB,OB,,0.327230815,0.656213817,7.771960618,0.098994909,1,1,1,1,0,0,0.045815668,0.098765213,0,1
BedSet_01_21.obj,BedSet_01,OB,OB,,0.364291503,0.628165373,11.51395033,0.067752233,1,1,1,1,0,0,0.045171239,0.112772047,0,1
BedSet_01_22.obj,BedSet_01,OB,OB,,0.954887366,0.045109212,540.641594,0.00180929,1,1,1,1,0,0,0.023314282,0.649624195,0,1
BedSet_02_01.obj,BedSet_02,OB,SL,x,0.954063506,0.044169058,49.30232552,0.019973862,0.96530522,0.899379733,0.967322047,1.707425221,2.35E-17,1.11E-16,0.032137136,0.677409049,0.591107306,0.975700724
BedSet_02_02.obj,BedSet_02,OB,SL,x,0.954063437,0.044169129,49.30232551,0.019973862,0.96530522,0.899378738,0.967321788,1.707395485,2.99E-17,2.22E-16,0.032137136,0.677409049,0.591107306,0.975700536
BedSet_02_03.obj,BedSet_02,OB,SL,x,0.954063389,0.044169175,49.30232552,0.019973862,0.96530522,0.899379538,0.967321996,1.707414544,4.41E-17,2.22E-16,0.032137136,0.677409049,0.591107306,0.975700687
BedSet_02_04.obj,BedSet_02,OB,SL,x,0.954063554,0.044169012,49.30232552,0.019973862,0.96530522,0.899378932,0.967321839,1.707406198,4.63E-17,2.22E-16,0.032137136,0.677409049,0.591107306,0.975700573
BedSet_02_05.obj,BedSet_02,M,M,,0.997874956,0.002065324,94.66452498,0.010551982,0.997650644,1,1,1.361111111,3.20E-17,2.22E-16,0.034339012,0.912457819,0,1
BedSet_02_06.obj,BedSet_02,M,M,,0.997875093,0.002065187,94.66452498,0.010551983,0.997650644,1,1,1.361111111,1.51E-17,1.11E-16,0.034339565,0.912460517,0,1
BedSet_02_07.obj,BedSet_02,M,M,,0.997874819,0.002065461,94.66452498,0.010551981,0.997650644,1,1,1.361111111,5.55E-17,2.22E-16,0.034338458,0.912455121,0,1
BedSet_02_08.obj,BedSet_02,M,M,,0.997874956,0.002065324,94.66452498,0.010551982,0.997650644,1,1,1.361111111,2.19E-17,1.11E-16,0.034339012,0.912457819,0,1
BedSet_02_09.obj,BedSet_02,M,M,,0.997875093,0.002065187,94.66452498,0.010551983,0.997650644,1,1,1.361111111,1.51E-17,1.11E-16,0.034339565,0.912460517,0,1
BedSet_02_10.obj,BedSet_02,M,M,,0.997874819,0.002065461,94.66452498,0.010551981,0.997650644,1,1,1.361111111,3.87E-17,1.11E-16,0.034338458,0.912455121,0,1
BedSet_02_11.obj,BedSet_02,M,M,,0.997874956,0.002065324,94.66452498,0.010551982,0.997650644,1,1,1.361111111,2.19E-17,1.11E-16,0.034339012,0.912457819,0,1
BedSet_02_12.obj,BedSet_02,M,M,,0.997875093,0.002065187,94.66452498,0.010551983,0.997650644,1,1,1.361111111,1.85E-17,1.11E-16,0.034339565,0.912460517,0,1
BedSet_02_13.obj,BedSet_02,M,M,,0.997875093,0.002065187,94.66452498,0.010551983,0.997650644,1,1,1.361111111,6.22E-17,2.22E-16,0.034339565,0.912460517,0,1
BedSet_02_14.obj,BedSet_02,M,M,,0.997917603,0.002021313,100.794176,0.009908539,0.966906197,0.999572525,0.99465506,1.174202834,7.38E-10,4.67E-09,0.057991395,1.865507445,0.576010285,0.997419054
BedSet_02_15.obj,BedSet_02,OB,SL,x,0.971067134,0.028439998,78.00366636,0.01273063,1,0.999999837,0.999999976,1.234567901,2.78E-17,1.11E-16,0.019472692,0.788997978,0,0.999999981
BedSet_02_16.obj,BedSet_02,M,M,,0.997874956,0.002065324,94.66452498,0.010551982,0.997650644,1,1,1.361111111,5.55E-17,2.22E-16,0.034339012,0.912457819,0,1
BedSet_02_17.obj,BedSet_02,M,M,,0.999327774,0.000422729,65.99853346,0.015143163,0.996529828,0.996529553,0.996870763,1.361111111,1.91E-17,1.11E-16,0.045480933,1.272808714,0.698111692,0.997623832
BedSet_02_18.obj,BedSet_02,M,M,,0.997874956,0.002065324,94.66452498,0.010551982,0.997650644,1,1,1.361111111,6.22E-17,2.22E-16,0.034339012,0.912457819,0,1
BedSet_02_19.obj,BedSet_02,M,M,,0.998404344,0.00151498,100.7941761,0.009912919,0.991865576,1,1,1.000129196,0,0,0.025977513,0.923663725,0,1
BedSet_02_20.obj,BedSet_02,OB,OB,,0.75,0.089996648,2.499973811,0.336863897,1,1,1,1,0,0,0.147538783,0.333333333,0,1
BedSet_02_21.obj,BedSet_02,M,M,,0.997874819,0.002065461,94.66452498,0.010551981,0.997650644,1,1,1.361111111,2.52E-17,1.11E-16,0.034338458,0.912455121,0,1
BedSet_02_22.obj,BedSet_02,M,M,,0.997875093,0.002065187,94.66452498,0.010551983,0.997650644,1,1,1.361111111,4.54E-17,1.11E-16,0.034339565,0.912460517,0,1
BedSet_02_23.obj,BedSet_02,M,M,,0.997874956,0.002065324,94.66452498,0.010551982,0.997650644,1,1,1.361111111,3.20E-17,2.22E-16,0.034339012,0.912457819,0,1
BedSet_02_24.obj,BedSet_02,OB,CA,x,0.361728467,0.631513239,11.60518102,0.067134224,0.999400116,0.99996443,0.995077093,1.00007681,2.81E-06,1.49E-05,0.043698413,2.538907865,0.080087572,0.997281741
BedSet_02_25.obj,BedSet_02,M,M,,0.999303326,0.000250793,45.49981666,0.021964521,1,1,1,1,2.47E-17,1.11E-16,0.034583513,0.9465244,0,1
BedSet_02_26.obj,BedSet_02,M,M,,0.999303326,0.000250793,45.49981666,0.021964521,1,1,1,1,2.47E-17,1.11E-16,0.034583513,0.9465244,0,1
BedSet_02_27.obj,BedSet_02,M,M,,0.99884346,0.000462601,36.99979047,0.027001921,1,1,1,1.5625,1.11E-17,1.11E-16,0.038350788,0.934640827,2.21E-15,1
BedSet_02_28.obj,BedSet_02,M,M,,0.99884346,0.000462601,36.99979047,0.027001921,1,1,1,1.5625,1.11E-17,1.11E-16,0.038350788,0.934640827,2.51E-15,1
BedSet_02_29.obj,BedSet_02,OB,M,x,0.983829799,0.015993003,53.00272351,0.018536654,0.992969695,1,1,1.183161095,2.75E-17,1.11E-16,0.045315957,0.682542158,0,1
BedSet_02_30.obj,BedSet_02,OB,M,x,0.983829799,0.015993003,53.00272351,0.018536654,0.992969695,1,1,1.183161095,2.15E-17,1.11E-16,0.045315957,0.682542158,0,1
BedSet_02_31.obj,BedSet_02,M,M,,0.996930616,0.003016305,93.61521442,0.010630206,0.992349313,1,1,1.204182586,5.93E-09,4.12E-08,0.03554273,0.820971412,0,1
BedSet_02_32.obj,BedSet_02,OB,OB,,0.757942179,0.242048798,312.0307028,0.002788838,1,1,1,1.361111111,6.17E-18,3.89E-17,0.014811021,0.276996347,0,1
BedSet_02_33.obj,BedSet_02,OB,M,x,0.983829799,0.015993003,53.00272351,0.018536654,0.992969695,1,1,1.183161095,2.24E-17,1.11E-16,0.045315957,0.682542158,0,1
BedSet_02_34.obj,BedSet_02,OB,M,x,0.983829799,0.015993003,53.00272351,0.018536654,0.992969695,1,1,1.183161095,2.67E-17,1.11E-16,0.045315957,0.682542158,0,1
BedSet_02_35.obj,BedSet_02,M,M,,0.996930616,0.003016305,93.61521442,0.010630206,0.992349313,1,1,1.204182586,5.93E-09,4.12E-08,0.03554273,0.820971412,0,1
BedSet_02_36.obj,BedSet_02,OB,OB,,0.757942179,0.242048798,312.0307028,0.002788838,1,1,1,1.361111111,6.17E-18,3.89E-17,0.014811021,0.276996347,0,1
BedSet_02_37.obj,BedSet_02,OB,M,x,0.983829799,0.015993003,53.00272351,0.018536654,0.992969695,1,1,1.183161095,3.87E-17,2.22E-16,0.045315957,0.682542158,0,1
BedSet_02_38.obj,BedSet_02,OB,M,x,0.983829799,0.015993003,53.00272351,0.018536654,0.992969695,1,1,1.183161095,2.75E-17,1.11E-16,0.045315957,0.682542158,0,1
BedSet_02_39.obj,BedSet_02,M,M,,0.996930616,0.003016305,93.61521442,0.010630206,0.992349313,1,1,1.204182586,5.93E-09,4.12E-08,0.03554273,0.820971412,0,1
BedSet_02_40.obj,BedSet_02,OB,OB,,0.757942179,0.242048798,312.0307028,0.002788838,1,1,1,1.361111111,6.17E-18,3.89E-17,0.014811021,0.276996347,0,1
BedSet_02_41.obj,BedSet_02,OB,M,x,0.983829799,0.015993003,53.00272351,0.018536654,0.992969695,1,1,1.183161095,1.03E-17,1.11E-16,0.045315957,0.682542158,0,1
BedSet_02_42.obj,BedSet_02,OB,M,x,0.983829799,0.015993003,53.00272351,0.018536654,0.992969695,1,1,1.183161095,2.84E-17,1.11E-16,0.045315957,0.682542158,0,1
BedSet_02_43.obj,BedSet_02,M,M,,0.996930616,0.003016305,93.61521442,0.010630206,0.992349313,1,1,1.204182586,5.93E-09,4.12E-08,0.03554273,0.820971412,0,1
BedSet_02_44.obj,BedSet_02,OB,OB,,0.757942179,0.242048798,312.0307028,0.002788838,1,1,1,1.361111111,6.17E-18,3.89E-17,0.014811021,0.276996347,0,1
BedSet_02_45.obj,BedSet_02,M,M,,0.982278627,0.017565138,80.00366635,0.012389173,1,1,1,1,0,0,0.017870848,0.765035557,0,1
BedSet_02_46.obj,BedSet_02,M,M,,0.99701692,0.002955004,188.7292479,0.005290636,1,1,1,1,0,0,0.029562813,0.896422026,0,1
BedSet_02_47.obj,BedSet_02,M,M,,0.997966879,0.001932729,99.80473484,0.010008893,1,1,1,1,0,0,0.024614298,0.913710524,0,1
BedSet_02_48.obj,BedSet_02,M,SL,x,0.981266127,0.018633877,100.0019639,0.009906946,1,1,1,1,0,0,0.01762433,0.759213403,0,1
BedSet_02_49.obj,BedSet_02,M,M,,0.997449269,0.002485434,123.7526514,0.008070086,1,1,1,1,0,0,0.023445385,0.903846677,0,1
BedSet_02_50.obj,BedSet_02,M,M,,0.995191251,0.004759223,142.0960164,0.007020462,1,1,1,1,0,0,0.027899249,0.870303532,0,1
BedSet_02_51.obj,BedSet_02,M,M,,0.997449269,0.002485434,123.7526514,0.008070086,1,1,1,1,0,0,0.023445385,0.903846677,0,1
BedSet_03_01.obj,BedSet_03,OB,CA,x,0.404732233,0.584998866,9.241574982,0.085420134,1,0.999999918,0.99999995,1.160493827,9.25E-18,9.44E-17,0.009678539,0.722662239,0.740480432,0.99999996
BedSet_03_02.obj,BedSet_03,M,M,,0.995770103,0.003056584,30.46213537,0.032746356,1,0.959104714,0.99650287,1.547091413,1.91E-17,1.11E-16,0.096660828,1.287322575,0.739267385,0.997264642
BedSet_03_03.obj,BedSet_03,M,M,,0.996126575,0.00270162,30.46213537,0.032751707,1,0.960437178,0.996748675,1.547091413,1.91E-17,1.11E-16,0.098548664,1.291744029,0.739449985,0.997456169
BedSet_03_04.obj,BedSet_03,M,M,,0.998702758,0.000696557,47.76626554,0.020914514,1,0.858170698,0.991658603,1.433641975,2.91E-17,1.11E-16,0.077857738,1.334199918,0.693360557,0.993513123
BedSet_03_05.obj,BedSet_03,M,M,,0.999301092,0.000583111,92.9288448,0.010756071,1,1,1,0.888888889,0,0,0.043946406,0.945448568,0,1
BedSet_03_06.obj,BedSet_03,M,M,,0.993648319,0.000972601,12.85493038,0.077313178,1,1,1,0.888888889,5.92E-17,1.11E-16,0.239236099,0.852370796,0,1
BedSet_03_07.obj,BedSet_03,M,M,,0.993648319,0.000972601,12.85493038,0.077313178,1,1,1,0.888888889,0,0,0.239236099,0.852370796,0,1
BedSet_03_08.obj,BedSet_03,M,M,,0.993648319,0.000972601,12.85493038,0.077313178,1,1,1,0.888888889,1.48E-16,2.22E-16,0.239236099,0.852370796,0,1
BedSet_03_09.obj,BedSet_03,M,M,,0.993648319,0.000972601,12.85493038,0.077313178,1,1,1,0.888888889,5.92E-17,1.11E-16,0.239236099,0.852370796,0,1
BedSet_03_10.obj,BedSet_03,OB,CA,x,0.925216344,0.074657332,67.80185143,0.013871706,0.913324449,0.991888215,0.996670098,1.172702573,0.096213428,0.649405377,0.021434116,1.046316882,0.758736645,0.997394981
BedSet_03_12.obj,BedSet_03,M,M,,0.998774,0.000631719,47.76626554,0.020915877,1,0.860504677,0.99199736,1.7008,3.67E-17,1.11E-16,0.078791751,1.335934591,0.720937924,0.993773941
BedSet_03_13.obj,BedSet_03,OB,SL,x,0.91417705,0.085670751,77.89376122,0.01154109,0.794715067,0.999575296,0.999786981,1.858463371,0.001864325,1.11E-16,0.015817116,0.781870505,0.739456009,0.999832737
BedSet_03_14.obj,BedSet_03,M,M,,0.993892614,0.000288669,12.85493038,0.077313178,1,1,1,1.0816,1.35E-17,1.11E-16,0.239236099,0.852370796,0,1
BedSet_03_15.obj,BedSet_03,M,M,,0.993892614,0.000288898,12.85518239,0.077311672,1,1,1,1.0816,1.35E-17,1.11E-16,0.239236099,0.852370796,0,1
BedSet_03_16.obj,BedSet_03,M,M,,0.993892614,0.000288669,12.85493038,0.077313178,1,1,1,1.0816,1.35E-17,1.11E-16,0.239236099,0.852370796,0,1
BedSet_03_17.obj,BedSet_03,M,M,,0.993892614,0.000288669,12.85493038,0.077313178,1,1,1,1.0816,0,0,0.239236099,0.852370796,0,1
BedSet_03_18.obj,BedSet_03,M,M,,0.993892614,0.000288669,12.85493038,0.077313178,1,1,1,1.0816,1.35E-17,1.11E-16,0.239236099,0.852370796,0,1
BedSet_03_19.obj,BedSet_03,M,M,,0.993892614,0.000288669,12.85493038,0.077313178,1,1,1,1.0816,1.35E-17,1.11E-16,0.239236099,0.852370796,0,1
BedSet_03_20.obj,BedSet_03,M,M,,0.993892614,0.000290951,12.85745095,0.077298112,1,1,1,1.0816,1.01E-17,1.11E-16,0.239236099,0.852370796,0,1
BedSet_03_21.obj,BedSet_03,M,M,,0.993892614,0.000288669,12.85493038,0.077313178,1,1,1,1.0816,0,0,0.239236099,0.852370796,0,1
BedSet_03_22.obj,BedSet_03,M,M,,0.993892614,0.000288669,12.85493038,0.077313178,1,1,1,1.0816,2.36E-17,1.11E-16,0.239236099,0.852370796,0,1
BedSet_03_23.obj,BedSet_03,M,M,,0.993892614,0.000288669,12.85493038,0.077313178,1,1,1,1.0816,2.36E-17,1.11E-16,0.239236099,0.852370796,0,1
BedSet_03_24.obj,BedSet_03,M,M,,0.993892614,0.000288669,12.85493038,0.077313178,1,1,1,1.0816,1.35E-17,1.11E-16,0.239236099,0.852370796,0,1
BedSet_03_25.obj,BedSet_03,M,M,,0.993892614,0.000288669,12.85493038,0.077313178,1,1,1,1.0816,1.35E-17,1.11E-16,0.239236099,0.852370796,0,1
BedSet_03_26.obj,BedSet_03,M,M,,0.988562741,0.011380231,127.2258626,0.007811552,1,1,1,1,7.40E-17,2.22E-16,0.016984828,0.799674601,0,1
BedSet_03_27.obj,BedSet_03,M,M,,0.987115954,0.012804208,114.8834103,0.008651746,0.993418437,0.930722245,0.984661109,1.228532959,0.064447633,0.499469014,0.021173207,1.024823577,0.594832593,0.988356539
BedSet_04_01.obj,BedSet_04,M,M,,0.994105874,8.16E-05,10.87299694,0.091199402,0.978373061,0.998577331,0.98051183,1.000826364,0.034943959,0.073156717,0.262919809,2.912546314,0.074048116,0.989668848
BedSet_04_02.obj,BedSet_04,OB,CA,x,0.636364728,0.351636288,7.824948602,0.107981744,0.978045566,0.984020723,0.957333671,1.000826367,0.03494396,0.07315672,0.045035058,2.14029088,0.074048049,0.975617811
BedSet_04_03.obj,BedSet_04,M,M,,0.986170571,0.013061631,29.16467722,0.034020508,0.992512416,0.999776036,0.992048446,1.000826372,0.034943961,0.073156723,0.156912376,3.055371154,0.099639367,0.995759532
BedSet_04_04.obj,BedSet_04,M,M,,0.986170571,0.013061631,29.16467722,0.034020508,0.992512416,0.999776036,0.992048446,1.000826372,0.034943961,0.073156723,0.156912376,3.055371154,0.099639367,0.995759532
BedSet_04_05.obj,BedSet_04,M,M,,0.986170571,0.013061631,29.16467722,0.034020508,0.992512416,0.999776036,0.992048446,1.000826372,0.034943961,0.073156723,0.156912376,3.055371154,0.099639367,0.995759532
BedSet_04_06.obj,BedSet_04,M,M,,0.986170571,0.013061631,29.16467722,0.034020508,0.992512416,0.999776036,0.992048446,1.000826372,0.034943961,0.073156723,0.156912376,3.055371154,0.099639367,0.995759532
BedSet_04_07.obj,BedSet_04,M,M,,0.986170571,0.013061631,29.16467722,0.034020508,0.992512416,0.999776036,0.992048446,1.000826372,0.034943961,0.073156723,0.156912376,3.055371154,0.099639367,0.995759532
BedSet_04_08.obj,BedSet_04,M,M,,0.986170571,0.013061631,29.16467722,0.034020508,0.992512416,0.999776036,0.992048446,1.000826372,0.034943961,0.073156723,0.156912376,3.055371154,0.099639367,0.995759532
BedSet_04_09.obj,BedSet_04,M,M,,0.986170571,0.013061631,29.16467722,0.034020508,0.992512416,0.999776036,0.992048446,1.000826372,0.034943961,0.073156723,0.156912376,3.055371154,0.099639367,0.995759532
BedSet_04_10.obj,BedSet_04,M,M,,0.986170571,0.013061631,29.16467722,0.034020508,0.992512415,0.999776036,0.992048446,1.000826372,0.034943959,0.073156717,0.156912376,3.055371154,0.099639345,0.995759532
BedSet_04_11.obj,BedSet_04,M,M,,0.98540716,0.014293761,46.60570643,0.021291638,0.995419972,0.999913704,0.99504076,1.000826365,0.03494396,0.073156723,0.089902551,2.926940485,0.074048015,0.99735107
BedSet_04_12.obj,BedSet_04,M,M,,0.98540716,0.014293761,46.60570606,0.021291638,0.995419972,0.999913704,0.99504076,1.00082637,0.034943959,0.073156717,0.089902551,2.926940485,0.074048015,0.99735107
BedSet_04_13.obj,BedSet_04,OB,CA,x,0.96354299,0.034329118,29.05783886,0.033933568,0.936567968,0.995764663,0.958659386,1.001255293,0.001057597,1.11E-16,0.050689598,1.617061114,0.256749508,0.982414235
BedSet_04_14.obj,BedSet_04,M,M,,0.994105874,8.16E-05,10.87299694,0.091199402,0.978373061,0.998577331,0.98051183,1.000826371,0.034943959,0.073156717,0.262919809,2.912546314,0.074048116,0.989668848
BedSet_04_15.obj,BedSet_04,M,M,,0.994105874,8.16E-05,10.87299694,0.091199402,0.978373061,0.998577331,0.98051183,1.000826374,0.034943959,0.073156715,0.262919809,2.912546314,0.074048123,0.989668848
BedSet_04_16.obj,BedSet_04,OB,CA,x,0.96432896,0.034939961,29.88303164,0.032848145,0.995107642,0.999865413,0.992702734,1.000826365,0.034943958,0.073156714,0.112276489,2.759702812,0.074048015,0.996107098
BedSet_04_17.obj,BedSet_04,OB,CA,x,0.96354299,0.034329118,29.05783886,0.033933568,0.936567968,0.995764663,0.958659386,1.001255293,0.001057597,1.11E-16,0.050689598,1.617061114,0.256749508,0.982414235
BedSet_04_18.obj,BedSet_04,M,M,,0.994105874,8.16E-05,10.87299694,0.091199402,0.978373061,0.998577331,0.98051183,1.000826367,0.034943959,0.073156715,0.262919809,2.912546314,0.074048123,0.989668848
BedSet_04_19.obj,BedSet_04,OB,CA,x,0.96432896,0.034939961,29.88303188,0.032848145,0.995107642,0.999865413,0.992702734,1.000826367,0.034943959,0.073156718,0.112276489,2.759702812,0.074048015,0.996107098
BedSet_04_20.obj,BedSet_04,M,M,,0.990313505,0.007630758,22.49856734,0.044190317,0.999519964,1,1,1.0816,4.04E-17,1.11E-16,5,0.820806366,0,1
BedSet_04_21.obj,BedSet_04,OB,CA,x,0.524143756,0.460076651,7.559739208,0.107987522,0.99658056,0.999300166,0.977775797,1.007738356,7.95E-09,5.40E-08,5,3.428430298,0.033118502,0.987982903
BedSet_04_22.obj,BedSet_04,OB,CA,x,0.004667698,0.960659024,5.651441596,0.130983515,0.977104172,0.630762142,0.586038758,1.098654247,6.22E-09,3.57E-08,5,2.52550945,0.335469513,0.789816526
BedSet_05_01.obj,BedSet_05,OB,SL,x,0.522721116,0.441544523,5.288134237,0.1536328,1,0.901850023,0.934859399,1.079881657,3.49E-17,1.11E-16,0.011201885,0.740906988,0.404578603,0.95257352
BedSet_05_02.obj,BedSet_05,OB,SL,x,0.478277416,0.510524929,5.864407023,0.136267994,0.772226223,0.897076097,0.92984047,1.062445495,9.61E-18,1.11E-16,0.011432264,0.863857539,0.683860648,0.949183497
BedSet_05_03.obj,BedSet_05,CA,CA,,0.811481758,0.161302026,1.060330333,0.565745258,0.360800933,0.580227182,0.383870318,1.082114637,0.000569263,0.000871508,3.489333833,4.953225152,0.126243339,0.751612101
BedSet_05_04.obj,BedSet_05,CA,CA,,0.811481956,0.161301808,1.060330333,0.565745258,0.360796845,0.580221457,0.383858991,1.08212108,0.000569519,0.000871662,3.526870547,4.98076574,0.125517837,0.751608499
BedSet_05_05.obj,BedSet_05,CA,CA,,0.811482146,0.161301621,1.060330333,0.565748755,0.360797139,0.580221745,0.383860284,1.082124602,0.000569292,0.000867961,3.433086085,4.911645239,0.127185744,0.751609686
BedSet_05_06.obj,BedSet_05,CA,CA,,0.811482345,0.161301402,1.060330333,0.565748755,0.36079305,0.580216052,0.383848962,1.082131278,0.000569422,0.000869206,3.451862658,4.925450092,0.126763512,0.751606092
BedSet_05_07.obj,BedSet_05,SL,OB,x,0.933693855,0.060693532,5.423109506,0.166436053,0.543622137,1,1,1.056656288,3.38E-17,2.22E-16,0.011155495,0.360299625,0,1
BedSet_05_08.obj,BedSet_05,M,M,,0.983562796,0.014164514,20.83127896,0.047561131,0.993032356,0.999999964,0.99998197,1.001735554,2.61E-12,2.27E-11,0.032029777,1.181115358,0.670754149,0.999987486
BedSet_05_09.obj,BedSet_05,M,M,,0.999269713,0.000395668,52.99995088,0.018858602,0.999887375,0.936028436,0.997812254,1.580408163,7.47E-17,2.22E-16,5,0.950920213,1.78E-15,0.998286167
BedSet_05_10.obj,BedSet_05,M,M,,0.995505262,0.003993836,42.99988045,0.023193179,0.998336786,1,1,1,4.63E-17,1.39E-16,5,0.869565112,0,1
BedSet_05_11.obj,BedSet_05,M,M,,0.995505262,0.003993836,42.99988045,0.023193179,0.998336786,1,1,1,1.85E-17,1.11E-16,5,0.869565112,0,1
BedSet_05_12.obj,BedSet_05,M,M,,0.995505262,0.003993836,42.99988045,0.023193179,0.998336786,1,1,1,4.63E-17,1.39E-16,5,0.869565112,0,1
BedSet_05_13.obj,BedSet_05,M,M,,0.995505262,0.003993836,42.99988045,0.023193179,0.998336786,1,1,1,3.08E-17,1.11E-16,5,0.869565112,0,1
BedSet_05_14.obj,BedSet_05,M,M,,0.995505262,0.003993836,42.99988045,0.023193179,0.998336786,1,1,1,1.85E-17,1.11E-16,5,0.869565112,0,1
BedSet_05_15.obj,BedSet_05,M,M,,0.995505262,0.003993836,42.99988045,0.023193179,0.998336786,1,1,1,0,0,5,0.869565112,0,1
BedSet_05_16.obj,BedSet_05,OB,M,x,0.975379782,0.014999926,9.999988878,0.098266148,0.99914109,1,1,1.0816,6.39E-17,1.55E-16,5,0.724137792,0,1
BedSet_05_17.obj,BedSet_05,OB,M,x,0.975379782,0.014999926,9.999988879,0.098266148,0.99914109,1,1,1.0816,4.04E-17,1.55E-16,5,0.724137792,0,1
BedSet_05_18.obj,BedSet_05,OB,OB,,0.975379782,0.014999926,9.99998888,0.098266148,0.99914109,1,1,1.0816,1.01E-17,1.11E-16,5,0.724137792,0,1
BedSet_05_19.obj,BedSet_05,M,M,,0.997997438,0.001909465,99.49986168,0.01003708,0.999946005,1,1,1.26953125,5.33E-17,2.22E-16,5,0.904307505,0,1
BedSet_05_20.obj,BedSet_05,M,OB,x,0.982869739,0.004930354,8.499994092,0.116051761,0.96285491,0.95939176,0.983839084,1.5041358,2.53E-17,1.11E-16,5,1.055792068,0.74144032,0.987698615
BedSet_05_21.obj,BedSet_05,M,M,,0.994734026,0.005059927,80.9998874,0.012321289,0.998390566,0.965584361,0.99717097,1.228733459,0,0,5,1.292521184,0.639640896,0.997787165
BedSet_05_22.obj,BedSet_05,M,M,,0.994734026,0.005059927,80.9998874,0.012321289,0.998390566,0.965584361,0.99717097,1.228733459,1.63E-17,1.11E-16,5,1.292521184,0.639640896,0.997787165
BedSet_05_23.obj,BedSet_05,M,M,,0.994734026,0.005059927,80.9998874,0.012321289,0.998390566,0.965584361,0.99717097,1.228733459,1.63E-17,1.11E-16,5,1.292521184,0.639640896,0.997787165
BedSet_05_24.obj,BedSet_05,M,M,,0.994734026,0.005059927,80.9998874,0.012321289,0.998390566,0.965584361,0.99717097,1.228733459,1.63E-17,1.11E-16,5,1.292521184,0.639640896,0.997787165
BedSet_05_25.obj,BedSet_05,M,M,,0.994734026,0.005059927,80.9998874,0.012321289,0.998390566,0.965584361,0.99717097,1.228733459,4.24E-17,1.50E-16,5,1.292521184,0.639640896,0.997787165
BedSet_05_26.obj,BedSet_05,M,M,,0.994734026,0.005059927,80.9998874,0.012321289,0.998390566,0.965584361,0.99717097,1.228733459,2.61E-17,1.11E-16,5,1.292521184,0.639640896,0.997787165
BedSet_05_27.obj,BedSet_05,M,M,,0.994734026,0.005059927,80.9998874,0.012321289,0.998390566,0.965584361,0.99717097,1.228733459,2.61E-17,1.11E-16,5,1.292521184,0.639640896,0.997787165
BedSet_05_28.obj,BedSet_05,M,M,,0.994734026,0.005059927,80.9998874,0.012321289,0.998390566,0.965584361,0.99717097,1.228733459,2.61E-17,1.50E-16,5,1.292521184,0.639640896,0.997787165
BedSet_05_29.obj,BedSet_05,M,M,,0.994734026,0.005059927,80.9998874,0.012321289,0.998390566,0.965584361,0.99717097,1.228733459,2.29E-17,1.11E-16,5,1.292521184,0.639640896,0.997787165
BedSet_05_30.obj,BedSet_05,M,M,,0.994734026,0.005059927,80.9998874,0.012321289,0.998390566,0.965584361,0.99717097,1.228733459,2.61E-17,1.11E-16,5,1.292521184,0.639640896,0.997787165
BedSet_05_31.obj,BedSet_05,M,M,,0.994734026,0.005059927,80.9998874,0.012321289,0.998390566,0.965584361,0.99717097,1.228733459,1.96E-17,1.11E-16,5,1.292521184,0.639640896,0.997787165
BedSet_05_32.obj,BedSet_05,M,M,,0.994734026,0.005059927,80.9998874,0.012321289,0.998390566,0.965584361,0.99717097,1.228733459,3.27E-17,1.11E-16,5,1.292521184,0.639640896,0.997787165
BedSet_05_33.obj,BedSet_05,M,M,,0.994734026,0.005059927,80.9998874,0.012321289,0.998390566,0.965584361,0.99717097,1.228733459,3.27E-17,1.11E-16,5,1.292521184,0.639640896,0.997787165
BedSet_05_34.obj,BedSet_05,M,M,,0.994734026,0.005059927,80.9998874,0.012321289,0.998390566,0.965584361,0.99717097,1.228733459,1.63E-17,1.11E-16,5,1.292521184,0.639640896,0.997787165
BedSet_05_35.obj,BedSet_05,M,M,,0.994734026,0.005059927,80.9998874,0.012321289,0.998390566,0.965584361,0.99717097,1.228733459,1.63E-17,1.11E-16,5,1.292521184,0.639640896,0.997787165
BedSet_06_01.obj,BedSet_06,M,M,,0.997636922,0.00217018,72.00054902,0.013871067,1,1,1,1.111111111,0,0,0.044037655,0.907284055,0,1
BedSet_06_02.obj,BedSet_06,M,M,,0.999811475,9.77E-09,51.50043928,0.019409993,0.776432907,0.999972541,0.999999331,1.111127209,2.89E-09,1.29E-08,0.121766579,1.952399977,0.769529898,0.999999474
BedSet_06_03.obj,BedSet_06,M,M,,0.999811475,7.50E-09,51.50043927,0.019409993,0.776437577,0.999972541,0.999999331,1.111115997,2.88E-09,1.29E-08,0.267886473,3.096056807,0.605847673,0.999999474
BedSet_06_04.obj,BedSet_06,OB,SL,x,0.452197792,0.54774813,103.5186001,0.007881179,0.993009164,0.892715558,0.923167203,1.114302501,8.11E-09,2.86E-08,0.010089238,0.378473601,0.594917465,0.944875078
BedSet_06_05.obj,BedSet_06,M,M,,0.999808827,5.38E-06,51.50043927,0.019409993,0.776434082,0.999999999,0.999999995,1.14004198,0.000245711,8.66E-08,0.31659745,3.392633881,0.566744487,0.999999996
BedSet_06_06.obj,BedSet_06,OB,SL,x,0.452197793,0.54774803,98.64790642,0.008270321,0.957906119,0.892716114,0.92317291,1.11352382,1.89E-07,3.91E-07,0.012107515,0.609833304,0.633177407,0.944878542
BedSet_06_07.obj,BedSet_06,M,M,,0.998806665,0.001102004,102.0008785,0.0097976,1,0.9910103,0.999604144,1.155555556,5.69E-18,1.11E-17,0.055498502,1.344451601,0.737453547,0.99968924
BedSet_06_08.obj,BedSet_06,OB,CA,x,0.517840473,0.476319331,13.33335286,0.061326673,0.999225525,0.999225525,0.976625496,1.111114728,5.33E-17,2.22E-16,0.108664699,3.351170576,0.023534661,0.987343093
BedSet_06_09.obj,BedSet_06,M,M,,0.98955007,0.009702716,35.00417387,0.02837182,1,1,1,1.137777778,0,0,0.118162974,0.79486332,0,1
BedSet_06_10.obj,BedSet_06,M,M,,0.989551217,0.00970124,34.99648571,0.028378068,1,1,1,1.137777778,1.77E-17,1.11E-16,0.11816625,0.794873528,0,1
BedSet_06_11.obj,BedSet_06,M,M,,0.997473273,0.002333165,72.00054903,0.013871068,1,0.976714218,0.998519291,1.12283737,6.53E-18,5.55E-17,0.065974335,1.316857857,0.716868507,0.998839147
BedSet_06_12.obj,BedSet_06,M,M,,0.987924897,0.011348668,35.00417386,0.02837184,1,0.964671457,0.994739662,1.075445816,6.72E-17,2.22E-16,0.177249375,0.794873528,0,0.995894015
BedSet_06_13.obj,BedSet_06,M,M,,0.989551217,0.00970124,34.99648571,0.028378068,1,1,1,1.137777778,8.07E-17,2.22E-16,0.11816625,0.794873528,0,1
BedSet_06_14.obj,BedSet_06,M,M,,0.987441367,0.011773546,34.99648571,0.028378068,1,1,1,1.0816,0,0,0.11816625,0.794873528,7.36E-16,1
BedSet_06_15.obj,BedSet_06,M,M,,0.989551217,0.009701569,35.00417387,0.02837184,1,1,1,1.137777778,3.28E-17,1.11E-16,0.11816625,0.794873528,0,1
BedSet_06_16.obj,BedSet_06,M,M,,0.998803573,0.001110878,102.0008785,0.0097976,1,0.969158052,0.998611269,1.227040657,2.98E-07,1.94E-06,0.055498494,1.344451581,0.733222192,0.998911076
BedSet_06_17.obj,BedSet_06,M,M,,0.999813262,7.42E-08,51.75041182,0.019316306,0.776463688,0.999986355,0.999995232,1.027584913,4.53E-17,2.22E-16,0.315831587,3.392972544,0.566146637,0.999996256
BedSet_06_18.obj,BedSet_06,M,SL,x,0.45304077,0.531576896,5.722230018,0.141151318,0.367761009,0.523151767,0.317994246,1.030953,0.012245231,5.60E-06,0.016117283,0.815120725,0.715394067,0.729947813
BedSet_06_19.obj,BedSet_06,OB,SL,x,0.451397842,0.548548358,103.0007686,0.007920748,0.992803881,0.877863139,0.911623189,1.121423888,8.60E-09,2.02E-13,0.010088655,0.378462832,0.594863855,0.937383642
BedSet_06_20.obj,BedSet_06,M,M,,0.999741148,2.65E-05,42.88782768,0.02246071,0.064657983,0.999991735,0.999997343,1.403527652,0.093230621,0.873496399,0.132186658,1.94534471,0.706715992,0.999997973
BedSet_06_21.obj,BedSet_06,M,M,,0.999737802,3.33E-05,42.88782768,0.02246071,0.064656802,0.99999672,0.999997489,1.303537319,0.056083829,0.611287107,0.118482444,1.817800013,0.779176313,0.999998029
BedSet_06_22.obj,BedSet_06,M,M,,0.998663326,0.000111163,19.78176392,0.050422919,0.779293224,1,1,1.80293383,0.082758309,0.999421937,0.180551369,0.903969138,0,1
BedSet_06_23.obj,BedSet_06,M,M,,0.998281638,4.15E-05,17.10190829,0.058274052,0.785695798,1,1,1.542591799,0.141933447,0.999990757,0.169929705,0.889355347,0,1
BedSet_06_24.obj,BedSet_06,M,M,,0.998249279,0.000151676,17.10297601,0.058270488,0.787389454,1,1,1.533390578,0.096683426,0.999708698,0.169672271,0.888839921,0,1
BedSet_06_25.obj,BedSet_06,M,M,,0.998328831,5.33E-05,17.25571219,0.057758125,0.781469497,1,1,1.453029768,0.106351604,0.99990684,0.168648675,0.890184744,0,1
BedSet_06_26.obj,BedSet_06,M,M,,0.998214668,0.001586962,71.00054903,0.014070449,1,1,1,1,0,0,0.047900278,0.918919521,0,1
BedSet_06_27.obj,BedSet_06,M,M,,0.999117747,0.000784225,101.0007686,0.009896065,1,1,1,1,0,0,0.040161188,0.942308119,0,1
BedSet_06_28.obj,BedSet_06,M,M,,0.998214668,0.001586962,71.00054903,0.014070449,1,1,1,1,0,0,0.047900278,0.918919521,0,1
BedSet_06_29.obj,BedSet_06,M,M,,0.999117747,0.000784225,101.0007686,0.009896065,1,1,1,1,0,0,0.040161188,0.942308119,0,1
BedSet_06_30.obj,BedSet_06,OB,OB,,0.50583264,0.494069331,101.0007686,0.00809956,1,1,1,1,0,0,0.008255366,0.174418545,0,1
BedSet_07_01.obj,BedSet_07,OB,CA,x,0.378361376,0.613816393,10.0999576,0.077380323,0.995304018,0.999751002,0.986922367,1.000023368,3.42E-08,2.31E-07,0.047283934,2.493225285,0.080045894,0.992811803
BedSet_07_02.obj,BedSet_07,M,M,,0.991100153,0.008343595,42.39983038,0.023474274,1,1,1,1,0,0,0.017404134,0.827587247,0,1
BedSet_07_03.obj,BedSet_07,M,M,,0.985307508,0.013774211,32.99987278,0.030069353,1,1,1,1,0,0,0.019727681,0.78378304,7.36E-16,1
BedSet_07_04.obj,BedSet_07,M,M,,0.991100153,0.008343595,42.39983038,0.023474274,1,1,1,1,0,0,0.017404134,0.827587247,0,1
BedSet_07_05.obj,BedSet_07,OB,CA,x,0.964231805,0.000287485,4.000004221,0.235701862,0.583331082,0.742150271,0.887329017,1.077789394,2.47E-17,1.11E-16,0.081822738,0.974612122,0.615927413,0.922115897
BedSet_07_06.obj,BedSet_07,OB,CA,x,0.964231805,0.000287485,4.000004221,0.235701862,0.583331082,0.742150271,0.887329017,1.077789394,2.47E-17,2.22E-16,0.081822738,0.974612122,0.615927413,0.922115897
BedSet_07_07.obj,BedSet_07,OB,OB,,0.964231805,0.000287485,4.000004221,0.235701862,0.583331082,0.742150271,0.887329017,1.077789394,2.47E-17,2.22E-16,0.081822738,0.974612122,0.615927413,0.922115897
BedSet_07_08.obj,BedSet_07,OB,OB,,0.964231805,0.000287485,4.000004221,0.235701862,0.583331082,0.742150271,0.887329017,1.077789394,2.47E-17,1.11E-16,0.081822738,0.974612122,0.615927413,0.922115897
BedSet_07_09.obj,BedSet_07,OB,OB,,0.874747788,0.122801412,16.50004728,0.055706063,0.785710259,1,1,1.004680325,9.91E-18,1.11E-16,0.010532315,0.403255357,0,1
BedSet_07_10.obj,BedSet_07,M,M,,0.993881262,0.000288666,12.85490251,0.077313165,0.9922957,1,1,1.0816,3.36E-17,2.22E-16,5,0.85237053,0,1
BedSet_07_11.obj,BedSet_07,M,M,,0.993881262,0.000288666,12.8549025,0.077313165,0.9922957,1,1,1.0816,0,0,5,0.85237053,0,1
BedSet_07_12.obj,BedSet_07,M,M,,0.993881262,0.000288666,12.85490251,0.077313165,0.9922957,1,1,1.0816,0,0,5,0.85237053,0,1
BedSet_07_13.obj,BedSet_07,M,M,,0.993881262,0.000288894,12.85515452,0.077311659,0.99229555,1,1,1.0816,1.35E-17,1.11E-16,5,0.85237053,0,1
BedSet_07_14.obj,BedSet_07,M,M,,0.993881262,0.000288666,12.85490251,0.077313165,0.9922957,1,1,1.0816,3.36E-17,2.22E-16,5,0.85237053,0,1
BedSet_07_15.obj,BedSet_07,OB,SL,x,0.914176777,0.085670725,77.89364971,0.01154109,0.794707153,0.999575296,0.999786981,1.858463371,0.001864325,1.11E-16,5,0.781870476,0.739456009,0.999832737
BedSet_07_16.obj,BedSet_07,M,M,,0.99877356,0.000631718,47.76620668,0.020915877,0.999781586,0.860504677,0.99199736,1.7008,1.19E-17,1.11E-16,5,1.335934491,0.720937924,0.993773941
BedSet_07_18.obj,BedSet_07,OB,CA,x,0.925216216,0.074657321,67.80176694,0.013871705,0.913313764,0.991888215,0.996670098,1.172702573,0.096213428,0.649405377,5,1.046316832,0.758736645,0.997394981
BedSet_07_19.obj,BedSet_07,M,M,,0.993636988,0.00097259,12.85490251,0.077313165,0.9922957,1,1,0.888888889,1.48E-16,2.22E-16,5,0.85237053,0,1
BedSet_07_20.obj,BedSet_07,M,M,,0.993636988,0.00097259,12.8549025,0.077313165,0.9922957,1,1,0.888888889,0,0,5,0.85237053,0,1
BedSet_07_21.obj,BedSet_07,M,M,,0.993636988,0.00097259,12.8549025,0.077313165,0.9922957,1,1,0.888888889,0,0,5,0.85237053,0,1
BedSet_07_22.obj,BedSet_07,M,M,,0.993636988,0.00097259,12.85490251,0.077313165,0.9922957,1,1,0.888888889,1.48E-16,2.22E-16,5,0.85237053,0,1
BedSet_07_23.obj,BedSet_07,M,M,,0.999300956,0.000583111,92.92868608,0.010756071,0.999793679,1,1,0.888888889,4.44E-17,1.44E-16,5,0.945448534,0,1
BedSet_07_24.obj,BedSet_07,M,M,,0.998702346,0.000696557,47.76620668,0.020914514,0.999790999,0.858170698,0.991658603,1.433641975,2.00E-17,1.11E-16,5,1.334199819,0.693360557,0.993513123
BedSet_07_25.obj,BedSet_07,M,M,,0.996125716,0.002701618,30.46209741,0.032751706,0.999649798,0.960437178,0.996748675,1.547091413,3.25E-17,2.22E-16,5,1.29174388,0.739449985,0.997456169
BedSet_07_26.obj,BedSet_07,M,M,,0.995769244,0.003056581,30.46209741,0.032746355,0.999664889,0.959104714,0.99650287,1.547091413,6.13E-17,2.22E-16,5,1.287322427,0.739267385,0.997264642
BedSet_07_27.obj,BedSet_07,OB,SL,x,0.4047322,0.584998818,9.241573773,0.085420133,0.999999659,0.999999918,0.99999995,1.160493827,1.11E-16,2.22E-16,5,0.722662221,0.740480432,0.99999996
BedSet_08_01.obj,BedSet_08,M,M,,0.997155556,0.002492404,53.29714905,0.018732814,1,1,1,1,0,0,0.022730326,0.898734177,0,1
BedSet_08_02.obj,BedSet_08,M,M,,0.997155556,0.002492395,53.29565798,0.018733338,0.999986012,1,1,1.000000175,1.11E-17,1.11E-16,0.022730326,0.898734178,0,1
BedSet_08_03.obj,BedSet_08,OB,SL,x,0.906468813,0.092659016,28.83043468,0.033151374,0.87348173,0.994017376,0.993999724,1.333127536,1.12E-07,3.20E-13,0.027489495,1.21661075,0.771435147,0.995357634
BedSet_08_04.obj,BedSet_08,OB,SL,x,0.562184743,0.43694153,28.83041525,0.029495362,0.87195594,0.993945188,0.995161006,1.33312466,1.12E-07,6.76E-10,0.017199927,0.970069433,0.780397631,0.996232826
BedSet_08_05.obj,BedSet_08,OB,SL,x,0.514943676,0.477891732,9.430234463,0.085954972,0.943577919,0.999697892,0.990157506,1.07451687,0.01005308,0.043927241,0.021814673,1.558896476,0.314433193,0.993935821
BedSet_08_06.obj,BedSet_08,SL,CA,x,0.729716985,0.245780152,3.16576042,0.268350239,0.55390287,0.954279013,0.891011341,1.08112703,0.01051285,0.040175511,0.254079076,2.274086648,0.136193375,0.933309162
BedSet_08_07.obj,BedSet_08,SL,CA,x,0.05886616,0.917137454,5.488828516,0.136650521,0.820456624,0.927221517,0.926506361,1.146452844,0.015104312,0.06330258,0.08884532,2.523473069,0.145355683,0.949513713
BedSet_08_08.obj,BedSet_08,SL,SL,,0.515822626,0.48075898,12.657688,0.064143717,0.947546303,0.994685371,0.987099335,1.06999831,0.008488377,0.034458126,0.021815396,1.55899548,0.290854788,0.991572349
BedSet_08_09.obj,BedSet_08,SL,CA,x,0.730730967,0.24492024,3.280533213,0.259177094,0.572198146,0.959488309,0.8974006,1.062178387,0.008861089,0.033085342,0.229572003,2.459910648,0.137263845,0.938516913
BedSet_08_10.obj,BedSet_08,SL,CA,x,0.31814936,0.618493982,2.184257801,0.326295766,0.609505348,0.959406036,0.898819212,1.07209637,0.009020208,0.035165275,0.405211358,2.225544217,0.143084135,0.939155314
BedSet_08_11.obj,BedSet_08,SL,CA,x,0.305239284,0.630124524,1.484279007,0.475964436,0.496783992,0.955979945,0.898891315,1.071625613,0.010981159,0.04199929,0.430177117,2.229806804,0.147978356,0.93770556
BedSet_09_01.obj,BedSet_09,OB,SL,x,0.954063386,0.044168808,49.29716135,0.019975953,0.965305036,0.899379734,0.967322092,1.707399717,2.99E-17,1.11E-16,0.030735057,0.677408473,0.591107499,0.975700754
BedSet_09_02.obj,BedSet_09,OB,SL,x,0.954063503,0.044168691,49.29716135,0.019975953,0.965305036,0.899379929,0.967322143,1.707410394,5.20E-17,2.22E-16,0.030735057,0.677408473,0.591107499,0.975700791
BedSet_09_03.obj,BedSet_09,OB,SL,x,0.954063445,0.044168751,49.29716135,0.019975953,0.965305404,0.899378292,0.967321627,1.70739616,5.84E-17,2.22E-16,0.030735051,0.677409624,0.591107113,0.975700421
BedSet_09_04.obj,BedSet_09,OB,SL,x,0.954063562,0.044168634,49.29716135,0.019975953,0.965305404,0.899378487,0.967321678,1.707406855,4.27E-17,2.22E-16,0.030735051,0.677409624,0.591107113,0.975700458
BedSet_09_05.obj,BedSet_09,M,M,,0.997114461,0.002804446,81.33156411,0.01227701,0.997265506,1,1,1.361111111,6.39E-17,2.22E-16,0.035430613,0.898832661,0,1
BedSet_09_06.obj,BedSet_09,M,M,,0.998404429,0.001514896,100.7942808,0.009912909,0.991865065,1,1,1.000129222,3.47E-17,2.22E-16,0.024844476,0.923665724,0,1
BedSet_09_07.obj,BedSet_09,M,M,,0.999327774,0.000422729,65.99853346,0.015143163,0.996529828,0.996529553,0.996870763,1.361111111,4.68E-17,1.11E-16,0.043496686,1.272808714,0.698111692,0.997623832
BedSet_09_08.obj,BedSet_09,OB,OB,,0.75,0.089996648,2.499973811,0.336863897,1,1,1,1,7.40E-17,1.72E-16,0.141101946,0.333333333,0,1
BedSet_09_09.obj,BedSet_09,OB,SL,x,0.963951656,0.035435953,68.00314259,0.0145709,1,0.999998452,0.999999738,1.249134948,2.13E-17,1.11E-16,0.019945541,0.761665821,6.28E-16,0.999999794
BedSet_09_10.obj,BedSet_09,M,M,,0.997114647,0.00280426,81.33156411,0.012277011,0.997265506,1,1,1.361111111,3.36E-17,1.11E-16,0.035431184,0.898835757,0,1
BedSet_09_11.obj,BedSet_09,M,M,,0.997114461,0.002804446,81.33156411,0.01227701,0.997265506,1,1,1.361111111,4.37E-17,1.11E-16,0.035430613,0.898832661,0,1
BedSet_09_12.obj,BedSet_09,M,M,,0.997114461,0.002804446,81.33156411,0.01227701,0.997265506,1,1,1.361111111,6.39E-17,2.22E-16,0.035430613,0.898832661,0,1
BedSet_09_13.obj,BedSet_09,M,M,,0.997114275,0.002804632,81.33156411,0.012277009,0.997265506,1,1,1.361111111,3.70E-17,1.11E-16,0.035430042,0.898829566,0,1
BedSet_09_14.obj,BedSet_09,M,M,,0.997114647,0.00280426,81.33156411,0.012277011,0.997265506,1,1,1.361111111,4.71E-17,1.11E-16,0.035431184,0.898835757,0,1
BedSet_09_15.obj,BedSet_09,M,M,,0.997114275,0.002804632,81.33156411,0.012277009,0.997265506,1,1,1.361111111,3.70E-17,1.11E-16,0.035430042,0.898829566,0,1
BedSet_09_16.obj,BedSet_09,M,M,,0.997114461,0.002804446,81.33156411,0.01227701,0.997265506,1,1,1.361111111,4.37E-17,1.11E-16,0.035430613,0.898832661,0,1
BedSet_09_17.obj,BedSet_09,M,M,,0.997114647,0.00280426,81.33156411,0.012277011,0.997265506,1,1,1.361111111,5.72E-17,1.11E-16,0.035431184,0.898835757,0,1
BedSet_09_18.obj,BedSet_09,M,M,,0.997114461,0.002804446,81.33156411,0.01227701,0.997265506,1,1,1.361111111,6.06E-17,2.22E-16,0.035430613,0.898832661,0,1
BedSet_09_19.obj,BedSet_09,M,M,,0.997114647,0.00280426,81.33156411,0.012277011,0.997265506,1,1,1.361111111,5.72E-17,1.11E-16,0.035431184,0.898835757,0,1
BedSet_09_20.obj,BedSet_09,M,M,,0.997917555,0.002021361,100.7942808,0.009908529,0.966910602,0.999572718,0.994654212,1.174205021,7.21E-12,5.20E-11,0.055461321,1.865505123,0.576005082,0.997419101
BedSet_09_21.obj,BedSet_09,M,M,,0.997114275,0.002804632,81.33156411,0.012277009,0.997265506,1,1,1.361111111,2.69E-17,1.11E-16,0.035430042,0.898829566,0,1
BedSet_09_22.obj,BedSet_09,M,M,,0.997114461,0.002804446,81.33156411,0.01227701,0.997265506,1,1,1.361111111,6.39E-17,2.22E-16,0.035430613,0.898832661,0,1
BedSet_09_23.obj,BedSet_09,M,M,,0.997114647,0.00280426,81.33156411,0.012277011,0.997265506,1,1,1.361111111,6.73E-17,1.11E-16,0.035431184,0.898835757,0,1
BedSet_09_24.obj,BedSet_09,OB,CA,x,0.517899373,0.475344319,11.66090188,0.070188138,0.996924121,0.992431004,0.989756284,1.101412423,1.66E-06,1.25E-05,0.041646381,2.461476703,0.094645248,0.993303314
BedSet_09_25.obj,BedSet_09,M,M,,0.997500089,0.002409668,100.7942808,0.009908528,0.991865065,1,1,1,1.19E-17,1.11E-16,0.022221167,0.905480705,0,1
BedSet_09_26.obj,BedSet_09,M,M,,0.99793577,0.001999777,100.8048396,0.00990749,0.966907298,0.999578228,0.994678962,1.326530612,4.38E-17,1.11E-16,0.055478842,1.865522925,0.578944187,0.997441907
BedSet_09_27.obj,BedSet_09,M,M,,0.994237908,0.005626151,61.00293309,0.016335168,0.914888461,0.999976191,0.99981931,1.453514739,1.95E-17,1.11E-16,0.064019905,1.673896098,0.772222692,0.99985943
BedSet_09_28.obj,BedSet_09,M,M,,0.994237863,0.005626196,61.00293309,0.016335166,0.914871176,0.999972343,0.999818897,1.453514739,2.73E-17,1.11E-16,0.064019233,1.673892499,0.772222424,0.999859106
BedSet_09_29.obj,BedSet_09,M,M,,0.997500194,0.002409563,100.7942808,0.009908529,0.991865065,1,1,1,1.19E-17,1.11E-16,0.0222214,0.905482592,0,1
BedSet_09_30.obj,BedSet_09,OB,M,x,0.976719081,0.02313375,69.99601961,0.014113478,0.923115584,0.894196862,0.976088571,1.775573059,4.26E-09,2.44E-09,0.049560069,1.7179213,0.751460653,0.981740657
BedSet_09_31.obj,BedSet_09,M,M,,0.998450682,0.000619708,31.99979048,0.031211177,1,1,1,1.5625,3.33E-17,1.17E-16,0.039439115,0.924812314,0,1
BedSet_09_32.obj,BedSet_09,M,M,,0.998450682,0.00061961,31.99811457,0.03121281,1,1,1,1.5625,3.33E-17,1.17E-16,0.039439115,0.924812314,0,1
BedSet_09_33.obj,BedSet_09,OB,M,x,0.981725075,0.018078941,53.00251401,0.018536724,0.992969695,0.985962672,0.996658102,1.440132487,4.38E-17,2.22E-16,0.18414769,2.28462575,0.629744623,0.997387649
BedSet_09_34.obj,BedSet_09,OB,M,x,0.982371135,0.017432808,53.00251401,0.018536724,0.992969695,0.996059095,0.999039207,1.445833776,2.87E-17,2.22E-16,0.184157181,2.284670203,0.619552766,0.999249724
BedSet_09_35.obj,BedSet_09,OB,M,x,0.981724936,0.018079063,53.0023045,0.018536795,0.992969684,0.985962765,0.996658105,1.440030533,4.56E-17,2.22E-16,0.184147996,2.284624119,0.62976828,0.99738765
BedSet_09_36.obj,BedSet_09,OB,M,x,0.982371001,0.017432869,52.99120222,0.018540678,0.992967144,0.996058946,0.999039144,1.445732804,2.93E-17,1.11E-16,0.18415746,2.284668456,0.61959436,0.999249671
BedSet_09_37.obj,BedSet_09,OB,M,x,0.981725072,0.018078929,53.00251401,0.018536724,0.992969684,0.985962831,0.996658133,1.440030533,4.50E-17,1.11E-16,0.184147632,2.284625474,0.629768453,0.997387672
BedSet_09_38.obj,BedSet_09,OB,M,x,0.982371131,0.01743274,52.99141168,0.018540607,0.992967144,0.996058881,0.999039133,1.445732804,4.74E-17,2.22E-16,0.184157096,2.28466981,0.619594552,0.999249662
BedSet_09_39.obj,BedSet_09,OB,M,x,0.98172494,0.018079075,53.0023045,0.018536795,0.992969695,0.985962606,0.996658074,1.440132487,1.85E-17,1.11E-16,0.184148054,2.284624395,0.629744449,0.997387627
BedSet_09_40.obj,BedSet_09,OB,M,x,0.982371004,0.017432937,53.0023045,0.018536795,0.992969695,0.99605916,0.999039219,1.445833776,5.43E-17,2.22E-16,0.184157545,2.284668848,0.619552574,0.999249733
BedSet_09_41.obj,BedSet_09,M,M,,0.994802673,0.00513946,93.61575506,0.010626777,0.97680072,1,1,1.621773399,2.81E-17,3.33E-16,0.033448153,0.815642587,0,1
BedSet_09_42.obj,BedSet_09,M,M,,0.994802628,0.005139508,93.61533603,0.010626824,0.976800145,1,1,1.621872253,7.03E-18,1.11E-16,0.033448236,0.815641929,0,1
BedSet_09_43.obj,BedSet_09,M,M,,0.994802627,0.005139506,93.61533603,0.010626824,0.97680072,1,1,1.621773399,5.62E-17,2.22E-16,0.033448227,0.815641838,0,1
BedSet_09_44.obj,BedSet_09,M,M,,0.994802674,0.005139462,93.61575506,0.010626777,0.976800145,1,1,1.621872253,5.20E-17,2.22E-16,0.033448162,0.815642678,0,1
BedSet_09_45.obj,BedSet_09,OB,OB,,0.720379591,0.279610138,312.0307236,0.00278884,0.990566485,1,1,1.111111111,0,0,0.014164898,0.276999761,0,1
BedSet_09_46.obj,BedSet_09,OB,OB,,0.720379319,0.27961041,312.029327,0.002788852,0.990566448,1,1,1.111111111,0,0,0.014164957,0.276999519,0,1
BedSet_09_47.obj,BedSet_09,OB,OB,,0.720377088,0.279612642,312.029327,0.00278885,0.990566485,1,1,1.111111111,1.04E-16,1.44E-16,0.014164929,0.276997695,0,1
BedSet_09_48.obj,BedSet_09,OB,OB,,0.720381822,0.279607907,312.0307236,0.002788843,0.990566448,1,1,1.111111111,0,0,0.014164926,0.277001586,0,1
BedSet_09_49.obj,BedSet_09,OB,CA,x,0.976745189,0.023107363,70.0033521,0.014112,0.923115296,0.870917958,0.970242533,1.39939883,0.000882945,1.36E-07,0.040549202,1.494296314,0.775416871,0.977431683
BedSet_09_50.obj,BedSet_09,M,M,,0.999303325,0.000250794,45.49976428,0.021964546,1,1,1,1,0,0,0.033074719,0.94652434,0,1
BedSet_09_51.obj,BedSet_09,M,M,,0.999303325,0.000250841,45.50214747,0.021963397,1,1,1,1,3.70E-17,1.39E-16,0.033074719,0.94652434,0,1
BedSet_10_01.obj,BedSet_10,OB,SL,x,0.219767424,0.774752534,11.03176282,0.067225254,0.992301175,0.958292148,0.955555957,1.000018531,1.11E-09,5.52E-09,0.028349618,1.802720651,0.210566291,0.970346556
BedSet_10_02.obj,BedSet_10,OB,M,x,0.976809623,0.022410916,35.81810875,0.027590131,1,1,1,1,0,0,0.01554507,0.735683411,0,1
BedSet_10_03.obj,BedSet_10,OB,OB,,0.847225939,0.151994643,35.81910126,0.025993601,1,1,1,1,0,0,0.009703027,0.437955913,0,1
BedSet_10_04.obj,BedSet_10,M,M,,0.996248432,0.002695282,30.76870383,0.032422708,1,1,1,1,0,0,0.024143639,0.884570007,0,1
BedSet_10_05.obj,BedSet_10,M,M,,0.998193705,0.001050063,36.36405996,0.027464513,1,1,1,1,0,0,0.028984028,0.918464248,0,1
BedSet_10_06.obj,BedSet_10,M,M,,0.996248432,0.002695282,30.76870383,0.032422708,1,1,1,1,0,0,0.024143639,0.884570007,0,1
BedSet_10_07.obj,BedSet_10,M,M,,0.998193705,0.001050063,36.36405996,0.027464513,1,1,1,1,0,0,0.028984028,0.918464248,0,1
BedSet_10_08.obj,BedSet_10,M,M,,0.999758498,6.78E-06,46.00546703,0.021726218,0.772353818,0.99981681,0.999994881,1.041417478,0.000559903,0.00851088,5,3.384269662,0.56673133,0.999995979
BedSet_10_09.obj,BedSet_10,M,M,,0.996111341,0.003836552,101.7325083,0.009807647,0.966831347,0.999997617,0.9999998,1.000019848,1.24E-08,1.31E-07,5,0.875552983,7.36E-16,0.999999843
BedSet_10_10.obj,BedSet_10,M,M,,0.999894071,1.33E-05,71.50129628,0.013983005,0.774277481,0.999999378,0.999999039,1.071891943,0.000233722,2.22E-16,5,3.412346135,0.566569104,0.999999245
BedSet_10_11.obj,BedSet_10,M,M,,0.992082872,0.007816854,71.67644899,0.013888764,0.966397345,0.999999773,0.999999848,1.045860646,3.31E-17,1.28E-16,5,3.281651914,0.549640199,0.999999881
BedSet_10_12.obj,BedSet_10,M,M,,0.99605334,0.003893776,100.9824316,0.009880166,0.966845491,0.999998808,0.999999899,1.000018125,4.29E-09,3.00E-08,5,0.874688339,0,0.999999921
BedSet_10_13.obj,BedSet_10,M,M,,0.999758534,6.72E-06,46.00546703,0.021726218,0.772359188,0.99980903,0.999994665,1.041720558,0.000559401,0.00851088,5,3.384270799,0.566730973,0.99999581
BedSet_10_14.obj,BedSet_10,M,M,,0.999758534,6.72E-06,46.00546703,0.021726218,0.772359188,0.99980903,0.999994665,1.041720558,0.000559401,0.00851088,5,3.384270799,0.566730973,0.99999581
BedSet_10_15.obj,BedSet_10,M,M,,0.999758498,6.75E-06,46.00546703,0.021726218,0.772405401,0.999816941,0.999994882,1.041354197,0.000559401,0.00851088,5,3.384270067,0.566731006,0.999995981
BedSet_10_16.obj,BedSet_10,M,M,,0.999758506,6.78E-06,46.00546703,0.021726218,0.772353818,0.999808418,0.99999465,1.041766307,0.000559903,0.00851088,5,3.384270351,0.566731298,0.999995798
BedSet_10_17.obj,BedSet_10,M,M,,0.999758498,6.78E-06,46.00546703,0.021726218,0.772353818,0.99981681,0.999994881,1.041417478,0.000559903,0.00851088,5,3.384269662,0.56673133,0.999995979
BedSet_10_18.obj,BedSet_10,M,M,,0.999758497,6.79E-06,46.00546703,0.021726218,0.772353818,0.999817742,0.999994906,1.041380739,0.000559903,0.00851088,5,3.384269583,0.566731333,0.999995999
BedSet_10_19.obj,BedSet_10,M,M,,0.999713789,2.32E-07,41.66605028,0.023986519,0.776328551,0.999989962,0.9999996,1.039475127,0.000484912,0.008515144,5,3.376325806,0.566731056,0.999999686
BedSet_10_20.obj,BedSet_10,M,M,,0.999894071,1.33E-05,71.50129628,0.013983005,0.774278012,0.999999378,0.999999042,1.071915615,0.000233722,1.11E-16,5,3.412346135,0.566569542,0.999999247
BedSet_10_21.obj,BedSet_10,M,M,,0.999758498,6.75E-06,46.00546703,0.021726218,0.772405401,0.999816941,0.999994882,1.041354197,0.000559401,0.00851088,5,3.384270067,0.566731006,0.999995981
BedSet_10_22.obj,BedSet_10,M,M,,0.99947393,4.22E-07,30.73284274,0.032504052,0.77626866,0.999990598,0.999999441,1.0394836,0.000484912,0.008515144,5,3.34609284,0.566726062,0.999999561
BedSet_10_23.obj,BedSet_10,M,M,,0.999758583,6.67E-06,46.00546703,0.02172622,0.772440228,0.999809285,0.999994673,1.041661841,0.000559401,0.00851088,5,3.384287364,0.566730962,0.999995816
BedSet_10_24.obj,BedSet_10,M,M,,0.999713789,2.36E-07,41.66605028,0.023986519,0.776328551,0.999990053,0.999999602,1.039584404,0.000484911,0.008515121,5,3.376365559,0.566729864,0.999999687
BedSet_10_25.obj,BedSet_10,M,M,,0.999758583,6.70E-06,46.00546703,0.02172622,0.772388656,0.999809149,0.999994671,1.041725739,0.000559903,0.00851088,5,3.384286919,0.566731287,0.999995815
BedSet_10_26.obj,BedSet_10,M,M,,0.999758514,6.77E-06,46.00546703,0.021726218,0.772327096,0.999817282,0.999994894,1.041398428,0.000559903,0.00851088,5,3.384269652,0.56673133,0.999995989
BedSet_10_27.obj,BedSet_10,M,M,,0.999758534,6.75E-06,46.00546703,0.021726218,0.772307605,0.999808895,0.999994663,1.041784718,0.000559903,0.00851088,5,3.384270368,0.566731298,0.999995808
BedSet_10_28.obj,BedSet_10,M,M,,0.999463329,5.61E-07,30.55872005,0.032688839,0.77540567,1,1,1.039851637,0.00048466,0.008114056,5,0.936823122,0,1
BedSet_10_29.obj,BedSet_10,M,M,,0.999758506,6.74E-06,46.00546703,0.021726218,0.772405401,0.999808552,0.999994652,1.041702301,0.000559401,0.00851088,5,3.384270779,0.566730974,0.999995799
BedSet_10_30.obj,BedSet_10,M,M,,0.999473928,4.26E-07,30.73284274,0.032504052,0.77626866,0.999991331,0.999999469,1.039472624,0.000484911,0.008515121,5,3.346086272,0.566726134,0.999999583
BedSet_10_31.obj,BedSet_10,M,M,,0.999758498,6.75E-06,46.00546703,0.021726218,0.7724054,0.999816941,0.999994882,1.041354197,0.000559401,0.00851088,5,3.384270067,0.566731006,0.999995981
BedSet_10_32.obj,BedSet_10,M,M,,0.999758534,6.75E-06,46.00546703,0.021726218,0.772307605,0.999808895,0.999994663,1.041784718,0.000559903,0.00851088,5,3.384270368,0.566731298,0.999995808
BedSet_10_33.obj,BedSet_10,CA,CA,,0.497201491,0.502463162,69.43642997,0.011423357,0.785203898,0.654662632,0.534854016,1.01265731,0.003025711,0.007565548,5,2.004298596,0.197601023,0.780717316
BedSet_10_34.obj,BedSet_10,M,M,,0.999758498,6.78E-06,46.00546703,0.021726218,0.772353818,0.99981681,0.999994881,1.041417478,0.000559903,0.00851088,5,3.384269662,0.56673133,0.999995979
BedSet_10_35.obj,BedSet_10,M,M,,0.999758498,6.75E-06,46.00546703,0.021726218,0.772405401,0.999816941,0.999994882,1.041354196,0.000559401,0.00851088,5,3.384270067,0.566731006,0.999995981
BedSet_10_36.obj,BedSet_10,M,M,,0.999758498,6.78E-06,46.00546703,0.021726218,0.772353818,0.99981681,0.999994881,1.041417478,0.000559903,0.00851088,5,3.384269662,0.56673133,0.999995979
BedSet_10_37.obj,BedSet_10,M,M,,0.999758498,6.75E-06,46.00546703,0.021726218,0.772405401,0.999816941,0.999994882,1.041354196,0.000559401,0.00851088,5,3.384270067,0.566731006,0.999995981
BedSet_10_38.obj,BedSet_10,M,M,,0.999758498,6.78E-06,46.00546703,0.021726218,0.772353818,0.99981681,0.999994881,1.041417478,0.000559903,0.00851088,5,3.384269662,0.56673133,0.999995979
BedSet_10_39.obj,BedSet_10,M,M,,0.999758514,6.74E-06,46.00546703,0.021726218,0.7723787,0.999817413,0.999994895,1.041335171,0.000559401,0.00851088,5,3.384270059,0.566731007,0.999995991
BedSet_10_40.obj,BedSet_10,CA,CA,,0.497298166,0.502366485,69.43539284,0.011423464,0.785217455,0.654633191,0.534799167,1.011128288,0.003052407,0.007603281,5,1.967656332,0.19858217,0.780703661
BedSet_10_41.obj,BedSet_10,M,M,,0.999758534,6.72E-06,46.00546703,0.021726218,0.772359188,0.99980903,0.999994665,1.041720558,0.000559401,0.00851088,5,3.384270799,0.566730973,0.99999581
BedSet_10_42.obj,BedSet_10,M,M,,0.992076611,0.007823036,71.67644899,0.013888764,0.966209325,0.999999548,0.999999768,1.045883543,4.80E-17,2.22E-16,5,3.281652316,0.549629989,0.999999818
BedSet_10_43.obj,BedSet_10,M,CA,x,0.968427722,0.031333367,70.00135031,0.014078632,0.73324916,0.752271986,0.801770029,1.042294997,0.005155237,0.007992821,5,3.200980121,0.402681862,0.900795852
BedSet_10_44.obj,BedSet_10,M,M,,0.999758497,6.75E-06,46.00546703,0.021726218,0.772405401,0.999817872,0.999994908,1.041317409,0.000559401,0.00851088,5,3.384269987,0.56673101,0.999996001
BedSet_10_45.obj,BedSet_10,M,M,,0.999758498,6.75E-06,46.00546703,0.021726218,0.772405401,0.999816941,0.999994882,1.041354196,0.000559401,0.00851088,5,3.384270067,0.566731006,0.999995981
BedSet_10_46.obj,BedSet_10,OB,CA,x,0.519597622,0.470024213,9.99999855,0.081649657,0.999225148,0.970088398,0.958438718,1.012458764,3.80E-17,2.22E-16,5,3.351170699,0.023662761,0.973725168
BedSet_10_47.obj,BedSet_10,OB,OB,,0.955054682,0.035962144,6.76187514,0.143222693,0.999789403,1,1,1.747435982,4.41E-17,2.22E-16,5,0.652122908,0,1
BedSet_11_01.obj,BedSet_11,OB,SL,x,0.38344741,0.611072227,11.03175021,0.070607097,0.992301475,0.977636535,0.969003303,1.000006428,5.29E-11,4.72E-10,0.028781838,1.818494665,0.180357155,0.980122068
BedSet_11_02.obj,BedSet_11,OB,M,x,0.971272705,0.027761738,32.18186435,0.030622099,1,1,1,1,0,0,0.015697636,0.710145283,0,1
BedSet_11_03.obj,BedSet_11,OB,OB,,0.810749718,0.188284682,32.18112125,0.028483015,1,1,1,1,0,0,0.009798257,0.3937,0,1
BedSet_11_04.obj,BedSet_11,M,M,,0.996248429,0.002695366,30.76989448,0.032421455,1,1,1,1,4.44E-17,1.72E-16,0.023109879,0.884569965,0,1
BedSet_11_05.obj,BedSet_11,M,M,,0.998193811,0.001049956,36.36404611,0.027464525,1,1,1,1,0,0,0.027743431,0.918466555,0,1
BedSet_11_06.obj,BedSet_11,M,M,,0.996248429,0.002695366,30.76989448,0.032421455,1,1,1,1,0,0,0.023109879,0.884569965,0,1
BedSet_11_07.obj,BedSet_11,M,M,,0.998193811,0.001049956,36.36404611,0.027464525,1,1,1,1,0,0,0.027743431,0.918466555,0,1
BedSet_11_08.obj,BedSet_11,M,M,,0.993634564,0.005741302,38.09508963,0.026167582,0.99974945,1,1,1.50617284,1.95E-17,1.11E-16,5,0.860469594,0,1
BedSet_11_09.obj,BedSet_11,M,M,,0.993634564,0.005741302,38.09508963,0.026167582,0.99974945,1,1,1.50617284,1.56E-17,1.11E-16,5,0.860469594,0,1
BedSet_11_10.obj,BedSet_11,M,M,,0.993634564,0.005741302,38.09508963,0.026167582,0.99974945,1,1,1.50617284,1.56E-17,1.11E-16,5,0.860469594,0,1
BedSet_11_11.obj,BedSet_11,M,M,,0.994313398,0.005032238,38.09508963,0.026167582,0.99974945,0.956726536,0.99557073,1.346938776,1.08E-17,1.11E-16,5,1.265233813,0.733329314,0.996539442
BedSet_11_12.obj,BedSet_11,M,M,,0.993634564,0.005741302,38.09508963,0.026167582,0.99974945,1,1,1.50617284,1.56E-17,1.11E-16,5,0.860469594,0,1
BedSet_11_13.obj,BedSet_11,M,M,,0.993634564,0.005741302,38.09508963,0.026167582,0.99974945,1,1,1.50617284,1.56E-17,1.11E-16,5,0.860469594,0,1
BedSet_11_14.obj,BedSet_11,M,M,,0.993634564,0.005741302,38.09508963,0.026167582,0.99974945,1,1,1.50617284,1.95E-17,1.11E-16,5,0.860469594,0,1
BedSet_11_15.obj,BedSet_11,M,M,,0.993634564,0.005741302,38.09508963,0.026167582,0.99974945,1,1,1.50617284,1.56E-17,1.11E-16,5,0.860469594,0,1
BedSet_11_16.obj,BedSet_11,M,M,,0.993634564,0.005741302,38.09508963,0.026167582,0.99974945,1,1,1.50617284,7.79E-18,1.11E-16,5,0.860469594,0,1
BedSet_11_17.obj,BedSet_11,M,M,,0.993634564,0.005741302,38.09508963,0.026167582,0.99974945,1,1,1.50617284,1.95E-17,1.11E-16,5,0.860469594,0,1
BedSet_11_18.obj,BedSet_11,M,M,,0.993634564,0.005741302,38.09508963,0.026167582,0.99974945,1,1,1.50617284,3.90E-18,0,5,0.860469594,0,1
BedSet_11_19.obj,BedSet_11,M,M,,0.993634564,0.005741302,38.09508963,0.026167582,0.99974945,1,1,1.50617284,0,0,5,0.860469594,0,1
BedSet_11_20.obj,BedSet_11,M,M,,0.993634564,0.005741302,38.09508963,0.026167582,0.99974945,1,1,1.50617284,1.36E-17,1.11E-16,5,0.860469594,0,1
BedSet_11_21.obj,BedSet_11,M,M,,0.999893238,2.23E-05,77.09582508,0.0129685,0.770643409,1,1,1,3.04E-17,1.11E-16,5,0.972642396,0,1
BedSet_11_22.obj,BedSet_11,M,M,,0.999894435,2.20E-05,77.55864696,0.012891139,0.771008495,1,1,1.000033652,3.97E-17,1.11E-16,5,0.972794144,0,1
BedSet_11_23.obj,BedSet_11,M,M,,0.999885891,2.38E-05,74.63703981,0.01339556,0.771257596,1,1,1,3.57E-17,2.22E-16,5,0.971729767,0,1
BedSet_11_24.obj,BedSet_11,M,M,,0.999879604,3.17E-05,73.8610101,0.013536248,0.770932485,1,1,1.062017908,0.002842093,0.039315625,5,0.971451603,0,1
BedSet_11_25.obj,BedSet_11,M,M,,0.999892035,2.25E-05,76.69156712,0.013036834,0.770991327,1,1,1.000033652,1.32E-17,1.11E-16,5,0.972490783,0,1
BedSet_11_26.obj,BedSet_11,OB,CA,x,0.366596075,0.632184419,18.34866479,0.042518777,0.999020398,0.851815063,0.891341656,2.153683094,0.035844596,0.422649731,5,0.719864829,0.381485751,0.924572018
BedSet_11_27.obj,BedSet_11,M,M,,0.996336546,0.003621403,113.2732537,0.008809514,0.965553926,1,1,1.000000398,4.19E-17,2.22E-16,5,0.878716297,0,1
BedSet_11_28.obj,BedSet_11,M,M,,0.993968403,0.005484505,38.09518963,0.026167514,0.999749451,1,1,1.777777778,3.64E-17,1.11E-16,5,0.859860181,2.02E-15,1
BedSet_11_29.obj,BedSet_11,M,M,,0.993634599,0.00574127,38.09518963,0.026167514,0.999749451,1,1,1.50617284,5.45E-17,1.11E-16,5,0.860469935,0,1
BedSet_11_30.obj,BedSet_11,M,M,,0.993634599,0.00574127,38.09518963,0.026167514,0.999749451,1,1,1.50617284,2.53E-17,1.11E-16,5,0.860469935,0,1
BedSet_11_31.obj,BedSet_11,M,M,,0.993634599,0.00574127,38.09518963,0.026167514,0.999749451,1,1,1.50617284,4.09E-17,1.11E-16,5,0.860469935,0,1
BedSet_11_32.obj,BedSet_11,M,M,,0.993634599,0.00574127,38.09518963,0.026167514,0.999749451,1,1,1.50617284,5.45E-17,1.11E-16,5,0.860469935,0,1
BedSet_11_33.obj,BedSet_11,M,M,,0.993634599,0.00574127,38.09518963,0.026167514,0.999749451,1,1,1.50617284,5.45E-17,1.11E-16,5,0.860469935,0,1
BedSet_11_34.obj,BedSet_11,M,M,,0.994313429,0.005032211,38.09518963,0.026167514,0.999749451,0.956726546,0.995570743,1.346938776,3.25E-17,1.11E-16,5,1.265234169,0.733329334,0.996539452
BedSet_11_35.obj,BedSet_11,M,M,,0.993634599,0.00574127,38.09518963,0.026167514,0.999749451,1,1,1.50617284,2.92E-17,1.11E-16,5,0.860469935,0,1
BedSet_11_36.obj,BedSet_11,M,M,,0.993634599,0.00574127,38.09518963,0.026167514,0.999749451,1,1,1.50617284,2.92E-17,1.11E-16,5,0.860469935,0,1
BedSet_11_37.obj,BedSet_11,M,M,,0.993634599,0.00574127,38.09518963,0.026167514,0.999749451,1,1,1.50617284,4.87E-17,1.11E-16,5,0.860469935,0,1
BedSet_11_38.obj,BedSet_11,M,M,,0.993634599,0.00574127,38.09518963,0.026167514,0.999749451,1,1,1.50617284,2.92E-17,1.11E-16,5,0.860469935,0,1
BedSet_11_39.obj,BedSet_11,M,M,,0.993634599,0.00574127,38.09518963,0.026167514,0.999749451,1,1,1.50617284,2.53E-17,1.11E-16,5,0.860469935,0,1
BedSet_11_40.obj,BedSet_11,M,M,,0.993634599,0.00574127,38.09518963,0.026167514,0.999749451,1,1,1.50617284,2.53E-17,1.11E-16,5,0.860469935,0,1
BedSet_11_41.obj,BedSet_11,M,M,,0.993634599,0.00574127,38.09518963,0.026167514,0.999749451,1,1,1.50617284,2.53E-17,1.11E-16,5,0.860469935,0,1
BedSet_11_42.obj,BedSet_11,M,M,,0.993634599,0.00574127,38.09518963,0.026167514,0.999749451,1,1,1.50617284,1.17E-17,1.11E-16,5,0.860469935,0,1
BedSet_11_43.obj,BedSet_11,M,M,,0.993634599,0.00574127,38.09518963,0.026167514,0.999749451,1,1,1.50617284,3.70E-17,1.11E-16,5,0.860469935,0,1
BedSet_11_44.obj,BedSet_11,M,M,,0.999796835,4.24E-05,55.90210724,0.017882234,0.770301659,1,1,1.000171853,1.85E-17,1.11E-16,5,0.962454037,0,1
BedSet_11_45.obj,BedSet_11,M,M,,0.999799967,4.18E-05,56.36247046,0.01773627,0.770490319,1,1,1,1.98E-17,1.11E-16,5,0.962739181,0,1
BedSet_11_46.obj,BedSet_11,M,M,,0.999777173,4.66E-05,53.42497251,0.018710758,0.770600502,1,1,1,5.02E-17,2.22E-16,5,0.960714007,0,1
BedSet_11_47.obj,BedSet_11,M,M,,0.999763022,6.24E-05,52.6645136,0.018980731,0.770343854,1,1,1.062069638,0.002836407,0.03923696,5,0.960174928,0,1
BedSet_11_48.obj,BedSet_11,M,M,,0.999793667,4.31E-05,55.49531559,0.018013221,0.770457721,1,1,1,1.19E-17,1.11E-16,5,0.962167967,0,1
BedSet_11_49.obj,BedSet_11,M,M,,0.999607555,9.35E-05,51.2660004,0.019498536,0.984935986,0.951690217,0.995443436,1.411585398,0.038554629,0.292893219,5,1.642078839,0.722085013,0.996596645
BedSet_11_50.obj,BedSet_11,M,M,,0.994196844,0.005718885,79.99926263,0.012458072,0.965551622,1,1,1.000013161,2.87E-17,1.11E-16,5,0.849709877,0,1
BedSet_11_51.obj,BedSet_11,CA,CA,,0.673052658,0.325283468,17.58564859,0.044686508,0.284345199,0.468412807,0.421082556,1.224297828,0.000226349,1.32E-06,5,2.586449988,0.400370561,0.770364081
BedSet_11_52.obj,BedSet_11,M,M,,0.994196844,0.005718884,79.99926264,0.012458072,0.965552382,1,1,1.000013085,1.80E-17,1.11E-16,5,0.849709877,1.40E-15,1
BedSet_11_53.obj,BedSet_11,SL,SL,,0.179754852,0.803280627,12.09042314,0.061139205,0.725488598,0.776665865,0.499538281,1.000004719,3.85E-17,3.33E-16,5,0.019456476,0.021624991,0.783719799
BedSet_12_01.obj,BedSet_12,OB,SL,x,0.527930335,0.466589179,11.03175161,0.074057344,0.992301453,0.984946884,0.97401437,1.000018151,1.44E-10,9.51E-10,0.02948563,1.845091539,0.168847836,0.983885117
BedSet_12_02.obj,BedSet_12,OB,OB,,0.963487481,0.035285282,28.54536888,0.034389045,1,1,1,1,0,0,0.015972284,0.679144821,0,1
BedSet_12_03.obj,BedSet_12,OB,OB,,0.75946205,0.23931078,28.54615987,0.031436383,1,1,1,1,0,0,0.009969688,0.3418796,0,1
BedSet_12_04.obj,BedSet_12,M,M,,0.99624843,0.002695365,30.76989838,0.032421451,1,1,1,1,0,0,0.022145915,0.884569979,0,1
BedSet_12_05.obj,BedSet_12,M,M,,0.998193812,0.001049955,36.36405073,0.027464521,1,1,1,1,0,0,0.026586192,0.918466565,0,1
BedSet_12_06.obj,BedSet_12,M,M,,0.99624843,0.002695365,30.76989838,0.032421451,1,1,1,1,4.44E-17,1.72E-16,0.022145915,0.884569979,0,1
BedSet_12_07.obj,BedSet_12,M,M,,0.998193812,0.001049955,36.36405073,0.027464521,1,1,1,1,0,0,0.026586192,0.918466565,0,1
BedSet_12_08.obj,BedSet_12,M,M,,0.996248371,0.002695364,30.76989444,0.032421442,0.999990329,1,1,1,0,0,5,0.884569986,0,1
BedSet_12_09.obj,BedSet_12,OB,SL,x,0.482135887,0.515221874,19.45500898,0.04168447,0.999996601,1,1,1,0,0,5,0.163042446,0,1
BedSet_12_10.obj,BedSet_12,OB,OB,,0.921390502,0.075967112,19.4544699,0.049433008,0.999991277,1,1,1,0,0,5,0.562044181,0,1
BedSet_12_11.obj,BedSet_12,OB,SL,x,0.804902345,0.189616997,11.0317543,0.082382312,0.992300406,0.991721218,0.978541577,1.000017164,1.89E-10,1.29E-09,5,1.839430076,0.025219037,0.988137894
BedSet_13_01.obj,BedSet_13,OB,CA,x,0.804902396,0.189617009,11.03175582,0.082382313,0.992300875,0.991721218,0.978541577,1.000017164,1.89E-10,1.29E-09,0.033387021,1.982786272,0.120176705,0.988137895
BedSet_13_02.obj,BedSet_13,OB,OB,,0.921390701,0.075967129,19.45447869,0.049433009,1,1,1,1,0,0,0.017565068,0.562044202,0,1
BedSet_13_03.obj,BedSet_13,OB,SL,x,0.482135991,0.515221985,19.45501777,0.041684471,1,1,1,1,0,0,0.010963883,0.16304245,0,1
BedSet_13_04.obj,BedSet_13,M,M,,0.996248432,0.002695364,30.7699062,0.032421443,1,1,1,1,0,0,0.020105661,0.884570007,0,1
BedSet_13_05.obj,BedSet_13,M,M,,0.998193813,0.001049955,36.36405997,0.027464514,1,1,1,1,0,0,0.024136865,0.918466585,0,1
BedSet_13_06.obj,BedSet_13,M,M,,0.999741689,0.000194147,124.8405153,0.008008929,1,1,1,1,0,0,0.039880447,0.968364337,0,1
BedSet_13_07.obj,BedSet_13,M,M,,0.998764543,0.000928544,57.08109536,0.01750544,1,1,1,1,0,0,0.058979638,0.932088881,0,1
BedSet_13_08.obj,BedSet_13,M,M,,0.998570501,0.001074416,53.06828828,0.018826854,1,1,1,1,0,0,0.061167432,0.92713741,0,1
BedSet_13_09.obj,BedSet_13,M,M,,0.996248432,0.002695364,30.7699062,0.032421443,1,1,1,1,0,0,0.020105661,0.884570007,0,1
BedSet_13_10.obj,BedSet_13,M,M,,0.998193813,0.001049955,36.36405997,0.027464514,1,1,1,1,0,0,0.024136865,0.918466585,0,1
BedSet_13_11.obj,BedSet_13,M,M,,0.999741689,0.000194147,124.8405153,0.008008929,1,1,1,1,0,0,0.039880447,0.968364337,0,1
BedSet_14_01.obj,BedSet_14,SL,SL,,0.179867306,0.803783161,12.09054128,0.061139241,0.776665865,0.776665865,0.499538281,1.000004719,3.57E-17,2.22E-16,2.312779278,0.019456603,0.021624991,0.783719799
BedSet_14_02.obj,BedSet_14,M,M,,0.994196978,0.005718885,79.99937989,0.012458072,0.965611015,1,1,1.000013085,4.38E-17,2.22E-16,0.025734596,0.849709905,0,1
BedSet_14_03.obj,BedSet_14,CA,CA,,0.673053533,0.32528389,17.5856571,0.044686509,0.284346531,0.468412807,0.421082556,1.224297828,0.000226349,1.32E-06,0.142087119,2.586450765,0.400370561,0.770364081
BedSet_14_04.obj,BedSet_14,M,M,,0.994196978,0.005718886,79.99937988,0.012458072,0.965610256,1,1,1.000013161,3.46E-17,2.22E-16,0.025734596,0.849709905,0,1
BedSet_14_05.obj,BedSet_14,M,M,,0.999607643,9.35E-05,51.26603866,0.019498536,0.985014625,0.951690217,0.995443436,1.411585398,0.038554629,0.292893219,0.077672275,1.642078933,0.722085013,0.996596645
BedSet_14_06.obj,BedSet_14,M,M,,0.999794505,4.31E-05,55.49545637,0.018013222,0.772582255,1,1,1,8.46E-17,2.22E-16,0.131813145,0.962168053,0,1
BedSet_14_07.obj,BedSet_14,M,M,,0.999763951,6.24E-05,52.6646472,0.018980732,0.772582255,1,1,1.062069638,0.002836407,0.03923696,0.135309362,0.960175018,0,1
BedSet_14_08.obj,BedSet_14,M,M,,0.999778077,4.66E-05,53.42510809,0.018710759,0.772809687,1,1,1,4.49E-17,2.22E-16,0.13437198,0.960714097,0,1
BedSet_14_09.obj,BedSet_14,M,M,,0.999800779,4.18E-05,56.36261344,0.017736271,0.772582255,1,1,1,4.49E-17,3.33E-16,0.130795221,0.962739266,0,1
BedSet_14_10.obj,BedSet_14,M,M,,0.99979766,4.24E-05,55.90224899,0.017882235,0.772408482,1,1,1.000171853,1.85E-17,2.05E-16,0.131304272,0.962454122,0,1
BedSet_14_11.obj,BedSet_14,M,M,,0.993635204,0.005741273,38.0952428,0.026167515,1,1,1,1.50617284,2.92E-17,1.11E-16,0.05356962,0.860469993,0,1
BedSet_14_12.obj,BedSet_14,M,M,,0.993635204,0.005741273,38.0952428,0.026167515,1,1,1,1.50617284,1.75E-17,1.11E-16,0.05356962,0.860469993,0,1
BedSet_14_13.obj,BedSet_14,M,M,,0.993635204,0.005741273,38.0952428,0.026167515,1,1,1,1.50617284,4.87E-17,1.33E-16,0.05356962,0.860469993,0,1
BedSet_14_14.obj,BedSet_14,M,M,,0.993635204,0.005741273,38.0952428,0.026167515,1,1,1,1.50617284,9.74E-18,1.11E-16,0.05356962,0.860469993,0,1
BedSet_14_15.obj,BedSet_14,M,M,,0.993635204,0.005741273,38.0952428,0.026167515,1,1,1,1.50617284,3.31E-17,1.11E-16,0.05356962,0.860469993,0,1
BedSet_14_16.obj,BedSet_14,M,M,,0.993635204,0.005741273,38.0952428,0.026167515,1,1,1,1.50617284,3.31E-17,1.11E-16,0.05356962,0.860469993,0,1
BedSet_14_17.obj,BedSet_14,M,M,,0.993635204,0.005741273,38.0952428,0.026167515,1,1,1,1.50617284,4.67E-17,2.22E-16,0.05356962,0.860469993,0,1
BedSet_14_18.obj,BedSet_14,M,M,,0.993635204,0.005741273,38.0952428,0.026167515,1,1,1,1.50617284,1.75E-17,1.11E-16,0.05356962,0.860469993,0,1
BedSet_14_19.obj,BedSet_14,M,M,,0.993635204,0.005741273,38.0952428,0.026167515,1,1,1,1.50617284,4.67E-17,1.33E-16,0.05356962,0.860469993,0,1
BedSet_14_20.obj,BedSet_14,M,M,,0.994314015,0.005032214,38.0952428,0.026167515,1,0.956726546,0.995570743,1.346938776,1.08E-17,1.11E-16,0.079304784,1.265234298,0.733329334,0.996539452
BedSet_14_21.obj,BedSet_14,M,M,,0.993635204,0.005741273,38.0952428,0.026167515,1,1,1,1.50617284,4.67E-17,2.22E-16,0.05356962,0.860469993,0,1
BedSet_14_22.obj,BedSet_14,M,M,,0.993635204,0.005741273,38.0952428,0.026167515,1,1,1,1.50617284,4.67E-17,1.33E-16,0.05356962,0.860469993,0,1
BedSet_14_23.obj,BedSet_14,M,M,,0.993635204,0.005741273,38.0952428,0.026167515,1,1,1,1.50617284,4.67E-17,2.22E-16,0.05356962,0.860469993,0,1
BedSet_14_24.obj,BedSet_14,M,M,,0.993635204,0.005741273,38.0952428,0.026167515,1,1,1,1.50617284,4.67E-17,2.22E-16,0.05356962,0.860469993,0,1
BedSet_14_25.obj,BedSet_14,M,M,,0.993635204,0.005741273,38.0952428,0.026167515,1,1,1,1.50617284,4.67E-17,2.22E-16,0.05356962,0.860469993,0,1
BedSet_14_26.obj,BedSet_14,M,M,,0.993969017,0.005484509,38.0952428,0.026167515,1,1,1,1.777777778,1.91E-17,1.11E-16,0.053446193,0.859860239,2.02E-15,1
BedSet_14_27.obj,BedSet_14,M,M,,0.99633663,0.003621404,113.2734405,0.008809514,0.965606336,1,1,1.000000398,4.09E-17,2.22E-16,0.022939005,0.878716321,0,1
BedSet_14_28.obj,BedSet_14,OB,CA,x,0.366596107,0.632184474,18.34866972,0.042518778,0.999021122,0.851815063,0.891341656,2.153683094,0.035844596,0.422649731,0.009840104,0.719864846,0.381485751,0.924572018
BedSet_14_29.obj,BedSet_14,M,M,,0.999892473,2.25E-05,76.69176165,0.013036834,0.77252994,1,1,1.000033652,3.17E-17,2.05E-16,0.112139854,0.972490847,0,1
BedSet_14_30.obj,BedSet_14,M,M,,0.999880076,3.17E-05,73.86119745,0.013536249,0.77252994,1,1,1.062017908,0.002842093,0.039315625,0.114268406,0.971451669,0,1
BedSet_14_31.obj,BedSet_14,M,M,,0.999886354,2.38E-05,74.63722923,0.01339556,0.772840751,1,1,1,3.44E-17,1.11E-16,0.113702329,0.971729832,0,1
BedSet_14_32.obj,BedSet_14,M,M,,0.999894864,2.20E-05,77.55884369,0.012891139,0.77252994,1,1,1.000033652,6.48E-17,2.22E-16,0.111511249,0.972794207,0,1
BedSet_14_33.obj,BedSet_14,M,M,,0.999893672,2.23E-05,77.09602057,0.0129685,0.772172204,1,1,1,2.51E-17,1.11E-16,0.111826108,0.972642459,0,1
BedSet_14_34.obj,BedSet_14,M,M,,0.993635169,0.005741305,38.0951428,0.026167583,1,1,1,1.50617284,2.53E-17,1.11E-16,0.05356969,0.860469653,0,1
BedSet_14_35.obj,BedSet_14,M,M,,0.993635169,0.005741305,38.0951428,0.026167583,1,1,1,1.50617284,9.74E-18,1.11E-16,0.05356969,0.860469653,0,1
BedSet_14_36.obj,BedSet_14,M,M,,0.993635169,0.005741305,38.0951428,0.026167583,1,1,1,1.50617284,2.14E-17,1.11E-16,0.05356969,0.860469653,0,1
BedSet_14_37.obj,BedSet_14,M,M,,0.993635169,0.005741305,38.0951428,0.026167583,1,1,1,1.50617284,2.53E-17,1.11E-16,0.05356969,0.860469653,0,1
BedSet_14_38.obj,BedSet_14,M,M,,0.993635169,0.005741305,38.0951428,0.026167583,1,1,1,1.50617284,9.74E-18,1.11E-16,0.05356969,0.860469653,0,1
BedSet_14_39.obj,BedSet_14,M,M,,0.993635169,0.005741305,38.0951428,0.026167583,1,1,1,1.50617284,3.70E-17,2.22E-16,0.05356969,0.860469653,0,1
BedSet_14_40.obj,BedSet_14,M,M,,0.993635169,0.005741305,38.0951428,0.026167583,1,1,1,1.50617284,2.53E-17,1.11E-16,0.05356969,0.860469653,0,1
BedSet_14_41.obj,BedSet_14,M,M,,0.993635169,0.005741305,38.0951428,0.026167583,1,1,1,1.50617284,2.14E-17,1.11E-16,0.05356969,0.860469653,0,1
BedSet_14_42.obj,BedSet_14,M,M,,0.993635169,0.005741305,38.0951428,0.026167583,1,1,1,1.50617284,3.70E-17,2.22E-16,0.05356969,0.860469653,0,1
BedSet_14_43.obj,BedSet_14,M,M,,0.994313984,0.005032241,38.0951428,0.026167583,1,0.956726536,0.99557073,1.346938776,1.90E-17,1.11E-16,0.079304888,1.265233942,0.733329314,0.996539442
BedSet_14_44.obj,BedSet_14,M,M,,0.993635169,0.005741305,38.0951428,0.026167583,1,1,1,1.50617284,2.73E-17,1.11E-16,0.05356969,0.860469653,0,1
BedSet_14_45.obj,BedSet_14,M,M,,0.993635169,0.005741305,38.0951428,0.026167583,1,1,1,1.50617284,3.70E-17,2.22E-16,0.05356969,0.860469653,0,1
BedSet_14_46.obj,BedSet_14,M,M,,0.993635169,0.005741305,38.0951428,0.026167583,1,1,1,1.50617284,1.36E-17,1.11E-16,0.05356969,0.860469653,0,1
BedSet_14_47.obj,BedSet_14,M,M,,0.993635169,0.005741305,38.0951428,0.026167583,1,1,1,1.50617284,2.53E-17,1.11E-16,0.05356969,0.860469653,0,1
BedSet_14_48.obj,BedSet_14,M,M,,0.993635169,0.005741305,38.0951428,0.026167583,1,1,1,1.50617284,2.73E-17,1.11E-16,0.05356969,0.860469653,0,1
BedSet_14_49.obj,BedSet_14,M,M,,0.993968983,0.005484539,38.0951428,0.026167583,1,1,1,1.777777778,3.64E-17,2.22E-16,0.053446263,0.859859897,4.23E-15,1
BedSet_14_50.obj,BedSet_14,M,M,,0.99633658,0.003621449,113.2582017,0.008810699,0.965602334,1,1,1.00005821,4.09E-17,2.22E-16,0.022939025,0.878716117,0,1
BedSet_14_51.obj,BedSet_14,CA,CA,,0.737428647,0.26173304,21.68109606,0.038877766,0.304337657,0.49855216,0.617123479,1.274090387,0.007622023,3.01E-06,0.126934527,2.704661262,0.404291754,0.80235715
BedSet_14_52.obj,BedSet_14,CA,CA,,0.737445639,0.261716339,21.68093093,0.038878025,0.304339051,0.498549203,0.617120962,1.307147672,0.015214879,1.82E-06,0.130901586,2.752270349,0.397537707,0.802356739
BedSet_14_53.obj,BedSet_14,CA,CA,,0.674446698,0.324364782,17.6350651,0.044609061,0.298098093,0.503376279,0.539560626,1.435920336,0.010978425,8.17E-07,0.145853669,2.62669928,0.394411074,0.788587558
BedSet_15_01.obj,BedSet_15,OB,OB,,0.955054843,0.03596215,6.761876073,0.143222696,0.999792139,1,1,1.747435982,1.63E-17,1.11E-16,0.017806062,0.65212293,0,1
BedSet_15_02.obj,BedSet_15,OB,CA,x,0.519597667,0.470024254,9.999999999,0.081649658,0.999225583,0.970088398,0.958438718,1.012458764,5.98E-17,2.22E-16,0.090173802,3.351171452,0.023662761,0.973725168
BedSet_15_03.obj,BedSet_15,M,M,,0.99976009,6.75E-06,46.00560036,0.021726219,0.776503384,0.999816941,0.999994882,1.041354196,0.000559401,0.00851088,1.111952664,3.38427278,0.566731006,0.999995981
BedSet_15_04.obj,BedSet_15,M,M,,0.999760089,6.75E-06,46.00560036,0.021726219,0.776503384,0.999817872,0.999994908,1.041317409,0.000559401,0.00851088,1.1119521,3.384272699,0.56673101,0.999996001
BedSet_15_05.obj,BedSet_15,M,CA,x,0.968428119,0.03133338,70.00145173,0.014078632,0.733275789,0.752271986,0.801770029,1.042294997,0.005155237,0.007992821,0.219237603,3.200981314,0.402681862,0.900795852
BedSet_15_06.obj,BedSet_15,M,M,,0.992076774,0.007823037,71.67655284,0.013888764,0.966270248,0.999999548,0.999999768,1.045883543,5.46E-17,2.22E-16,0.18461992,3.281653165,0.549629989,0.999999818
BedSet_15_07.obj,BedSet_15,M,M,,0.999760126,6.72E-06,46.00560036,0.021726219,0.776456926,0.99980903,0.999994665,1.041720558,0.000559401,0.00851088,1.111957936,3.384273512,0.566730973,0.99999581
BedSet_15_08.obj,BedSet_15,CA,CA,,0.497299306,0.502367637,69.43559407,0.011423465,0.785269253,0.654633191,0.534799167,1.011128288,0.003052407,0.007603281,0.176790957,1.967657227,0.19858217,0.780703661
BedSet_15_09.obj,BedSet_15,M,M,,0.999760106,6.74E-06,46.00560036,0.021726219,0.776476541,0.999817413,0.999994895,1.041335171,0.000559401,0.00851088,1.111952652,3.384272771,0.566731007,0.999995991
BedSet_15_10.obj,BedSet_15,M,M,,0.99976009,6.78E-06,46.00560036,0.021726219,0.776451527,0.99981681,0.999994881,1.041417478,0.000559903,0.00851088,1.111949785,3.384272374,0.56673133,0.999995979
BedSet_15_11.obj,BedSet_15,M,M,,0.99976009,6.75E-06,46.00560036,0.021726219,0.776503384,0.999816941,0.999994882,1.041354196,0.000559401,0.00851088,1.111952664,3.38427278,0.566731006,0.999995981
BedSet_15_12.obj,BedSet_15,M,M,,0.99976009,6.78E-06,46.00560036,0.021726219,0.776451527,0.99981681,0.999994881,1.041417478,0.000559903,0.00851088,1.111949785,3.384272374,0.56673133,0.999995979
BedSet_15_13.obj,BedSet_15,M,M,,0.99976009,6.75E-06,46.00560036,0.021726219,0.776503384,0.999816941,0.999994882,1.041354196,0.000559401,0.00851088,1.111952664,3.38427278,0.566731006,0.999995981
BedSet_15_14.obj,BedSet_15,M,M,,0.99976009,6.78E-06,46.00560036,0.021726219,0.776451527,0.99981681,0.999994881,1.041417478,0.000559903,0.00851088,1.111949785,3.384272374,0.56673133,0.999995979
BedSet_15_15.obj,BedSet_15,CA,CA,,0.497202631,0.502464314,69.4366312,0.011423357,0.785255695,0.654662632,0.534854016,1.01265731,0.003025711,0.007565548,0.182147604,2.004299534,0.197601023,0.780717316
BedSet_15_16.obj,BedSet_15,M,M,,0.999760127,6.75E-06,46.00560036,0.021726219,0.776405069,0.999808895,0.999994663,1.041784718,0.000559903,0.00851088,1.111954873,3.38427308,0.566731298,0.999995808
BedSet_15_17.obj,BedSet_15,M,M,,0.99976009,6.75E-06,46.00560036,0.021726219,0.776503383,0.999816941,0.999994882,1.041354197,0.000559401,0.00851088,1.111952664,3.38427278,0.566731006,0.999995981
BedSet_15_18.obj,BedSet_15,M,M,,0.999474323,4.26E-07,30.73287242,0.032504053,0.776496952,0.999991331,0.999999469,1.039472624,0.000484911,0.008515121,0.453870135,3.346087597,0.566726134,0.999999583
BedSet_15_19.obj,BedSet_15,M,M,,0.999760098,6.74E-06,46.00560036,0.021726219,0.776503384,0.999808552,0.999994652,1.041702301,0.000559401,0.00851088,1.11195772,3.384273492,0.566730974,0.999995799
BedSet_15_20.obj,BedSet_15,M,M,,0.999464441,5.61E-07,30.55876925,0.032688841,0.776467662,1,1,1.039851637,0.00048466,0.008114056,0.116801853,0.936823218,0,1
BedSet_15_21.obj,BedSet_15,M,M,,0.999760127,6.75E-06,46.00560036,0.021726219,0.776405069,0.999808895,0.999994663,1.041784718,0.000559903,0.00851088,1.111954873,3.38427308,0.566731298,0.999995808
BedSet_15_22.obj,BedSet_15,M,M,,0.999760106,6.77E-06,46.00560036,0.021726219,0.776424663,0.999817282,0.999994894,1.041398428,0.000559903,0.00851088,1.111949764,3.384272365,0.56673133,0.999995989
BedSet_15_23.obj,BedSet_15,M,M,,0.999760175,6.70E-06,46.00560036,0.021726221,0.7764874,0.999809149,0.999994671,1.041725739,0.000559903,0.00851088,1.112072566,3.384289632,0.566731287,0.999995815
BedSet_15_24.obj,BedSet_15,M,M,,0.999714004,2.36E-07,41.66609052,0.023986519,0.776496952,0.999990053,0.999999602,1.039584404,0.000484911,0.008515121,0.389899186,3.376366553,0.566729864,0.999999687
BedSet_15_25.obj,BedSet_15,M,M,,0.999760175,6.67E-06,46.00560036,0.021726221,0.776539246,0.999809285,0.999994673,1.041661841,0.000559401,0.00851088,1.112075723,3.384290076,0.566730962,0.999995816
BedSet_15_26.obj,BedSet_15,M,M,,0.999474325,4.22E-07,30.73287242,0.032504053,0.776496952,0.999990598,0.999999441,1.0394836,0.000484912,0.008515144,0.453883135,3.346094164,0.566726062,0.999999561
BedSet_15_27.obj,BedSet_15,M,M,,0.99976009,6.75E-06,46.00560036,0.021726219,0.776503384,0.999816941,0.999994882,1.041354197,0.000559401,0.00851088,1.111952664,3.38427278,0.566731006,0.999995981
BedSet_15_28.obj,BedSet_15,M,M,,0.999894238,1.33E-05,71.50139988,0.013983005,0.774608369,0.999999378,0.999999042,1.071915615,0.000233722,2.22E-16,0.445946528,3.412347021,0.566569542,0.999999247
BedSet_15_29.obj,BedSet_15,M,M,,0.999714004,2.32E-07,41.66609052,0.023986519,0.776496952,0.999989962,0.9999996,1.039475127,0.000484912,0.008515144,0.389808975,3.3763268,0.566731056,0.999999686
BedSet_15_30.obj,BedSet_15,M,M,,0.999760089,6.79E-06,46.00560036,0.021726219,0.776451527,0.999817742,0.999994906,1.041380739,0.000559903,0.00851088,1.111949235,3.384272296,0.566731333,0.999995999
BedSet_15_31.obj,BedSet_15,M,M,,0.99976009,6.78E-06,46.00560036,0.021726219,0.776451527,0.99981681,0.999994881,1.041417478,0.000559903,0.00851088,1.111949785,3.384272374,0.56673133,0.999995979
BedSet_15_32.obj,BedSet_15,M,M,,0.999760098,6.78E-06,46.00560036,0.021726219,0.776451527,0.999808418,0.99999465,1.041766307,0.000559903,0.00851088,1.111954678,3.384273063,0.566731298,0.999995798
BedSet_15_33.obj,BedSet_15,M,M,,0.99976009,6.75E-06,46.00560036,0.021726219,0.776503384,0.999816941,0.999994882,1.041354197,0.000559401,0.00851088,1.111952664,3.38427278,0.566731006,0.999995981
BedSet_15_34.obj,BedSet_15,M,M,,0.999760126,6.72E-06,46.00560036,0.021726219,0.776456926,0.99980903,0.999994665,1.041720558,0.000559401,0.00851088,1.111957936,3.384273512,0.566730973,0.99999581
BedSet_15_35.obj,BedSet_15,M,M,,0.999760126,6.72E-06,46.00560036,0.021726219,0.776456926,0.99980903,0.999994665,1.041720558,0.000559401,0.00851088,1.111957936,3.384273512,0.566730973,0.99999581
BedSet_15_36.obj,BedSet_15,M,M,,0.996053422,0.003893776,100.9825779,0.009880167,0.966888763,0.999998808,0.999999899,1.000018125,4.29E-09,3.00E-08,0.022220264,0.874688362,0,0.999999921
BedSet_15_37.obj,BedSet_15,M,M,,0.992083035,0.007816855,71.67655284,0.013888764,0.966458279,0.999999773,0.999999848,1.045860646,5.04E-17,2.22E-16,0.184619924,3.281652762,0.549640199,0.999999881
BedSet_15_38.obj,BedSet_15,M,M,,0.999894238,1.33E-05,71.50139988,0.013983005,0.774607837,0.999999378,0.999999039,1.071891943,0.000233722,2.22E-16,0.445946528,3.412347021,0.566569104,0.999999245
BedSet_15_39.obj,BedSet_15,M,M,,0.996111422,0.003836553,101.7326557,0.009807647,0.966874298,0.999997617,0.9999998,1.000019848,1.24E-08,1.31E-07,0.022138027,0.875553006,8.88E-16,0.999999843
BedSet_15_40.obj,BedSet_15,M,M,,0.99976009,6.78E-06,46.00560036,0.021726219,0.776451527,0.99981681,0.999994881,1.041417478,0.000559903,0.00851088,1.111949785,3.384272374,0.56673133,0.999995979
BedSet_15_41.obj,BedSet_15,M,M,,0.99976009,6.78E-06,46.00560036,0.021726219,0.776451527,0.99981681,0.999994881,1.041417478,0.000559903,0.00851088,1.111949785,3.384272374,0.56673133,0.999995979
BedSet_15_42.obj,BedSet_15,M,M,,0.999760127,6.75E-06,46.00560036,0.021726219,0.776405069,0.999808895,0.999994663,1.041784718,0.000559903,0.00851088,1.111954873,3.38427308,0.566731298,0.999995808
BedSet_15_43.obj,BedSet_15,OB,CA,x,0.790541099,0.202630953,6.761876073,0.108394968,0.999646772,0.994059103,0.99265116,2.092084864,0.001154625,1.83E-05,0.063994509,2.535172977,0.36497886,0.995164334
BedSet_15_44.obj,BedSet_15,CA,CA,,0.734860104,0.002268541,1.592662579,0.469500431,0.640380697,0.879139545,0.714995549,1.052255402,4.92E-06,1.53E-05,2.939934573,2.038354165,0.114134799,0.87996524
BedSet_15_45.obj,BedSet_15,CA,CA,,0.73486008,0.002268131,1.592662579,0.469500431,0.640378859,0.87914225,0.714997061,1.052243351,5.00E-06,1.57E-05,2.939946496,2.038349909,0.114149137,0.879968252
BedSet_15_46.obj,BedSet_15,CA,CA,,0.734853333,0.002265964,1.592708668,0.469492835,0.64032936,0.879074004,0.714968897,1.040215229,4.84E-06,1.49E-05,2.939993102,2.038349198,0.114364683,0.879945168
BedSet_15_47.obj,BedSet_15,CA,CA,,0.734853328,0.002266009,1.592708668,0.469492835,0.640327521,0.879078592,0.714972942,1.052157684,4.92E-06,1.56E-05,2.94000698,2.038347059,0.114300424,0.879949701
BedSet_16_01.obj,BedSet_16,OB,SL,x,0.737451593,0.262487808,132.7299914,0.006669852,0.992135515,0.988695709,0.993653161,1.361111111,2.19E-17,1.11E-16,0.008306452,0.582917645,0.623912877,0.995053308
BedSet_16_02.obj,BedSet_16,OB,SL,x,0.414280657,0.054964982,1.829268291,0.396897203,0.474149525,0.779501639,0.502940592,1.566618717,5.91E-05,1.11E-16,2.0941476,0.276641295,0.050683872,0.787705341
BedSet_16_03.obj,BedSet_16,OB,SL,x,0.414250806,0.054993959,1.829268291,0.396886415,0.474121013,0.779457171,0.502958536,1.566616568,5.91E-05,2.22E-16,2.094130861,0.27667741,0.050676403,0.787684931
BedSet_16_04.obj,BedSet_16,OB,SL,x,0.414250806,0.054993959,1.829268291,0.396886415,0.474121013,0.779457171,0.502958536,1.566616568,5.91E-05,2.22E-16,2.094130861,0.27667741,0.050676403,0.787684931
BedSet_16_05.obj,BedSet_16,OB,SL,x,0.526576379,0.473301174,90.3801849,0.009115074,0.999890324,0.999583564,0.999734778,1.000106281,1.11E-17,1.11E-16,0.019186863,0.184793507,0.00022545,0.999791768
BedSet_16_06.obj,BedSet_16,OB,SL,x,0.55274079,0.44713581,90.40306007,0.009121361,0.999217607,0.760267504,0.809913512,1.148241843,3.21E-17,1.11E-16,0.01921669,0.186538208,0.000574284,0.879031304
BedSet_16_07.obj,BedSet_16,OB,SL,x,0.526576379,0.473301174,90.3801849,0.009115074,0.999890324,0.999583564,0.999734778,1.000106281,1.11E-17,1.11E-16,0.019186863,0.184793507,0.00022545,0.999791768
BedSet_16_08.obj,BedSet_16,OB,SL,x,0.55274079,0.44713581,90.40306007,0.009121361,0.999217607,0.760267504,0.809913512,1.148241843,3.21E-17,1.11E-16,0.01921669,0.186538208,0.000574284,0.879031304
BedSet_16_09.obj,BedSet_16,OB,SL,x,0.941317273,0.053549514,19.15015852,0.051074689,1,0.951193696,0.987068751,1.0404,1.10E-17,1.11E-16,0.011124198,0.657894653,0,0.989996647
BedSet_16_10.obj,BedSet_16,OB,OB,,0.969508016,0.028852433,24.69661993,0.039856115,1,1,1,1,0,0,0.012093843,0.70267898,0,1
BedSet_16_11.obj,BedSet_16,OB,OB,,0.771032621,0.210310036,7.321079131,0.122287738,1,1,1,1,0,0,0.021311477,0.35271745,0,1
BedSet_16_12.obj,BedSet_16,OB,OB,,0.71229991,0.264256928,6.53118384,0.13371589,1,1,1,1,0,0,0.022563431,0.30176398,0,1
BedSet_16_13.obj,BedSet_16,OB,OB,,0.62864071,0.341099182,5.748635348,0.146933285,1,1,1,1,0,0,0.024050202,0.242704889,0,1
BedSet_16_14.obj,BedSet_16,OB,OB,,0.757854921,0.241789338,53.01924238,0.016920693,1,1,1,1,0,0,0.007203628,0.340408555,0,1
BedSet_16_15.obj,BedSet_16,OB,SL,x,0.447192883,0.549942549,22.23221632,0.036825725,1,0.620602328,0.610402322,1.129211713,3.66E-10,1.11E-16,0.019418354,0.896774148,0.515554358,0.796951527
BedSet_16_16.obj,BedSet_16,OB,SL,x,0.447192883,0.549942549,22.23221632,0.036825725,1,0.620602328,0.610402322,1.129211713,3.66E-10,1.11E-16,0.019418354,0.896774148,0.515554358,0.796951527
BedSet_16_17.obj,BedSet_16,OB,M,x,0.981813505,0.017965923,43.33142439,0.022579253,0.865666216,0.995469411,0.998833003,1.352136605,0.010066099,2.22E-16,0.016203832,1.066845356,0.739830475,0.999084702
BedSet_16_18.obj,BedSet_16,OB,M,x,0.982370241,0.017432792,53.00238193,0.018536724,0.99267901,0.996059095,0.999039207,1.445833776,2.12E-17,1.11E-16,5,2.284669435,0.619552766,0.999249724
BedSet_16_19.obj,BedSet_16,OB,M,x,0.981724185,0.018078924,53.00238193,0.018536724,0.99267901,0.985962672,0.996658102,1.440132487,5.12E-17,2.22E-16,5,2.284624982,0.629744623,0.997387649
BedSet_16_20.obj,BedSet_16,M,M,,0.998450528,0.00061961,31.99809464,0.031212809,0.999939385,1,1,1.5625,2.22E-17,1.11E-16,5,0.92481228,0,1
BedSet_16_21.obj,BedSet_16,M,M,,0.998450528,0.000619708,31.99977054,0.031211176,0.999939382,1,1,1.5625,2.22E-17,1.11E-16,5,0.92481228,0,1
BedSet_16_22.obj,BedSet_16,OB,CA,x,0.976718943,0.023133747,69.9959324,0.014113478,0.923092222,0.894196862,0.976088571,1.775573059,4.26E-09,2.44E-09,5,1.717921155,0.751460653,0.981740657
BedSet_16_23.obj,BedSet_16,M,M,,0.997500132,0.002409563,100.7941552,0.009908528,0.991826891,1,1,1,2.38E-17,1.11E-16,5,0.90548257,0,1
BedSet_16_24.obj,BedSet_16,M,M,,0.994237694,0.005626195,61.00285708,0.016335165,0.914813262,0.999972343,0.999818897,1.453514739,1.17E-17,1.11E-16,5,1.673892357,0.772222424,0.999859106
BedSet_16_25.obj,BedSet_16,M,M,,0.994237739,0.00562615,61.00285708,0.016335168,0.914830546,0.999976191,0.99981931,1.453514739,1.17E-17,1.11E-16,5,1.673895956,0.772222692,0.99985943
BedSet_16_26.obj,BedSet_16,M,M,,0.997935708,0.001999777,100.804714,0.00990749,0.966870082,0.999578228,0.994678962,1.326530612,2.63E-17,1.11E-16,5,1.865522815,0.578944187,0.997441907
BedSet_16_27.obj,BedSet_16,M,M,,0.997500027,0.002409668,100.7941552,0.009908528,0.991826892,1,1,1,2.38E-17,1.11E-16,5,0.905480684,0,1
BedSet_16_28.obj,BedSet_16,OB,CA,x,0.51789934,0.475344289,11.6609002,0.070188137,0.996923802,0.992431004,0.989756284,1.101412423,1.66E-06,1.25E-05,5,2.46147645,0.094645248,0.993303314
BedSet_16_29.obj,BedSet_16,M,M,,0.997114478,0.00280426,81.331429,0.012277011,0.997135411,1,1,1.361111111,5.72E-17,2.22E-16,5,0.898835722,0,1
BedSet_16_30.obj,BedSet_16,M,M,,0.997114292,0.002804446,81.331429,0.01227701,0.997135415,1,1,1.361111111,2.69E-17,1.11E-16,5,0.898832627,0,1
BedSet_16_31.obj,BedSet_16,M,M,,0.997114106,0.002804632,81.331429,0.012277009,0.99713542,1,1,1.361111111,7.74E-17,2.22E-16,5,0.898829531,0,1
BedSet_16_32.obj,BedSet_16,M,M,,0.997917493,0.002021361,100.7941552,0.009908528,0.96687339,0.999572718,0.994654212,1.174205021,7.21E-12,5.20E-11,5,1.865505013,0.576005082,0.997419101
BedSet_16_33.obj,BedSet_16,M,M,,0.997114478,0.00280426,81.331429,0.012277011,0.997135411,1,1,1.361111111,6.06E-17,2.22E-16,5,0.898835722,0,1
BedSet_16_34.obj,BedSet_16,M,M,,0.997114292,0.002804446,81.331429,0.01227701,0.997135415,1,1,1.361111111,4.37E-17,1.11E-16,5,0.898832627,0,1
BedSet_16_35.obj,BedSet_16,M,M,,0.997114478,0.00280426,81.331429,0.012277011,0.997135411,1,1,1.361111111,6.06E-17,2.22E-16,5,0.898835722,0,1
BedSet_16_36.obj,BedSet_16,M,M,,0.997114292,0.002804446,81.331429,0.01227701,0.997135415,1,1,1.361111111,4.37E-17,1.11E-16,5,0.898832627,0,1
BedSet_16_37.obj,BedSet_16,M,M,,0.997114106,0.002804632,81.331429,0.012277009,0.99713542,1,1,1.361111111,2.69E-17,1.11E-16,5,0.898829531,0,1
BedSet_16_38.obj,BedSet_16,M,M,,0.997114478,0.00280426,81.331429,0.012277011,0.997135411,1,1,1.361111111,3.36E-17,2.22E-16,5,0.898835722,0,1
BedSet_16_39.obj,BedSet_16,M,M,,0.997114106,0.002804632,81.331429,0.012277009,0.99713542,1,1,1.361111111,2.69E-17,1.11E-16,5,0.898829531,0,1
BedSet_16_40.obj,BedSet_16,M,M,,0.997114292,0.002804446,81.331429,0.01227701,0.997135415,1,1,1.361111111,4.37E-17,1.11E-16,5,0.898832627,0,1
BedSet_16_41.obj,BedSet_16,M,M,,0.997114292,0.002804446,81.331429,0.01227701,0.997135415,1,1,1.361111111,4.37E-17,1.11E-16,5,0.898832627,0,1
BedSet_16_42.obj,BedSet_16,M,M,,0.997114478,0.00280426,81.331429,0.012277011,0.997135411,1,1,1.361111111,4.71E-17,2.22E-16,5,0.898835722,0,1
BedSet_16_43.obj,BedSet_16,OB,SL,x,0.963951289,0.03543594,68.00305786,0.014570899,0.99996899,0.999998452,0.999999738,1.249134948,5.91E-17,1.50E-16,5,0.761665796,8.88E-16,0.999999794
BedSet_16_44.obj,BedSet_16,OB,OB,,0.749981335,0.089994408,2.499972253,0.336863826,0.999224641,1,1,1,2.96E-17,1.11E-16,5,0.333333222,0,1
BedSet_16_45.obj,BedSet_16,M,M,,0.999327705,0.000422729,65.99847865,0.015143163,0.996486437,0.996529553,0.996870763,1.361111111,3.30E-17,1.11E-16,5,1.272808668,0.698111692,0.997623832
BedSet_16_46.obj,BedSet_16,M,M,,0.998404367,0.001514896,100.7941552,0.009912909,0.991817348,1,1,1.000129222,2.78E-17,1.11E-16,5,0.923665702,0,1
BedSet_16_47.obj,BedSet_16,M,M,,0.997114292,0.002804446,81.331429,0.01227701,0.997135415,1,1,1.361111111,4.37E-17,1.11E-16,5,0.898832627,0,1
BedSet_16_48.obj,BedSet_16,OB,SL,x,0.954062513,0.044168585,49.29709993,0.019975953,0.965261497,0.899378487,0.967321678,1.707406855,4.55E-17,2.22E-16,5,0.677409587,0.591107113,0.975700458
BedSet_16_49.obj,BedSet_16,OB,SL,x,0.954062396,0.044168702,49.29709993,0.019975953,0.965261497,0.899378292,0.967321627,1.70739616,4.84E-17,2.22E-16,5,0.677409587,0.591107113,0.975700421
BedSet_16_50.obj,BedSet_16,OB,SL,x,0.954062454,0.044168642,49.29709993,0.019975953,0.965261129,0.899379929,0.967322143,1.707410394,4.91E-17,2.22E-16,5,0.677408436,0.591107499,0.975700791
BedSet_16_51.obj,BedSet_16,OB,SL,x,0.954062337,0.044168759,49.29709993,0.019975953,0.965261129,0.899379734,0.967322092,1.707399717,2.42E-17,1.39E-16,5,0.677408436,0.591107499,0.975700754
BedSet_17_01.obj,BedSet_17,OB,CA,x,0.237907202,0.737162082,6.022787137,0.117642738,0.977107591,0.996611619,0.985226497,1.122494102,1.74E-09,8.65E-09,0.068869125,2.536219125,0.337991123,0.99145881
BedSet_17_02.obj,BedSet_17,OB,CA,x,0.421776471,0.564329571,8.056489883,0.098056844,0.996582142,0.999300104,0.977627896,1.008279206,2.14E-09,1.24E-08,0.092684879,3.399548273,0.032570298,0.987883647
BedSet_17_03.obj,BedSet_17,M,M,,0.998680156,0.000830333,39.83025337,0.025079048,0.937499547,1,1,1.084727315,4.28E-17,1.11E-16,0.045114439,1.194301616,0.74048049,1
BedSet_17_04.obj,BedSet_17,M,M,,0.999818758,0.00012844,98.30302754,0.010171201,0.56561086,1,1,1.24691358,1.39E-17,1.11E-16,0.046274137,0.967309142,0,1
BedSet_17_05.obj,BedSet_17,M,M,,0.999872229,8.46E-05,98.30305217,0.010171572,0.573964497,1,1,1.24691358,1.85E-17,1.11E-16,0.049732591,0.971635533,0,1
BedSet_17_06.obj,BedSet_17,M,M,,0.986960343,0.007244254,13.13584999,0.075420582,1,1,1,1,0,0,0.053666187,0.795023863,0,1
BedSet_17_07.obj,BedSet_17,M,M,,0.986960343,0.007244254,13.13584999,0.075420582,1,1,1,1,0,0,0.053666187,0.795023863,0,1
BedSet_17_08.obj,BedSet_17,M,M,,0.997291197,0.002653521,134.4959997,0.007424911,1,1,1,1,0,0,0.031055015,0.901057274,0,1
BedSet_17_09.obj,BedSet_17,OB,SL,x,0.909532218,0.089515121,32.39893331,0.029544269,1,1,1,1,0,0,0.014300459,0.537540639,0,1
BedSet_17_10.obj,BedSet_17,M,M,,0.984375365,0.015271823,53.23886663,0.01863499,1,1,1,1,0,0,0.016874578,0.777780087,0,1
BedSet_17_11.obj,BedSet_17,M,M,,0.984319501,0.015327688,53.23886663,0.018634478,1,1,1,1,0,0,0.016859528,0.777427349,0,1
BedSet_17_12.obj,BedSet_17,M,M,,0.997291197,0.002653521,134.4959997,0.007424911,1,1,1,1,0,0,0.031055015,0.901057274,0,1
BedSet_17_13.obj,BedSet_17,M,M,,0.996137599,0.002145778,24.13584999,0.041317049,1,1,1,1,0,0,0.039591188,0.882976379,0,1
BedSet_17_14.obj,BedSet_17,M,M,,0.996137599,0.002145778,24.13584999,0.041317049,1,1,1,1,0,0,0.039591188,0.882976379,0,1
BedSet_17_15.obj,BedSet_17,M,M,,0.997478867,0.001400629,29.87399998,0.03341314,1,1,1,1,0,0,0.035586325,0.904379422,0,1
BedSet_17_16.obj,BedSet_17,M,M,,0.997478867,0.001400629,29.87399998,0.03341314,1,1,1,1,0,0,0.035586325,0.904379422,0,1
BedSet_17_17.obj,BedSet_17,OB,OB,,0.930319658,0.068822456,34.14171427,0.028308287,1,1,1,1,0,0,0.015520457,0.582315608,0,1
BedSet_17_18.obj,BedSet_17,OB,M,x,0.977741285,0.009511576,8.857142852,0.110977503,1,1,1,1,0,0,0.079579047,0.740350877,0,1
BedSet_17_19.obj,BedSet_17,OB,M,x,0.977741285,0.009511576,8.857142852,0.110977503,1,1,1,1,0,0,0.079579047,0.740350877,0,1
BedSet_17_20.obj,BedSet_17,OB,M,x,0.977741285,0.009511576,8.857142852,0.110977503,1,1,1,1,0,0,0.079579047,0.740350877,0,1
BedSet_17_21.obj,BedSet_17,OB,M,x,0.977741285,0.009511576,8.857142852,0.110977503,1,1,1,1,0,0,0.079579047,0.740350877,0,1
BedSet_17_22.obj,BedSet_17,OB,OB,,0.977741285,0.009511576,8.857142852,0.110977503,1,1,1,1,0,0,0.079579047,0.740350877,0,1
BedSet_17_23.obj,BedSet_17,OB,M,x,0.977741285,0.009511576,8.857142852,0.110977503,1,1,1,1,0,0,0.079579047,0.740350877,0,1
BedSet_17_24.obj,BedSet_17,OB,M,x,0.977741285,0.009511576,8.857142852,0.110977503,1,1,1,1,0,0,0.079579047,0.740350877,0,1
BedSet_17_25.obj,BedSet_17,OB,M,x,0.977741285,0.009511576,8.857142852,0.110977503,1,1,1,1,0,0,0.079579047,0.740350877,0,1
BedSet_17_26.obj,BedSet_17,M,M,,0.997478867,0.001663247,34.14171427,0.029240323,1,1,1,1,0,0,0.035586325,0.904379422,0,1
BedSet_17_27.obj,BedSet_17,M,M,,0.999303244,0.000250793,45.49978702,0.021964521,0.999951262,1,1,1,0,0,5,0.946524373,0,1
BedSet_17_28.obj,BedSet_17,OB,SL,x,0.95406229,0.044169076,49.30226128,0.019973861,0.965255021,0.899378738,0.967321788,1.707395485,3.13E-17,1.39E-16,5,0.67740901,0.591107306,0.975700536
BedSet_17_29.obj,BedSet_17,OB,CA,x,0.361728442,0.631513195,11.60517927,0.067134224,0.999399795,0.99996443,0.995077093,1.00007681,2.81E-06,1.49E-05,5,2.538907589,0.080087573,0.997281741
BedSet_17_30.obj,BedSet_17,M,M,,0.997874819,0.002065323,94.66436055,0.010551982,0.997522821,1,1,1.361111111,2.69E-17,1.11E-16,5,0.912457787,0,1
BedSet_17_31.obj,BedSet_17,M,M,,0.997874956,0.002065187,94.66436055,0.010551983,0.997522817,1,1,1.361111111,2.69E-17,1.11E-16,5,0.912460485,0,1
BedSet_17_32.obj,BedSet_17,M,M,,0.997874682,0.00206546,94.66436055,0.010551981,0.997522826,1,1,1.361111111,3.36E-17,1.11E-16,5,0.912455089,0,1
BedSet_17_33.obj,BedSet_17,OB,OB,,0.749979593,0.089994199,2.499972182,0.336863823,0.999113714,1,1,1,0,0,5,0.333333217,0,1
BedSet_17_34.obj,BedSet_17,M,M,,0.998404276,0.00151498,100.7940447,0.009912919,0.991811028,1,1,1.000129196,1.85E-17,1.11E-16,5,0.923663702,0,1
BedSet_17_35.obj,BedSet_17,M,M,,0.997874819,0.002065323,94.66436055,0.010551982,0.997522821,1,1,1.361111111,2.69E-17,1.11E-16,5,0.912457787,0,1
BedSet_17_36.obj,BedSet_17,M,M,,0.999327698,0.000422729,65.99847614,0.015143163,0.996480224,0.996529553,0.996870763,1.361111111,2.43E-17,1.11E-16,5,1.272808665,0.698111692,0.997623832
BedSet_17_37.obj,BedSet_17,M,M,,0.997874819,0.002065323,94.66436055,0.010551982,0.997522821,1,1,1.361111111,2.02E-17,1.11E-16,5,0.912457787,0,1
BedSet_17_38.obj,BedSet_17,OB,SL,x,0.971066808,0.028439989,78.00356473,0.01273063,0.999969094,0.999999837,0.999999976,1.234567901,1.97E-17,1.39E-16,5,0.788997955,0,0.999999981
BedSet_17_39.obj,BedSet_17,M,M,,0.997917535,0.002021313,100.7940447,0.009908539,0.966863656,0.999572525,0.99465506,1.174202834,7.38E-10,4.67E-09,5,1.86550733,0.576010285,0.997419054
BedSet_17_40.obj,BedSet_17,M,M,,0.997874956,0.002065187,94.66436055,0.010551983,0.997522817,1,1,1.361111111,2.36E-17,1.11E-16,5,0.912460485,0,1
BedSet_17_41.obj,BedSet_17,M,M,,0.997874956,0.002065187,94.66436055,0.010551983,0.997522817,1,1,1.361111111,3.03E-17,1.11E-16,5,0.912460485,0,1
BedSet_17_42.obj,BedSet_17,M,M,,0.997874819,0.002065323,94.66436055,0.010551982,0.997522821,1,1,1.361111111,2.69E-17,1.11E-16,5,0.912457787,0,1
BedSet_17_43.obj,BedSet_17,M,M,,0.997874682,0.00206546,94.66436055,0.010551981,0.997522826,1,1,1.361111111,2.36E-17,1.11E-16,5,0.912455089,0,1
BedSet_17_44.obj,BedSet_17,M,M,,0.997874956,0.002065187,94.66436055,0.010551983,0.997522817,1,1,1.361111111,2.36E-17,1.11E-16,5,0.912460485,0,1
BedSet_17_45.obj,BedSet_17,M,M,,0.997874819,0.002065323,94.66436055,0.010551982,0.997522821,1,1,1.361111111,2.69E-17,1.11E-16,5,0.912457787,0,1
BedSet_17_46.obj,BedSet_17,M,M,,0.997874682,0.00206546,94.66436055,0.010551981,0.997522826,1,1,1.361111111,4.37E-17,2.22E-16,5,0.912455089,0,1
BedSet_17_47.obj,BedSet_17,M,M,,0.997874956,0.002065187,94.66436055,0.010551983,0.997522817,1,1,1.361111111,2.36E-17,1.11E-16,5,0.912460485,0,1
BedSet_17_48.obj,BedSet_17,M,M,,0.997874819,0.002065323,94.66436055,0.010551982,0.997522821,1,1,1.361111111,2.69E-17,1.11E-16,5,0.912457787,0,1
BedSet_17_49.obj,BedSet_17,OB,SL,x,0.954062407,0.044168959,49.30226129,0.019973861,0.965255021,0.899378932,0.967321839,1.707406198,6.12E-17,2.22E-16,5,0.67740901,0.591107306,0.975700573
BedSet_17_50.obj,BedSet_17,OB,SL,x,0.954062242,0.044169122,49.30226128,0.019973861,0.965255021,0.899379538,0.967321996,1.707414544,4.48E-17,2.22E-16,5,0.67740901,0.591107306,0.975700687
BedSet_17_51.obj,BedSet_17,OB,SL,x,0.954062359,0.044169005,49.30226129,0.019973861,0.965255021,0.899379733,0.967322047,1.707425221,1.42E-17,1.11E-16,5,0.67740901,0.591107306,0.975700724
BedSet_18_01.obj,BedSet_18,M,M,,0.996649686,0.003170192,74.51035922,0.013397324,1,1,1,1.111111111,0,0,0.02038337,0.890570207,0,1
BedSet_18_02.obj,BedSet_18,OB,SL,x,0.77634209,0.221854632,17.40683523,0.051770107,0.988148141,0.992254286,0.988946117,1.21551446,9.23E-08,2.22E-16,0.015843855,1.224772105,0.182180449,0.993991031
BedSet_18_03.obj,BedSet_18,M,M,,0.98506174,0.014671584,59.99895456,0.016541583,1,1,1,1.116568542,0.16990569,1,0.02961382,0.782178295,0,1
BedSet_18_04.obj,BedSet_18,M,M,,0.996906192,0.002927545,74.51099148,0.013397202,1,1,1,1,0,0,0.020381367,0.890549961,0,1
BedSet_18_05.obj,BedSet_18,M,M,,0.995709244,0.003145242,28.38694988,0.035124179,1,1,1,1,0,0,0.081102729,0.872346104,0,1
BedSet_18_06.obj,BedSet_18,M,M,,0.995709244,0.003145242,28.38694988,0.035124179,1,1,1,1,8.02E-17,2.22E-16,0.081102729,0.872346104,0,1
BedSet_18_07.obj,BedSet_18,M,M,,0.995708684,0.003145802,28.38694988,0.035124168,1,1,1,1,5.55E-17,1.39E-16,0.081100079,0.872338296,0,1
BedSet_18_08.obj,BedSet_18,M,M,,0.997252085,0.001459554,29.9994773,0.03328259,1,1,1,2.1904,2.56E-17,1.11E-16,0.049079523,0.914795864,0,1
BedSet_18_09.obj,BedSet_18,M,M,,0.979219659,0.020237439,58.06423866,0.017092595,1,1,1,1.5376,5.15E-17,2.22E-16,0.02961382,0.782178295,0,1
BedSet_18_10.obj,BedSet_18,M,M,,0.997213386,0.00092647,26.33287597,0.037899508,1,0.869882901,0.989503938,1.698979592,1.19E-17,1.11E-16,0.076343972,1.307248491,0.682103882,0.991864356
BedSet_18_11.obj,BedSet_18,M,M,,0.99702182,0.001162041,26.33287597,0.037899508,1,0.915902047,0.993493876,1.925952296,1.51E-17,1.11E-16,0.076584112,1.307912097,0.681565525,0.99493668
BedSet_18_12.obj,BedSet_18,OB,M,x,0.982827962,0.007886919,10.33248398,0.095547118,1,0.854180203,0.970382542,1.755177515,1.23E-17,1.11E-16,0.123817508,1.173549451,0.514870971,0.977686567
BedSet_18_13.obj,BedSet_18,OB,M,x,0.982864624,0.008265471,10.33313732,0.09554123,0.999988408,0.833098336,0.963570619,1.604241481,0.0302967,2.11E-07,0.12094472,1.162346685,0.628940848,0.972696598
BedSet_19_01.obj,BedSet_19,M,M,,0.994734191,0.005059928,80.99999989,0.01232129,0.99845679,0.965584361,0.99717097,1.228733459,8.16E-17,2.22E-16,0.041390652,1.292521246,0.639640896,0.997787165
BedSet_19_02.obj,BedSet_19,M,M,,0.994734191,0.005059928,80.99999989,0.01232129,0.99845679,0.965584361,0.99717097,1.228733459,8.16E-17,2.22E-16,0.041390652,1.292521246,0.639640896,0.997787165
BedSet_19_03.obj,BedSet_19,M,M,,0.994734191,0.005059928,80.99999989,0.01232129,0.99845679,0.965584361,0.99717097,1.228733459,4.90E-17,1.50E-16,0.041390652,1.292521246,0.639640896,0.997787165
BedSet_19_04.obj,BedSet_19,M,M,,0.994734191,0.005059928,80.99999989,0.01232129,0.99845679,0.965584361,0.99717097,1.228733459,5.22E-17,1.11E-16,0.041390652,1.292521246,0.639640896,0.997787165
BedSet_19_05.obj,BedSet_19,M,M,,0.994734191,0.005059928,80.99999989,0.01232129,0.99845679,0.965584361,0.99717097,1.228733459,2.94E-17,1.11E-16,0.041390652,1.292521246,0.639640896,0.997787165
BedSet_19_06.obj,BedSet_19,M,M,,0.994734191,0.005059928,80.99999989,0.01232129,0.99845679,0.965584361,0.99717097,1.228733459,5.22E-17,1.11E-16,0.041390652,1.292521246,0.639640896,0.997787165
BedSet_19_07.obj,BedSet_19,M,M,,0.994734191,0.005059928,80.99999989,0.01232129,0.99845679,0.965584361,0.99717097,1.228733459,4.24E-17,1.11E-16,0.041390652,1.292521246,0.639640896,0.997787165
BedSet_19_08.obj,BedSet_19,M,M,,0.994734191,0.005059928,80.99999989,0.01232129,0.99845679,0.965584361,0.99717097,1.228733459,1.63E-17,1.11E-16,0.041390652,1.292521246,0.639640896,0.997787165
BedSet_19_09.obj,BedSet_19,M,M,,0.994734191,0.005059928,80.99999989,0.01232129,0.99845679,0.965584361,0.99717097,1.228733459,4.24E-17,1.11E-16,0.041390652,1.292521246,0.639640896,0.997787165
BedSet_19_10.obj,BedSet_19,M,M,,0.994734191,0.005059928,80.99999989,0.01232129,0.99845679,0.965584361,0.99717097,1.228733459,5.22E-17,1.11E-16,0.041390652,1.292521246,0.639640896,0.997787165
BedSet_19_11.obj,BedSet_19,M,M,,0.994734191,0.005059928,80.99999989,0.01232129,0.99845679,0.965584361,0.99717097,1.228733459,5.88E-17,1.50E-16,0.041390652,1.292521246,0.639640896,0.997787165
BedSet_19_12.obj,BedSet_19,M,M,,0.994734191,0.005059928,80.99999989,0.01232129,0.99845679,0.965584361,0.99717097,1.228733459,3.92E-17,1.11E-16,0.041390652,1.292521246,0.639640896,0.997787165
BedSet_19_13.obj,BedSet_19,M,M,,0.994734191,0.005059928,80.99999989,0.01232129,0.99845679,0.965584361,0.99717097,1.228733459,4.57E-17,1.11E-16,0.041390652,1.292521246,0.639640896,0.997787165
BedSet_19_14.obj,BedSet_19,M,M,,0.994734191,0.005059928,80.99999989,0.01232129,0.99845679,0.965584361,0.99717097,1.228733459,3.92E-17,1.11E-16,0.041390652,1.292521246,0.639640896,0.997787165
BedSet_19_15.obj,BedSet_19,M,M,,0.994734191,0.005059928,80.99999989,0.01232129,0.99845679,0.965584361,0.99717097,1.228733459,5.22E-17,1.50E-16,0.041390652,1.292521246,0.639640896,0.997787165
BedSet_19_16.obj,BedSet_19,M,M,,0.982873237,0.004930372,8.499999994,0.116051771,0.963235294,0.95939176,0.983839084,1.5041358,7.45E-17,2.22E-16,0.143120853,1.055792329,0.74144032,0.987698615
BedSet_19_17.obj,BedSet_19,M,M,,0.99799752,0.001909465,99.49999986,0.01003708,1,1,1,1.26953125,7.77E-17,2.22E-16,0.024929713,0.904307529,0,1
BedSet_19_18.obj,BedSet_19,OB,M,x,0.975384615,0.015,9.99999999,0.098266159,1,1,1,1.0816,3.36E-17,1.11E-16,0.111210791,0.724137931,0,1
BedSet_19_19.obj,BedSet_19,OB,M,x,0.975384615,0.015,9.999999989,0.098266159,1,1,1,1.0816,5.05E-17,1.11E-16,0.111210791,0.724137931,0,1
BedSet_19_20.obj,BedSet_19,OB,M,x,0.975384615,0.015,9.999999988,0.098266159,1,1,1,1.0816,5.05E-17,1.55E-16,0.111210791,0.724137931,0,1
BedSet_19_21.obj,BedSet_19,M,M,,0.995506927,0.003993843,42.99999989,0.02319318,1,1,1,1,1.85E-17,1.11E-16,0.097915642,0.869565217,0,1
BedSet_19_22.obj,BedSet_19,M,M,,0.995506927,0.003993843,42.99999989,0.02319318,1,1,1,1,0,0,0.097915642,0.869565217,0,1
BedSet_19_23.obj,BedSet_19,M,M,,0.995506927,0.003993843,42.99999989,0.02319318,1,1,1,1,9.25E-18,1.11E-16,0.097915642,0.869565217,0,1
BedSet_19_24.obj,BedSet_19,M,M,,0.995506927,0.003993843,42.99999989,0.02319318,1,1,1,1,1.85E-17,1.11E-16,0.097915642,0.869565217,0,1
BedSet_19_25.obj,BedSet_19,M,M,,0.995506927,0.003993843,42.99999989,0.02319318,1,1,1,1,0,0,0.097915642,0.869565217,0,1
BedSet_19_26.obj,BedSet_19,M,M,,0.995506927,0.003993843,42.99999989,0.02319318,1,1,1,1,1.85E-17,1.11E-16,0.097915642,0.869565217,0,1
BedSet_19_27.obj,BedSet_19,M,M,,0.999269875,0.000395668,52.99999995,0.018858602,1,0.936028436,0.997812254,1.580408163,5.45E-17,2.22E-16,0.044097947,0.950920245,1.15E-15,0.998286167
BedSet_19_28.obj,BedSet_19,M,M,,0.999431319,0.000443447,100.9999999,0.009898565,1,1,1,1.294887039,2.78E-17,1.11E-16,0.039123412,0.961165842,0,1
BedSet_19_29.obj,BedSet_19,M,M,,0.99799752,0.001909465,99.49999986,0.01003708,1,1,1,1.26953125,6.00E-17,2.22E-16,0.024929713,0.904307529,0,1
BedSet_19_30.obj,BedSet_19,M,M,,0.996136259,0.003678841,79.49999989,0.012552823,1,1,1,1.580408163,1.21E-17,1.11E-16,0.027831892,0.881191596,0,1
BedSet_19_31.obj,BedSet_19,M,M,,0.993177825,0.006592455,79.49999989,0.012552823,1,0.977439048,0.998157672,2.253227822,2.29E-17,1.11E-16,0.041826068,1.290675645,0.727887265,0.998556177
BedSet_19_32.obj,BedSet_19,M,M,,0.996617609,0.000835207,20.24999999,0.049262727,0.984567901,0.911661352,0.989594371,1.871986135,3.67E-17,2.22E-16,0.095045103,1.332315855,0.760073469,0.991942626
BedSet_19_33.obj,BedSet_19,M,M,,0.981874282,0.006053474,8.499999994,0.116051771,0.963235294,0.979309422,0.987450397,1.314121484,0.047058824,3.11E-16,0.143183245,1.055970636,0.737945777,0.990434925
BedSet_19_34.obj,BedSet_19,M,M,,0.996617609,0.000835207,20.24999999,0.049262727,0.984567901,0.911661352,0.989594371,1.871986135,3.07E-17,2.22E-16,0.095045103,1.332315855,0.760073469,0.991942626
BedSet_19_35.obj,BedSet_19,M,M,,0.99390793,0.005877158,80.99999989,0.01232129,1,1,1,1.619834711,2.49E-17,1.11E-16,0.027602688,0.883499804,0,1
BedSet_20_01.obj,BedSet_20,OB,OB,,0.295183804,0.693465883,9.196693022,0.082990574,1,1,1,1.116568542,0.16990569,1,0.005935866,0.087232277,0,1
BedSet_20_02.obj,BedSet_20,OB,OB,,0.924325596,0.075120684,41.49999997,0.02310441,1,1,1,1.208888889,5.55E-17,2.22E-16,0.011920714,0.543993376,0,1
BedSet_20_03.obj,BedSet_20,OB,SL,x,0.934248986,0.065175313,41.49999997,0.02310441,1,0.994991308,0.998202693,1.40836649,3.63E-17,2.22E-16,0.017880688,0.971440034,0.534637812,0.998598475
BedSet_20_04.obj,BedSet_20,CA,CA,,0.811460949,0.161297291,1.060329784,0.565747049,0.360769628,0.580220574,0.383856388,1.08212692,0.000566472,0.000867194,5,5,0.124658507,0.751609133
BedSet_20_05.obj,BedSet_20,CA,CA,,0.811460949,0.161297291,1.060329784,0.565747049,0.360769628,0.580220574,0.383856388,1.08212692,0.000566472,0.000867194,5,5,0.124658507,0.751609133
BedSet_20_06.obj,BedSet_20,CA,CA,,0.811460949,0.161297291,1.060329784,0.565747049,0.360769628,0.580220574,0.383856388,1.08212692,0.000566472,0.000867194,5,5,0.124658507,0.751609133
BedSet_20_07.obj,BedSet_20,CA,SL,x,0.478277373,0.510524883,5.864406542,0.136267993,0.772226053,0.897076097,0.92984047,1.062445495,2.67E-17,1.11E-16,5,0.863857515,0.683860648,0.949183497
BedSet_20_08.obj,BedSet_20,OB,SL,x,0.522721063,0.441544479,5.288133803,0.153632798,0.999999713,0.901850023,0.934859399,1.079881657,2.22E-17,1.11E-16,5,0.740906968,0.404578603,0.95257352
Cabinet_01_01.obj,Cabinet_01,OB,OB,,0.773504131,0.225870704,39.99471995,0.022571148,1,1,1,1,1.48E-17,1.11E-16,0.01682111,0.355090834,0,1
Cabinet_01_02.obj,Cabinet_01,OB,OB,,0.773504131,0.225870704,39.99471996,0.022571148,1,1,1,1,8.88E-17,2.22E-16,0.01682111,0.355090834,0,1
Cabinet_01_03.obj,Cabinet_01,OB,OB,,0.773504131,0.225870704,39.99471995,0.022571148,1,1,1,1,7.40E-17,2.22E-16,0.01682111,0.355090834,0,1
Cabinet_01_04.obj,Cabinet_01,OB,OB,,0.773504131,0.225870704,39.99471995,0.022571148,1,1,1,1,1.48E-16,2.22E-16,0.01682111,0.355090834,0,1
Cabinet_01_05.obj,Cabinet_01,M,M,,0.993426568,0.005948267,39.99471995,0.024913789,1,1,1,1,1.48E-17,1.11E-16,0.040754136,0.850007493,0,1
Cabinet_01_06.obj,Cabinet_01,M,OB,x,0.962623759,0.037287304,106.0373654,0.009258792,1,1,1,1,4.44E-17,1.72E-16,0.009954441,0.675983234,0,1
Cabinet_01_07.obj,Cabinet_01,M,OB,x,0.962623759,0.037287304,106.0367999,0.009258841,1,1,1,1,4.44E-17,1.72E-16,0.009954441,0.675983234,0,1
Cabinet_01_08.obj,Cabinet_01,OB,OB,,0.773504131,0.225870704,39.99471996,0.022571148,1,1,1,1,8.88E-17,2.22E-16,0.01682111,0.355090834,0,1
Cabinet_01_09.obj,Cabinet_01,OB,OB,,0.773504131,0.225870704,39.99471995,0.022571148,1,1,1,1,1.48E-17,1.11E-16,0.01682111,0.355090834,0,1
Cabinet_01_10.obj,Cabinet_01,M,M,,0.993426568,0.005948267,39.99471995,0.024913789,1,1,1,1,0,0,0.040754136,0.850007493,0,1
Cabinet_01_11.obj,Cabinet_01,OB,OB,,0.773504131,0.225870704,39.99471996,0.022571148,1,1,1,1,8.88E-17,2.22E-16,0.01682111,0.355090834,0,1
Cabinet_01_12.obj,Cabinet_01,OB,OB,,0.848620022,0.151369463,308.3824789,0.003022031,1,1,1,1,0,0,0.007238304,0.439806237,0,1
Cabinet_01_13.obj,Cabinet_01,OB,CA,x,0.9512364,0.048660373,124.4711838,0.007873987,1,0.975551008,0.993792155,1.025721236,0.045896385,0.292893219,0.014916009,1.076963216,0.581102558,0.99515998
Cabinet_01_14.obj,Cabinet_01,M,OB,x,0.882456975,0.117543025,41897616160,0,0.5,1,1,0,0,0,0.016305025,0.489374635,0,1
Cabinet_01_15.obj,Cabinet_01,M,OB,x,0.882457685,0.117542315,41897742566,0,0.5,1,1,0,0,0,0.016305,0.489375782,0,1
Cabinet_01_16.obj,Cabinet_01,OB,CA,x,0.951236675,0.048660097,124.4711838,0.007873988,1,0.975551015,0.99379217,1.025721236,0.045896385,0.292893219,0.014916026,1.076963807,0.581102969,0.995159991
Cabinet_01_17.obj,Cabinet_01,M,OB,x,0.882457728,0.117542272,41897616160,0,0.5,1,1,1.23E-32,8.88E-17,1.11E-16,0.016305051,0.489375852,0,1
Cabinet_01_18.obj,Cabinet_01,M,OB,x,0.882458437,0.117541563,41897742566,0,0.5,1,1,0,0,0,0.016305026,0.489376999,0,1
Cabinet_02_01.obj,Cabinet_02,OB,OB,,0.51,0.48,9.999999981,0.081649658,1,1,1,1,0,0,0.085067355,0.176470588,0,1
Cabinet_02_02.obj,Cabinet_02,OB,SL,x,0.51,0.4756,8.333333321,0.097836202,1,1,1,1,0,0,0.085067355,0.176470588,0,1
Cabinet_02_03.obj,Cabinet_02,M,M,,0.998200184,0.001717172,109.9999999,0.009082365,1,1,1,1,0,0,0.020942135,0.918604651,0,1
Cabinet_02_04.obj,Cabinet_02,M,M,,0.998200184,0.001717172,109.9999999,0.009082365,1,1,1,1,0,0,0.020942135,0.918604651,0,1
Cabinet_02_05.obj,Cabinet_02,OB,OB,,0.834530307,0.164823326,39.33332092,0.023543363,1,1,1,1,0,0,0.018913873,0.421686747,0,1
Cabinet_02_06.obj,Cabinet_02,OB,OB,,0.834530307,0.164823326,39.33332091,0.023543363,1,1,1,1,0,0,0.018913873,0.421686747,0,1
Cabinet_02_07.obj,Cabinet_02,OB,OB,,0.51,0.48,9.999999981,0.081649658,1,1,1,1,0,0,0.085067355,0.176470588,0,1
Cabinet_02_08.obj,Cabinet_02,OB,OB,,0.51,0.4756,8.333333321,0.097836202,1,1,1,1,0,0,0.085067355,0.176470588,0,1
Cabinet_02_09.obj,Cabinet_02,M,M,,0.998200184,0.001717172,109.9999999,0.009082365,1,1,1,1,0,0,0.020942135,0.918604651,0,1
Cabinet_02_10.obj,Cabinet_02,M,M,,0.998200184,0.001717172,109.9999999,0.009082365,1,1,1,1,0,0,0.020942135,0.918604651,0,1
Cabinet_02_11.obj,Cabinet_02,OB,SL,x,0.90284733,0.09655985,39.33333329,0.023543355,1,0.9966087,0.998475649,1.012026284,0.027706115,0.292893219,0.028368638,0.875546694,0.591059685,0.998806
Cabinet_02_12.obj,Cabinet_02,OB,CA,x,0.90284733,0.09655985,39.33333329,0.023543355,1,0.9966087,0.998475649,1.012026284,0.027706115,0.292893219,0.028368638,0.875546694,0.591059685,0.998806
Cabinet_02_13.obj,Cabinet_02,OB,CA,x,0.90284733,0.09655985,39.33333329,0.023543355,1,0.9966087,0.998475649,1.012026284,0.027706115,0.292893219,0.028368638,0.875546694,0.591059685,0.998806
Cabinet_02_14.obj,Cabinet_02,OB,CA,x,0.91738781,0.082588761,206.6666654,0.004651776,1,0.991757576,0.997197876,1.174802589,0.053253313,0.292893219,0.032181238,0.980704464,0.553879775,0.997806694
Cabinet_02_15.obj,Cabinet_02,OB,CA,x,0.91738781,0.082588761,206.6666654,0.004651776,1,0.991757576,0.997197876,1.174802589,0.053253313,0.292893219,0.032181238,0.980704464,0.553879775,0.997806694
Cabinet_02_16.obj,Cabinet_02,OB,CA,x,0.91738781,0.082588761,206.6666654,0.004651776,1,0.991757576,0.997197876,1.174802589,0.053253313,0.292893219,0.032181238,0.980704464,0.553879775,0.997806694
Cabinet_02_17.obj,Cabinet_02,OB,CA,x,0.91738781,0.082588761,206.6666654,0.004651776,1,0.991757576,0.997197876,1.174802589,0.053253313,0.292893219,0.032181238,0.980704464,0.553879775,0.997806694
Cabinet_03_01.obj,Cabinet_03,M,OB,x,0.951960968,0.046866204,29.19999999,0.033433786,1,1,1,1,0,0,0.012227299,0.640449438,0,1
Cabinet_03_02.obj,Cabinet_03,M,OB,x,0.948493537,0.050248981,28.19999999,0.034560928,1,1,1,1,0,0,0.012442207,0.630057803,0,1
Cabinet_03_03.obj,Cabinet_03,M,OB,x,0.948493537,0.050248981,28.19999999,0.034560928,1,1,1,1,0,0,0.012442207,0.630057803,0,1
Cabinet_03_04.obj,Cabinet_03,M,OB,x,0.944636678,0.054011678,27.19999999,0.035764501,1,1,1,1,0,0,0.012668859,0.619047619,0,1
Cabinet_03_05.obj,Cabinet_03,M,OB,x,0.944636678,0.055241674,90.66666654,0.0107356,1,1,1,1,0,0,0.012668859,0.619047619,0,1
Cabinet_03_06.obj,Cabinet_03,M,OB,x,0.944636678,0.055241674,90.66666654,0.0107356,1,1,1,1,0,0,0.012668859,0.619047619,0,1
Cabinet_03_07.obj,Cabinet_03,M,OB,x,0.944636678,0.055241674,90.66666654,0.0107356,1,1,1,1,0,0,0.012668859,0.619047619,0,1
Cabinet_03_08.obj,Cabinet_03,M,OB,x,0.944636678,0.055241674,90.66666654,0.0107356,1,1,1,1,0,0,0.012668859,0.619047619,0,1
Cabinet_03_09.obj,Cabinet_03,M,OB,x,0.944636678,0.055241674,90.66666654,0.0107356,1,1,1,1,0,0,0.012668859,0.619047619,0,1
Cabinet_03_10.obj,Cabinet_03,M,OB,x,0.944636678,0.055241674,90.66666654,0.0107356,1,1,1,1,0,0,0.012668859,0.619047619,0,1
Cabinet_03_11.obj,Cabinet_03,M,OB,x,0.944636678,0.055241674,90.66666654,0.0107356,1,1,1,1,0,0,0.012668859,0.619047619,0,1
Cabinet_03_12.obj,Cabinet_03,M,OB,x,0.944636678,0.055241674,90.66666654,0.0107356,1,1,1,1,0,0,0.012668859,0.619047619,0,1
Cabinet_03_13.obj,Cabinet_03,M,OB,x,0.951960968,0.046866204,29.19999999,0.033433786,1,1,1,1,0,0,0.012227299,0.640449438,0,1
Cabinet_03_14.obj,Cabinet_03,M,OB,x,0.948493537,0.050248981,28.19999999,0.034560928,1,1,1,1,0,0,0.012442207,0.630057803,0,1
Cabinet_03_15.obj,Cabinet_03,M,OB,x,0.948493537,0.050248981,28.19999999,0.034560928,1,1,1,1,0,0,0.012442207,0.630057803,0,1
Cabinet_03_16.obj,Cabinet_03,M,OB,x,0.944636678,0.054011678,27.19999999,0.035764501,1,1,1,1,0,0,0.012668859,0.619047619,0,1
Cabinet_03_17.obj,Cabinet_03,M,OB,x,0.944636678,0.055241674,90.66666654,0.0107356,1,1,1,1,0,0,0.012668859,0.619047619,0,1
Cabinet_03_18.obj,Cabinet_03,M,OB,x,0.944636678,0.055241674,90.66666654,0.0107356,1,1,1,1,0,0,0.012668859,0.619047619,0,1
Cabinet_03_19.obj,Cabinet_03,M,OB,x,0.944636678,0.055241674,90.66666654,0.0107356,1,1,1,1,0,0,0.012668859,0.619047619,0,1
Cabinet_03_20.obj,Cabinet_03,M,OB,x,0.944636678,0.055241674,90.66666654,0.0107356,1,1,1,1,0,0,0.012668859,0.619047619,0,1
Cabinet_03_21.obj,Cabinet_03,M,OB,x,0.944636678,0.055241674,90.66666654,0.0107356,1,1,1,1,0,0,0.012668859,0.619047619,0,1
Cabinet_03_22.obj,Cabinet_03,M,OB,x,0.944636678,0.055241674,90.66666654,0.0107356,1,1,1,1,0,0,0.012668859,0.619047619,0,1
Cabinet_03_23.obj,Cabinet_03,M,OB,x,0.944636678,0.055241674,90.66666654,0.0107356,1,1,1,1,0,0,0.012668859,0.619047619,0,1
Cabinet_03_24.obj,Cabinet_03,M,OB,x,0.944636678,0.055241674,90.66666654,0.0107356,1,1,1,1,0,0,0.012668859,0.619047619,0,1
Cabinet_04_01.obj,Cabinet_04,OB,OB,,0.848619921,0.151369564,308.3824789,0.003022031,1,1,1,1,0,0,0.007173493,0.439806103,0,1
Cabinet_04_02.obj,Cabinet_04,OB,OB,,0.888860291,0.110514545,39.99473328,0.02371323,1,1,1,1,0,0,0.019918021,0.499951745,0,1
Cabinet_04_03.obj,Cabinet_04,M,M,,0.993426573,0.005948263,39.99473329,0.024913781,1,1,1,1,1.18E-16,2.22E-16,0.040389225,0.85000754,0,1
Cabinet_04_04.obj,Cabinet_04,OB,OB,,0.888860291,0.110514545,39.99473329,0.02371323,1,1,1,1,5.92E-17,1.72E-16,0.019918021,0.499951745,0,1
Cabinet_04_05.obj,Cabinet_04,OB,OB,,0.888860291,0.110514545,39.99473329,0.02371323,1,1,1,1,2.96E-17,1.11E-16,0.019918021,0.499951745,0,1
Cabinet_04_06.obj,Cabinet_04,M,M,,0.980868578,0.019042484,106.0367999,0.009341343,1,1,1,1,1.48E-17,1.11E-16,0.011663338,0.756980774,0,1
Cabinet_04_07.obj,Cabinet_04,M,M,,0.980868578,0.019042484,106.0367999,0.009341343,1,1,1,1,8.88E-17,2.22E-16,0.011663338,0.756980774,0,1
Cabinet_04_08.obj,Cabinet_04,M,M,,0.993426573,0.005948263,39.99473329,0.024913781,1,1,1,1,1.18E-16,2.22E-16,0.040389225,0.85000754,0,1
Cabinet_04_09.obj,Cabinet_04,OB,OB,,0.888860291,0.110514545,39.99473328,0.02371323,1,1,1,1,0,0,0.019918021,0.499951745,0,1
Cabinet_04_10.obj,Cabinet_04,OB,OB,,0.888860291,0.110514545,39.99473328,0.02371323,1,1,1,1,0,0,0.019918021,0.499951745,0,1
Cabinet_04_11.obj,Cabinet_04,OB,OB,,0.888860291,0.110514545,39.99473329,0.02371323,1,1,1,1,4.44E-17,1.72E-16,0.019918021,0.499951745,0,1
Cabinet_04_12.obj,Cabinet_04,OB,OB,,0.888860291,0.110514545,39.99473328,0.02371323,1,1,1,1,1.48E-17,1.11E-16,0.019918021,0.499951745,0,1
Cabinet_05_01.obj,Cabinet_05,OB,OB,,0.923664551,0.0756261,37.54654528,0.025663337,1,1,1,1,0,0,0.011654251,0.567043563,0,1
Cabinet_05_02.obj,Cabinet_05,OB,OB,,0.790283197,0.208911081,35.22958221,0.02579919,1,1,1,1,0,0,0.008290949,0.371790594,0,1
Cabinet_05_03.obj,Cabinet_05,OB,OB,,0.790283197,0.209334433,51.13971609,0.017775884,1,1,1,1,0,0,0.008290949,0.371790594,0,1
Cabinet_05_04.obj,Cabinet_05,OB,OB,,0.935964695,0.063978009,132.1109331,0.007337896,1,1,1,1,0,0,0.01115341,0.59610298,0,1
Cabinet_05_05.obj,Cabinet_05,OB,OB,,0.935964695,0.063978009,132.1109331,0.007337896,1,1,1,1,0,0,0.01115341,0.59610298,0,1
Cabinet_05_06.obj,Cabinet_05,OB,OB,,0.188634754,0.811224247,84.21557273,0.008822419,1,1,1,1,0,0,0.005911646,0.052211718,0,1
Cabinet_05_07.obj,Cabinet_05,OB,OB,,0.923664551,0.075949103,50.87588826,0.018942454,1,1,1,1,0,0,0.011654251,0.567043563,0,1
Cabinet_06_01.obj,Cabinet_06,M,M,,0.985092532,0.012709518,19.99999998,0.049552943,0.997663333,0.9999,0.9936982,1,4.09E-17,2.22E-16,0.138304416,1.480254267,7.13E-10,0.997396505
Cabinet_06_02.obj,Cabinet_06,M,M,,0.985092532,0.012709518,19.99999998,0.049552943,0.997663333,0.9999,0.9936982,1,3.99E-17,2.22E-16,0.138304416,1.480254267,1.05E-09,0.997396505
Cabinet_06_03.obj,Cabinet_06,CA,CA,,0.435284238,2.54E-05,1.035714285,0.563847287,0.441401811,0.73009033,0.601652708,1.026766882,0.000559287,0.001844184,5,3.519576708,0.063604184,0.806134255
Cabinet_06_05.obj,Cabinet_06,OB,SL,x,0.437481892,0.560725512,22.56944605,0.035419247,0.980275662,0.999997988,0.998595217,1.000103177,7.88E-15,6.83E-14,0.049042937,1.017418385,1.89E-07,0.999418458
Cabinet_06_06.obj,Cabinet_06,M,SL,x,0.978062667,0.021869237,117.9999999,0.008382595,0.999947139,0.999999613,0.999582448,1,4.48E-17,2.22E-16,0.021519864,1.448772446,3.09E-10,0.999827074
Cabinet_06_07.obj,Cabinet_06,M,M,,0.978062667,0.021869237,117.9999999,0.008382595,0.999947139,0.999999613,0.999582448,1,4.87E-17,2.22E-16,0.021519864,1.448772446,3.09E-10,0.999827074
Cabinet_06_08.obj,Cabinet_06,OB,CA,x,0.972084363,0.027575403,51.11111097,0.019291096,0.999454804,0.999991001,0.997892502,1,4.48E-17,2.22E-16,0.103720027,1.417040213,3.04E-10,0.999127807
Cabinet_06_09.obj,Cabinet_06,M,M,,0.999547164,0.000386363,114.4999999,0.008731211,0.997941194,0.999982533,0.998790665,1.332958128,0.039712863,0.29356554,0.057800338,1.682176406,7.68E-10,0.999499328
Cabinet_06_10.obj,Cabinet_06,M,M,,0.999547164,0.000386363,114.4999999,0.008731211,0.997941194,0.999982533,0.998790665,1.393917434,0.02329914,0.076120468,0.057800338,1.682176406,7.68E-10,0.999499328
Cabinet_06_11.obj,Cabinet_06,OB,SL,x,0.394532988,0.605359821,80.95238064,0.009710243,0.962916046,0.880515023,0.915804291,1.31196797,0.027613615,0.331820172,0.032436411,0.722129287,0.558214079,0.939943832
Cabinet_06_12.obj,Cabinet_06,OB,SL,x,0.391517442,0.608375436,80.95238064,0.009710243,0.962916046,0.953664998,0.969930618,1.260677526,0.044380428,0.422649731,0.032436423,0.722130066,0.472970984,0.977196784
Cabinet_06_13.obj,Cabinet_06,OB,CA,x,0.39353762,0.606355398,81.1111108,0.009698488,0.961985512,0.951778199,0.968657004,1.807891429,0.029150142,0.422649731,0.032404663,0.721097053,0.656726661,0.976265754
Cabinet_06_14.obj,Cabinet_06,OB,SL,x,0.393041775,0.606849135,81.1111108,0.009698488,0.961986304,0.951636566,0.968560726,1.473770018,0.014404585,2.22E-16,0.032404684,0.721097668,0.588923721,0.976195525
Cabinet_06_15.obj,Cabinet_06,M,M,,0.985126067,0.012683574,19.99999998,0.049552943,0.997663333,0.9999,0.9936982,1.333652306,0.040534981,0.326231797,0.138304416,1.480254267,7.13E-10,0.997396505
Cabinet_06_16.obj,Cabinet_06,M,M,,0.985126067,0.012683574,19.99999998,0.049552943,0.997663333,0.9999,0.9936982,1.333652306,0.040534981,0.326231797,0.138304416,1.480254267,1.06E-10,0.997396505
Cabinet_06_17.obj,Cabinet_06,M,M,,0.985126067,0.012683574,19.99999998,0.049552943,0.997663333,0.9999,0.9936982,1.333652306,0.040534981,0.326231797,0.138304416,1.480254267,7.13E-10,0.997396505
Cabinet_07_01.obj,Cabinet_07,OB,OB,,0.062976,0.936906735,92.34570365,0.007780413,1,1,1,1,0,0,0.026996712,0.016260163,0,1
Cabinet_07_02.obj,Cabinet_07,OB,OB,,0.046325684,0.953562484,94.56200054,0.007565625,1,1,1,1,5.92E-17,1.72E-16,0.026248143,0.011857708,0,1
Cabinet_07_03.obj,Cabinet_07,OB,OB,,0.046325684,0.953562484,94.56200054,0.007565625,1,1,1,1,0,0,0.026248143,0.011857708,0,1
Cabinet_07_04.obj,Cabinet_07,OB,OB,,0.046325684,0.953562484,94.56200054,0.007565625,1,1,1,1,0,0,0.026248143,0.011857708,0,1
Cabinet_07_05.obj,Cabinet_07,OB,OB,,0.046325684,0.953562484,94.56200054,0.007565625,1,1,1,1,0,0,0.026248143,0.011857708,0,1
Cabinet_07_06.obj,Cabinet_07,OB,OB,,0.062976,0.936906735,92.34570365,0.007780413,1,1,1,1,0,0,0.026996712,0.016260163,0,1
Cabinet_07_07.obj,Cabinet_07,OB,OB,,0.046325684,0.953562484,94.56200054,0.007565625,1,1,1,1,5.92E-17,1.72E-16,0.026248143,0.011857708,0,1
Cabinet_07_08.obj,Cabinet_07,OB,OB,,0.046325684,0.953562484,94.56200054,0.007565625,1,1,1,1,0,0,0.026248143,0.011857708,0,1
Cabinet_07_09.obj,Cabinet_07,OB,OB,,0.046325684,0.953562484,94.56200054,0.007565625,1,1,1,1,0,0,0.026248143,0.011857708,0,1
Cabinet_07_10.obj,Cabinet_07,OB,OB,,0.046325684,0.953562484,94.56200054,0.007565625,1,1,1,1,0,0,0.026248143,0.011857708,0,1
Cabinet_07_11.obj,Cabinet_07,OB,OB,,0.671386263,0.326017283,19.62499999,0.044163859,1,1,1,1,0,0,0.013965532,0.271255061,0,1
Cabinet_07_12.obj,Cabinet_07,OB,OB,,0.64152704,0.355876506,19.62499999,0.043676738,1,1,1,1,0,0,0.013665163,0.250996016,0,1
Cabinet_07_13.obj,Cabinet_07,OB,OB,,0.930475698,0.069020731,44.56249998,0.021693664,1,1,1,1,0,0,0.009068488,0.582685905,0,1
Cabinet_07_14.obj,Cabinet_07,OB,OB,,0.930475698,0.069020731,44.56249998,0.021693664,1,1,1,1,0,0,0.009068488,0.582685905,0,1
Cabinet_07_15.obj,Cabinet_07,OB,OB,,0.555555556,0.44122529,17.62499999,0.04715601,1,1,1,1,0,0,0.014419662,0.2,0,1
Cabinet_07_16.obj,Cabinet_07,OB,OB,,0.555555556,0.44122529,17.62499999,0.04715601,1,1,1,1,0,0,0.014419662,0.2,0,1
Cabinet_07_17.obj,Cabinet_07,OB,OB,,0.555555556,0.44122529,17.62499999,0.04715601,1,1,1,1,0,0,0.014419662,0.2,0,1
Cabinet_07_18.obj,Cabinet_07,OB,OB,,0.555555556,0.44122529,17.62499999,0.04715601,1,1,1,1,0,0,0.014419662,0.2,0,1
Cabinet_07_19.obj,Cabinet_07,OB,OB,,0.555555556,0.44122529,17.62499999,0.04715601,1,1,1,1,0,0,0.014419662,0.2,0,1
Cabinet_07_20.obj,Cabinet_07,OB,OB,,0.927247128,0.070645048,21.78124999,0.044283415,1,1,1,1,0,0,0.009171983,0.575141243,0,1
Cabinet_07_21.obj,Cabinet_07,OB,OB,,0.836306038,0.163684153,319.297383,0.002903243,1,1,1,1,0,0,0.007488893,0.423901941,0,1
Cabinet_08_01.obj,Cabinet_08,M,M,,0.977372702,0.022569125,131.1111109,0.007542051,1,1,1,1,0,0,0.011307989,0.738489871,0,1
Cabinet_08_02.obj,Cabinet_08,M,SL,x,0.977372702,0.022569125,131.1111109,0.007542051,1,1,1,1,0,0,0.011307989,0.738489871,0,1
Cabinet_08_03.obj,Cabinet_08,OB,OB,,0.864386589,0.13526476,53.55555548,0.017519171,1,1,1,1,0,0,0.017693056,0.461713419,0,1
Cabinet_08_04.obj,Cabinet_08,OB,OB,,0.870429874,0.129221475,53.55555548,0.017565959,1,1,1,1,0,0,0.017895849,0.470633104,0,1
Cabinet_08_05.obj,Cabinet_08,OB,OB,,0.875604759,0.121705033,19.27999999,0.048855622,1,1,1,1,0,0,0.018079132,0.478527607,0,1
Cabinet_08_06.obj,Cabinet_08,OB,OB,,0.820289626,0.179697997,284.2499991,0.00323899,1,1,1,1,0,0,0.006990718,0.404570723,0,1
Cabinet_09_01.obj,Cabinet_09,OB,OB,,0.922839226,0.077058744,98.99999988,0.009732042,1,1,1,1,0,0,0.009232002,0.565216773,0,1
Cabinet_09_02.obj,Cabinet_09,OB,OB,,0.922839226,0.077058744,98.99999988,0.009732042,1,1,1,1,0,0,0.009232002,0.565216773,0,1
Cabinet_09_03.obj,Cabinet_09,OB,OB,,0.793387678,0.206339116,60.49999993,0.015045672,1,1,1,1,4.44E-17,1.72E-16,0.011809616,0.374999219,0,1
Cabinet_09_04.obj,Cabinet_09,OB,OB,,0.650826446,0.349148006,197.8444513,0.004351491,1,1,1,1,0,0,0.006329723,0.257142857,0,1
Cabinet_09_05.obj,Cabinet_09,OB,OB,,0.086560924,0.912186041,28.24999997,0.025581857,1,1,1,1,0,0,0.017441823,0.022630785,0,1
Cabinet_09_06.obj,Cabinet_09,OB,OB,,0.086560924,0.912186041,28.24999997,0.025581857,1,1,1,1,0,0,0.017441823,0.022630785,0,1
Cabinet_09_07.obj,Cabinet_09,OB,OB,,0.086560924,0.912186041,28.24999997,0.025581857,1,1,1,1,0,0,0.017441823,0.022630785,0,1
Cabinet_09_08.obj,Cabinet_09,OB,OB,,0.086560924,0.912186041,28.24999997,0.025581857,1,1,1,1,0,0,0.017441823,0.022630785,0,1
Cabinet_09_09.obj,Cabinet_09,OB,OB,,0.086560924,0.912186041,28.24999997,0.025581857,1,1,1,1,0,0,0.017441823,0.022630785,0,1
Cabinet_09_10.obj,Cabinet_09,OB,OB,,0.052389067,0.946357898,28.24999997,0.025356586,1,1,1,1,0,0,0.017282408,0.013452006,0,1
Cabinet_09_11.obj,Cabinet_09,OB,OB,,0.086560924,0.912186041,28.24999997,0.025581857,1,1,1,1,0,0,0.017441823,0.022630785,0,1
Cabinet_09_12.obj,Cabinet_09,OB,OB,,0.922839226,0.076752653,49.49999997,0.019461319,1,1,1,1,0,0,0.009232002,0.565216773,0,1
Cabinet_09_13.obj,Cabinet_09,OB,OB,,0.498786123,0.501069656,83.26935812,0.009801051,1,1,1,1,0,0,0.020265438,0.170984456,0,1
Cabinet_09_14.obj,Cabinet_09,OB,OB,,0.055944648,0.943919199,85.70111802,0.00836843,1,1,1,1,0,0,0.01680781,0.014391626,0,1
Cabinet_09_15.obj,Cabinet_09,OB,OB,,0.055944648,0.943919199,85.70111802,0.00836843,1,1,1,1,0,0,0.01680781,0.014391626,0,1
Cabinet_09_16.obj,Cabinet_09,OB,OB,,0.644235249,0.355620529,83.26935812,0.010313344,1,1,1,1,0,0,0.022078575,0.252771613,0,1
Cabinet_09_17.obj,Cabinet_09,OB,OB,,0.644235249,0.355620529,83.26935812,0.010313344,1,1,1,1,0,0,0.022078575,0.252771613,0,1
Cabinet_09_18.obj,Cabinet_09,OB,OB,,0.498786123,0.501069656,83.26935812,0.009801051,1,1,1,1,0,0,0.020265438,0.170984456,0,1
Cabinet_09_19.obj,Cabinet_09,OB,OB,,0.771898885,0.228068218,174.349824,0.005175539,1,1,1,1,0,0,0.011784024,0.35354691,0,1
Cabinet_10_01.obj,Cabinet_10,OB,OB,,0.922839506,0.077058463,98.99999989,0.009732043,1,1,1,1,0,0,0.008312028,0.565217391,0,1
Cabinet_10_02.obj,Cabinet_10,OB,OB,,0.922839506,0.077058463,98.99999989,0.009732043,1,1,1,1,0,0,0.008312028,0.565217391,0,1
Cabinet_10_03.obj,Cabinet_10,OB,OB,,0.173553719,0.825353459,30.24999997,0.024453514,1,1,1,1,0,0,0.015037024,0.047619048,0,1
Cabinet_10_04.obj,Cabinet_10,OB,OB,,0.052392513,0.946354452,28.24999997,0.025356609,1,1,1,1,0,0,0.015560207,0.013452915,0,1
Cabinet_10_05.obj,Cabinet_10,OB,OB,,0.052392513,0.946354452,28.24999997,0.025356609,1,1,1,1,0,0,0.015560207,0.013452915,0,1
Cabinet_10_06.obj,Cabinet_10,OB,OB,,0.916903113,0.083045831,139.9515488,0.006865598,1,1,1,1,0,0,0.008242684,0.552475248,0,1
Cabinet_10_07.obj,Cabinet_10,OB,OB,,0.916903113,0.083045831,139.9515488,0.006865598,1,1,1,1,0,0,0.008242684,0.552475248,0,1
Cabinet_11_01.obj,Cabinet_11,OB,SL,x,0.417709122,0.554948402,5.875019998,0.13391086,0.999999639,0.999999995,0.999999995,1.061410417,0.001767772,0.008379657,0.037065604,0.517189213,0.628318084,0.999999996
Cabinet_11_02.obj,Cabinet_11,OB,SL,x,0.379224862,0.590688268,5.875019998,0.13391086,0.999999639,0.865116704,0.903045913,1.096967613,0.001677117,0.007162667,0.044473651,0.718866936,0.608737436,0.931815984
Cabinet_11_03.obj,Cabinet_11,OB,SL,x,0.417709123,0.554948393,5.875019998,0.13391086,0.999999639,1,1,1.023668643,7.80E-17,2.44E-16,0.029652483,0.135495482,0,1
Cabinet_11_04.obj,Cabinet_11,OB,OB,,0.41770912,0.55494841,5.875019998,0.13391086,0.999999639,1,1,1.032909337,0.003535544,0.018446606,0.029652483,0.135495478,0,1
Cabinet_11_05.obj,Cabinet_11,OB,SL,x,0.413799456,0.558079728,5.875019998,0.13391086,0.999999639,0.999999994,0.999999994,1.048888337,0.00086008,0.003550987,0.037093514,0.518401336,0.628317808,0.999999995
Cabinet_11_06.obj,Cabinet_11,OB,OB,,0.413799455,0.558079737,5.875019998,0.13391086,0.999999639,1,1,1.027777841,0.00172016,0.007802081,0.029674811,0.134756516,0,1
Cabinet_11_07.obj,Cabinet_11,OB,SL,x,0.417303623,0.555020302,5.875019998,0.13391086,0.999999639,0.872706003,0.909186127,1.108777215,0.000810933,0.003550986,0.044461234,0.718288571,0.602011696,0.935703112
Cabinet_11_08.obj,Cabinet_11,OB,CA,x,0.944838908,0.054919682,37.37481776,0.0264222,1,0.991629104,0.998315372,1.33183603,0.065884278,0.318082446,0.020634361,1.435416417,0.634955191,0.998684539
Cabinet_12_01.obj,Cabinet_12,OB,OB,,0.159727824,0.822494517,7.500024997,0.09781571,1,1,1,1,0,0,0.021577284,0.043479924,0,1
Cabinet_12_02.obj,Cabinet_12,OB,OB,,0.955049707,0.044151182,35.37499999,0.027643291,1,1,1,1,0,0,0.009512286,0.65014481,0,1
Cabinet_12_03.obj,Cabinet_12,OB,OB,,0.955049707,0.044151182,35.37499999,0.027643291,1,1,1,1,0,0,0.009512286,0.65014481,0,1
Cabinet_12_04.obj,Cabinet_12,OB,OB,,0.159727824,0.822494517,7.500024997,0.09781571,1,1,1,1,0,0,0.021577284,0.043479924,0,1
Cabinet_12_05.obj,Cabinet_12,OB,OB,,0.577502817,0.404719524,7.500024997,0.111100139,1,1,1,1,0,0,0.025623934,0.212122804,0,1
Cabinet_12_06.obj,Cabinet_12,OB,OB,,0.577502817,0.404719524,7.500024997,0.111100139,1,1,1,1,0,0,0.025623934,0.212122804,0,1
Cabinet_12_07.obj,Cabinet_12,OB,OB,,0.577502817,0.404719524,7.500024997,0.111100139,1,1,1,1,0,0,0.025623934,0.212122804,0,1
Cabinet_13_01.obj,Cabinet_13,M,M,,0.979078645,0.020848231,113.9999998,0.008679333,1,0.946226838,0.989631984,1.099101404,0.128546137,0.422649731,0.016755363,1.154109684,0.702216983,0.991955521
Cabinet_13_02.obj,Cabinet_13,OB,OB,,0.805455995,0.193826531,37.33333329,0.024500321,1,1,1,1,2.96E-17,1.11E-16,0.019643155,0.387856258,0,1
Cabinet_13_03.obj,Cabinet_13,OB,OB,,0.805455995,0.193826531,37.33333329,0.024500321,1,1,1,1,5.92E-17,1.11E-16,0.019643155,0.387856258,0,1
Cabinet_13_04.obj,Cabinet_13,OB,OB,,0.805455995,0.193826531,37.33333329,0.024500321,1,1,1,1,2.96E-17,1.11E-16,0.019643155,0.387856258,0,1
Cabinet_13_05.obj,Cabinet_13,OB,CA,x,0.883944017,0.116054594,838.5799923,0.001128038,1,0.887895742,0.950632925,1.039529931,0.112706595,0.422649731,0.011158955,0.926950118,0.524562598,0.963380452
Cabinet_13_06.obj,Cabinet_13,OB,OB,,0.805455995,0.193826531,37.33333329,0.024500321,1,1,1,1,5.92E-17,1.11E-16,0.019643155,0.387856258,0,1
Cabinet_13_07.obj,Cabinet_13,OB,OB,,0.805455995,0.193826531,37.33333328,0.024500321,1,1,1,1,2.96E-17,1.11E-16,0.019643155,0.387856258,0,1
Cabinet_13_08.obj,Cabinet_13,M,M,,0.979078645,0.020848231,113.9999998,0.008679333,1,0.946226838,0.989631984,1.099101404,0.128546137,0.422649731,0.016755363,1.154109684,0.702216983,0.991955521
Cabinet_13_09.obj,Cabinet_13,OB,OB,,0.805455995,0.193826531,37.33333329,0.024500321,1,1,1,1,8.88E-17,1.11E-16,0.019643155,0.387856258,0,1
Cabinet_14_01.obj,Cabinet_14,M,OB,x,0.973946806,0.025972,110.9784219,0.008895274,1,1,1,1,0,0,0.010661628,0.722044728,0,1
Cabinet_14_02.obj,Cabinet_14,M,M,,0.973946806,0.025987857,123.7141303,0.007979615,1,1,1,1,0,0,0.010661628,0.722044728,0,1
Cabinet_14_03.obj,Cabinet_14,OB,OB,,0.757247702,0.242018771,36.92254931,0.024287784,1,1,1,1,4.44E-17,1.72E-16,0.018627266,0.339854859,0,1
Cabinet_14_04.obj,Cabinet_14,OB,OB,,0.757247702,0.242018771,36.92254931,0.024287784,1,1,1,1,4.44E-17,1.72E-16,0.018627266,0.339854859,0,1
Cabinet_14_05.obj,Cabinet_14,OB,OB,,0.757247702,0.242018771,36.92254931,0.024287784,1,1,1,1,0,0,0.018627266,0.339854859,0,1
Cabinet_14_06.obj,Cabinet_14,OB,OB,,0.757247702,0.242018771,36.92254931,0.024287784,1,1,1,1,0,0,0.018627266,0.339854859,0,1
Cabinet_14_07.obj,Cabinet_14,OB,OB,,0.757247702,0.242018771,36.92254931,0.024287784,1,1,1,1,0,0,0.018627266,0.339854859,0,1
Cabinet_14_08.obj,Cabinet_14,OB,OB,,0.757819293,0.241611456,41.91291313,0.021402291,1,1,1,1,0,0,0.018616291,0.340376035,0,1
Cabinet_14_09.obj,Cabinet_14,OB,OB,,0.886824062,0.113136434,159.103528,0.005957041,1,1,1,1,0,0,0.00757472,0.496539645,0,1
Cabinet_15_01.obj,Cabinet_15,OB,OB,,0.931317338,0.068596472,85.8599999,0.011276916,1,1,1,1.120982987,1.07E-17,1.11E-16,0.011670358,0.589853869,0,1
Cabinet_15_02.obj,Cabinet_15,OB,SL,x,0.931317338,0.068596472,85.8599999,0.011276916,1,1,1,1.120982987,1.61E-17,1.11E-16,0.011670358,0.589853869,0,1
Cabinet_15_03.obj,Cabinet_15,OB,OB,,0.931317338,0.068596472,85.8599999,0.011276916,1,1,1,1.120982987,1.70E-17,1.11E-16,0.011670358,0.589853869,0,1
Cabinet_15_04.obj,Cabinet_15,CA,SL,x,0.03461268,0.345984519,1.774278213,0.370238472,0.350441224,0.776267976,0.500003827,2.56337734,0.00187299,3.41E-07,2.051009849,0.000736041,0.001221007,0.783061984
Cabinet_15_05.obj,Cabinet_15,CA,SL,x,0.034613173,0.345984051,1.774278213,0.370262104,0.350485561,0.776360038,0.500021298,2.563375573,0.001872885,1.94E-07,2.05104126,0.000609418,0.000918682,0.78310831
Cabinet_15_06.obj,Cabinet_15,CA,SL,x,0.034613173,0.345984051,1.774278213,0.370262104,0.350485561,0.776360038,0.500021298,2.195324429,0.001872889,2.11E-07,2.05104126,0.000609418,0.000918682,0.78310831
Cabinet_15_09.obj,Cabinet_15,OB,SL,x,0.849466439,0.150375417,75.3199999,0.012389089,1,0.783806074,0.881545087,1.442405036,3.41E-05,0.000251623,0.016333711,0.891988345,0.559813438,0.918631771
Cabinet_15_10.obj,Cabinet_15,M,M,,0.999340646,4.02E-14,38.94399998,0.025660982,1,1,1,1,0,0,0.032621725,0.949929902,0,1
Cabinet_15_11.obj,Cabinet_15,M,M,,0.999340646,4.69E-14,38.94399998,0.025660982,1,1,1,1,0,0,0.032621725,0.949929902,0,1
Cabinet_15_12.obj,Cabinet_15,M,M,,0.999340646,4.03E-14,38.94399998,0.025660982,1,1,1,1,0,0,0.032621725,0.949929902,0,1
Cabinet_15_13.obj,Cabinet_15,M,M,,0.999340646,4.70E-14,38.94399998,0.025660982,1,1,1,1,0,0,0.032621725,0.949929902,0,1
Cabinet_15_14.obj,Cabinet_15,M,M,,0.987654321,5.02E-13,8.999999996,0.10976426,1,1,1,1,0,0,0.067858765,0.8,0,1
Cabinet_15_15.obj,Cabinet_15,OB,SL,x,0.935886067,0.064106018,355.4399983,0.002727332,1,1,1,1,0,0,0.011382111,0.595905172,0,1
Cabinet_15_16.obj,Cabinet_15,OB,OB,,0.855504491,0.143301331,28.93779998,0.032285015,1,1,1,1,0,0,0.011410327,0.449143418,0,1
Cabinet_15_17.obj,Cabinet_15,OB,OB,,0.935886067,0.064106018,355.4399983,0.002727332,1,1,1,1,0,0,0.011382111,0.595905172,0,1
Cabinet_15_18.obj,Cabinet_15,M,M,,0.987654321,5.03E-13,8.999999996,0.10976426,1,1,1,1,0,0,0.067858765,0.8,0,1
Cabinet_15_19.obj,Cabinet_15,OB,OB,,0.425630133,0.574361952,355.4399983,0.002242225,1,1,1,1,0,0,0.006579047,0.13773931,0,1
Cabinet_15_20.obj,Cabinet_15,OB,OB,,0.425630133,0.574361952,355.4399983,0.002242225,1,1,1,1,0,0,0.006579047,0.13773931,0,1
Cabinet_16_01.obj,Cabinet_16,OB,OB,,0.755987807,0.239883228,15.5625,0.057516014,1,1,1,1,0,0,0.008525497,0.338709677,0,1
Cabinet_16_02.obj,Cabinet_16,OB,OB,,0.755987807,0.239883228,15.5625,0.057516014,1,1,1,1,0,0,0.008525497,0.338709677,0,1
Cabinet_16_03.obj,Cabinet_16,OB,OB,,0.678714774,0.315848712,13.5625,0.064013316,1,1,1,1,0,0,0.009132497,0.276470588,0,1
Cabinet_16_04.obj,Cabinet_16,OB,OB,,0.678714774,0.319926097,27.12499999,0.032055954,1,1,1,1,0,0,0.009132497,0.276470588,0,1
Cabinet_16_05.obj,Cabinet_16,OB,OB,,0.678714774,0.315848712,13.5625,0.064013316,1,1,1,1,0,0,0.009132497,0.276470588,0,1
Cabinet_16_06.obj,Cabinet_16,OB,OB,,0.678714774,0.319926097,27.12499999,0.032055954,1,1,1,1,0,0,0.009132497,0.276470588,0,1
Cabinet_16_07.obj,Cabinet_16,OB,OB,,0.755987807,0.239883228,15.5625,0.057516014,1,1,1,1,0,0,0.008525497,0.338709677,0,1
Cabinet_16_08.obj,Cabinet_16,OB,OB,,0.755987807,0.239883228,15.5625,0.057516014,1,1,1,1,0,0,0.008525497,0.338709677,0,1
Cabinet_16_09.obj,Cabinet_16,OB,OB,,0.678714774,0.315848712,13.5625,0.064013316,1,1,1,1,0,0,0.009132497,0.276470588,0,1
Cabinet_16_10.obj,Cabinet_16,OB,OB,,0.678714774,0.319926097,27.12499999,0.032055954,1,1,1,1,0,0,0.009132497,0.276470588,0,1
Cabinet_16_11.obj,Cabinet_16,OB,OB,,0.678714774,0.315848712,13.5625,0.064013316,1,1,1,1,0,0,0.009132497,0.276470588,0,1
Cabinet_16_12.obj,Cabinet_16,OB,OB,,0.678714774,0.319926097,27.12499999,0.032055954,1,1,1,1,0,0,0.009132497,0.276470588,0,1
Cabinet_17_01.obj,Cabinet_17,OB,OB,,0.836131751,0.163698098,109.2499998,0.008810615,1,1,1,1,1.41E-17,1.11E-16,0.011638459,0.560716299,0,1
Cabinet_17_02.obj,Cabinet_17,OB,SL,x,0.920777718,0.07788175,27.31249999,0.035221961,1,1,1,1,0,0,0.011638493,0.560714286,0,1
Cabinet_17_03.obj,Cabinet_17,OB,OB,,0.920777718,0.079138499,109.2499998,0.008810615,1,1,1,1,0,0,0.011638493,0.560714286,0,1
Cabinet_17_04.obj,Cabinet_17,OB,OB,,0.920777718,0.079138499,109.2281542,0.008812377,0.99980004,1,1,1,2.96E-17,1.11E-16,0.011638493,0.560714291,0,1
Cabinet_17_05.obj,Cabinet_17,OB,OB,,0.920777718,0.079138499,109.2499998,0.008810615,1,1,1,1,0,0,0.011638493,0.560714286,0,1
Cabinet_17_06.obj,Cabinet_17,OB,OB,,0.836131751,0.163698098,109.2499998,0.008810615,1,1,1,1,6.06E-18,6.11E-17,0.011638459,0.560716299,0,1
Cabinet_17_07.obj,Cabinet_17,OB,OB,,0.836131751,0.163698098,109.2499998,0.008810615,1,1,1,1,3.03E-18,0,0.011638459,0.560716299,0,1
Cabinet_17_08.obj,Cabinet_17,OB,CA,x,0.933398161,0.065427569,29.31249999,0.032981209,1,0.84021549,0.94038028,1.099101404,0.128546137,0.422649731,0.016841671,1.005693203,0.570913707,0.956289372
Cabinet_17_09.obj,Cabinet_17,OB,CA,x,0.933398161,0.065427569,29.31249999,0.032981209,1,0.84021549,0.94038028,1.099101404,0.128546137,0.422649731,0.016841671,1.005693203,0.570913707,0.956289372
Cabinet_17_10.obj,Cabinet_17,OB,OB,,0.920777718,0.07788175,27.31249999,0.035221961,1,1,1,1,0,0,0.011638493,0.560714286,0,1
Cabinet_17_11.obj,Cabinet_17,OB,OB,,0.836131751,0.163698098,109.2499998,0.008810615,1,1,1,1,1.41E-17,1.11E-16,0.011638459,0.560716299,0,1
Cabinet_17_12.obj,Cabinet_17,OB,OB,,0.920777718,0.07788175,27.31249999,0.035221961,1,1,1,1,0,0,0.011638493,0.560714286,0,1
Cabinet_17_13.obj,Cabinet_17,OB,OB,,0.920777718,0.079138499,109.2499998,0.008810615,1,1,1,1,0,0,0.011638493,0.560714286,0,1
Cabinet_17_14.obj,Cabinet_17,OB,OB,,0.920777718,0.079138499,109.2281542,0.008812377,0.99980004,1,1,1,2.96E-17,1.11E-16,0.011638493,0.560714291,0,1
Cabinet_17_15.obj,Cabinet_17,OB,OB,,0.920777718,0.079138499,109.2499998,0.008810615,1,1,1,1,0,0,0.011638493,0.560714286,0,1
Cabinet_17_16.obj,Cabinet_17,OB,OB,,0.836131751,0.163698098,109.2499998,0.008810615,1,1,1,1,6.06E-18,6.11E-17,0.011638459,0.560716299,0,1
Cabinet_17_17.obj,Cabinet_17,OB,OB,,0.836131751,0.163698098,109.2499998,0.008810615,1,1,1,1,3.03E-18,0,0.011638459,0.560716299,0,1
Cabinet_17_18.obj,Cabinet_17,OB,CA,x,0.933398161,0.065427569,29.31249999,0.032981209,1,0.84021549,0.94038028,1.099101404,0.128546137,0.422649731,0.016841671,1.005693203,0.570913707,0.956289372
Cabinet_17_19.obj,Cabinet_17,OB,CA,x,0.933398161,0.065427569,29.31249999,0.032981209,1,0.84021549,0.94038028,1.099101404,0.128546137,0.422649731,0.016841671,1.005693203,0.570913707,0.956289372
Cabinet_17_20.obj,Cabinet_17,OB,OB,,0.920777718,0.07788175,27.31249999,0.035221961,1,1,1,1,0,0,0.011638493,0.560714286,0,1
Cabinet_18_01.obj,Cabinet_18,OB,OB,,2.75E-10,0.999999998,508605863.2,0,0.5,1,1,0,0,0,0.786463602,6.88E-11,0,1
Cabinet_18_02.obj,Cabinet_18,OB,OB,,2.36E-10,0.999999998,508605863.2,0,0.5,1,1,0,0,0,0.786463602,5.89E-11,0,1
Cabinet_18_03.obj,Cabinet_18,OB,OB,,0.884554494,0.115382231,125.7142855,0.007531455,1,1,1,1,4.44E-17,1.72E-16,0.009199261,0.4927905,0,1
Cabinet_18_04.obj,Cabinet_18,OB,OB,,0.948605049,0.051331676,125.7142855,0.007757457,1,1,1,1,2.96E-17,1.11E-16,0.011262041,0.630384437,0,1
Cabinet_18_05.obj,Cabinet_18,OB,OB,,0.948605049,0.051331676,125.7142855,0.007757457,1,1,1,1,0,0,0.011262041,0.630384437,0,1
Cabinet_18_06.obj,Cabinet_18,OB,SL,x,0.895631459,0.097161875,12.49999997,0.075677027,1,1,1,1.44,4.78E-17,1.11E-16,0.108975594,0.5,0,1
Cabinet_18_07.obj,Cabinet_18,OB,CA,x,0.899681915,0.093150306,12.49999998,0.075677027,1,0.963500492,0.985289588,1.380429492,0.06258283,0.422649731,0.162952119,0.932280815,0.677386629,0.98864765
Cabinet_18_08.obj,Cabinet_18,OB,CA,x,0.899681915,0.093150306,12.49999997,0.075677027,1,0.963500492,0.985289588,1.380429492,0.06258283,0.422649731,0.162952119,0.932280815,0.677386629,0.98864765
Cabinet_18_09.obj,Cabinet_18,OB,OB,,0.867295918,0.130548469,21.53846153,0.04358271,1,1,1,1,0,0,0.011168909,0.465968586,0,1
Cabinet_18_10.obj,Cabinet_18,OB,OB,,0.914790003,0.085134819,115.3333332,0.008322872,1,1,1,1,0,0,0.010096972,0.548098434,0,1
Cabinet_18_11.obj,Cabinet_18,OB,OB,,0.914581982,0.085344127,116.3333332,0.008250543,1,1,1,1,0,0,0.010004078,0.54767184,0,1
Cabinet_18_12.obj,Cabinet_18,OB,OB,,0.914581982,0.085344127,116.3333332,0.008250543,1,1,1,1,0,0,0.010004078,0.54767184,0,1
Cabinet_18_13.obj,Cabinet_18,OB,OB,,0.861420427,0.138459694,91.33333318,0.010260444,1,1,1,1,4.44E-17,1.72E-16,0.011290535,0.457446808,0,1
Cabinet_18_14.obj,Cabinet_18,OB,OB,,0.254803127,0.744974685,67.08715578,0.011282641,1,1,1,1,0,0,0.017363459,0.073394495,0,1
Cabinet_18_15.obj,Cabinet_18,OB,OB,,0.254803127,0.744974685,67.08715578,0.011282641,1,1,1,1,0,0,0.017363459,0.073394495,0,1
Cabinet_18_16.obj,Cabinet_18,OB,OB,,0.254803127,0.744974685,67.08715578,0.011282641,1,1,1,1,0,0,0.017363459,0.073394495,0,1
Cabinet_18_17.obj,Cabinet_18,OB,OB,,0.254803127,0.744974685,67.08715578,0.011282641,1,1,1,1,0,0,0.017363459,0.073394495,0,1
Cabinet_18_18.obj,Cabinet_18,OB,OB,,0.38361754,0.61637425,348.9999983,0.002253728,1,1,1,1,0,0,0.006103822,0.120385233,0,1
Cabinet_18_19.obj,Cabinet_18,OB,OB,,2.75E-10,0.999999998,508605863.2,0,0.5,1,1,0,0,0,0.786463602,6.88E-11,0,1
Cabinet_18_20.obj,Cabinet_18,OB,OB,,2.36E-10,0.999999998,508605863.2,0,0.5,1,1,0,0,0,0.786463602,5.89E-11,0,1
Cabinet_18_21.obj,Cabinet_18,OB,OB,,0.884554494,0.115382231,125.7142855,0.007531455,1,1,1,1,4.44E-17,1.72E-16,0.009199261,0.4927905,0,1
Cabinet_18_22.obj,Cabinet_18,OB,OB,,0.948605049,0.051331676,125.7142855,0.007757457,1,1,1,1,2.96E-17,1.11E-16,0.011262041,0.630384437,0,1
Cabinet_18_23.obj,Cabinet_18,OB,OB,,0.948605049,0.051331676,125.7142855,0.007757457,1,1,1,1,0,0,0.011262041,0.630384437,0,1
Cabinet_18_24.obj,Cabinet_18,OB,SL,x,0.895631459,0.097161875,12.49999997,0.075677027,1,1,1,1.44,4.78E-17,1.11E-16,0.108975594,0.5,0,1
Cabinet_18_25.obj,Cabinet_18,OB,CA,x,0.899681915,0.093150306,12.49999998,0.075677027,1,0.963500492,0.985289588,1.380429492,0.06258283,0.422649731,0.162952119,0.932280815,0.677386629,0.98864765
Cabinet_18_26.obj,Cabinet_18,OB,CA,x,0.899681915,0.093150306,12.49999997,0.075677027,1,0.963500492,0.985289588,1.380429492,0.06258283,0.422649731,0.162952119,0.932280815,0.677386629,0.98864765
Cabinet_18_27.obj,Cabinet_18,OB,OB,,0.867295918,0.130548469,21.53846153,0.04358271,1,1,1,1,0,0,0.011168909,0.465968586,0,1
Cabinet_18_28.obj,Cabinet_18,OB,OB,,0.914790003,0.085134819,115.3333332,0.008322872,1,1,1,1,0,0,0.010096972,0.548098434,0,1
Cabinet_18_29.obj,Cabinet_18,OB,OB,,0.914581982,0.085344127,116.3333332,0.008250543,1,1,1,1,0,0,0.010004078,0.54767184,0,1
Cabinet_18_30.obj,Cabinet_18,OB,OB,,0.914581982,0.085344127,116.3333332,0.008250543,1,1,1,1,0,0,0.010004078,0.54767184,0,1
Cabinet_18_31.obj,Cabinet_18,OB,OB,,0.861420427,0.138459694,91.33333318,0.010260444,1,1,1,1,4.44E-17,1.72E-16,0.011290535,0.457446808,0,1
Cabinet_18_32.obj,Cabinet_18,OB,OB,,0.254803127,0.744974685,67.08715578,0.011282641,1,1,1,1,0,0,0.017363459,0.073394495,0,1
Cabinet_18_33.obj,Cabinet_18,OB,OB,,0.254803127,0.744974685,67.08715578,0.011282641,1,1,1,1,0,0,0.017363459,0.073394495,0,1
Cabinet_18_34.obj,Cabinet_18,OB,OB,,0.254803127,0.744974685,67.08715578,0.011282641,1,1,1,1,0,0,0.017363459,0.073394495,0,1
Cabinet_18_35.obj,Cabinet_18,OB,OB,,0.254803127,0.744974685,67.08715578,0.011282641,1,1,1,1,0,0,0.017363459,0.073394495,0,1
Cabinet_18_36.obj,Cabinet_18,OB,OB,,0.38361754,0.61637425,348.9999983,0.002253728,1,1,1,1,0,0,0.006103822,0.120385233,0,1
Cabinet_19_01.obj,Cabinet_19,OB,OB,,0.507540782,0.489689135,18.99999999,0.043042006,1,1,1,1,1.04E-16,2.22E-16,0.015399704,0.175257732,0,1
Cabinet_19_02.obj,Cabinet_19,OB,OB,,0.507540782,0.489689135,18.99999999,0.043042006,1,1,1,1,0,0,0.015399704,0.175257732,0,1
Cabinet_19_03.obj,Cabinet_19,OB,OB,,0.507540782,0.489689135,18.99999999,0.043042006,1,1,1,1,2.96E-17,1.11E-16,0.015399704,0.175257732,0,1
Cabinet_19_04.obj,Cabinet_19,OB,OB,,0.970873368,0.026356549,18.99999999,0.051811753,1,1,1,1,0,0,0.031227151,0.708430294,0,1
Cabinet_19_05.obj,Cabinet_19,OB,OB,,0.507540782,0.489689135,18.99999999,0.043042006,1,1,1,1,0,0,0.015399704,0.175257732,0,1
Cabinet_19_06.obj,Cabinet_19,OB,OB,,0.876036697,0.123925149,161.8930797,0.005826239,1,1,1,1,0,0,0.007654701,0.479197789,0,1
Cabinet_19_07.obj,Cabinet_19,OB,OB,,0.93058195,0.069095342,55.66666663,0.017368628,1,1,1,1,4.44E-17,1.72E-16,0.008578181,0.582938389,0,1
Cabinet_19_08.obj,Cabinet_19,OB,OB,,0.93058195,0.069095342,55.66666663,0.017368628,1,1,1,1,4.44E-17,1.72E-16,0.008578181,0.582938389,0,1
Cabinet_19_09.obj,Cabinet_19,OB,OB,,0.970873368,0.026356549,18.99999999,0.051811753,1,1,1,1,0,0,0.031227151,0.708430294,0,1
Cabinet_20_01.obj,Cabinet_20,OB,OB,,0.592577294,0.406404322,31.33604288,0.026889734,1,1,1,1,1.48E-17,1.11E-16,0.01315976,0.220780078,0,1
Cabinet_20_02.obj,Cabinet_20,OB,OB,,0.504524943,0.494456673,31.33604288,0.026086658,1,1,1,1,1.48E-17,1.11E-16,0.012531522,0.173777879,0,1
Cabinet_20_03.obj,Cabinet_20,OB,CA,x,0.591568571,0.406711959,24.00010565,0.034727659,1,0.715989391,0.761976619,1.099101404,0.113972008,0.422649731,0.018221269,0.749528223,0.405227152,0.855849509
Cabinet_20_04.obj,Cabinet_20,OB,CA,x,0.591568572,0.406712129,24.00130053,0.034725932,1,0.715989385,0.761976621,1.099101404,0.113972008,0.422649731,0.018221269,0.749528249,0.405227123,0.85584951
Cabinet_20_05.obj,Cabinet_20,OB,OB,,0.592577294,0.406404034,31.33162125,0.026893526,1,1,1,1,1.48E-17,1.11E-16,0.01315976,0.220780078,0,1
Cabinet_20_06.obj,Cabinet_20,SL,SL,,0.000303054,0.768007308,2.666662148,0.256307703,0.756977517,0.785571014,0.500429412,1.844517786,0.000309456,2.54E-08,1.092258519,0.284287975,0.047220032,0.78773236
Cabinet_20_07.obj,Cabinet_20,SL,SL,,0.000298359,0.768016487,2.666679082,0.256306942,0.756988132,0.778486037,0.500484684,1.844518753,0.000309804,1.96E-08,1.09224642,0.284286022,0.047189355,0.784172017
Cabinet_20_08.obj,Cabinet_20,SL,SL,,0.000303285,0.768007577,2.666662148,0.256307703,0.756977385,0.786582016,0.500419266,1.844514734,0.000309455,1.91E-08,1.092256932,0.284282498,0.047218054,0.788239084
Cabinet_20_09.obj,Cabinet_20,SL,SL,,0.000298598,0.768015803,2.666679082,0.256306942,0.75698818,0.77808594,0.500494837,1.844521805,0.000309806,2.61E-08,1.092248007,0.284291503,0.047188102,0.783970486
Cabinet_20_10.obj,Cabinet_20,OB,SL,x,0.77751563,0.222479362,426.7828008,0.002121657,1,1,1,1.49382716,6.04E-17,2.22E-16,0.010148652,0.361782132,0,1
Cabinet_20_11.obj,Cabinet_20,OB,OB,,0.891698542,0.108087384,68.34673886,0.013922872,1,1,1,1.0816,6.39E-17,1.11E-16,0.008484937,0.51205738,0,1
Cabinet_20_12.obj,Cabinet_20,OB,OB,,0.891698542,0.10808736,68.34288127,0.013923657,1,1,1,1.0816,3.70E-17,1.11E-16,0.008484937,0.51205738,0,1
Chair_001_01.obj,Chair_001,M,M,,0.987164226,0.008880963,13.15121108,0.07362922,0.223945315,0.997676349,0.997902262,1.034846896,1.41E-05,0.000107851,0.364117703,3.602784644,0.183113921,0.998601995
Chair_001_02.obj,Chair_001,M,M,,0.996700882,0.002534066,32.62243056,0.030584885,0.983098006,0.999453904,0.995525832,1.305672299,2.06E-05,0.000111653,0.183235455,3.507264431,0.06769995,0.99751905
Chair_001_03.obj,Chair_001,M,M,,0.995148551,0.00375499,27.02707834,0.03688046,0.973985817,0.997829685,0.994491862,1.308907189,9.39E-06,5.09E-05,0.240676983,3.799664773,0.105220882,0.996912428
Chair_001_04.obj,Chair_001,M,M,,0.987164226,0.008880963,13.15121108,0.07362922,0.223945315,0.997676349,0.997902262,1.034846896,1.41E-05,0.000107851,0.364117703,3.602784644,0.183113921,0.998601995
Chair_001_05.obj,Chair_001,M,M,,0.996700882,0.002534066,32.62243056,0.030584885,0.983098006,0.999453904,0.995525832,1.305672299,2.06E-05,0.000111653,0.183235455,3.507264431,0.06769995,0.99751905
Chair_001_06.obj,Chair_001,M,M,,0.995148551,0.00375499,27.02707834,0.03688046,0.973985817,0.997829685,0.994491862,1.308907189,9.39E-06,5.09E-05,0.240676983,3.799664773,0.105220882,0.996912428
Chair_001_07.obj,Chair_001,M,M,,0.99450188,0.004383178,26.19013207,0.038041909,0.980372032,0.999827364,0.994379398,1.000259084,1.15E-05,7.02E-05,0.207847238,3.445882137,0.078068773,0.996893607
Chair_001_08.obj,Chair_001,M,M,,0.993327155,0.005140648,23.74103389,0.039792408,0.239245797,0.860768583,0.943341978,1.585388356,1.10E-05,5.66E-05,0.29596717,4.00464364,0.264692544,0.969293758
Chair_001_09.obj,Chair_001,M,M,,0.993327155,0.005140648,23.74103389,0.039792408,0.239245797,0.860768583,0.943341978,1.585388356,1.10E-05,5.66E-05,0.29596717,4.00464364,0.264692544,0.969293758
Chair_001_10.obj,Chair_001,M,M,,0.993773788,0.004751763,16.37684506,0.060700069,0.62366141,0.99976447,0.993939263,1.000398645,1.79E-05,0.000100422,0.209309447,3.361772654,0.068955989,0.996656813
Chair_001_11.obj,Chair_001,M,M,,0.982436173,0.016188243,13.06578352,0.075583225,0.525975437,0.999863534,0.994231116,1.000381494,2.14E-05,0.000116083,0.164188706,3.211606878,0.064166331,0.996804558
Chair_001_12.obj,Chair_001,M,M,,0.982436087,0.016188331,13.06751296,0.075573246,0.526085143,0.999865396,0.994227297,1.000328145,1.60E-05,7.39E-05,0.169849699,3.271806413,0.072859261,0.996810761
Chair_001_13.obj,Chair_001,M,M,,0.982436209,0.016188221,13.0669247,0.07557663,0.526100304,0.99987507,0.994207828,1.000358887,1.58E-05,7.85E-05,0.164186356,3.211629565,0.070626944,0.996808595
Chair_001_14.obj,Chair_001,M,M,,0.982436075,0.016188307,13.06752134,0.075573199,0.52606227,0.999880625,0.99422537,1.000452865,2.39E-05,0.000133906,0.169849335,3.271804548,0.070987959,0.99681391
Chair_001_15.obj,Chair_001,M,M,,0.982436155,0.016188275,13.0668445,0.075577091,0.526136856,0.999866187,0.99423334,1.000742852,2.55E-05,0.00012656,0.164186376,3.211632669,0.063907526,0.996807712
Chair_001_16.obj,Chair_001,M,M,,0.992383792,0.005859242,21.55665951,0.04578222,0.544937162,0.829887865,0.923921126,1.314431565,1.50E-05,7.42E-05,0.313103933,3.961696667,0.22200394,0.96015986
Chair_001_17.obj,Chair_001,M,M,,0.992383792,0.005859242,21.55665951,0.04578222,0.544937162,0.829887865,0.923921126,1.314431565,1.50E-05,7.42E-05,0.313103933,3.961696667,0.22200394,0.96015986
Chair_001_18.obj,Chair_001,M,M,,0.994501882,0.004383195,26.18441441,0.0380502,0.980230869,0.999829717,0.994406021,1.000053615,2.14E-05,9.44E-05,0.193992531,3.319027521,0.062170391,0.996915509
Chair_001_19.obj,Chair_001,M,M,,0.982779673,0.015745868,19.99723038,0.049473993,0.812180002,0.999810439,0.994232104,1.000558389,2.06E-05,0.000119851,0.169847711,3.271776258,0.075823761,0.996799354
Chair_001_20.obj,Chair_001,M,M,,0.982779768,0.015745772,19.99723038,0.049474126,0.812237515,0.999868893,0.994251094,1.000120245,2.22E-05,0.000118229,0.18117743,3.38890433,0.09042994,0.996818134
Chair_001_21.obj,Chair_001,M,M,,0.982779916,0.015745619,19.99640431,0.049476165,0.812232715,0.999850578,0.994218048,1.000226409,2.34E-05,0.000118583,0.164189979,3.211610224,0.071432604,0.996810255
Chair_001_22.obj,Chair_001,M,M,,0.982779952,0.015745591,19.99612943,0.049476873,0.812264793,0.999849865,0.994206734,1.000197713,2.46E-05,0.000133319,0.158528913,3.150271766,0.063585636,0.996819763
Chair_001_23.obj,Chair_001,M,M,,0.982780029,0.015745515,19.99684095,0.049475112,0.812309316,0.999865858,0.994196763,1.000369206,2.49E-05,0.000119814,0.169849972,3.271741474,0.079649775,0.996810781
Chair_001_24.obj,Chair_001,M,CA,x,0.28933283,0.704435708,16.48916253,0.045911198,0.915415422,0.580842721,0.449320261,1.164999256,1.55E-05,0.000105331,0.135102913,3.754937011,0.103913942,0.7569894
Chair_001_25.obj,Chair_001,M,CA,x,0.289765774,0.70400623,16.48953745,0.045910221,0.91539363,0.580561411,0.448476858,1.165114343,1.68E-05,0.000105847,0.13343461,3.730028863,0.104180698,0.756805551
Chair_001_26.obj,Chair_001,M,CA,x,0.779604064,0.219412546,27.91023813,0.027516223,0.446391377,0.533212177,0.474804332,1.36408689,1.51E-05,7.58E-05,0.089624902,2.99994558,0.072347039,0.799292763
Chair_001_27.obj,Chair_001,M,CA,x,0.779604347,0.219412258,27.91129383,0.027514937,0.446423929,0.533210665,0.474804861,1.363993138,2.21E-05,0.000112186,0.089624746,2.999943488,0.072389079,0.799290367
Chair_002_01.obj,Chair_002,SL,CA,x,0.466496594,0.525469513,7.135189234,0.125069222,0.457385679,0.868899868,0.881549207,1.408036414,9.84E-05,3.32E-06,5,2.240554053,0.450270021,0.921103563
Chair_002_02.obj,Chair_002,M,M,,0.997984916,0.000558763,10.11370674,0.097611054,0.131348838,0.95231051,0.993395446,1.338847198,0.086697373,0.422649782,5,1.365182697,0.752149451,0.994916954
Chair_002_03.obj,Chair_002,M,M,,0.997984927,0.00055875,10.15619511,0.097169855,0.128915048,0.952311861,0.993396532,1.338839587,0.086697835,0.422650738,5,1.365184013,0.752196338,0.994917797
Chair_002_04.obj,Chair_002,M,M,,0.995321576,0.000935968,7.643868796,0.128285103,0.212487612,0.999573249,0.999005981,1.039532513,0.112706627,0.4226503,5,1.235068995,0.727407811,0.999223522
Chair_002_05.obj,Chair_002,M,CA,x,0.995321468,0.000936081,7.659054555,0.127976971,0.208689193,0.999572494,0.999004735,1.03952927,0.112705529,0.422648839,5,1.235067005,0.727391896,0.999222554
Chair_002_06.obj,Chair_002,OB,SL,x,0.548807481,0.45008799,11.3056776,0.06452253,0.431134836,0.943927364,0.962100412,1.10637126,2.17E-08,9.55E-08,5,0.992517026,0.672788468,0.97179731
Chair_002_07.obj,Chair_002,M,CA,x,0.940512565,0.049863033,11.62504255,0.084369207,0.675285558,0.950391946,0.963041826,1.040467313,7.41E-09,2.88E-09,5,1.707248549,0.562116851,0.972728018
Chair_002_08.obj,Chair_002,M,CA,x,0.940511987,0.04986359,12.75566886,0.076936393,0.741579748,0.950392268,0.963042275,1.040467012,8.59E-10,6.44E-09,5,1.707670856,0.579763133,0.972728149
Chair_002_09.obj,Chair_002,M,M,,0.980211829,0.01667498,14.74596085,0.066600342,0.646887121,0.909248794,0.981704414,1.039543906,0.112708502,0.422658506,5,1.156596725,0.656780137,0.985946389
Chair_002_10.obj,Chair_002,M,M,,0.980211823,0.016674909,14.54338457,0.067520266,0.636904408,0.909250249,0.981705023,1.039532411,0.112707462,0.422657466,5,1.156595731,0.656907194,0.985946803
Chair_011_01.obj,Chair_011,CA,SL,x,0.507043879,0.490149581,6.688359712,0.113745193,0.203487514,0.788046819,0.611834847,1.29200099,0.007895092,1.11E-08,0.029487099,1.003132942,0.321175612,0.814021307
Chair_011_02.obj,Chair_011,SL,CA,x,0.677548322,0.311336947,2.330523688,0.328527078,0.348131573,0.960175495,0.974107083,1.365165701,0.005587886,5.44E-10,0.13670568,2.774714497,0.405760569,0.980272439
Chair_011_03.obj,Chair_011,SL,CA,x,0.677493759,0.311612013,2.330516281,0.328527778,0.348132887,0.978972626,0.986403231,1.388321224,0.006084736,2.58E-14,0.133726937,2.74211428,0.404645327,0.989495991
Chair_011_04.obj,Chair_011,SL,CA,x,0.327228718,0.668745382,10.56333029,0.074990498,0.921227917,1,1,1.424125382,0.476729074,0.977542735,0.069731874,2.163714956,0.549664177,1
Chair_011_05.obj,Chair_011,SL,CA,x,0.19679393,0.782530247,6.215585849,0.128816001,0.863574226,0.774962573,0.821315503,1.218243782,0.002029357,2.76E-11,0.094490424,2.526273138,0.460606067,0.884919033
Chair_011_06.obj,Chair_011,M,CA,x,0.975586861,0.00099566,4.583427014,0.208479052,0.776458747,0.981243087,0.994903762,1.057587323,0.016946521,0.007810079,0.277845805,2.795165298,0.563331979,0.996021418
Chair_011_07.obj,Chair_011,M,M,,0.99075746,0.003177585,7.166031255,0.117315128,0.106072538,0.904081679,0.951084088,1.188537002,2.33E-11,1.19E-10,0.06895341,1.217463579,0.285902543,0.973316191
Chair_011_08.obj,Chair_011,M,M,,0.990757506,0.003177412,6.050917656,0.116274639,0.093892573,0.904080826,0.951083969,1.188533268,1.09E-10,4.07E-10,0.080445647,1.376923016,0.479670609,0.973315534
Chair_011_09.obj,Chair_011,M,M,,0.990757489,0.003177521,6.561218279,0.128218142,0.097523017,0.904080903,0.951083659,1.188531747,2.47E-11,1.31E-10,0.068953493,1.217464362,0.473844398,0.973315772
Chair_011_10.obj,Chair_011,M,M,,0.990757496,0.003177539,5.527863594,0.127068559,0.086027978,0.904081542,0.951084933,1.188541361,4.10E-11,2.19E-10,0.068953491,1.217463277,0.474323332,0.973316638
Chair_011_11.obj,Chair_011,CA,CA,,0.597315754,0.257882649,2.305065452,0.36317643,0.804227544,0.96925562,0.983668416,1.080081171,0.00278609,9.27E-11,0.160003343,3.797342159,0.327147691,0.987416539
Chair_015_01.obj,Chair_015,CA,CA,,0.826778868,0.154605247,4.140831081,0.214224061,0.376199883,0.760992184,0.666790477,1.335338939,0.003819942,0.007816875,0.111207727,2.09574579,0.249005107,0.84433878
Chair_015_02.obj,Chair_015,M,M,,0.973327468,0.018993441,7.076022523,0.131758618,0.186769454,0.796144986,0.947511333,1.108640807,0.00857894,0.029645559,0.076799081,1.348277603,0.719947411,0.96129357
Chair_015_03.obj,Chair_015,M,CA,x,0.973312851,0.019072399,7.087570288,0.131547756,0.187080449,0.796559655,0.947606919,1.03704546,0.004101457,0.023132697,0.069915697,1.3302458,0.722708044,0.961382618
Chair_015_04.obj,Chair_015,SL,CA,x,0.051324712,0.940996173,6.205893493,0.115685354,0.425048739,0.624528495,0.238084533,1.389976097,0.024169442,0.094752571,0.123080621,1.304677452,0.133365964,0.741678715
Chair_015_05.obj,Chair_015,M,OB,x,0.99300095,0.002457255,6.00190218,0.127571324,0.073526797,0.900646094,0.945815287,1.217843804,0.001259973,0.004316872,0.05173718,1.326872715,0.574811069,0.963221096
Chair_015_06.obj,Chair_015,M,M,,0.99303805,0.002369657,6.001288242,0.12757067,0.073522033,0.908671133,0.943653925,1.336630224,0.024725887,0.066709899,0.051358206,1.326376427,0.556352527,0.962848634
Chair_015_07.obj,Chair_015,M,M,,0.989877956,0.005631939,11.5021487,0.084799713,0.200841586,0.811086382,0.947680495,1.23179625,0.019584925,0.138379204,0.072111072,1.79119811,0.655522811,0.964453224
Chair_015_08.obj,Chair_015,M,M,,0.98907842,0.007764888,16.63834475,0.057064533,0.164913429,0.768659588,0.963691078,1.123127606,0.006713484,0.032841683,0.038133564,1.42369936,0.642426657,0.973373514
Chair_015_09.obj,Chair_015,M,M,,0.990206852,0.005289063,11.49989404,0.084814916,0.200788639,0.812877838,0.947392704,1.19957703,0.025881406,0.166974353,0.071877819,1.790373383,0.65409995,0.964300499
Chair_015_10.obj,Chair_015,M,M,,0.989732745,0.007117509,16.63476072,0.057076838,0.164931259,0.771072015,0.96390575,1.113452493,0.006965845,0.035585863,0.037986954,1.422582564,0.660475809,0.973546407
Chair_018_01.obj,Chair_018,SL,CA,x,0.462256217,0.520015802,5.702328604,0.143145278,0.88232904,0.988191061,0.924117847,1.480131829,0.050221398,0.186851528,0.13197714,1.873561681,0.07794363,0.955341592
Chair_018_02.obj,Chair_018,M,CA,x,0.994001177,0.000471039,5.272000847,0.181143807,0.200419908,0.747575067,0.941820797,1.248133302,0.064042433,0.135501494,0.161332838,2.342365446,0.471084116,0.958828435
Chair_018_03.obj,Chair_018,M,M,,0.994001193,0.000471001,5.272001377,0.18114379,0.200420011,0.747575045,0.941820819,1.248142084,0.064042569,0.135501307,0.161332873,2.342365585,0.471087929,0.95882846
Chair_018_04.obj,Chair_018,M,M,,0.994001078,0.000471148,5.272001377,0.18114379,0.20042142,0.747567492,0.941818302,1.248158605,0.064038822,0.135491469,0.161331346,2.342360511,0.471093879,0.958826707
Chair_018_05.obj,Chair_018,M,M,,0.993990685,0.000488602,5.272000847,0.181143807,0.200422508,0.748885837,0.941747623,1.245366749,0.064047772,0.135062856,0.181219966,2.482212794,0.416136694,0.958978762
Chair_018_06.obj,Chair_018,M,M,,0.992494816,0.006994514,31.98416195,0.03112636,0.811737401,1,1,1.20035265,0.175912673,0.317352797,0.033940932,0.834037683,0,1
Chair_018_07.obj,Chair_018,M,M,,0.992494816,0.006994514,31.98416195,0.03112636,0.811737401,1,1,1.20035265,0.175912673,0.317352797,0.033940932,0.834037683,0,1
Chair_018_08.obj,Chair_018,M,M,,0.981341505,0.017409692,17.79714692,0.055558075,0.70922152,1,1,1.202878352,0.177945361,0.337003058,0.0421534,0.747289733,0,1
Chair_018_09.obj,Chair_018,M,M,,0.981341505,0.017409692,17.79714692,0.055558075,0.70922152,1,1,1.202878352,0.177945361,0.337003058,0.0421534,0.747289733,0,1
Chair_019_01.obj,Chair_019,OB,CA,x,0.893643243,0.063070446,3.228921245,0.274699382,0.84684182,0.988517159,0.94778176,1.158880508,0.019662168,0.053532151,0.071666742,2.73777058,0.136601667,0.97181001
Chair_019_02.obj,Chair_019,OB,CA,x,0.893642567,0.063070847,3.228893043,0.27470127,0.846843037,0.98851779,0.947786732,1.158870576,0.01966416,0.05356338,0.071667032,2.737786722,0.136609033,0.97181211
Chair_019_03.obj,Chair_019,OB,CA,x,0.943400738,0.055520209,27.92428405,0.03468067,0.989533765,0.997344112,0.996320369,1.29867814,0.001159207,0.000535903,0.03155131,3.106686394,0.15050904,0.997780388
Chair_019_04.obj,Chair_019,OB,CA,x,0.812488233,0.14722081,3.20942338,0.264064053,0.878869501,0.761831459,0.812742597,1.469371131,0.014261893,0.087167494,0.059511682,2.691817727,0.246207982,0.881619306
Chair_019_05.obj,Chair_019,OB,CA,x,0.848367093,0.108280144,3.209447349,0.264062218,0.878876053,0.781070694,0.831116861,1.572163974,0.0082867,0.045742712,0.054922614,2.530279404,0.25153924,0.891328214
Chair_019_06.obj,Chair_019,OB,CA,x,0.230226475,0.707660134,3.397693465,0.207317858,0.943875068,0.8534331,0.844357333,1.092914795,0.016694877,0.050015326,0.045866298,2.244447255,0.136106521,0.902304578
Chair_019_07.obj,Chair_019,OB,CA,x,0.249242413,0.686230144,3.397697597,0.207317733,0.943875585,0.937972998,0.914709412,1.141166781,0.023998359,0.06714191,0.04588735,2.245187781,0.139122628,0.946101649
Chair_019_08.obj,Chair_019,OB,CA,x,0.841417804,0.15764646,28.54511459,0.032241775,0.986234802,0.974589574,0.986572394,1.75100904,0.000654574,3.33E-16,0.022170663,2.712655154,0.347739048,0.989954477
Chair_019_09.obj,Chair_019,M,OB,x,0.933662497,0.00195731,2.771470772,0.321394739,0.736451155,0.968218753,0.918326813,1.110770087,0.021430892,0.083716045,0.428641303,1.201619271,0.188861066,0.95239168
Chair_019_10.obj,Chair_019,M,OB,x,0.93366251,0.001957298,2.771470772,0.321394739,0.736451158,0.968218753,0.918326813,1.110768281,0.021431034,0.083716045,0.428641305,1.201619273,0.188861066,0.952391681
Chair_019_11.obj,Chair_019,M,CA,x,0.933662498,0.001960311,2.771470772,0.321392241,0.736365307,0.968218757,0.918326811,1.110736416,0.021424501,0.083671385,0.428641274,1.201619223,0.188861056,0.952391679
Chair_019_12.obj,Chair_019,M,CA,x,0.93366251,0.001960298,2.771470772,0.321392241,0.736365208,0.968218757,0.918326811,1.11073461,0.021424645,0.083671154,0.428641275,1.201619225,0.188861056,0.952391679
Chair_019_13.obj,Chair_019,M,M,,0.997781988,0.001272773,28.66630174,0.034779178,0.946569111,0.998236119,0.999839059,1.14083018,0.008524423,0.068296994,0.056575767,2.164793337,0.724507227,0.999873622
Chair_019_14.obj,Chair_019,M,M,,0.99774201,0.001324673,28.67010616,0.034774569,0.946589833,0.981442619,0.99822559,1.184723796,0.0085477,0.06926904,0.056573667,2.164789909,0.713473298,0.998609833
Chair_023_01.obj,Chair_023,SL,CA,x,0.062651916,0.900365079,2.848212814,0.2521038,0.31539373,0.815397238,0.658041127,1.205146321,0.005337266,0.028082273,0.267962986,2.46837188,0.112718289,0.826676713
Chair_023_02.obj,Chair_023,CA,CA,,0.612765335,0.38207202,2.584162167,0.267656946,0.133463875,0.57037217,0.366287248,1.054777291,0.007834237,0.039173549,0.224825848,2.615298032,0.30452777,0.751153115
Chair_023_03.obj,Chair_023,CA,CA,,0.615511633,0.379307606,2.584158733,0.267657244,0.133463645,0.570617131,0.367227978,1.03211451,0.00837332,0.04028724,0.224828681,2.615286697,0.3044292,0.75132422
Chair_023_04.obj,Chair_023,SL,CA,x,0.144060642,0.846238888,8.170864205,0.091339283,0.567405147,0.837520381,0.721031221,1.342949965,0.00420209,0.018636863,0.173068554,2.227771679,0.128150321,0.850270989
Chair_023_05.obj,Chair_023,CA,CA,,0.43051409,0.035317439,1.117537228,0.545015636,0.448412309,0.718052089,0.734147825,1.162055403,1.54E-08,4.72E-08,0.267695086,2.700562353,0.082910111,0.857853479
Chair_023_06.obj,Chair_023,M,CA,x,0.989577038,0.005873227,1.093122438,0.559237191,0.028896182,0.871805745,0.903731295,1.024132327,7.99E-09,2.26E-08,0.364296451,3.666504556,0.363844719,0.94842581
Chair_023_07.obj,Chair_023,M,CA,x,0.989577649,0.005876478,1.093308289,0.55920241,0.028902869,0.872041141,0.903808508,1.02359751,7.89E-09,2.38E-08,0.36422417,3.666264857,0.365121731,0.948472914
Chair_023_08.obj,Chair_023,M,CA,x,0.989589265,0.005859973,1.093120705,0.559238555,0.028896248,0.871786778,0.903728761,1.023502986,7.57E-09,2.26E-08,0.364293969,3.666501771,0.362447665,0.948424235
Chair_023_09.obj,Chair_023,M,CA,x,0.989575042,0.005869236,1.092935512,0.55927321,0.028889597,0.87135161,0.903653636,1.024033581,7.76E-09,1.72E-08,0.36437629,3.666740301,0.36519296,0.948369643
Chair_023_10.obj,Chair_023,CA,SL,x,0.332626146,0.520385828,1.269068367,0.50573799,0.339534131,0.808759693,0.593104833,1.217264366,0.005585383,0.031367602,0.283369271,0.567330441,0.028434998,0.80524399
Chair_026_01.obj,Chair_026,SL,CA,x,0.761146216,0.229851325,5.144127665,0.17092027,0.365895123,0.898322869,0.841578236,1.135510471,0.017757252,0.002490555,0.196800419,1.140257401,0.271081183,0.906543645
Chair_026_02.obj,Chair_026,SL,SL,,0.359793321,0.620921019,5.489915848,0.132766893,0.475746576,0.940952327,0.83392045,1.076774516,0.008980334,0.000115863,0.212918351,0.800089137,0.072432049,0.904998319
Chair_026_03.obj,Chair_026,SL,SL,,0.413226101,0.579284886,7.58708347,0.099325959,0.524502919,0.954063035,0.881853326,1.020038102,0.00458696,5.06E-07,0.19417668,0.758641696,0.201083258,0.928166125
Chair_026_04.obj,Chair_026,M,CA,x,0.99824776,0.000138325,6.101444888,0.159492686,0.035280384,0.974266043,0.985671314,1.621939511,8.99E-05,2.18E-08,0.143110168,2.855182018,0.440508385,0.992034521
Chair_026_05.obj,Chair_026,M,M,,0.997818778,0.000243118,6.110512906,0.159253723,0.035269728,0.992108322,0.986431591,1.507651188,0.001692956,2.24E-08,0.143162566,2.855061349,0.446968654,0.992705577
Chair_026_06.obj,Chair_026,M,CA,x,0.834895468,0.164502449,5.849861006,0.146707098,0.157896761,0.754384619,0.807166537,1.318853952,0.002044839,1.54E-08,0.070266813,2.79254336,0.107365573,0.886543276
Chair_026_07.obj,Chair_026,SL,CA,x,0.324383484,0.674860144,25.76096517,0.028738196,0.861533403,0.932819056,0.826758166,1.069869667,0.004011642,2.28E-05,0.097626375,2.046208629,0.052131652,0.907940076
Chair_026_08.obj,Chair_026,SL,SL,,0.323729381,0.54811918,1.763493184,0.372910697,0.420913515,0.931048235,0.814033184,1.099141193,0.013305017,0.000200711,0.181071355,0.815750416,0.064669902,0.895425947
Chair_027_01.obj,Chair_027,SL,CA,x,0.143853027,0.835674331,4.166396165,0.206941096,0.327599429,0.844898611,0.819224973,1.311935944,0.005781498,4.10E-06,0.056575502,1.282572629,0.619757208,0.888101721
Chair_027_02.obj,Chair_027,M,M,,0.991836982,0.006598414,11.36667491,0.087140838,0.244344185,0.638191616,0.873711933,1.211027535,0.000824893,6.44E-07,0.33064816,4.239931902,0.145982851,0.919440169
Chair_027_03.obj,Chair_027,M,M,,0.991813661,0.006626509,11.36667491,0.087140838,0.244344187,0.639204284,0.873951452,1.198038523,2.44E-07,1.32E-07,0.334833552,4.268144486,0.145299588,0.919586883
Chair_027_04.obj,Chair_027,SL,CA,x,0.009747206,0.986428548,12.65139865,0.056486024,0.850105353,0.842147577,0.657363424,1.240368946,0.08074132,0.785270945,1.08998542,0.576342752,0.014664662,0.831199798
Chair_027_05.obj,Chair_027,M,CA,x,0.955641026,0.038687646,5.70099909,0.137731064,0.245590802,0.707590089,0.66009355,1.179573987,0.000299322,2.54E-06,0.892924393,3.711573811,0.037404867,0.845004961
Chair_027_06.obj,Chair_027,M,CA,x,0.955641026,0.038687646,5.70099909,0.137731064,0.245590802,0.707590089,0.66009355,1.179577884,0.000264624,2.62E-06,0.892924393,3.711573811,0.037404867,0.845004961
Chair_027_07.obj,Chair_027,M,M,,0.993496406,0.002295616,10.80559973,0.091077746,0.363185456,0.768410736,0.926380361,1.068758952,0.00224627,2.29E-06,0.400798582,3.352854862,0.347264189,0.948469285
Chair_027_08.obj,Chair_027,M,M,,0.993509385,0.002291652,10.80559973,0.091077746,0.363185456,0.768242909,0.926346298,1.068728652,0.001734036,2.19E-06,0.400798582,3.352854862,0.347264064,0.948445916
Chair_027_09.obj,Chair_027,M,CA,x,0.769598346,0.227841342,4.128623313,0.212799874,0.238584466,0.889047168,0.79431438,1.433270046,0.004782356,1.58E-07,0.28183544,2.608633395,0.096378629,0.893403991
Chair_027_10.obj,Chair_027,M,CA,x,0.769135982,0.228299501,9.164011574,0.096327711,0.494730907,0.889047878,0.794317907,1.433137712,0.003518538,1.35E-07,0.281835889,2.608634254,0.096315675,0.893404715
Chair_027_11.obj,Chair_027,M,CA,x,0.728320682,0.268662195,12.74486163,0.06807449,0.743210849,0.889090339,0.790470391,1.41928393,0.00393664,1.51E-07,0.29355569,2.537756492,0.095124869,0.892076871
Chair_027_12.obj,Chair_027,M,CA,x,0.769135982,0.228299501,9.164011574,0.096327711,0.494730907,0.889048073,0.794318015,1.433126166,0.003578463,1.34E-07,0.281835889,2.608634254,0.096315672,0.893404782
Chair_028_01.obj,Chair_028,M,CA,x,0.953846263,0.021106823,5.09037671,0.187001675,0.408226853,0.723461974,0.699618924,1.130707393,0.006169212,2.67E-07,0.341387535,3.474530056,0.216645556,0.862917122
Chair_028_02.obj,Chair_028,M,M,,0.992235306,0.006329367,9.267775992,0.106246696,0.163775579,0.652816822,0.88063031,1.083045094,0.000310924,2.72E-07,0.25264735,3.642945388,0.190961953,0.922200603
Chair_028_03.obj,Chair_028,M,M,,0.992235306,0.006329367,9.267775992,0.106246696,0.163775579,0.652816822,0.88063031,1.083311076,0.000211837,2.50E-07,0.25264735,3.642945388,0.190961953,0.922200603
Chair_028_04.obj,Chair_028,M,CA,x,0.956695479,0.039384678,1.693486605,0.398026988,0.042564876,0.696092813,0.736163862,1.139571507,0.000133458,5.62E-07,0.248039887,3.427130477,0.075469843,0.868261355
Chair_028_05.obj,Chair_028,M,CA,x,0.963051412,0.032956121,1.745104486,0.387950036,0.041967574,0.684042309,0.746230762,1.112702602,5.73E-05,3.26E-07,0.267464888,3.522805204,0.081291828,0.87108982
Chair_028_06.obj,Chair_028,SL,SL,,0.094038644,0.895407522,9.582356656,0.07452638,0.642677435,0.850711804,0.670179646,1.00462768,0.012424498,0.000407951,0.263099843,0.643427259,0.02164514,0.83568862
Chair_028_07.obj,Chair_028,M,M,,0.990573184,0.001763092,8.70715465,0.112489745,0.26764723,0.862610287,0.94581249,1.009514913,0.007340906,3.13E-07,0.292277162,2.81482967,0.452123183,0.961521355
Chair_028_08.obj,Chair_028,M,M,,0.990573184,0.001763092,8.70715465,0.112489745,0.26764723,0.862610287,0.94581249,1.009515021,0.006808011,3.12E-07,0.292277162,2.81482967,0.452123183,0.961521355
Chair_029_01.obj,Chair_029,SL,SL,,0.128855138,0.838943109,2.80581206,0.260848531,0.362824548,0.951618973,0.860823143,1.100703577,0.002098459,0.00659302,0.341762821,0.693617714,0.066156033,0.92257186
Chair_029_02.obj,Chair_029,SL,CA,x,0.017146746,0.980430733,9.43471582,0.074833972,0.382257845,0.889039246,0.731515853,1.301413799,0.160089309,0.41856051,0.231998353,1.961502617,0.025269975,0.863246871
Chair_029_03.obj,Chair_029,M,CA,x,0.942510099,0.041987484,3.270540475,0.276117447,0.315482996,0.988905651,0.979873697,1.474551267,0.025509083,0.264326255,0.271057319,1.961736394,0.475087768,0.986413559
Chair_029_04.obj,Chair_029,M,M,,0.991897852,0.002723546,6.188256609,0.155815864,0.209691549,0.99357228,0.9835473,1.50326808,1.60E-06,3.12E-06,0.329332594,2.811230549,0.32412373,0.990305121
Chair_029_05.obj,Chair_029,M,CA,x,0.934154031,0.049733782,1.971499667,0.342112585,0.094164079,0.645442951,0.704120893,1.415855056,0.001333131,4.36E-07,0.295343357,2.663753649,0.352694399,0.852052252
Chair_029_06.obj,Chair_029,M,CA,x,0.942510099,0.041987484,3.270540475,0.276117447,0.315482996,0.988905651,0.979873697,1.474551267,0.025509083,0.264326255,0.271057319,1.961736394,0.475087768,0.986413559
Chair_029_07.obj,Chair_029,M,CA,x,0.991897852,0.002723546,6.188256609,0.155815864,0.209691549,0.99357228,0.9835473,1.50326808,1.60E-06,3.12E-06,0.329332594,2.811230549,0.32412373,0.990305121
Chair_029_08.obj,Chair_029,M,CA,x,0.934154031,0.049733782,1.971499667,0.342112585,0.094164079,0.645442951,0.704120893,1.415855056,0.001333131,4.36E-07,0.295343357,2.663753649,0.352694399,0.852052252
Chair_029_09.obj,Chair_029,M,M,,0.9909079,0.005110249,6.728909023,0.144235306,0.299250721,0.964356862,0.952531539,1.785492333,0.002389991,1.15E-07,0.32299299,2.612716531,0.372944949,0.973491843
Chair_029_10.obj,Chair_029,M,CA,x,0.972244765,0.014328482,2.267438908,0.34809141,0.098626139,0.617466461,0.706066803,1.935140981,0.000927889,2.54E-08,0.320194522,2.465943066,0.306256704,0.852088062
Chair_029_11.obj,Chair_029,M,CA,x,0.994569727,0.000293358,3.709364366,0.246387862,0.077642638,0.984090174,0.978673492,1.461927571,0.000410424,1.22E-08,0.290164351,2.831792184,0.388317463,0.987074111
Chair_029_12.obj,Chair_029,M,M,,0.9909079,0.005110249,6.728909023,0.144235306,0.299250721,0.964356862,0.952531539,1.785492333,0.002389991,1.15E-07,0.32299299,2.612716531,0.372944949,0.973491843
Chair_029_13.obj,Chair_029,M,CA,x,0.972244765,0.014328482,2.267438908,0.34809141,0.098626139,0.617466461,0.706066803,1.935140981,0.000927889,2.54E-08,0.320194522,2.465943066,0.306256704,0.852088062
Chair_029_14.obj,Chair_029,M,CA,x,0.994569727,0.000293358,3.709364366,0.246387862,0.077642638,0.984090174,0.978673492,1.461927571,0.000410424,1.22E-08,0.290164351,2.831792184,0.388317463,0.987074111
Chair_032_01.obj,Chair_032,CA,CA,,0.891509318,0.079556935,2.900798607,0.304010217,0.534359443,0.960321832,0.913048114,1.144746238,0.000946273,0.002093081,0.200711985,3.073572703,0.258414542,0.948168711
Chair_032_02.obj,Chair_032,M,M,,0.997241122,0.001580582,26.19359958,0.036255754,0.17445571,0.952331846,0.967266829,1.228473784,5.99E-05,4.03E-09,0.181777578,3.398463516,0.102344783,0.98052896
Chair_032_03.obj,Chair_032,M,M,,0.997241122,0.001580582,26.19359958,0.036255754,0.17445571,0.952331846,0.967266829,1.228478197,4.79E-05,4.22E-09,0.181777578,3.398463516,0.102344783,0.98052896
Chair_032_04.obj,Chair_032,SL,CA,x,0.313929708,0.68563597,13.46385449,0.05341844,0.432942804,0.862138697,0.810576566,1.571004891,0.020815731,0.059398424,0.237426923,3.647020545,0.033963279,0.887160322
Chair_032_05.obj,Chair_032,M,M,,0.988532638,0.006179158,7.960089197,0.12310459,0.241079172,0.96162909,0.982877408,1.601158209,0.000149528,1.29E-06,0.110849165,2.291536902,0.412762393,0.988903266
Chair_032_06.obj,Chair_032,M,CA,x,0.988532638,0.006179158,7.960089197,0.12310459,0.241079172,0.96162909,0.982877408,1.601180827,0.000147665,6.42E-07,0.110849165,2.291536902,0.412762393,0.988903266
Chair_032_07.obj,Chair_032,M,CA,x,0.902922351,0.011600557,5.314124492,0.17864814,0.41794191,0.832881459,0.893184394,1.36882736,0.040001886,0.249446363,0.099479929,1.67405539,0.530689511,0.932691142
Chair_032_08.obj,Chair_032,M,CA,x,0.90070924,0.012962993,5.314124492,0.17864814,0.41794191,0.834959283,0.900882699,1.37333867,0.027731746,0.242341011,0.101142738,1.675838765,0.535398074,0.937314661
Chair_032_09.obj,Chair_032,OB,SL,x,0.937041135,0.043310162,7.628426813,0.126691693,0.871988677,0.999892535,0.999503437,1.238619866,5.40E-05,0.00034436,0.062063551,0.952565849,0.733866907,0.999611983
Chair_032_10.obj,Chair_032,M,M,,0.980903981,0.014177473,10.44287274,0.094538004,0.606743637,1,1,1.855113108,8.20E-11,8.12E-10,0.022862663,0.726950774,0,1
Chair_053_01.obj,Chair_053,CA,CA,,0.098349725,0.832845842,1.738959998,0.399001137,0.317191079,0.931403975,0.86299739,1.454885142,0.000315864,6.41E-08,0.111416575,2.196820767,0.145007085,0.917118848
Chair_053_02.obj,Chair_053,CA,CA,,0.655528058,0.326950794,4.11006122,0.185225017,0.39228739,0.538779219,0.237248792,1.975910879,0.002946136,6.17E-07,0.125570835,2.516214192,0.218826594,0.731631105
Chair_053_03.obj,Chair_053,CA,CA,,0.655528058,0.326950794,4.11006122,0.185225017,0.39228739,0.538779219,0.237248792,1.983172478,0.000509242,1.94E-07,0.125570835,2.516214192,0.218826594,0.731631105
Chair_053_04.obj,Chair_053,SL,CA,x,0.04131954,0.948075812,3.938584683,0.185188951,0.327711288,0.876584118,0.709057346,1.310878794,5.30E-08,3.99E-08,0.315420334,1.915292611,0.031632544,0.853771349
Chair_053_05.obj,Chair_053,M,M,,0.989252156,0.007936048,9.398325541,0.1010781,0.180665886,0.975422928,0.955238326,2.016610158,7.75E-07,1.83E-08,0.238827052,2.256715475,0.422565784,0.975639875
Chair_053_06.obj,Chair_053,M,CA,x,0.985782974,0.002440306,5.586923223,0.167175491,0.248122964,0.949277172,0.967825839,1.531018387,0.002678193,1.11E-06,0.354789873,3.3064391,0.273137492,0.979447755
Chair_053_07.obj,Chair_053,M,M,,0.989268228,0.007924696,9.374174547,0.101335847,0.180279917,0.97261948,0.954800006,2.021515456,2.64E-05,3.80E-08,0.227960398,2.34289426,0.417921527,0.975313053
Chair_053_08.obj,Chair_053,M,CA,x,0.985773523,0.002698892,5.586985556,0.167173679,0.248123408,0.947641868,0.967606218,1.354188389,3.10E-06,4.80E-07,0.366247721,3.364210447,0.270199862,0.979287403
Chair_053_09.obj,Chair_053,M,CA,x,0.960694471,0.036397576,10.17989295,0.095596583,0.513116513,0.9076681,0.857140469,1.53275051,0.001585879,7.06E-09,0.098720808,2.352007591,0.256207346,0.926184646
Chair_053_10.obj,Chair_053,M,M,,0.982149822,0.003518064,5.944009275,0.15910348,0.271077068,0.968774341,0.947182512,1.965325173,0.005627985,6.93E-09,0.272948387,2.200713529,0.405389825,0.970502958
Chair_053_11.obj,Chair_053,M,CA,x,0.967597834,0.01515047,2.133832326,0.379998804,0.074280874,0.652563616,0.772092895,2.017060501,0.00384343,4.56E-09,0.293687368,2.511059108,0.385629037,0.880247397
Chair_053_12.obj,Chair_053,M,CA,x,0.987897096,0.000742068,2.649181915,0.319302231,0.10177968,0.947918397,0.95134039,1.170170783,2.68E-08,1.43E-08,0.351657841,2.938561087,0.41698239,0.971554092
Chair_053_13.obj,Chair_053,M,M,,0.982149822,0.003518064,5.944009275,0.15910348,0.271077068,0.968774341,0.947182512,1.965325173,0.005627985,6.93E-09,0.272948387,2.200713529,0.405389825,0.970502958
Chair_053_14.obj,Chair_053,M,CA,x,0.967597834,0.01515047,2.133832326,0.379998804,0.074280874,0.652563616,0.772092895,2.017041453,0.003852958,4.56E-09,0.293687368,2.511059108,0.385629037,0.880247397
Chair_053_15.obj,Chair_053,M,CA,x,0.987897096,0.000742068,2.649181915,0.319302231,0.10177968,0.947918397,0.95134039,1.170170783,2.68E-08,1.43E-08,0.351657841,2.938561087,0.41698239,0.971554092
Chair_053_16.obj,Chair_053,CA,CA,,0.183913244,0.582283439,1.346873103,0.47134823,0.528052163,0.90546416,0.81025083,1.557468294,0.001353427,1.96E-07,0.122535741,2.106971288,0.117249131,0.896056069
Chair_055_01.obj,Chair_055,SL,CA,x,0.324390797,0.672665363,3.582947916,0.215598042,0.253682272,0.98625401,0.978232452,1.085065009,2.70E-05,1.55E-05,0.121640374,2.630585016,0.133923269,0.98490518
Chair_055_02.obj,Chair_055,SL,CA,x,0.030014085,0.965482501,9.117669806,0.077530714,0.742022752,0.855754931,0.884959464,1.285837697,0.005662875,0.001595407,0.087257553,2.460392411,0.203017971,0.921297438
Chair_055_03.obj,Chair_055,M,M,,0.99720362,0.000308543,17.21662478,0.057832316,0.753161734,0.999891589,0.998187391,1.419462035,2.01E-08,2.66E-16,0.171034894,2.650665031,0.477996687,0.998953142
Chair_055_04.obj,Chair_055,M,M,,0.997209183,0.000297799,17.21662478,0.057832316,0.753161734,0.999889042,0.998158502,1.419461523,3.08E-10,2.22E-16,0.170977359,2.650581814,0.478577737,0.998942784
Chair_055_05.obj,Chair_055,M,M,,0.997134078,0.000294556,16.90646563,0.05809202,0.309639939,0.998226264,0.990364276,1.459874002,3.87E-17,2.22E-16,0.165569523,2.630152671,0.335987464,0.995316932
Chair_055_06.obj,Chair_055,M,M,,0.997134076,0.000294536,16.90646563,0.05809202,0.30964011,0.998227914,0.99036391,1.459875933,5.10E-17,2.22E-16,0.165568112,2.630150293,0.336064167,0.995316926
Chair_064_01.obj,Chair_064,SL,SL,,0.71733488,0.234597258,2.859174025,0.288064338,0.505864514,0.878352915,0.690906179,1.094992822,0.023772888,0.148149759,0.145884317,0.263133912,0.060491933,0.849277761
Chair_064_02.obj,Chair_064,SL,SL,,0.483818637,0.481375718,4.372270674,0.171874961,0.588151685,0.834767783,0.608438414,1.098595984,0.017680246,0.083363169,0.102291217,0.141336189,0.041825489,0.816547811
Chair_064_03.obj,Chair_064,M,CA,x,0.932617809,0.066480618,7.328101815,0.131495496,0.119896114,0.54151795,0.720417232,1.141230224,3.55E-09,1.03E-08,0.03135622,1.183438289,0.619746487,0.852846671
Chair_064_04.obj,Chair_064,M,SL,x,0.932617809,0.066480618,7.328101815,0.131495496,0.119896114,0.54151795,0.720417232,1.141229189,3.54E-09,1.03E-08,0.03135622,1.183438289,0.619746487,0.852846671
Chair_064_05.obj,Chair_064,M,M,,0.998609754,1.19E-07,14.2025407,0.069630618,0.218516983,0.999995764,0.999999361,1.000005238,3.63E-09,1.20E-08,0.081187798,1.472796424,0.7773308,0.999999498
Chair_064_06.obj,Chair_064,M,M,,0.998609754,1.19E-07,14.2025407,0.069630618,0.218516983,0.999995764,0.999999361,1.000005349,3.63E-09,1.20E-08,0.081187798,1.472796424,0.7773308,0.999999498
Chair_064_07.obj,Chair_064,M,M,,0.996129363,0.003502033,13.1699258,0.054164906,0.028098039,0.910005295,0.987766264,1.483534252,8.86E-10,6.18E-09,0.054523169,1.175471355,0.735567623,0.990879965
Chair_064_08.obj,Chair_064,M,M,,0.996129378,0.003502017,13.1699258,0.054164906,0.028098039,0.91000442,0.987766194,1.483534447,3.21E-10,3.76E-09,0.054523186,1.175471422,0.735567522,0.990879912
Chair_066_01.obj,Chair_066,M,M,,0.983754083,0.011316927,14.41515268,0.068283239,0.623316042,0.819759105,0.869291739,1.168675511,0.004867615,0.00937979,0.236336417,2.724944063,0.348169569,0.917881309
Chair_066_02.obj,Chair_066,M,M,,0.996455051,0.000378664,8.136337046,0.11358066,0.03275386,0.719061479,0.959862906,1.234148955,0.006804606,0.028550929,0.395233441,4.585872013,0.294345277,0.97437716
Chair_066_03.obj,Chair_066,M,M,,0.99910113,0.000154593,10.18348032,0.09476372,0.033797973,0.930731411,0.993476751,1.255726939,0.013240014,0.034107471,0.348390972,1.252863017,0.510509424,0.994921714
Chair_066_04.obj,Chair_066,M,M,,0.999101138,0.00015458,10.49199894,0.093866822,0.05695258,0.930714695,0.993476377,1.255806149,0.013241124,0.034107058,0.359281534,1.28489547,0.505980198,0.994921423
Chair_066_05.obj,Chair_066,M,M,,0.999101139,0.000154589,15.23057829,0.065129995,0.11064508,0.930686339,0.993475283,1.255702409,0.013239377,0.034110101,0.348393645,1.253835816,0.512613647,0.994920571
Chair_066_06.obj,Chair_066,M,M,,0.999101133,0.000154597,30.31490185,0.032809602,0.243007255,0.930700352,0.993476801,1.255799355,0.013242061,0.034111505,0.359279549,1.284809373,0.508218409,0.994921741
Chair_066_07.obj,Chair_066,M,M,,0.999101134,0.000154597,30.31490185,0.032809602,0.243007187,0.930731906,0.993478269,1.25576635,0.013226842,0.0341106,0.359279603,1.284809383,0.508217872,0.994922881
Chair_066_08.obj,Chair_066,M,M,,0.999101138,0.000154595,15.23057829,0.065129995,0.110643799,0.930717222,0.993476676,1.255691631,0.013224914,0.034110064,0.348393452,1.253835455,0.512806453,0.994921657
Chair_066_09.obj,Chair_066,M,M,,0.999101131,0.000154596,10.49199894,0.093866822,0.056952203,0.930714976,0.993477856,1.25573428,0.013225025,0.034107402,0.359281643,1.284892955,0.506063889,0.994922562
Chair_066_10.obj,Chair_066,M,M,,0.999101128,0.000154597,10.18368538,0.094761828,0.033798654,0.930732369,0.993476948,1.255755758,0.013225927,0.034113323,0.348390991,1.252863573,0.510721375,0.994921866
Chair_066_11.obj,Chair_066,M,M,,0.996455052,0.000378704,8.136337046,0.11358066,0.032753576,0.719061414,0.95986287,1.234251506,0.006771724,0.028429132,0.395233316,4.585894609,0.294317342,0.974377175
Chair_066_12.obj,Chair_066,SL,SL,,0.092493594,0.902344945,16.92307692,0.042223373,0.87871545,0.827429906,0.647322122,1.080874963,0.012618559,0.025417228,0.254980005,1.562798616,0.046876942,0.827102381
Chair_066_13.obj,Chair_066,CA,CA,,0.878428749,0.018454978,1.212429474,0.520466953,0.404586384,0.577295479,0.668305796,1.322087239,9.15E-05,7.00E-08,0.113648078,2.147484372,0.555196808,0.831699297
Chair_066_14.obj,Chair_066,M,CA,x,0.987278417,0.011335657,3.864582571,0.203455798,0.037173558,0.80747452,0.907546223,1.092599731,0.018321079,4.77E-05,0.219115972,2.77246159,0.584787699,0.949542296
Chair_066_15.obj,Chair_066,M,CA,x,0.987271754,0.011340213,3.864582571,0.203455798,0.037173113,0.807135618,0.90748676,1.081953494,0.009263508,0.000222584,0.209986145,2.707388304,0.594153849,0.949498936
Chair_066_16.obj,Chair_066,M,CA,x,0.987301174,0.011313154,4.494477683,0.205119399,0.057204151,0.808291716,0.907684015,1.081131007,0.021492232,2.71E-05,0.264765354,3.080097122,0.541144436,0.949645681
Chair_066_17.obj,Chair_066,M,M,,0.987298928,0.011319471,20.2176022,0.048319982,0.37791859,0.808534769,0.907721807,1.075398669,0.022293873,2.90E-05,0.273894814,3.138119572,0.532510513,0.94967575
Chair_066_18.obj,Chair_066,M,CA,x,0.987303622,0.011312779,4.494477683,0.205119399,0.05720391,0.80859543,0.907733228,1.084558288,0.015108597,5.86E-05,0.209986046,2.708067267,0.593594309,0.949683574
Chair_066_19.obj,Chair_066,SL,SL,,0.0001148,0.467251751,1.116232704,0.550624203,0.410594019,0.776603026,0.499991777,1.122395963,0.000185137,2.90E-07,0.51068213,0.353530478,0.060739894,0.783230682
Chair_066_20.obj,Chair_066,SL,SL,,0.000114919,0.467251101,1.116249514,0.55062107,0.410589435,0.776618276,0.500003694,1.12238651,0.000185126,1.64E-07,0.548510314,0.45640881,0.065283894,0.783238353
Chair_066_21.obj,Chair_066,SL,SL,,0.000114634,0.46725305,1.309854137,0.493755702,0.497519439,0.776581952,0.500001737,1.122390572,0.000185238,2.06E-07,0.529595852,0.40822268,0.075463355,0.783220064
Chair_066_22.obj,Chair_066,SL,SL,,0.000113041,0.467252494,1.604071727,0.403367944,0.754147872,0.776800173,0.500012337,1.122388298,0.000184644,3.94E-10,0.491770293,0.288663938,0.047228429,0.783330113
Chair_066_23.obj,Chair_066,SL,SL,,0.000113977,0.467256931,1.309856116,0.49375539,0.497511774,0.776462849,0.500003695,1.122391761,0.000185012,3.70E-07,0.529597338,0.408229443,0.067687188,0.783160004
Chair_076_01.obj,Chair_076,OB,CA,x,0.769937172,0.193461809,3.096741275,0.280189195,0.643311999,0.997034201,0.969310368,1.061475733,0.040416411,0.212023507,0.034983477,1.247618896,0.320776887,0.98073709
Chair_076_02.obj,Chair_076,OB,CA,x,0.360038553,0.574821423,3.851351299,0.202187797,0.908629361,0.997857381,0.972868756,1.041919951,0.0445788,0.281729757,0.020564026,1.331808612,0.334985038,0.982660244
Chair_076_03.obj,Chair_076,OB,CA,x,0.743156181,0.209809216,3.9872,0.212604064,0.975520892,0.995773136,0.972630258,1.154116258,0.0198244,0.085218293,0.035787316,1.721282435,0.288757736,0.98366142
Chair_076_04.obj,Chair_076,OB,CA,x,0.748838009,0.205167874,4.03205344,0.210896575,0.975518683,0.995769551,0.97261738,1.154348775,0.019798592,0.085130534,0.035587773,1.727841412,0.287983829,0.983669958
Chair_076_05.obj,Chair_076,OB,CA,x,0.74883802,0.205168568,4.03205344,0.210896575,0.975510862,0.995769519,0.972617348,1.154344312,0.019795413,0.085070276,0.035587779,1.727841759,0.287972364,0.983669939
Chair_076_06.obj,Chair_076,OB,SL,x,0.543570709,0.438123927,6.392075058,0.123341995,0.975525472,0.995485859,0.972050978,1.176214077,0.019831886,0.105512654,0.028741988,1.475387277,0.312502458,0.983043798
Chair_076_07.obj,Chair_076,SL,CA,x,0.296662262,0.061473256,1.2,0.507673083,0.776456791,0.854735645,0.735580955,1.110914541,0.067758014,0.290769822,0.424613212,1.286541508,0.155160796,0.858092135
Chair_076_08.obj,Chair_076,SL,CA,x,0.289711505,0.036351508,1.2,0.507673083,0.776474994,0.864176683,0.77476217,1.077398016,0.060306736,0.290871413,0.433249364,1.344449471,0.189785381,0.871740055
Chair_076_09.obj,Chair_076,SL,CA,x,0.296658336,0.06147722,1.2,0.507673083,0.776459023,0.854735835,0.735587004,1.110915315,0.07063551,0.295321725,0.424613039,1.286537702,0.155176153,0.858093748
Chair_076_10.obj,Chair_076,SL,CA,x,0.289709515,0.036353519,1.2,0.507674339,0.77648118,0.864178524,0.774771201,1.077398135,0.060306915,0.290867924,0.433250374,1.344450194,0.189792276,0.87174275
Chair_085_01.obj,Chair_085,CA,CA,,0.538160129,0.446865756,3.069224403,0.258941283,0.451017997,0.825654213,0.688620614,1.752407158,0.000219945,2.22E-16,0.488687585,3.761906323,0.028109624,0.849956647
Chair_085_02.obj,Chair_085,SL,SL,,0.420709213,0.573529151,8.678619429,0.081611888,0.673578686,0.787670727,0.498827483,1.28133022,6.57E-06,8.15E-09,0.39487488,0.616364196,0.025312936,0.787723534
Chair_085_03.obj,Chair_085,CA,CA,,0.553101599,0.441282531,1.133864544,0.551644474,0.091548074,0.68602291,0.725976584,1.075608971,0.000114175,3.72E-07,0.144541246,2.564055219,0.406383943,0.85383133
Chair_085_04.obj,Chair_085,CA,CA,,0.552847163,0.441522029,1.133864544,0.55164452,0.091547555,0.687873591,0.727798071,1.086597017,0.000173989,1.53E-07,0.112420122,2.251914786,0.450764348,0.854862101
Chair_095_01.obj,Chair_095,M,CA,x,0.950401621,0.044390622,12.82485171,0.075179353,0.805494839,0.946144507,0.935629116,1.011379353,0.018984482,0.081137962,0.101915936,2.592904694,0.107935431,0.954870456
Chair_095_02.obj,Chair_095,SL,CA,x,0.112964946,0.885855071,3.434827436,0.21867527,0.122344143,0.65519731,0.456176111,1.024083212,0.024201818,0.076736236,0.252008211,2.091211692,0.040141565,0.763015374
Chair_095_03.obj,Chair_095,SL,CA,x,0.112964953,0.885855063,3.434827436,0.21867527,0.122344176,0.655197277,0.456176003,1.024078356,0.024261124,0.077625219,0.252008208,2.091211619,0.040141377,0.763015371
Chair_095_04.obj,Chair_095,M,M,,0.999477621,0.000479907,113.987306,0.008767008,0.919739348,0.96672357,0.956254314,1.132044369,0.023960957,0.050183496,0.240070866,4.606108906,0.204349766,0.978323028
Chair_138_01.obj,Chair_138,SL,CA,x,0.165826152,0.830929698,3.8587532,0.192915866,0.441080354,0.74381076,0.779778453,1.496033667,0.011908985,0.007996531,0.028141475,1.487834287,0.694361308,0.864169941
Chair_138_02.obj,Chair_138,OB,SL,x,0.136445787,0.85267206,4.530925599,0.154841967,0.974935388,0.811952108,0.851072035,1.354312961,0.007293854,8.08E-07,0.015449691,0.865687048,0.440476277,0.901032611
Chair_138_03.obj,Chair_138,M,M,,0.990074659,0.004242081,12.50472413,0.079112346,0.819229885,0.820352213,0.971614979,1.120325245,4.48E-17,2.22E-16,0.172575373,2.702883389,0.62225268,0.978435791
Chair_138_04.obj,Chair_138,M,M,,0.990040619,0.004311784,12.50472413,0.079112346,0.819209824,0.820206302,0.971612279,1.14041933,4.13E-17,1.11E-16,0.034532107,0.815405055,0.031178219,0.978433787
Chair_138_05.obj,Chair_138,M,M,,0.988358599,0.006053352,12.50472413,0.078509645,0.615103657,0.800257451,0.961445706,1.02596023,2.90E-17,1.11E-16,0.183796363,2.835242985,0.591516438,0.97112748
Chair_138_06.obj,Chair_138,M,M,,0.988485115,0.005842866,12.50472413,0.078509645,0.615146001,0.801158948,0.961437807,1.022665483,5.33E-17,2.22E-16,0.183244492,2.833772003,0.605343798,0.971121109
Chair_171_01.obj,Chair_171,M,M,,0.991902292,0.006997921,27.18404254,0.036707548,0.761696842,1,1,1.008663148,1.28E-07,2.22E-16,0.036530872,0.897110043,0,1
Chair_171_02.obj,Chair_171,M,M,,0.991902292,0.006997921,27.18404254,0.036707548,0.761696842,1,1,1.008663148,1.28E-07,2.22E-16,0.036530872,0.897110043,0,1
Chair_171_03.obj,Chair_171,M,M,,0.991902292,0.006997921,27.18404254,0.036707548,0.761696842,1,1,1.008663148,1.28E-07,2.22E-16,0.036530872,0.897110043,0,1
Chair_171_04.obj,Chair_171,M,M,,0.997456568,0.000261762,25.3746498,0.039332108,0.799112424,0.917838938,0.983939493,1.003385797,5.38E-08,2.55E-08,0.239717633,2.983661589,0.444754996,0.987739631
Chair_171_05.obj,Chair_171,M,M,,0.997456568,0.000261766,25.37457055,0.039332231,0.799113403,0.917838736,0.983939471,1.003385442,5.66E-08,2.84E-08,0.23971759,2.98366157,0.444850919,0.987739614
Chair_171_06.obj,Chair_171,OB,CA,x,0.159947602,0.838367985,15.98156666,0.046058427,0.998386783,0.999999994,0.999999996,1.13106824,5.58E-09,3.78E-08,0.017420435,0.967070274,0.785398155,0.999999997
Chair_171_07.obj,Chair_171,M,M,,0.99601945,2.96E-05,10.64578589,0.093115861,0.732007914,0.868654276,0.97547427,1.009916787,3.68E-06,8.47E-10,0.39843906,4.418019716,0.192735445,0.982487983
Chair_171_08.obj,Chair_171,M,M,,0.996019423,2.97E-05,10.64578589,0.093115859,0.732006042,0.868660242,0.975476311,1.00991654,3.90E-06,1.29E-07,0.398458464,4.418056326,0.192702886,0.982489523
Chair_171_09.obj,Chair_171,M,M,,0.985146106,0.013810091,22.19999999,0.044594889,0.979145384,0.99919251,0.986642641,1.006805794,6.48E-08,3.49E-08,0.171619383,3.061607691,0.222592449,0.991916096
Chair_171_10.obj,Chair_171,M,M,,0.982791334,0.015999389,20.64999999,0.047868127,0.97892542,0.999131899,0.985759605,1.006805789,6.48E-08,3.49E-08,0.190659825,3.144499596,0.220505891,0.991386285
Chair_171_11.obj,Chair_171,M,M,,0.986143293,0.012879195,22.99999999,0.043073049,0.979242234,0.999205352,0.987053678,1.014848905,2.48E-07,4.35E-08,0.180648221,3.197175905,0.222023202,0.992162511
Chair_171_12.obj,Chair_171,M,M,,0.982807355,0.015979019,20.64999999,0.047868127,0.978920273,0.999131899,0.985759605,1.000003321,7.78E-09,4.34E-08,0.17794917,3.026882752,0.222592449,0.991386285
Chair_244_01.obj,Chair_244,SL,CA,x,0.790259088,0.171485572,3.261904012,0.260774895,0.655946217,0.975070926,0.924235939,1.044682004,0.153410879,0.620385709,0.061959124,1.469004392,0.179972148,0.953861774
Chair_244_02.obj,Chair_244,OB,CA,x,0.258557369,0.711447882,4.497140016,0.169310353,0.918078197,0.991560506,0.965852693,1.128831458,0.184665495,0.739910762,0.042452227,1.281248589,0.230714186,0.979075058
Chair_244_03.obj,Chair_244,M,CA,x,0.861035002,0.13800528,9.154926059,0.091447807,0.350294998,0.982555962,0.919309978,1.045283266,2.14E-09,7.22E-09,0.045631164,1.88425526,0.399200661,0.95816728
Chair_244_04.obj,Chair_244,M,CA,x,0.669834421,0.329271411,23.4082214,0.031028828,0.848291431,0.812221098,0.798953825,1.022977921,0.013207618,0.109937963,0.067016023,2.574265864,0.09614344,0.883561121
Chair_244_05.obj,Chair_244,M,M,,0.982756922,0.012068105,11.12049824,0.08841997,0.996196913,0.992798665,0.99152341,1.208543649,0.019143111,0.075758874,0.11189264,1.809548239,0.492534665,0.995833412
Chair_244_06.obj,Chair_244,M,CA,x,0.349140514,0.649920672,23.36240767,0.031089624,0.846806458,0.62707188,0.521968482,1.018485104,0.001666756,5.65E-07,0.067016133,2.574265696,0.096184363,0.776207877
Chair_244_07.obj,Chair_244,M,M,,0.98234855,0.012493139,11.1204857,0.088420066,0.996196956,0.959531097,0.983997079,1.223577613,0.06690211,0.422649731,0.111404844,1.807216971,0.524441096,0.990020572
Chair_244_08.obj,Chair_244,M,CA,x,0.730669917,0.268579223,29.94234041,0.025666019,0.943090135,0.955954318,0.941135393,1.047787017,2.41E-09,6.24E-09,0.039840618,2.095856567,0.398455049,0.962947894
Chair_244_09.obj,Chair_244,M,M,,0.99946037,4.96E-13,30.43981817,0.03281631,0.750017365,1,1,1.000012781,3.92E-17,1.11E-16,0.033530033,0.938484456,0,1
Chair_244_10.obj,Chair_244,M,M,,0.998913061,2.81E-09,21.7786096,0.045818616,0.781414386,0.99999774,0.999999864,1.000000119,7.82E-12,1.20E-11,0.196369853,2.851696857,0.628318468,0.999999893
Chair_267_01.obj,Chair_267,CA,CA,,0.113436303,0.78432039,2.19982816,0.330459476,0.476962206,0.903269181,0.828623091,1.659980636,0.004963899,3.58E-07,0.087252914,1.774442568,0.225137514,0.895640103
Chair_267_02.obj,Chair_267,SL,CA,x,0.371447862,0.604519198,3.241561298,0.236246599,0.431915682,0.792658316,0.780165001,1.171708616,0.011931938,2.86E-08,0.081973053,1.465178403,0.398286581,0.868164866
Chair_267_03.obj,Chair_267,SL,CA,x,0.367488423,0.608299689,3.246776676,0.236028326,0.433916346,0.790325903,0.777369614,1.167683247,0.012024759,4.20E-08,0.097514176,1.689584181,0.340634844,0.866869985
Chair_267_04.obj,Chair_267,SL,CA,x,0.015564651,0.969087338,9.369082544,0.077594276,0.648313099,0.752499793,0.635986647,1.150725677,2.32E-09,2.22E-16,0.038090593,0.827279483,0.272180824,0.822455848
Chair_267_05.obj,Chair_267,M,M,,0.997878961,2.42E-08,5.804526066,0.166901432,0.0917866,0.70977294,0.970556033,1.032620349,6.04E-09,2.54E-08,0.077006518,1.604062875,0.785285393,0.977670441
Chair_267_06.obj,Chair_267,M,M,,0.997878971,2.52E-08,5.804526066,0.166901432,0.091786121,0.70977438,0.97041196,1.032620712,9.44E-09,4.09E-08,0.067204636,1.457962494,0.777472742,0.977565092
Chair_267_07.obj,Chair_267,M,M,,0.997878965,3.37E-08,5.155790783,0.18054777,0.048695303,0.709763588,0.970463788,1.032621134,1.23E-08,6.25E-08,0.096099958,1.860336752,0.769496399,0.97760298
Chair_267_08.obj,Chair_267,M,M,,0.99787896,2.69E-08,5.155726278,0.180549955,0.048694859,0.709775343,0.9706892,1.032621192,1.16E-08,3.69E-08,0.077190184,1.60447697,0.785056716,0.977767889
Chair_267_09.obj,Chair_267,CA,SL,x,0.097673935,0.415482452,1.376326723,0.480936986,0.569332038,0.815533318,0.708906847,1.550847652,0.008070055,3.92E-07,0.060267009,1.54234801,0.212344343,0.845653432
Sofa_01_01.obj,Sofa_01,OB,OB,,0.897435897,1.06E-14,2.121320342,0.39223227,0.5,1,1,1,0,0,0.155737566,0.359245518,0,1
Sofa_01_02.obj,Sofa_01,OB,OB,,0.897435897,1.32E-14,2.121320342,0.39223227,0.5,1,1,1,0,0,0.155737566,0.359245518,0,1
Sofa_01_03.obj,Sofa_01,OB,CA,x,0.475152146,0.439984288,5.395760549,0.159328797,0.481797402,0.475734722,0.506577993,1.21927767,0.015174048,0.049496665,0.017509042,1.230931258,0.398766216,0.777859841
Sofa_01_04.obj,Sofa_01,CA,CA,,0.523725096,0.385466385,2.279494145,0.298271907,0.448182561,0.565515139,0.207709824,1.864511538,2.15E-05,5.80E-05,0.059910178,1.288682007,0.422318644,0.725474387
Sofa_01_05.obj,Sofa_01,CA,CA,,0.498904047,0.42310993,2.024198689,0.330827905,0.351062762,0.713710273,0.717772598,1.663171484,3.44E-05,0.000145878,0.082024676,1.681594323,0.386122415,0.837879886
Sofa_01_06.obj,Sofa_01,CA,CA,,0.408755099,0.428392011,2.033805282,0.328394898,0.3454718,0.567574631,0.416836677,1.392534445,0.000725652,1.61E-05,0.068153815,1.486139155,0.532814079,0.747129122
Sofa_01_07.obj,Sofa_01,CA,CA,,0.441950215,0.301912955,2.279499537,0.29627576,0.339466064,0.66318998,0.580769375,1.559121806,0.000177235,0.0007767,0.05406297,1.359795056,0.437117802,0.793102749
Sofa_01_08.obj,Sofa_01,OB,SL,x,0.589876966,0.405459424,20.85961621,0.038985921,0.546742837,0.580221906,0.437183413,1.246913419,4.63E-18,0,0.009614569,0.437235765,0.393229311,0.766605204
Sofa_01_09.obj,Sofa_01,OB,OB,,0.511500287,0.471849642,1.142247745,0.526355171,0.202452481,1,1,1.000001923,3.70E-18,0,0.020629272,0.177214039,0,1
Sofa_01_10.obj,Sofa_01,OB,OB,,0.511503014,0.471847536,1.142249251,0.52635492,0.202449568,1,1,1.00000673,1.48E-17,1.11E-16,0.020629247,0.177215223,0,1
Sofa_01_11.obj,Sofa_01,OB,OB,,0.88889032,7.69E-06,2.121407426,0.392219035,0.5,1,1,1.000020767,5.55E-17,2.22E-16,0.155738071,0.359248322,0,1
Sofa_01_12.obj,Sofa_01,OB,SL,x,5.15E-14,1,1763451338,0,0.5,0.5,7.24E-12,0,0,0,0.320783121,5.69E-12,8.04E-12,0.707106781
Sofa_01_13.obj,Sofa_01,OB,SL,x,1.29E-13,1,1763451338,0,0.5,0.5,6.57E-14,1.23E-32,1.11E-16,2.00E-16,0.320783121,5.20E-14,9.75E-14,0.707106781
Sofa_01_14.obj,Sofa_01,OB,SL,x,1.29E-13,1,1763451338,0,0.5,0.5,4.10E-14,0,0,0,0.320783121,6.41E-15,6.48E-14,0.707106781
Sofa_01_15.obj,Sofa_01,OB,SL,x,0.853850938,0.050031094,2.121320342,0.39223227,0.25,1,1,0.5,2.22E-17,1.11E-16,0.227751515,0.72372096,0.628318531,1
Sofa_02_01.obj,Sofa_02,OB,CA,x,0.840845633,0.154561784,11.66666666,0.078337723,0.99428515,0.947853847,0.968874106,2.50981013,1.19E-07,3.59E-13,0.033612197,1.903752069,0.570749144,0.976770871
Sofa_02_02.obj,Sofa_02,OB,CA,x,0.910605706,0.087016583,13.82442362,0.068982938,0.985668857,0.97958709,0.98862206,1.9864835,0.067278826,0.709644641,0.035234797,1.872985315,0.616689303,0.991488994
Sofa_02_03.obj,Sofa_02,OB,OB,,0.830343511,0.169656489,87453885347,0,0.5,1,1,0,0,0,0.006914995,0.391304348,0,1
Sofa_02_04.obj,Sofa_02,OB,OB,,0.893162393,8.69E-15,2.999999999,0.301511345,1,1,1,1.0816,9.08E-17,2.22E-16,0.105625505,0.49998023,1.40E-15,1
Sofa_02_05.obj,Sofa_02,OB,OB,,0.893162393,9.77E-12,2.999999999,0.301511345,1,1,1,1.0816,5.38E-17,1.55E-16,0.105628286,0.499999979,0,1
Sofa_02_06.obj,Sofa_02,OB,OB,,0.893162393,8.80E-15,2.999999999,0.301511345,1,1,1,1.0816,1.01E-16,2.22E-16,0.10562333,0.499964785,1.40E-15,1
Sofa_02_07.obj,Sofa_02,OB,OB,,0.893162393,9.77E-12,2.999999999,0.301511345,1,1,1,1.0816,6.39E-17,1.55E-16,0.105628288,0.499999988,6.28E-16,1
Sofa_02_08.obj,Sofa_02,OB,CA,x,0.714922427,0.274510552,7.099999999,0.119608326,0.986379433,0.675675467,0.689433158,2.073097342,4.53E-17,2.22E-16,0.099433942,2.392478081,0.383606407,0.826575255
Sofa_02_09.obj,Sofa_02,OB,CA,x,0.714922427,0.274510552,7.099999999,0.119608326,0.986379433,0.675675467,0.689433158,2.073097342,4.04E-17,2.22E-16,0.099433942,2.392478081,0.383606407,0.826575255
Sofa_02_10.obj,Sofa_02,OB,CA,x,0.170860613,0.813077241,6.983102127,0.105098031,0.990874877,0.876917424,0.887537173,1.001794692,6.47E-05,1.07E-07,0.136605351,3.229713165,0.040475766,0.925718168
Sofa_02_11.obj,Sofa_02,OB,CA,x,0.170860601,0.813077379,6.982958961,0.105100091,0.990872659,0.876918004,0.887537471,1.001787988,9.40E-05,1.20E-07,0.136605289,3.229709696,0.040478519,0.925718242
Sofa_02_12.obj,Sofa_02,OB,CA,x,0.798953863,0.184382598,3.965789924,0.224401961,0.638103337,0.99348386,0.947342823,1.012495156,0.001231526,0.000834242,0.217180679,3.283675672,0.156795518,0.967192896
Sofa_02_13.obj,Sofa_02,OB,CA,x,0.79895351,0.184382914,3.965798949,0.224401516,0.638104224,0.99348386,0.947345087,1.013096274,0.001231325,0.000826137,0.209423946,3.218960475,0.158329641,0.967193466
Sofa_03_01.obj,Sofa_03,OB,OB,,0,9.82E-08,1.000000049,0.57735025,1,1,1,1,0,0,0.205986353,0,0,1
Sofa_03_02.obj,Sofa_03,OB,OB,,0,9.82E-08,1.000000049,0.57735025,1,1,1,1,0,0,0.205986353,0,0,1
Sofa_03_03.obj,Sofa_03,OB,OB,,0,9.82E-08,1.000000049,0.57735025,1,1,1,1,0,0,0.205986353,0,0,1
Sofa_03_04.obj,Sofa_03,OB,OB,,0,9.82E-08,1.000000049,0.57735025,1,1,1,1,0,0,0.205986353,0,0,1
Sofa_03_05.obj,Sofa_03,OB,OB,,0,9.82E-08,1.000000049,0.57735025,1,1,1,1,0,0,0.205986353,0,0,1
Sofa_03_06.obj,Sofa_03,OB,OB,,0,9.82E-08,1.000000049,0.57735025,1,1,1,1,0,0,0.205986353,0,0,1
Sofa_03_07.obj,Sofa_03,CA,CA,,0.706408792,0.189130775,5.418515695,0.157865562,0.592901958,0.565287036,0.694305879,1.110088501,0.003375452,0.007637468,0.241513381,4.998191019,0.221514144,0.833570035
Sofa_03_08.obj,Sofa_03,OB,CA,x,0.572779888,0.370712809,4.941428069,0.176742633,0.984100988,0.999999999,1,1.05559928,0.021151648,0.08798403,0.134563377,2.246957949,0.585401226,1
Sofa_03_09.obj,Sofa_03,SL,CA,x,0.443624912,0.501447268,2.961757421,0.261261994,0.460494797,0.987623233,0.97667173,1.00715888,0.002929718,0.015738934,0.183865329,2.117263393,0.167933479,0.984777615
Sofa_03_10.obj,Sofa_03,SL,CA,x,0.754278737,0.240914952,9.407208551,0.09480704,0.779375869,0.998575232,0.977114904,1.280509556,0.01351554,0.056427282,0.140914707,2.319593808,0.208392504,0.986243547
Sofa_03_11.obj,Sofa_03,SL,CA,x,0.000351761,0.980095107,4.664680914,0.14988589,0.779375811,0.998560983,0.975809417,1.27760555,0.012910878,0.047829335,0.20012718,1.746466459,0.195773746,0.985182498
Sofa_03_12.obj,Sofa_03,SL,SL,,0.00035174,0.980095128,4.664680558,0.149885895,0.779375865,0.998560586,0.975809218,1.277605702,0.012910879,0.047829615,0.200127187,1.746466452,0.195773802,0.985182337
Sofa_03_13.obj,Sofa_03,SL,CA,x,0.44362492,0.501447261,2.961757306,0.261262,0.460494816,0.987623263,0.976671774,1.007158871,0.00292972,0.015738664,0.18386533,2.117263401,0.167936502,0.984777643
Sofa_03_14.obj,Sofa_03,SL,CA,x,0.443624945,0.501447239,2.961757306,0.261262,0.460494827,0.987623264,0.976671762,1.007158867,0.002929721,0.015738619,0.18386533,2.117263297,0.167940434,0.984777666
Sofa_03_15.obj,Sofa_03,SL,CA,x,0.348606972,0.549711968,1.610736725,0.435945154,0.309804903,0.986287208,0.975815486,1.001698963,0.002858379,0.013540519,0.289753529,2.102082313,0.170531954,0.984058831
Sofa_03_16.obj,Sofa_03,SL,CA,x,0.34860697,0.549711972,1.452923638,0.459099919,0.317281711,0.986287141,0.97581545,1.001698975,0.002858376,0.013540218,0.289753533,2.102082423,0.170530241,0.984058808
Sofa_03_17.obj,Sofa_03,SL,CA,x,0.348606969,0.549711972,1.45397702,0.461800425,0.32382709,0.986287149,0.975815382,1.00169897,0.002858375,0.013540729,0.289753526,2.102082372,0.170530442,0.984058788
Sofa_03_18.obj,Sofa_03,SL,CA,x,0.348606969,0.549711972,1.226546686,0.510194692,0.240523935,0.986287118,0.975815421,1.001698971,0.002858376,0.013541178,0.28975354,2.10208238,0.170536882,0.984058823
Sofa_03_19.obj,Sofa_03,SL,CA,x,0.348606968,0.549711972,1.034201851,0.570441449,0.230141966,0.986287079,0.975815318,1.001698983,0.002858375,0.013541325,0.289753522,2.102082439,0.170534802,0.984058738
Sofa_03_20.obj,Sofa_03,OB,SL,x,0.659565966,0.337525491,23.99999999,0.034647946,0.833333333,0.656722202,0.662531775,1.070154578,0,0,0.01118034,0.41504806,0.435262488,0.816198977
Sofa_04_01.obj,Sofa_04,M,CA,x,0.986410569,0.000383861,3.005361926,0.300898891,0.187492909,0.894692844,0.901975831,2.308540663,0.036077575,0.104923384,0.348755146,2.153148825,0.294489576,0.946315424
Sofa_04_02.obj,Sofa_04,M,CA,x,0.986410555,0.000383881,3.005365762,0.300898472,0.187492983,0.894694271,0.901975442,2.308541665,0.036076815,0.104926423,0.348754488,2.153147917,0.294491821,0.946315438
Sofa_04_03.obj,Sofa_04,M,CA,x,0.98641059,0.000383822,3.005365762,0.300898507,0.187493059,0.894693972,0.901973168,2.308533852,0.036079553,0.104924774,0.348753106,2.153147101,0.294482484,0.946314664
Sofa_04_04.obj,Sofa_04,M,CA,x,0.986410564,0.000383853,3.005361926,0.300898856,0.187492901,0.894692594,0.901975048,2.30853041,0.036080011,0.104926844,0.348754695,2.153148333,0.29448665,0.946315181
Sofa_04_05.obj,Sofa_04,OB,CA,x,0.846863456,0.141508684,8.344638304,0.110770312,0.896937551,0.99715104,0.972276792,1.087781048,0.000998634,0.003611996,0.545035234,5,0.022377221,0.983704442
Sofa_04_06.obj,Sofa_04,OB,SL,x,0.861474794,0.135298654,16.59511897,0.05695543,0.884325918,0.985952699,0.967568572,1.011188226,0.013186762,0.062248614,0.123363986,1.679968742,0.245809205,0.97777428
Sofa_04_08.obj,Sofa_04,OB,CA,x,0.714922178,0.274510456,7.099998701,0.119608323,0.986377454,0.675675467,0.689433158,2.073097342,4.45E-17,2.22E-16,5,2.392477497,0.383606407,0.826575255
Sofa_04_09.obj,Sofa_04,OB,CA,x,0.714922178,0.274510456,7.099998701,0.119608323,0.986377454,0.675675467,0.689433158,2.073097342,3.44E-17,2.22E-16,5,2.392477497,0.383606407,0.826575255
Sofa_04_10.obj,Sofa_04,OB,CA,x,0.798653835,0.184657271,3.965798539,0.224401511,0.638103211,0.99276895,0.947045653,1.015385558,0.001220583,0.000826067,5,3.218860837,0.158439172,0.966961788
Sofa_04_11.obj,Sofa_04,OB,CA,x,0.79864973,0.184658952,3.965789513,0.224401956,0.638102325,0.990884305,0.946105985,1.015385123,0.001162376,0.000834241,5,3.218878578,0.135541801,0.966281822
Sofa_04_12.obj,Sofa_04,OB,CA,x,0.170860552,0.813077142,6.982957689,0.105100089,0.990871312,0.876918004,0.887537471,1.001787988,9.40E-05,1.20E-07,5,3.229708582,0.040478519,0.925718242
Sofa_04_13.obj,Sofa_04,OB,CA,x,0.170860563,0.813077004,6.983100855,0.105098029,0.99087353,0.876917424,0.887537173,1.001794692,6.47E-05,1.07E-07,5,3.229712051,0.040475766,0.925718168
Sofa_05_01.obj,Sofa_05,OB,OB,,1.54E-11,0.884110457,2.937499998,0.234032207,1,1,1,1,0,0,0.10220672,3.86E-12,0,1
Sofa_05_02.obj,Sofa_05,CA,CA,,0.698484746,0.11237985,3.600123639,0.243742715,0.527796903,0.904526503,0.917815516,1.613054688,0.002571258,0.002437864,0.041675329,1.93877339,0.496006886,0.946641983
Sofa_05_03.obj,Sofa_05,OB,CA,x,0.906039707,0.074294577,4.543175615,0.190525021,0.842648712,0.999999554,0.999999755,1.52561472,1.24E-08,5.57E-08,0.094198613,1.83169757,0.666304295,0.999999807
Sofa_05_04.obj,Sofa_05,CA,CA,,0.587273913,0.355238339,8.142856825,0.111400842,0.811011749,0.58920698,0.65908803,1.148831989,2.28E-17,1.11E-16,0.041534387,1.795203678,0.511456871,0.820567796
Sofa_05_05.obj,Sofa_05,M,M,,0.979833376,0.016637837,28.50001313,0.034432233,0.391141482,0.475706724,0.812211716,1.139647628,2.71E-10,1.63E-09,0.057152914,1.589084693,0.557025297,0.884064808
Sofa_05_06.obj,Sofa_05,SL,CA,x,0.578186293,0.412906613,3.631808777,0.20397587,0.423698906,0.999999845,0.999999879,1.611673311,3.15E-17,1.11E-16,0.162757077,2.109786897,0.549663127,0.999999905
Sofa_05_07.obj,Sofa_05,SL,CA,x,0.707519453,0.286304475,4.361488871,0.182978856,0.423698844,0.999999876,0.999999896,1.611673311,6.77E-17,2.22E-16,0.148519663,2.206799542,0.549662912,0.999999918
Sofa_05_08.obj,Sofa_05,SL,OB,x,0.791505886,0.204091514,5.165789504,0.163233459,0.423699209,1,1,1.611673311,4.23E-17,2.22E-16,0.019495534,0.230236986,0,1
Sofa_05_09.obj,Sofa_05,SL,SL,,0.740103134,0.254408838,1.272884215,0.487026971,0.123841278,1,1,1.611673311,3.39E-17,2.22E-16,0.056649311,1.239684063,0.755624807,1
Sofa_05_10.obj,Sofa_05,SL,OB,x,0.702110085,0.291599618,4.321710829,0.184046096,0.423699209,1,1,1.611673311,4.38E-17,1.11E-16,0.021314523,0.144223762,0,1
Sofa_05_11.obj,Sofa_05,OB,OB,,0.041677628,0.856067378,2.999999998,0.229415734,0.989583333,1,1,1.074380165,1.53E-17,1.11E-16,0.099658853,0.004191112,0,1
Sofa_05_12.obj,Sofa_05,OB,OB,,4.60E-14,0.874452995,2.937499998,0.234032207,1,1,1,1,2.47E-17,1.11E-16,0.10220672,1.14E-14,0,1
Sofa_05_13.obj,Sofa_05,CA,CA,,0.951948536,0.044532273,7.751712,0.123194027,0.588459907,0.954096952,0.975705851,1.172021133,5.68E-17,2.22E-16,0.310369363,3.30063147,0.417285563,0.981952157
Sofa_06_01.obj,Sofa_06,SL,CA,x,0.843260525,0.141459355,3.472607041,0.263636956,0.54364701,0.998161458,0.986127389,2.070910035,1.19E-10,7.20E-10,0.112140388,2.444428498,0.406400711,0.992626505
Sofa_06_02.obj,Sofa_06,SL,CA,x,0.843260504,0.141459452,3.472607041,0.263636722,0.543641841,0.998162915,0.986126499,2.070918899,4.93E-09,2.22E-08,0.112140258,2.444428254,0.406395391,0.992626537
Sofa_06_03.obj,Sofa_06,SL,SL,,0.680548641,0.30117034,3.248284172,0.244609309,0.589253878,0.999301944,0.978100876,1.425640778,2.17E-10,8.25E-10,0.0501816,1.665343657,0.133442693,0.988352195
Sofa_06_04.obj,Sofa_06,SL,OB,x,0.849201957,0.12295875,4.599999999,0.183424495,0.949194938,1,1,1.087651767,2.07E-17,1.11E-16,0.01394603,0.240017154,0,1
Sofa_06_05.obj,Sofa_06,SL,OB,x,0.849201902,0.122958548,4.599999999,0.183424495,0.949195429,1,1,1.087651501,4.73E-17,2.22E-16,0.013946028,0.240017013,0,1
Sofa_06_06.obj,Sofa_06,OB,OB,,0.84,0.15,9.999999999,0.092450033,1,1,1,1,7.40E-17,1.72E-16,0.008823156,0.428571429,0,1
Sofa_06_07.obj,Sofa_06,SL,CA,x,0.68054883,0.301170162,3.248284172,0.244609309,0.589253952,0.999301973,0.978100718,1.425636407,2.17E-10,8.25E-10,0.094090498,2.240961043,0.218817921,0.988352462
Sofa_06_08.obj,Sofa_06,OB,SL,x,0.510561397,0.458314795,4.999999999,0.160868251,0.985520691,0.998437498,0.965791832,1.000004071,1.42E-10,7.01E-10,0.052980344,1.626563891,0.130898948,0.982581061
Sofa_06_09.obj,Sofa_06,OB,SL,x,0.510561224,0.458314957,4.999999999,0.160868251,0.98552051,0.998437453,0.965792015,1.000000042,2.34E-10,1.66E-09,0.052980345,1.62656454,0.130883404,0.98258077
Sofa_06_10.obj,Sofa_06,OB,OB,,0.842629447,0.14967444,8.999999999,0.101627643,0.712662338,1,1,1.276222719,2.28E-17,1.11E-16,0.008424131,0.390055979,0,1
Sofa_06_11.obj,Sofa_06,OB,SL,x,3.54E-09,0.524412191,1.562499999,0.412294458,0.8575,0.999999996,0.999999998,1.161208873,3.70E-18,0,0.080355656,8.03E-10,0,0.999999998
Sofa_06_12.obj,Sofa_06,OB,SL,x,3.56E-09,0.524412191,1.562499999,0.412294458,0.8575,0.999999501,0.999999682,1.161208873,1.11E-17,1.11E-16,0.080355656,8.03E-10,8.88E-16,0.99999975
Sofa_06_13.obj,Sofa_06,OB,OB,,1.98E-11,0.524412192,1.562499999,0.412294458,0.8575,1,1,1.161208874,4.81E-17,2.22E-16,0.080355656,9.14E-15,0,1
Sofa_06_14.obj,Sofa_06,OB,OB,,2.77E-15,0.524412192,1.562499999,0.412294458,0.8575,1,1,1.161208874,1.30E-16,3.94E-16,0.080355656,9.14E-15,0,1
Sofa_07_01.obj,Sofa_07,OB,OB,,4.24E-11,0.4375,1.333333333,0.468521286,1,1,1,1,0,0,0.084719111,1.06E-11,0,1
Sofa_07_02.obj,Sofa_07,OB,CA,x,0.707985829,0.265020148,7.599999999,0.108220038,0.976334221,0.645234537,0.636873278,1.583575992,1.34E-06,5.48E-07,0.153291426,3.350844751,0.085511486,0.806726543
Sofa_07_03.obj,Sofa_07,OB,OB,,3.88E-14,0.4375,1.333333333,0.468521286,1,1,1,1,0,0,0.084719111,9.63E-15,0,1
Sofa_07_04.obj,Sofa_07,OB,CA,x,0.707985829,0.265021114,7.599999239,0.108220049,0.976333551,0.645234521,0.636873332,1.583811036,1.27E-06,3.55E-07,0.15329144,3.350844934,0.085514779,0.806726562
Sofa_07_05.obj,Sofa_07,OB,OB,,2.50E-07,0.437499891,1.3333335,0.468521263,1,1,1,1,0,0,0.084719106,6.25E-08,0,1
Sofa_07_06.obj,Sofa_07,OB,OB,,2.50E-07,0.437499891,1.3333335,0.468521263,1,1,1,1,0,0,0.084719106,6.25E-08,0,1
Sofa_07_07.obj,Sofa_07,OB,CA,x,0.833251067,0.164034095,14.69043476,0.062853078,0.784092576,0.999969761,0.996194671,1.025326582,4.81E-07,1.21E-06,0.085716902,3.154758092,0.085890057,0.997813227
Sofa_07_08.obj,Sofa_07,OB,CA,x,0.95859105,0.034943751,7.065981432,0.134863109,0.773243973,0.999542971,0.991188479,1.603488048,0.002729916,1.08E-06,0.138913025,3.344732119,0.100165489,0.994987017
Sofa_07_09.obj,Sofa_07,OB,CA,x,0.790152802,0.205090203,9.750022499,0.088007412,0.995959591,0.998221555,0.992196183,1.684099238,1.59E-08,3.31E-08,0.094093226,3.426383518,0.102048587,0.995344982
Sofa_07_10.obj,Sofa_07,OB,CA,x,0.823131105,0.163525208,5.571423061,0.153901015,0.996810576,0.999923207,0.993338657,1.641287561,5.05E-09,3.58E-08,0.090933945,3.339679953,0.10625272,0.996160707
Sofa_07_11.obj,Sofa_07,OB,OB,,0.511503967,0.471845947,1.142250349,0.526354508,0.202448757,1,1,1,1.48E-17,1.11E-16,5,0.177215602,0,1
Sofa_07_12.obj,Sofa_07,OB,OB,,0.888862013,3.00E-06,2.121333796,0.392229491,0.499570562,1,1,1.000004507,3.70E-17,1.11E-16,5,0.359242508,0,1
Sofa_07_13.obj,Sofa_07,OB,SL,x,5.04E-14,0.999742812,1763451.338,0,0.5,0.5,1.61E-14,1.23E-32,1.33E-16,2.00E-16,5,1.26E-14,3.08E-14,0.707106781
Sofa_07_14.obj,Sofa_07,OB,SL,x,0,0.999742812,1763451.338,0,0.5,0.5,1.61E-14,1.05E-32,6.66E-17,1.11E-16,5,1.78E-14,2.49E-14,0.707106781
Sofa_07_15.obj,Sofa_07,OB,SL,x,0,0.999742812,1763451.338,0,0.5,0.5,7.23E-12,1.05E-32,4.44E-17,1.11E-16,5,5.68E-12,8.03E-12,0.707106781
Sofa_08_01.obj,Sofa_08,OB,CA,x,0.530383959,0.411456658,3.474692823,0.224147289,0.648381328,0.999874837,0.990551483,1.000350963,0.000450969,0.000128714,0.361951902,3.46358542,0.036424892,0.994884403
Sofa_08_02.obj,Sofa_08,OB,CA,x,0.530383959,0.411456658,3.474692823,0.224147289,0.648381328,0.999874837,0.990551483,1.000350963,0.000450969,0.000128714,0.361951902,3.46358542,0.036424892,0.994884403
Sofa_08_03.obj,Sofa_08,OB,CA,x,0.530383959,0.411456658,3.474692823,0.224147289,0.648381328,0.999874837,0.990551483,1.000350963,0.000450969,0.000128714,0.361951902,3.46358542,0.036424892,0.994884403
Sofa_08_04.obj,Sofa_08,OB,CA,x,0.530383959,0.411456658,3.474692823,0.224147289,0.648381328,0.999874837,0.990551483,1.000350963,0.000450969,0.000128714,0.361951902,3.46358542,0.036424892,0.994884403
Sofa_08_05.obj,Sofa_08,OB,CA,x,0.530383959,0.411456658,3.474692823,0.224147289,0.648381328,0.999874837,0.990551483,1.000350963,0.000450969,0.000128714,0.361951902,3.46358542,0.036424892,0.994884403
Sofa_08_06.obj,Sofa_08,OB,CA,x,0.530383959,0.411456658,3.474692823,0.224147289,0.648381328,0.999874837,0.990551483,1.000350963,0.000450969,0.000128714,0.361951902,3.46358542,0.036424892,0.994884403
Sofa_08_07.obj,Sofa_08,OB,CA,x,0.624826575,0.330698566,4.880998655,0.174024594,0.984938439,0.996008843,0.984567358,1.002191127,0.007632384,0.02017353,0.359699504,4.058583515,0.028304879,0.991130591
Sofa_08_08.obj,Sofa_08,OB,CA,x,0.624778006,0.330734453,4.880998655,0.174024594,0.984938421,0.996044675,0.984592065,1.000758223,0.007665438,0.020178695,0.370187947,4.115877611,0.025294758,0.991152748
Sofa_08_09.obj,Sofa_08,OB,OB,,0.752335499,0.238566138,9.941176469,0.089504682,0.999135575,1,1,1.111111119,4.47E-17,2.22E-16,0.007591516,0.330708661,0,1
Sofa_08_10.obj,Sofa_08,OB,OB,,0.277775,2.78E-06,1.000001666,0.577349948,0.70370392,0.833333611,0.884591536,1.123620195,2.22E-17,1.11E-16,0.124589526,0.160709791,0.165148677,0.923563608
Sofa_08_11.obj,Sofa_08,OB,OB,,0.277773611,1.39E-06,1.0000025,0.577349467,0.703704244,0.83333375,0.884591588,1.123620195,4.81E-17,1.72E-16,0.124589463,0.160709444,0.165148677,0.92356364
Sofa_08_12.obj,Sofa_08,OB,OB,,0.277773611,4.17E-06,1.0000025,0.577349788,0.703704028,0.83333375,0.884591588,1.123620195,3.70E-17,1.11E-16,0.124589463,0.160709444,0.165148677,0.92356364
Sofa_08_13.obj,Sofa_08,OB,CA,x,0.277777778,3.79E-11,1,0.577350269,0.703703704,0.833333333,0.884591411,1.123620195,2.59E-17,1.11E-16,0.12458963,0.733990011,0.752657951,0.923563534
Sofa_08_14.obj,Sofa_08,OB,CA,x,0.958729562,0.03970446,11.26668667,0.084679346,0.726429838,0.999929356,0.995746535,1.138685675,1.76E-08,1.08E-07,0.099744255,3.443465962,0.32630923,0.997673601
Sofa_08_15.obj,Sofa_08,OB,CA,x,0.328021202,0.615264393,3.777779444,0.200197773,0.954261266,0.993099459,0.970680275,1.045606671,0.001374772,7.15E-08,0.199116053,3.360271825,0.027528167,0.983302081
Sofa_08_16.obj,Sofa_08,OB,CA,x,0.328022519,0.615263076,3.777779444,0.200197773,0.954261946,0.993099076,0.970671947,1.045058307,0.000305396,2.69E-06,0.199116093,3.360258189,0.027661005,0.983299014
Sofa_08_17.obj,Sofa_08,OB,CA,x,0.32802164,0.615263955,3.777779444,0.200197773,0.9542615,0.993099331,0.970676686,1.045757888,0.001165143,1.84E-06,0.199116068,3.360265167,0.027610951,0.983300887
Sofa_09_01.obj,Sofa_09,OB,CA,x,0.944129774,0.054886857,26.48944884,0.034955176,0.987325485,0.989276095,0.994959974,1.123905296,0.006392874,4.37E-09,0.026868231,1.761176212,0.662105527,0.996076558
Sofa_09_02.obj,Sofa_09,OB,CA,x,0.956350803,0.041415594,16.4263657,0.059252148,0.92106386,0.963147204,0.98884763,1.286166181,0.004057951,2.10E-09,0.035781236,1.957060499,0.688001246,0.991363975
Sofa_09_03.obj,Sofa_09,OB,CA,x,0.77843787,0.21056661,7.923460878,0.112583836,0.969740222,0.912162678,0.928495694,1.612698203,0.009691308,6.08E-08,0.112616988,2.592957578,0.068962568,0.9523609
Sofa_09_04.obj,Sofa_09,OB,CA,x,0.777204566,0.215140921,9.147795537,0.097670419,0.96519538,0.919240006,0.932738301,1.343491966,0.004547392,3.61E-05,0.112603575,2.592751674,0.065815678,0.955274154
Sofa_09_05.obj,Sofa_09,OB,CA,x,0.866172618,0.125954435,8.30072577,0.111984584,0.954011541,0.997942865,0.965843124,1.000016132,1.20E-08,5.74E-08,0.175474251,2.665164746,0.079953725,0.981438635
Sofa_09_06.obj,Sofa_09,OB,CA,x,0.830754479,0.159060037,8.279065115,0.110735826,0.989688368,0.989804432,0.973669709,1.013230693,0.000218249,9.65E-08,0.111106818,2.673380916,0.078740164,0.984661901
Sofa_09_07.obj,Sofa_09,M,CA,x,0.940122785,1.33E-06,2.879807691,0.311689984,0.776454621,0.999999848,0.999999935,1.013840666,4.22E-17,2.22E-16,0.502522972,2.500107917,0.566745114,0.999999949
Sofa_09_08.obj,Sofa_09,M,CA,x,0.930556572,6.32E-07,2.674107142,0.330574466,0.776460048,0.999999852,0.999999937,1.013840666,3.91E-17,1.11E-16,0.484243254,2.446410577,0.566745203,0.999999951
Sofa_09_09.obj,Sofa_09,M,CA,x,0.921337449,0.00188438,2.53576315,0.344416359,0.776456541,0.972329721,0.987632866,1.041024156,0.009165326,2.91E-10,0.471551421,2.406811766,0.566732749,0.990426734
Sofa_09_10.obj,Sofa_09,M,CA,x,0.9471961,0.003648154,3.119791666,0.291940006,0.77646261,0.999911102,0.999961519,1.031837156,0.00123358,0.008556315,0.52373795,2.557924523,0.566596993,0.999969779
Sofa_09_11.obj,Sofa_09,OB,CA,x,0.830792742,0.159008359,8.279069766,0.110735774,0.989688806,0.999174023,0.978024436,1.000023696,1.74E-08,7.26E-08,0.103718684,2.570095334,0.05914275,0.987977212
Sofa_09_12.obj,Sofa_09,OB,CA,x,0.866172614,0.125954415,8.300638713,0.111985744,0.953997716,0.997942863,0.965843112,1.000015433,3.77E-09,2.09E-08,0.175474251,2.665164835,0.079953588,0.981438627
Sofa_09_13.obj,Sofa_09,OB,CA,x,0.335456525,0.652790478,8.196402324,0.093950927,0.993262579,0.999569566,0.982739925,1.00001292,1.06E-08,6.82E-08,0.074858199,2.365728985,0.059145784,0.990531771
Sofa_09_14.obj,Sofa_09,OB,CA,x,0.335457475,0.652789631,8.196418603,0.093950772,0.993261672,0.999569449,0.982735641,1.000002365,3.31E-08,1.58E-07,0.074858085,2.36573321,0.058998159,0.990530434
Sofa_10_01.obj,Sofa_10,OB,SL,x,0.665688524,0.322142385,10.49998986,0.078995294,0.839288119,0.663353143,0.664657226,1.246802568,1.78E-13,1.27E-12,0.013255164,0.801141486,0.39368729,0.818956254
Sofa_10_02.obj,Sofa_10,OB,OB,,0.494320988,0.477901415,6.000019459,0.134589629,1,1,1,1,0,0,0.015677076,0.168831169,0,1
Sofa_10_03.obj,Sofa_10,OB,SL,x,0.656980931,0.330836113,10.499985,0.078736421,0.843050752,0.662177124,0.659585182,1.24691358,6.94E-18,7.22E-17,0.009396625,0.408426925,0.447110776,0.817175854
Sofa_10_04.obj,Sofa_10,OB,OB,,0.829510926,0.16112389,10.33336685,0.089093079,1,1,1,1,0,0,0.011945944,0.415525114,0,1
Sofa_10_05.obj,Sofa_10,OB,OB,,0.89514719,0.099750795,14.00003572,0.067798206,1,1,1,1,0,0,0.009956631,0.51079101,0,1
Sofa_10_06.obj,Sofa_10,OB,OB,,5.82E-16,0.277777778,1.199999999,0.507673082,1,1,1,1.0816,0,0,0.198301071,4.76E-15,0,1
Sofa_10_07.obj,Sofa_10,OB,OB,,4.45E-11,0.277777778,1.199999999,0.507673082,1,1,1,1.0816,2.02E-17,1.11E-16,0.198301071,1.11E-11,0,1
Sofa_10_08.obj,Sofa_10,OB,SL,x,9.90E-11,0.277777778,1.199999999,0.507673082,1,0.999999897,0.999999934,1.0816,2.69E-17,1.11E-16,0.198301071,2.47E-11,0,0.999999948
Sofa_10_09.obj,Sofa_10,OB,SL,x,9.02E-14,0.277777778,1.199999999,0.507673082,1,0.999907702,0.999941236,1.0816,9.42E-17,1.11E-16,0.198301071,2.47E-14,0,0.99995385
Sofa_10_10.obj,Sofa_10,OB,SL,x,8.95E-14,0.277777778,1.199999999,0.507673082,1,0.999991865,0.999994821,1.0816,3.70E-17,1.11E-16,0.297451607,2.26E-14,0,0.999995933
Sofa_10_11.obj,Sofa_10,OB,CA,x,0.601340407,0.349680362,4.666666666,0.177393719,0.997508136,0.995853751,0.957001495,1.005724706,4.49E-17,2.22E-16,0.275934601,3.250337834,0.026264161,0.976765667
Sofa_10_12.obj,Sofa_10,OB,CA,x,0.601340394,0.349680373,4.666666666,0.177393719,0.997508136,0.995853862,0.957001566,1.005724555,5.07E-17,2.22E-16,0.275934601,3.250337038,0.026263925,0.976765714
Sofa_10_13.obj,Sofa_10,OB,CA,x,0.601340528,0.349680256,4.666646666,0.17739424,0.997508843,0.995854461,0.957009431,1.005735061,4.57E-17,2.22E-16,0.275935095,3.250323092,0.026461443,0.976768953
Sofa_10_14.obj,Sofa_10,M,M,,0.997186449,0.002578273,65.21416555,0.015310753,0.999915778,1,1,1,7.40E-17,1.72E-16,5,0.899260237,0,1
Sofa_11_01.obj,Sofa_11,CA,CA,,0.605898192,0.321457427,1.721212121,0.429069609,0.772919796,0.961834964,0.971087672,1.628637831,5.35E-11,2.22E-16,0.022318538,1.439651224,0.627855006,0.978124138
Sofa_11_02.obj,Sofa_11,OB,OB,,7.93E-11,0.15395252,1.065217391,0.553054019,1,1,1,1.04,0,0,0.158607875,1.98E-11,0,1
Sofa_11_03.obj,Sofa_11,OB,OB,,7.92E-11,0.15395252,1.065217391,0.553054019,1,1,1,1.04,6.22E-17,1.11E-16,0.158607875,1.98E-11,0,1
Sofa_11_04.obj,Sofa_11,OB,OB,,7.93E-11,0.15395252,1.065217391,0.553054019,1,1,1,1.04,0,0,0.158607875,1.98E-11,0,1
Sofa_11_05.obj,Sofa_11,OB,OB,,7.92E-11,0.15395252,1.065217391,0.553054019,1,1,1,1.04,6.22E-17,1.11E-16,0.158607875,1.98E-11,0,1
Sofa_11_06.obj,Sofa_11,M,OB,x,0.913778312,3.20E-16,2.39999901,0.358979026,0.77622913,1,1,1.013840666,2.35E-17,1.11E-16,5,1.081995005,0.785398163,1
Sofa_11_07.obj,Sofa_11,M,CA,x,0.913166208,0.000124617,2.414874632,0.357333362,0.78587278,0.999219267,0.996838039,1.040997219,0.009174253,3.84E-12,5,2.42204953,0.48606962,0.997607319
Sofa_11_08.obj,Sofa_11,CA,CA,,0.790220751,0.198424919,3.699999809,0.228184307,0.721279191,0.996421518,0.997436148,1.516442964,0.00418566,1.66E-07,5,2.549190117,0.499299428,0.99799422
Sofa_12_01.obj,Sofa_12,OB,SL,x,0.812254742,0.139354668,4.117640481,0.21785953,0.903921448,0.745256411,0.839920947,1.568384924,0.006423028,1.35E-12,0.015918943,0.961835818,0.686503493,0.894939448
Sofa_12_02.obj,Sofa_12,OB,SL,x,0.900191348,0.059784538,4.374997707,0.208567674,0.995342978,0.946118388,0.961449425,1.357556686,2.36E-17,1.11E-16,0.027439081,1.522429294,0.520792663,0.97294777
Sofa_12_03.obj,Sofa_12,OB,CA,x,0.44176727,0.525781219,4.399997999,0.184553434,0.996251538,0.869823744,0.910119954,1.723926428,0.001971545,2.22E-16,0.051500803,1.843897869,0.638631341,0.936296405
Sofa_12_04.obj,Sofa_12,OB,CA,x,0.785220038,0.167961518,4.399997999,0.184553434,0.996251709,0.871547713,0.907228242,1.548199024,3.71E-10,2.37E-10,0.051599751,1.851741546,0.497657385,0.935420247
Sofa_12_05.obj,Sofa_12,M,CA,x,0.84653835,0.002108339,1.801379856,0.43664503,0.777650345,0.987197102,0.990381437,1.137777778,5.32E-17,2.22E-16,0.812103566,2.131796895,0.537314408,0.992561165
Sofa_12_06.obj,Sofa_12,M,CA,x,0.846734762,7.67E-07,1.814662472,0.434658885,0.789158066,0.999999972,0.999999974,1.013840666,6.83E-17,2.22E-16,0.813355065,2.131476682,0.566745111,0.99999998
Sofa_12_07.obj,Sofa_12,M,CA,x,0.846709602,4.01E-05,1.806557804,0.435866979,0.782133794,0.999999954,0.999999965,1.013840666,6.72E-17,2.22E-16,0.815456022,2.136269881,0.566744923,0.999999973
Sofa_12_08.obj,Sofa_12,M,CA,x,0.846705517,2.91E-05,1.803101334,0.436376984,0.779122326,1,1,1.096313912,2.87E-17,1.11E-16,0.688338295,1.941900918,0.605847673,1
Sofa_13_01.obj,Sofa_13,OB,CA,x,0.497051054,0.464636602,4.249999866,0.188771677,0.996371583,0.815690484,0.860243063,1.494597582,2.08E-06,2.10E-11,0.115890655,2.442502396,0.481288479,0.906319882
Sofa_13_02.obj,Sofa_13,OB,CA,x,0.497051054,0.464636602,4.249999866,0.188771677,0.996371583,0.815690484,0.860243063,1.494597588,2.08E-06,2.10E-11,0.115890655,2.442502396,0.481288479,0.906319882
Sofa_13_03.obj,Sofa_13,OB,CA,x,0.842958098,0.138598619,6.303025123,0.150697621,0.911363881,0.975292992,0.991164208,1.168883006,3.93E-09,2.57E-09,0.021356052,1.353013028,0.777255111,0.993132301
Sofa_13_04.obj,Sofa_13,OB,CA,x,0.943652911,0.020525741,6.303030303,0.152125436,0.997978114,0.99820232,0.99937973,1.401926335,3.77E-15,2.22E-16,0.04570554,2.202562747,0.650159361,0.999513231
Sofa_13_05.obj,Sofa_13,M,OB,x,0.851849697,2.11E-06,1.874999999,0.425797036,0.776462889,1,1,1.04,2.69E-17,1.11E-16,0.163946765,0.304347826,0,1
Sofa_13_06.obj,Sofa_13,M,OB,x,0.851851811,4.21E-12,1.874999999,0.425797036,0.776457349,1,1,1.04,3.70E-17,2.22E-16,0.163946765,0.304347826,0,1
Sofa_13_07.obj,Sofa_13,M,OB,x,0.851849697,2.11E-06,1.874999999,0.425797036,0.776462889,1,1,1.04,9.08E-17,2.22E-16,0.163946765,0.304347826,0,1
Sofa_13_08.obj,Sofa_13,M,OB,x,0.851851811,4.21E-12,1.874999999,0.425797036,0.776457349,1,1,1.04,7.81E-17,2.22E-16,0.163946765,0.304347826,0,1
Sofa_14_01.obj,Sofa_14,SL,CA,x,0.635876101,0.335723126,5.666666666,0.146559591,0.99768079,0.993533119,0.969044172,1.110831219,5.28E-17,2.22E-16,0.090528067,2.457690198,0.356873806,0.982739528
Sofa_14_02.obj,Sofa_14,M,CA,x,0.913723826,0.000126676,2.409638553,0.357905335,0.7825653,0.998616268,0.996623579,1.02704532,0.009041305,1.87E-10,0.747294887,2.474555978,0.454905515,0.997501354
Sofa_14_03.obj,Sofa_14,M,CA,x,0.913782644,5.70E-06,2.399999999,0.358979079,0.776488728,1,1,1.013840666,6.72E-17,2.22E-16,0.479298391,1.921789861,0.653042409,1
Sofa_14_04.obj,Sofa_14,OB,OB,,0.657088616,0.331724982,9.866666665,0.087550295,1,1,1,1.130230062,0.151348305,0.5,0.007355404,0.270433692,0,1
Sofa_14_05.obj,Sofa_14,SL,CA,x,0.545529403,0.430062961,5.666666666,0.146559591,0.99768079,0.950002601,0.941861521,1.286292722,0.003914691,2.22E-16,0.090582529,2.459084968,0.308484075,0.962858943
Sofa_14_06.obj,Sofa_14,M,CA,x,0.913789111,2.28E-15,2.399999999,0.358979079,0.776456167,1,1,1.013840666,3.96E-17,1.11E-16,0.426043417,1.772440035,0.680174762,1
Sofa_14_07.obj,Sofa_14,M,CA,x,0.913177006,0.000124618,2.414875633,0.357333415,0.786105494,0.999219267,0.996838039,1.040997219,0.009174253,3.84E-12,0.720125902,2.422053499,0.48606962,0.997607319
Sofa_14_08.obj,Sofa_14,CA,CA,,0.789688901,0.198737598,3.7,0.228184309,0.721279317,0.991364131,0.99484665,1.453870489,0.011775522,2.58E-05,0.054816761,2.549239135,0.51214967,0.995977382
Sofa_15_01.obj,Sofa_15,SL,SL,,2.02E-05,0.794678746,2.122066538,0.321707348,0.439613058,0.707128772,0.500045698,1.041230375,2.05E-10,8.79E-10,0.528484217,0.499988802,0.192465036,0.765378484
Sofa_15_02.obj,Sofa_15,SL,SL,,1.17E-05,0.794662556,3.152687401,0.218852892,0.707120542,0.707120553,0.500029921,1.04123282,6.92E-17,3.33E-16,0.528495144,0.499999942,0.192379568,0.765374317
Sofa_15_03.obj,Sofa_15,SL,SL,,6.83E-05,0.794617624,3.152776535,0.218847001,0.70710055,0.707100561,0.499986468,1.04123282,1.13E-17,1.11E-16,0.528487673,0.499999941,0.192379561,0.765363497
Sofa_15_04.obj,Sofa_15,SL,SL,,3.64E-05,0.794670007,2.122066538,0.321699517,0.439600629,0.70710878,0.500002245,1.041230375,2.05E-10,8.79E-10,0.528476746,0.499988802,0.192409307,0.765367664
Sofa_15_05.obj,Sofa_15,M,SL,x,0.841290061,0.157774066,24.79513132,0.037492384,0.93455276,0.925976044,0.943496793,1.314145495,1.59E-10,9.84E-10,0.017471133,0.840107166,0.68077021,0.960609168
Sofa_15_06.obj,Sofa_15,M,CA,x,0.841290061,0.157774013,24.79372932,0.037494501,0.934550981,0.925976044,0.943496793,1.314145496,1.59E-10,9.84E-10,0.017471133,0.840107166,0.68077021,0.960609168
Sofa_15_07.obj,Sofa_15,OB,SL,x,0.114980957,0.83494834,4.187398403,0.171082577,0.821043983,0.999682715,0.999677479,1.408834112,1.50E-07,7.85E-07,0.03762584,1.360984233,0.684777053,0.99974783
Sofa_15_08.obj,Sofa_15,OB,CA,x,0.173413967,0.788552035,4.768994692,0.150790706,0.996735058,0.990702632,0.994051325,1.572235511,2.52E-17,1.11E-16,0.025078329,1.200353574,0.76914755,0.995360575
Sofa_15_09.obj,Sofa_15,OB,SL,x,0.372979884,0.601927912,5.783668449,0.133305991,0.989033641,0.874816889,0.894299682,1.204498964,6.93E-12,2.22E-16,0.039319955,1.362398228,0.283618949,0.927957139
Sofa_15_10.obj,Sofa_15,OB,SL,x,0.392620132,0.580310354,5.766977497,0.133684924,0.989140217,0.917497078,0.92996753,1.23297781,0.003028112,1.56E-12,0.034985871,1.331351203,0.331391131,0.950745058
Sofa_15_11.obj,Sofa_15,M,M,,0.997186593,0.002578273,65.21424624,0.015310753,1,1,1,1,1.18E-16,2.22E-16,0.03298604,0.899260269,0,1
Sofa_15_12.obj,Sofa_15,M,M,,0.997186465,0.002578402,65.21424624,0.015310752,1,1,1,1,4.44E-17,1.72E-16,0.032985664,0.89925809,0,1
Sofa_15_13.obj,Sofa_15,M,M,,0.997186465,0.002578365,65.20910802,0.015311958,1,1,1,1,7.40E-17,1.72E-16,0.032985664,0.89925809,0,1
Sofa_15_14.obj,Sofa_15,OB,CA,x,0.103080369,0.864511823,5.572980813,0.13000363,0.993737064,0.998544163,0.974956187,1.169749132,1.40E-07,6.00E-07,0.07609,2.019728887,0.208813079,0.985166054
Sofa_17_01.obj,Sofa_17,CA,CA,,0.085476789,0.781521761,2.181871456,0.356317372,0.697911437,0.914991555,0.940530155,1.502878941,0.013065078,9.67E-06,0.02632057,1.342086307,0.68704284,0.956401884
Sofa_17_02.obj,Sofa_17,OB,CA,x,0.668727229,0.294927209,2.662191909,0.280360329,0.498185938,0.790972875,0.830106653,1.86128836,0.02029,0.115272287,0.045559909,1.349302468,0.640785853,0.889930601
Sofa_17_03.obj,Sofa_17,OB,CA,x,0.757866593,0.18971585,3.918816381,0.220409658,0.941118357,0.775226744,0.839642219,1.205318424,1.36E-06,3.51E-12,0.022241408,0.862803221,0.707381116,0.894846947
Sofa_17_04.obj,Sofa_17,OB,SL,x,4.50E-11,0.958399789,5.069749628,0.138138516,0.972668334,0.999942841,0.99996361,1.0816,1.01E-17,1.11E-16,0.09004403,1.12E-11,1.78E-15,0.99997142
Sofa_17_05.obj,Sofa_17,OB,SL,x,4.06E-06,0.958395894,5.069759787,0.138138378,0.972668334,1,1,1.0816,2.36E-17,1.11E-16,0.090043938,1.02E-06,1.14E-14,1
Sofa_17_06.obj,Sofa_17,OB,CA,x,0.668727229,0.294927209,2.738213517,0.272970381,0.514410742,0.790972875,0.830106653,1.86128836,0.02029,0.115272287,0.045559909,1.349302468,0.640785853,0.889930601
Sofa_17_07.obj,Sofa_17,OB,SL,x,0.751432345,0.196021546,4.13044229,0.20948927,0.998210609,0.793357666,0.856143721,1.178926887,1.34E-06,2.59E-13,0.022270263,0.86507989,0.702637583,0.903945882
Sofa_17_08.obj,Sofa_17,OB,OB,,4.50E-11,0.958399789,4.999987294,0.140028357,1,1,1,1.0816,4.04E-17,1.55E-16,0.09004403,1.12E-11,0,1
Sofa_17_09.obj,Sofa_17,OB,OB,,4.06E-06,0.958395894,4.999997454,0.140028218,1,1,1,1.0816,1.35E-17,1.11E-16,0.090043938,1.02E-06,0,1
Sofa_17_10.obj,Sofa_17,OB,SL,x,0.188288323,0.77617152,3.60538578,0.197683137,0.714719611,0.975602296,0.981296319,2.078887678,0.012881665,0.029069714,0.036474386,1.156792994,0.62625426,0.986017871
Sofa_17_11.obj,Sofa_17,M,M,,0.994021268,0.005978732,920.9720201,0.001082582,0.999999999,0.584203735,0.906641558,1.55E-25,4.04E-17,1.11E-16,0.433751158,1.011776844,0.81415166,0.948784547
Sofa_17_12.obj,Sofa_17,OB,SL,x,0.189889702,0.77409504,3.558246195,0.199663168,0.729472804,0.922504222,0.943348296,2.070992568,0.012851846,0.028716285,0.036472363,1.156880163,0.620666389,0.958720004
Sofa_17_13.obj,Sofa_17,M,M,,0.994021268,0.005978732,5366268119,0,0.5,0.584203735,0.906641558,1.23E-32,6.06E-17,1.11E-16,0.433751158,1.011776844,0.81415166,0.948784547
Sofa_17_14.obj,Sofa_17,OB,OB,,0.277769619,4.17E-06,1.00000231,0.577349725,0.703656101,0.83333375,0.884591588,1.123620195,3.33E-17,1.11E-16,5,0.160709411,0.165148677,0.92356364
Sofa_17_15.obj,Sofa_17,OB,OB,,0.277769619,1.39E-06,1.00000231,0.577349404,0.703656317,0.83333375,0.884591588,1.123620195,1.11E-17,1.11E-16,5,0.160709411,0.165148677,0.92356364
Sofa_17_16.obj,Sofa_17,OB,OB,,0.277771008,2.78E-06,1.000001477,0.577349885,0.703655993,0.833333611,0.884591536,1.123620195,5.18E-17,2.22E-16,5,0.160709758,0.165148677,0.923563608
Sofa_17_17.obj,Sofa_17,OB,OB,,0.752335444,0.23856612,9.94117514,0.08950468,0.999135094,1,1,1.111111119,3.70E-17,2.22E-16,5,0.330708655,0,1
Sofa_18_01.obj,Sofa_18,OB,OB,,0.893162393,1.85E-16,2.999999999,0.301511345,1,1,1,1.0816,2.02E-17,1.11E-16,0.105473449,0.498898709,0,1
Sofa_18_02.obj,Sofa_18,OB,OB,,0.893162393,9.26E-17,2.999999999,0.301511345,1,1,1,1.0816,1.01E-17,1.11E-16,0.102448462,0.476726527,0,1
Sofa_18_03.obj,Sofa_18,OB,OB,,0.893162393,7.94E-17,2.999999999,0.301511345,1,1,1,1.0816,0,0,0.103659773,0.485758392,0,1
Sofa_18_04.obj,Sofa_18,OB,OB,,0.893162393,9.26E-17,2.999999999,0.301511345,1,1,1,1.0816,0,0,0.100497105,0.461730533,0,1
Sofa_18_05.obj,Sofa_18,OB,CA,x,0.793744461,0.194511471,6.999999999,0.123524705,0.991169072,0.893043687,0.919986925,2.53319103,3.49E-17,2.22E-16,0.062717555,1.824510049,0.439222756,0.94381444
Sofa_18_06.obj,Sofa_18,OB,CA,x,0.793744461,0.194511471,6.999999999,0.123524705,0.991169072,0.893043687,0.919986925,2.53319103,4.05E-17,2.22E-16,0.062717555,1.824510049,0.439222756,0.94381444
Sofa_18_07.obj,Sofa_18,OB,CA,x,0.17086085,0.813077032,6.983019326,0.105099445,0.990869618,0.876922064,0.887534712,1.001594095,0.000346584,5.71E-07,0.136605189,3.229714322,0.040366646,0.925719189
Sofa_18_08.obj,Sofa_18,OB,CA,x,0.170860362,0.813077488,6.982948704,0.105099959,0.990877284,0.876919059,0.887535213,1.001807618,0.000193496,1.32E-06,0.136605294,3.229709935,0.040474867,0.925718194
Sofa_18_09.obj,Sofa_18,OB,CA,x,0.800298019,0.183210248,3.965779976,0.224402377,0.63810366,0.993196051,0.947227587,1.011405061,0.001559604,0.000832678,0.205545624,3.186069984,0.159119833,0.967102907
Sofa_18_10.obj,Sofa_18,OB,CA,x,0.800298241,0.18321004,3.96581105,0.224400738,0.638103901,0.993195315,0.947227873,1.026985657,0.001558458,0.000831248,0.209423569,3.218914082,0.158355656,0.967101999
Sofa_19_01.obj,Sofa_19,CA,SL,x,0.505668409,0.456661761,2.728983505,0.294216597,0.680688955,0.992330625,0.994333776,1.704178585,0.009384991,1.55E-10,0.011781285,0.771558486,0.766924917,0.995586613
Sofa_19_02.obj,Sofa_19,OB,OB,,0.893162393,1.35E-14,2.999999999,0.301511345,1,1,1,1.0816,8.75E-17,2.22E-16,0.091261135,0.499993103,0,1
Sofa_19_03.obj,Sofa_19,OB,OB,,0.893162393,1.88E-15,2.999999999,0.301511345,1,1,1,1.0816,6.73E-17,1.55E-16,0.091245396,0.499863727,0,1
Sofa_19_04.obj,Sofa_19,OB,OB,,0.893162393,1.46E-14,2.999999999,0.301511345,1,1,1,1.0816,4.04E-17,1.55E-16,0.091259513,0.499979769,0,1
Sofa_19_05.obj,Sofa_19,OB,OB,,0.893162393,7.71E-16,2.999999999,0.301511345,1,1,1,1.0816,5.05E-17,1.55E-16,0.091203136,0.499516146,3.85E-16,1
Sofa_19_06.obj,Sofa_19,OB,CA,x,0.751096618,0.238176124,7.099999999,0.121681248,0.98637829,0.689720318,0.72002946,2.043157034,4.27E-17,2.22E-16,0.085881634,2.368205229,0.408741567,0.838777138
Sofa_19_07.obj,Sofa_19,OB,CA,x,0.745952992,0.24373907,7.099999999,0.121565814,0.98637792,0.694786884,0.725356453,2.100419342,4.25E-17,2.22E-16,0.088727068,2.416722938,0.396877852,0.841048236
Sofa_19_08.obj,Sofa_19,OB,CA,x,0.677164896,0.295974554,3.132981808,0.267771966,0.6381054,0.993479565,0.944724193,1.02325208,0.001734579,0.004697541,0.207344127,3.097637891,0.154717073,0.966004793
Sofa_19_09.obj,Sofa_19,OB,CA,x,0.677164903,0.295974553,3.132976754,0.26777269,0.638102056,0.993478325,0.944720543,1.012998205,0.001734245,0.004688626,0.203574072,3.066373517,0.155431941,0.966002289
Sofa_19_10.obj,Sofa_19,OB,CA,x,0.261334584,0.719325709,6.38505481,0.118069767,0.990870243,0.919483079,0.922572885,1.002205767,0.000162513,1.02E-06,0.13330361,3.23393867,0.045642448,0.948222426
Sofa_19_11.obj,Sofa_19,OB,CA,x,0.261334993,0.719325329,6.385046963,0.118069849,0.990873272,0.9194861,0.922571558,1.002000191,0.000304135,3.95E-08,0.133303463,3.233929697,0.045686567,0.94822351
Sofa_19_12.obj,Sofa_19,SL,SL,,0.680548435,0.301170249,3.248283888,0.244609304,0.589253339,0.999301944,0.978100876,1.425640778,2.17E-10,8.25E-10,5,1.665343448,0.133442693,0.988352195
Sofa_19_13.obj,Sofa_19,CA,CA,,0.843260063,0.141459378,3.472606719,0.263636716,0.543640757,0.998162915,0.986126499,2.070918899,4.93E-09,2.22E-08,5,2.444427627,0.406395391,0.992626537
Sofa_19_14.obj,Sofa_19,CA,CA,,0.843260084,0.141459281,3.472606719,0.26363695,0.543645926,0.998161458,0.986127389,2.070910035,1.19E-10,7.20E-10,5,2.444427871,0.406400711,0.992626505
Sofa_20_01.obj,Sofa_20,OB,SL,x,0.777323712,0.202833521,4.480514285,0.197234951,0.957266023,0.999999966,0.999999983,1.020193667,1.19E-05,2.22E-16,0.008374674,0.351087294,0,0.999999987
Sofa_20_02.obj,Sofa_20,SL,CA,x,0.88178744,0.081315304,3.527054108,0.2253273,0.875839393,0.987179246,0.992031214,1.297388953,4.52E-17,1.11E-16,0.045929346,1.532684712,0.686474857,0.993800232
Sofa_20_03.obj,Sofa_20,SL,CA,x,0.886847968,0.076886881,3.527195478,0.225318728,0.875871322,0.994155973,0.996210082,1.384058389,3.56E-17,1.11E-16,0.04604102,1.536735101,0.633675961,0.99705779
Sofa_20_04.obj,Sofa_20,OB,CA,x,0.958669012,0.031835501,7.900348605,0.115024579,0.98962789,0.999234732,0.986817186,1.383023157,0.002346891,3.78E-07,0.151142475,4.175836702,0.260416189,0.992791363
Sofa_20_05.obj,Sofa_20,SL,CA,x,0.82211278,0.133910793,4.199781496,0.209549459,0.800325397,0.945227884,0.904682237,1.364742713,2.80E-05,3.40E-05,0.217443711,3.414609006,0.031343797,0.945499345
Sofa_20_06.obj,Sofa_20,SL,CA,x,0.821770826,0.134328636,4.199831156,0.20954754,0.800321227,0.947112726,0.905589184,1.359606082,2.52E-05,5.04E-05,0.217306522,3.413097928,0.032502443,0.946155746
Sofa_20_07.obj,Sofa_20,OB,SL,x,0.157306174,0.831715096,6.520991052,0.112097227,0.944077973,0.940993857,0.960189408,1.075488459,5.02E-17,2.22E-16,0.012512756,0.041208793,4.32E-08,0.97014543
Sofa_20_08.obj,Sofa_20,OB,SL,x,0.157309773,0.831711541,6.520991052,0.112097227,0.944082349,0.94099623,0.960191112,1.075515784,4.44E-17,2.22E-16,0.012512756,0.041208793,4.32E-08,0.970146649
Sofa_20_09.obj,Sofa_20,SL,SL,,0.740102585,0.254408649,1.272884134,0.487026956,0.123841081,1,1,1.611673311,5.69E-17,2.22E-16,5,1.092576663,0.769529898,1
Sofa_20_10.obj,Sofa_20,SL,OB,x,0.702109489,0.29159937,4.32170997,0.18404609,0.423696741,1,1,1.611673311,3.53E-17,1.11E-16,5,0.144223754,0,1
Sofa_20_11.obj,Sofa_20,SL,SL,,0.041676585,0.856045944,2.999997748,0.229415694,0.989118606,1,1,1.074380165,6.13E-17,2.22E-16,5,0.004191111,0,1
Sofa_20_12.obj,Sofa_20,SL,OB,x,4.52E-14,0.874428256,2.937497795,0.234032166,0.999510195,1,1,1,0,0,5,1.13E-14,0,1
Sofa_22_01.obj,Sofa_22,SL,SL,,0.303856704,0.594121264,1.746622345,0.405141608,0.532120197,0.931728537,0.878979269,1.067978986,0.043997776,0.134096723,0.056567846,1.225612061,0.277032309,0.928180163
Sofa_22_02.obj,Sofa_22,SL,SL,,0.337762254,0.533296099,1.833592224,0.39604632,0.468505908,0.83580468,0.787775129,1.091057649,0.045283846,0.143302834,0.052361716,1.229947307,0.294120625,0.879666527
Sofa_22_03.obj,Sofa_22,SL,CA,x,0.373210573,0.536375776,1.835643267,0.401852002,0.486454967,0.911564095,0.859028243,1.109936407,0.050950992,0.167297299,0.04479369,1.1456299,0.28080962,0.920940328
Sofa_22_04.obj,Sofa_22,OB,CA,x,0.923979166,0.0483565,4.104999856,0.224405774,0.773606548,0.951153961,0.964867017,1.614087522,0.020285753,0.084969954,0.084899979,2.463555654,0.321161318,0.974892468
Sofa_22_05.obj,Sofa_22,OB,CA,x,0.923907023,0.048483431,4.104999856,0.224405774,0.773606548,0.945960247,0.962621031,1.612877214,0.021027135,0.092260653,0.088190594,2.499531637,0.316477202,0.973254379
Sofa_22_06.obj,Sofa_22,OB,SL,x,0.909096663,0.086505355,13.42557587,0.070995307,0.966851783,0.946423716,0.968870764,1.045780608,0.024567685,0.081033726,0.035432794,1.344763547,0.40747982,0.977992485
Sofa_22_07.obj,Sofa_22,CA,SL,x,0.535082717,0.409374969,3.640123478,0.220614975,0.817967215,0.943150571,0.867473329,1.174990224,0.02703978,0.088603377,0.055635332,0.843115224,0.208459844,0.920845314
Sofa_22_08.obj,Sofa_22,CA,SL,x,0.541726693,0.399335257,3.534998049,0.227240222,0.825153143,0.949036876,0.876043965,1.188762879,0.028789994,0.090421899,0.052837773,0.79907713,0.260191476,0.925584049
Sofa_22_09.obj,Sofa_22,CA,SL,x,0.539662704,0.399513882,3.575514159,0.225568587,0.817669839,0.948275528,0.872521142,1.233416461,0.027965949,0.09131708,0.055624405,0.857862969,0.240073155,0.924122014
Sofa_22_10.obj,Sofa_22,OB,SL,x,0.750905788,0.23655882,8.629013043,0.103191331,0.995827309,0.999102613,0.999174991,1.085418859,0.034064827,0.114577886,0.007042045,0.624244971,0.426972084,0.999400878
Table_01_01.obj,Table_01,SL,SL,,0.002807259,0.996049938,42.51778763,0.016724163,0.776457384,0.789067656,0.500307919,1.109682997,0.000215369,2.22E-16,0.033485762,0.288607167,0.046699481,0.789499335
Table_01_02.obj,Table_01,M,M,,0.979163401,0.01647878,12.62506251,0.077431344,0.816666667,0.810536298,0.9495982,1.904683458,3.24E-17,1.11E-16,0.033484504,1.129849914,0.345624709,0.962951503
Table_01_03.obj,Table_01,M,M,,0.975415861,0.019528015,12.47973163,0.078361746,0.816659523,0.812493843,0.950424445,1.426836385,2.04E-17,1.11E-16,0.033487835,1.129484919,0.599642069,0.963397274
Table_01_04.obj,Table_01,M,M,,0.995966031,0.001470718,19.75169491,0.050462384,1,1,1,1,4.44E-17,1.72E-16,0.027201901,0.880559044,0,1
Table_01_05.obj,Table_01,M,M,,0.996058062,0.001494569,20.21390603,0.049313605,1,1,1,1,0,0,0.027045409,0.881848414,0,1
Table_01_06.obj,Table_01,SL,SL,,0.004699735,0.99418147,42.47279864,0.01674189,0.776459489,0.786752479,0.500000903,1.013791683,1.14E-11,3.33E-16,0.05221159,0.328792855,0.068589814,0.788343147
Table_01_07.obj,Table_01,M,M,,0.980534715,0.015137466,12.47973163,0.07836183,0.816668572,0.812422234,0.949907887,1.92272673,3.29E-17,1.11E-16,0.033476565,1.129287728,0.576999716,0.963087508
Table_01_08.obj,Table_01,M,SL,x,0.97484603,0.020213682,12.62506251,0.07743126,0.816671845,0.812240761,0.94982535,1.427660785,4.07E-17,1.11E-16,0.033307756,1.127046127,0.597007714,0.962982434
Table_02_01.obj,Table_02,M,M,,0.998468384,2.16E-09,17.93276224,0.054087446,0.178336136,0.999986508,0.999998483,1.000005278,5.77E-09,1.96E-08,0.083707391,1.986629594,0.755451655,0.999998809
Table_02_02.obj,Table_02,M,M,,0.998468384,2.16E-09,17.93276224,0.054087446,0.178336136,0.999986508,0.999998483,1.000005278,5.77E-09,1.96E-08,0.083707391,1.986629594,0.755451655,0.999998809
Table_02_03.obj,Table_02,M,M,,0.998468384,2.16E-09,17.93276224,0.054087446,0.178336136,0.999986508,0.999998483,1.000010235,6.50E-09,2.04E-08,0.083707391,1.986629594,0.755451655,0.999998809
Table_02_04.obj,Table_02,SL,SL,,0.000816326,0.999005674,105.9999999,0.00667067,0.776457294,0.776455612,0.499998243,1.03976928,0.00049355,0.008554858,0.033245525,1.90E-06,9.80E-06,0.783156385
Table_02_05.obj,Table_02,M,M,,0.998468384,2.16E-09,17.93276224,0.054087446,0.178336136,0.999986508,0.999998483,1.000010235,6.50E-09,2.04E-08,0.083707391,1.986629594,0.755451655,0.999998809
Table_02_06.obj,Table_02,SL,SL,,0.118140891,0.880143494,25.33333332,0.027910617,0.763388573,0.77944054,0.4999935,1.017195416,2.37E-05,2.20E-08,0.050232903,0.263086531,0.059565203,0.784639928
Table_03_01.obj,Table_03,M,CA,x,0.887236818,0.112101953,57.06773605,0.015488759,0.773010152,0.606989785,0.581829742,1.416549183,0.000227879,2.22E-16,0.077643682,2.47941749,0.304544683,0.792041152
Table_03_02.obj,Table_03,M,CA,x,0.887236818,0.112101953,57.06773605,0.015488759,0.773010152,0.606989785,0.581829742,1.416549183,0.000227879,2.22E-16,0.077643682,2.47941749,0.304544683,0.792041152
Table_03_03.obj,Table_03,M,CA,x,0.887236818,0.112101953,57.06773605,0.015488759,0.773010152,0.606989785,0.581829742,1.416549183,0.000227879,2.22E-16,0.077643682,2.47941749,0.304544683,0.792041152
Table_03_04.obj,Table_03,M,CA,x,0.887236818,0.112101953,57.06773605,0.015488759,0.773010152,0.606989785,0.581829742,1.416549183,0.000227879,2.22E-16,0.077643682,2.47941749,0.304544683,0.792041152
Table_03_05.obj,Table_03,SL,SL,,5.66E-13,0.999421464,58.79626916,0.012025519,0.776457751,0.776457751,0.499998684,1,2.70E-17,1.11E-16,0.038603023,5.32E-06,2.16E-05,0.783157464
Table_04_01.obj,Table_04,M,M,,0.998263889,2.08E-13,23.99999998,0.041594517,1,1,1,1,0,0,0.06116693,0.92,0,1
Table_04_02.obj,Table_04,M,M,,0.998263889,2.08E-13,23.99999998,0.041594517,1,1,1,1,0,0,0.06116693,0.92,0,1
Table_04_03.obj,Table_04,M,M,,0.996251562,3.75E-13,16.33333333,0.060996276,1,1,1,1,0,0,0.049430344,0.884615385,0,1
Table_04_04.obj,Table_04,M,M,,0.996251562,3.75E-13,16.33333333,0.060996276,1,1,1,1,0,0,0.049430344,0.884615385,0,1
Table_04_05.obj,Table_04,M,M,,0.9872,0.000659927,6.938637494,0.1013835,0.178793729,1,1,1,0,0,0.100791706,0.796723896,0,1
Table_04_06.obj,Table_04,M,M,,0.9872,0.000659927,6.938637494,0.1013835,0.178793729,1,1,1,1.48E-17,1.11E-16,0.151187559,0.796723896,0,1
Table_04_07.obj,Table_04,M,OB,x,0.9872,0.000659927,6.938637494,0.1013835,0.178793729,1,1,1,1.11E-17,1.11E-16,0.100791706,0.796723896,0,1
Table_04_08.obj,Table_04,M,OB,x,0.9872,0.000659927,6.938637494,0.1013835,0.178793729,1,1,1,1.11E-17,1.11E-16,0.151187559,0.796723896,0,1
Table_04_09.obj,Table_04,M,M,,0.99952741,5.68E-14,45.99999997,0.021728864,1,1,1,1,0,0,0.044181777,0.957446768,0,1
Table_04_10.obj,Table_04,M,M,,0.99952741,5.68E-14,45.99999997,0.021728864,1,1,1,1,0,0,0.044181777,0.957446768,0,1
Table_04_11.obj,Table_04,M,M,,0.996251562,3.75E-13,16.33333333,0.060996276,1,1,1,1,0,0,0.049430344,0.884615385,0,1
Table_04_12.obj,Table_04,M,M,,0.996167554,3.83E-13,16.15332697,0.061670853,1,1,1,1,0,0,0.049704997,0.883404543,0,1
Table_04_13.obj,Table_04,OB,SL,x,0.573974389,0.426022736,589.9999957,0.001413929,1,0.80099477,0.853183671,1.207858007,0.060598597,0.292893219,0.006246892,0.204081633,0,0.902190657
Table_05_01.obj,Table_05,M,M,,0.999565974,1.88E-17,48.00012443,0.020824243,1,1,1,1,0,0,0.037029228,0.959120405,0,1
Table_05_02.obj,Table_05,M,M,,0.999565974,1.70E-17,48.00012443,0.020824243,1,1,1,1,0,0,0.036999395,0.959055804,0,1
Table_05_03.obj,Table_05,M,M,,0.996093729,1.98E-08,15.99999745,0.06225729,1,1,1,1,4.44E-17,1.72E-16,0.06418732,0.882352642,0,1
Table_05_04.obj,Table_05,M,M,,0.999228397,3.92E-09,36.00012698,0.027756271,1,1,1,1,0,0,0.042791468,0.945945998,0,1
Table_05_05.obj,Table_05,M,M,,0.999228397,9.92E-14,36.00003554,0.027756342,1,1,1,1,0,0,0.042791468,0.945945998,0,1
Table_05_06.obj,Table_05,M,M,,0.999228397,3.92E-09,36.00012698,0.027756271,1,1,1,1,4.44E-17,1.72E-16,0.042791468,0.945945998,0,1
Table_05_07.obj,Table_05,OB,OB,,7.13E-12,0.99691358,17.99999999,0.039253434,1,1,1,1,0,0,0.014263866,1.78E-12,0,1
Table_05_08.obj,Table_05,OB,OB,,0.879634122,0.120359361,391.702526,0.002411917,1,1,1,1,2.96E-17,1.11E-16,0.008895835,0.484849495,0,1
Table_05_09.obj,Table_05,M,M,,0.999565972,2.20E-09,48.00012443,0.020824243,1,1,1,1,0,0,0.037058515,0.959183676,0,1
Table_05_10.obj,Table_05,M,M,,0.996093749,5.01E-13,15.99999745,0.06225729,1,1,1,1,4.44E-17,1.72E-16,0.064187401,0.882352924,0,1
Table_05_11.obj,Table_05,M,M,,0.996093729,1.98E-08,15.99999745,0.06225729,1,1,1,1,0,0,0.06418732,0.882352642,0,1
Table_05_12.obj,Table_05,M,M,,0.996093749,5.02E-13,15.99999745,0.06225729,1,1,1,1,0,0,0.064187401,0.882352924,0,1
Table_05_13.obj,Table_05,M,M,,0.999228401,9.91E-14,36.00012698,0.027756271,1,1,1,1,0,0,0.042791522,0.945946131,0,1
Table_05_14.obj,Table_05,OB,OB,,0.960001829,2.03E-07,5.000126997,0.192445546,1,1,1,1,0,0,0.114820301,0.666673016,0,1
Table_05_15.obj,Table_05,OB,OB,,0.960002032,5.13E-12,5.000126997,0.192445564,1,1,1,1,0,0,0.114820447,0.666673722,0,1
Table_07_01.obj,Table_07,M,M,,0.994532801,0.004281902,23.8745899,0.041621683,0.816665891,0.816974887,0.974430533,1.931160299,3.86E-17,2.22E-16,0.030173855,1.249007447,0.651156049,0.980563201
Table_07_02.obj,Table_07,SL,SL,,0.026344196,0.96965292,22.20279423,0.03183157,0.776458007,0.779317553,0.500021618,1.013792298,5.74E-13,2.22E-16,0.065060124,0.328961558,0.069080183,0.784598184
Table_07_03.obj,Table_07,SL,SL,,0.052880748,0.943086485,22.22416972,0.031800958,0.776457417,0.77680542,0.500048298,1.111382794,0.000442503,0.003849716,0.04172434,0.288317586,0.047480659,0.783332142
Table_07_04.obj,Table_07,M,M,,0.985572345,0.011922854,19.98082295,0.049629577,1,1,1,1,0,0,0.024506724,0.785530675,0,1
Table_07_05.obj,Table_07,M,M,,0.985572235,0.011922944,19.98074675,0.049629763,1,1,1,1,0,0,0.024506771,0.785529944,0,1
Table_07_06.obj,Table_07,M,M,,0.994804568,0.004039155,23.87711684,0.041617282,0.816665326,0.815180244,0.974301817,1.950576746,5.17E-17,2.22E-16,0.030344831,1.250810139,0.438358036,0.980499663
Table_07_07.obj,Table_07,M,M,,0.994281799,0.004496895,23.8745899,0.041621681,0.816675133,0.815263849,0.974522722,1.913125206,4.81E-17,1.11E-16,0.030345638,1.250817866,0.433936235,0.980641617
Table_07_08.obj,Table_07,M,M,,0.994532572,0.004282124,23.8745899,0.041621681,0.816675133,0.816984651,0.974431543,1.931160738,3.58E-17,1.11E-16,0.030173558,1.249004431,0.651194488,0.980563959
Table_08_01.obj,Table_08,M,M,,0.995414162,7.72E-05,14.89278906,0.066843324,1,1,1,1,0,0,0.036151782,0.873152345,0,1
Table_08_02.obj,Table_08,M,M,,0.995414162,7.73E-05,14.89301436,0.066842318,1,1,1,1,0,0,0.036151782,0.873152345,8.88E-16,1
Table_08_03.obj,Table_08,M,M,,0.994655154,3.77E-07,13.67879132,0.072718253,1,1,1,1,0,0,0.037883561,0.863744518,0,1
Table_08_04.obj,Table_08,M,M,,0.994655154,3.74E-13,13.67830848,0.072720807,1,1,1,1,0,0,0.037883561,0.863744518,0,1
Table_08_05.obj,Table_08,M,M,,0.994654992,1.62E-07,13.67830848,0.072720801,1,1,1,1,0,0,0.037883274,0.863742597,0,1
Table_08_06.obj,Table_08,OB,OB,,0.60047889,0.39943211,105.9998999,0.007974271,1,1,1,1,7.40E-17,2.22E-16,0.006593935,0.225432512,0,1
Table_08_07.obj,Table_08,M,M,,0.998563907,2.43E-05,26.61435703,0.037520316,1,1,1,1,0,0,0.027043985,0.926975678,0,1
Table_08_08.obj,Table_08,M,M,,0.998563907,2.42E-05,26.61341757,0.037521639,1,1,1,1,0,0,0.027043985,0.926975678,0,1
Table_08_09.obj,Table_08,M,M,,0.994654992,5.39E-07,13.67879132,0.072718247,1,1,1,1,4.44E-17,1.72E-16,0.037883274,0.863742597,0,1
Table_09_01.obj,Table_09,M,CA,x,0.971560138,0.002914841,4.479166665,0.212347579,0.566747225,0.849341984,0.961104968,1.361111111,4.40E-17,2.22E-16,0.416556272,2.862894076,0.542080666,0.970908088
Table_09_02.obj,Table_09,M,CA,x,0.971559916,0.00291528,4.479166665,0.212347579,0.566746896,0.84934193,0.961104886,1.361111111,5.45E-17,2.22E-16,0.416556263,2.862894132,0.542079818,0.970908027
Table_09_03.obj,Table_09,M,CA,x,0.971559981,0.002914831,4.479166665,0.212347579,0.566750904,0.849341933,0.961104935,1.361111111,3.47E-17,2.22E-16,0.416556272,2.862894116,0.542080666,0.970908064
Table_09_04.obj,Table_09,M,M,,0.994428434,0.005544466,188.9999994,0.005276476,1,0.946880561,0.994730429,1.099101404,0.124071774,0.422649731,0.032042413,1.270679906,0.60839927,0.995887272
Table_09_05.obj,Table_09,M,M,,0.977818017,0.02214124,156.6666659,0.006313216,1,1,1,1,4.44E-17,1.72E-16,0.030294978,0.740740741,6.28E-16,1
Table_09_06.obj,Table_09,M,M,,0.977580774,0.018780619,15.23292507,0.064787578,0.918296652,1,1,1.000002364,9.99E-17,2.22E-16,0.030375656,0.739538123,0,1
Table_09_07.obj,Table_09,OB,CA,x,0.230948238,0.769026507,189.9999995,0.003721589,1,0.512658464,0.200890622,1.578124056,0.074556759,0.422649731,0.008676293,0.707098871,0.379077279,0.716000633
Table_09_08.obj,Table_09,M,M,,0.978052126,0.021835895,94.49999972,0.010467188,1,1,1,1,0,0,0.030214727,0.741935484,0,1
Table_09_09.obj,Table_09,OB,CA,x,0.28571411,0.714261883,189.9999994,0.003721589,1,0.500000923,1.38E-06,1.099101404,0.128546137,0.422649731,0.008676318,0.707104011,0.370240158,0.707107052
Table_09_10.obj,Table_09,M,CA,x,0.971560405,0.002914256,4.479166665,0.212347579,0.566748438,0.849332003,0.961102357,1.361111111,4.48E-17,1.11E-16,0.416558723,2.862900552,0.54208102,0.970906229
Table_09_11.obj,Table_09,M,M,,0.988507175,0.011432026,188.9999994,0.005276476,1,0.945054934,0.994542311,1.240162665,0.088033151,0.422649731,0.032044508,1.270698735,0.613099461,0.995741183
Table_09_12.obj,Table_09,M,M,,0.994486925,0.005486259,189.9999994,0.005248856,1,0.946886397,0.9947585,1.099101404,0.124071774,0.422649731,0.03195798,1.271368259,0.609045085,0.995909041
Table_10_01.obj,Table_10,M,M,,0.982142695,0.016891761,30.00000544,0.032939294,1,1,1,1.249134948,3.42E-17,1.11E-16,0.020886891,0.735297513,0,1
Table_10_02.obj,Table_10,M,M,,0.981009143,0.017964022,29.09088998,0.033943365,1,1,1,1.249134948,2.56E-17,1.11E-16,0.021210747,0.728149729,0,1
Table_10_03.obj,Table_10,M,M,,0.984767805,0.014994192,64.81995791,0.015309382,1,1,1,1,0,0,0.02364343,0.780280016,0,1
Table_10_04.obj,Table_10,M,M,,0.984767805,0.014994192,64.81995791,0.015309382,1,1,1,1,0,0,0.02364343,0.780280016,0,1
Table_10_05.obj,Table_10,M,M,,0.984767805,0.014994192,64.81995791,0.015309382,1,1,1,1,0,0,0.02364343,0.780280016,0,1
Table_10_06.obj,Table_10,M,M,,0.984767805,0.014994192,64.81995791,0.015309382,1,1,1,1,0,0,0.02364343,0.780280016,0,1
Table_10_07.obj,Table_10,M,M,,0.998818358,4.37E-14,29.09088998,0.034334475,1,1,1,1,0,0,0.045374146,0.933534641,0,1
Table_10_08.obj,Table_10,M,M,,0.998888889,4.09E-14,30.00000544,0.033296352,1,1,1,1,0,0,0.044681372,0.935483882,0,1
Table_10_09.obj,Table_10,OB,OB,,0.489795918,0.510204081,1040107383,0,0.5,1,1,1.234567901,5.12E-17,1.55E-16,0.455036076,0.166666667,0,1
Table_10_10.obj,Table_10,M,M,,0.999015977,1.43E-05,29.99999999,0.033281683,0.810577679,0.987462471,0.999192241,1.17793054,4.53E-17,2.22E-16,0.345382979,4.589855068,0.421976375,0.999366361
Table_10_11.obj,Table_10,M,M,,0.998948466,0.000157101,29.99997999,0.03329638,0.987047387,0.954702081,0.996147917,1.277905366,0.002409934,4.06E-11,0.355316596,4.619749369,0.402150239,0.997038006
Table_10_12.obj,Table_10,M,M,,0.998958868,0.000141084,29.99999999,0.033296358,0.987049449,0.943837549,0.99548048,1.260288664,0.004117184,7.02E-08,0.355466776,4.619898595,0.415900253,0.996518289
Table_10_13.obj,Table_10,M,M,,0.999005853,2.64E-05,29.99999999,0.033296358,0.987062641,0.968689996,0.998278506,1.365031877,1.88E-10,2.22E-16,0.357626145,4.603288624,0.419545346,0.998650799
Table_10_14.obj,Table_10,M,SL,x,0.980877412,0.018091658,30.00000544,0.032939294,1,0.983975075,0.996891563,1.451530612,3.44E-17,1.11E-16,0.031325796,1.144579719,0.730024856,0.997567663
Table_10_15.obj,Table_10,M,SL,x,0.981009269,0.017963903,29.09141544,0.033942767,0.999988053,0.99999105,0.999980093,1.249047949,2.42E-08,1.36E-07,0.037118634,1.287401402,0.777064046,0.999984367
Table_10_16.obj,Table_10,M,M,,0.984767805,0.014994192,64.81995791,0.015309382,1,1,1,1,0,0,0.02364343,0.780280016,0,1
Table_10_17.obj,Table_10,M,M,,0.984767805,0.014994192,64.81995791,0.015309382,1,1,1,1,0,0,0.02364343,0.780280016,0,1
Table_10_18.obj,Table_10,M,M,,0.998888889,4.08E-14,30.00000544,0.033296352,1,1,1,1,0,0,0.044681372,0.935483882,0,1
Table_10_19.obj,Table_10,M,M,,0.998818358,4.37E-14,29.09088998,0.034334475,1,1,1,1,0,0,0.045374146,0.933534641,0,1
Table_10_20.obj,Table_10,OB,SL,x,0.255760926,0.744239074,49627995678,0,0.5,0.511515485,0.14688258,1.23E-32,4.44E-17,1.11E-16,0.01636742,0.98298295,0.000222711,0.712764167
Table_10_21.obj,Table_10,OB,SL,x,0.146673193,0.853326807,49627995678,0,0.5,0.523508166,0.246642499,1.23E-32,2.88E-17,1.11E-16,0.01636742,0.982987181,0.000547815,0.72106982
Table_11_01.obj,Table_11,M,M,,0.99940025,2.68E-19,40.8333333,0.024475121,1,1,1,1,0,0,0.045277343,0.952191235,0,1
Table_11_02.obj,Table_11,M,M,,0.998109641,1.44E-16,22.99999998,0.043396304,1,1,1,1,0,0,0.060213583,0.916360893,0,1
Table_11_03.obj,Table_11,M,M,,0.998109641,1.25E-16,22.99999998,0.043396304,1,1,1,1,0,0,0.060328765,0.916666667,0,1
Table_11_04.obj,Table_11,M,M,,0.99940025,2.68E-19,40.8333333,0.024475121,1,1,1,1,0,0,0.045277343,0.952191235,0,1
Table_11_05.obj,Table_11,M,M,,0.999053087,1.37E-13,31.2222222,0.031995665,1,1,1,1,4.32E-17,1.11E-16,0.051779332,0.937931034,0,1
Table_11_06.obj,Table_11,OB,CA,x,0.231925139,0.766744986,39.82608694,0.021417972,1,0.523848719,0.399966757,1.5412735,0.069034037,0.422649731,0.010906722,0.766276839,0.56232654,0.743490414
Table_11_07.obj,Table_11,M,M,,0.998109641,1.25E-16,22.99999998,0.043396304,1,1,1,1,0,0,0.060328765,0.916666667,0,1
Table_11_08.obj,Table_11,M,M,,0.99940025,2.68E-19,40.8333333,0.024475121,1,1,1,1,0,0,0.045277343,0.952191235,0,1
Table_11_09.obj,Table_11,M,M,,0.99940025,2.68E-19,40.8333333,0.024475121,1,1,1,1,0,0,0.045277343,0.952191235,0,1
Table_11_10.obj,Table_11,M,M,,0.998109641,1.44E-16,22.99999998,0.043396304,1,1,1,1,0,0,0.060213583,0.916360893,0,1
Table_11_11.obj,Table_11,M,M,,0.999053087,1.37E-13,31.2222222,0.031995665,1,1,1,1,2.47E-17,1.11E-16,0.051779332,0.937931034,0,1
Table_11_12.obj,Table_11,M,M,,0.999053087,1.37E-13,31.2222222,0.031995665,1,1,1,1,2.47E-17,1.11E-16,0.051779332,0.937931034,0,1
Table_11_13.obj,Table_11,M,M,,0.999053087,1.37E-13,31.2222222,0.031995665,1,1,1,1,4.32E-17,1.11E-16,0.051779332,0.937931034,0,1
Table_12_01.obj,Table_12,SL,SL,,3.85E-12,0.995200034,20.00004769,0.035333178,0.776458884,0.781907669,0.500001002,1.04,6.53E-17,2.22E-16,0.114945299,7.08E-06,1.66E-05,0.785901129
Table_12_02.obj,Table_12,M,M,,0.988533802,0.011367105,8.164262621,0.11916083,0.040515583,0.755281074,0.841272989,1.032037729,0.005472887,2.22E-16,0.095796706,2.658979325,0.360033547,0.909292545
Table_12_03.obj,Table_12,SL,SL,,3.83E-13,0.9992,49.9998943,0.014140751,0.776460048,0.785217561,0.499999914,1.000000366,6.66E-17,3.33E-16,0.045978292,3.93E-06,8.09E-06,0.787562771
Table_12_04.obj,Table_12,M,M,,0.988533865,0.011367043,126.9759075,0.007672613,0.555383612,0.755280909,0.841271643,1.03203332,0.005472832,5.17E-08,0.095796682,2.658979822,0.360048538,0.909292326
Table_12_05.obj,Table_12,M,M,,0.988533889,0.011367019,8.211286455,0.118479121,0.040677634,0.755279972,0.841271037,1.032032892,0.005472975,6.26E-08,0.095796708,2.658980142,0.360021033,0.909292113
Table_13_01.obj,Table_13,OB,OB,,0.8976,0.1008,24.99999996,0.038069349,1,1,1,1,0,0,0.044169673,0.515151515,0,1
Table_13_02.obj,Table_13,M,M,,0.995628714,0.004302985,120.9999998,0.008246178,1,1,1,1,0,0,0.020077124,0.875968992,0,1
Table_13_03.obj,Table_13,OB,OB,,0.8976,0.1008,24.99999996,0.038069349,1,1,1,1,0,0,0.044169673,0.515151515,0,1
Table_13_04.obj,Table_13,OB,M,x,0.985151906,0.013136039,14.79999999,0.066401589,0.750381676,0.753369108,0.778572834,2.005689648,3.95E-17,2.22E-16,0.123554632,1.580213699,0.527086242,0.899752731
Table_13_05.obj,Table_13,OB,SL,x,0.979534323,0.018502577,14.79999999,0.066401589,0.740055469,0.789794883,0.771213624,1.627909661,5.38E-17,2.22E-16,0.090557391,1.245210474,0.526902342,0.904866028
Table_13_06.obj,Table_13,M,M,,0.996992031,0.002883077,53.19999997,0.018745929,0.915261839,0.952288227,0.93621747,2.149297064,4.21E-17,2.22E-16,0.03600165,1.546988834,0.503529689,0.968577742
Table_13_07.obj,Table_13,M,M,,0.996840035,0.001632861,14.5,0.068639822,0.652295534,0.767433035,0.967119218,1.947378611,7.75E-06,5.77E-05,0.158230318,2.294380859,0.621350574,0.975289457
Table_13_08.obj,Table_13,M,M,,0.996840056,0.001632862,14.5,0.068639822,0.652293396,0.76741381,0.967115247,1.947446353,1.23E-08,5.35E-09,0.158229005,2.294379282,0.621350267,0.975286511
Table_13_09.obj,Table_13,OB,SL,x,0.952135841,0.047174895,31.49999999,0.03086802,1,0.983977143,0.995318137,1.401503157,2.69E-17,1.11E-16,0.015238125,1.033371927,0.629869841,0.996343636
Table_13_10.obj,Table_13,OB,SL,x,0.950926204,0.048678745,51.03999997,0.019021463,0.99472875,0.99472875,0.941914829,1.04,9.59E-18,1.11E-16,0.019789129,1.241908785,0.022089898,0.97606665
Table_13_11.obj,Table_13,OB,OB,,0.927931174,0.067473988,14.75247524,0.065327355,1,1,1,1,0,0,0.04045629,0.576719577,0,1
Table_13_12.obj,Table_13,OB,SL,x,0.949352902,0.050581771,128.9999998,0.007512675,0.992626205,0.992626205,0.930051981,1,6.53E-18,1.05E-16,0.019277226,1.217360629,0.018126971,0.971409765
Table_13_13.obj,Table_13,M,M,,0.998637303,0.001231976,53.19999997,0.018771276,0.898168941,0.945377792,0.931915785,1.627909661,2.90E-17,2.22E-16,0.038095044,1.435773796,0.77504897,0.972416067
Table_13_14.obj,Table_13,M,M,,0.996840031,0.001632865,14.5,0.068639822,0.652295615,0.767433102,0.967119166,1.947375044,7.66E-06,5.77E-05,0.158230153,2.294380486,0.621350426,0.975289418
Table_13_15.obj,Table_13,M,M,,0.996840053,0.001632866,14.5,0.068639822,0.652293486,0.767413875,0.967115195,1.947439125,9.64E-10,5.35E-09,0.063291536,1.227268385,0.771414677,0.975286471
Table_13_16.obj,Table_13,OB,CA,x,0.967921247,0.032061504,241.9999992,0.004065545,1,0.849108375,0.960149652,1.099101404,0.128546137,0.422649731,0.01816013,1.104043298,0.617734054,0.970117014
Table_14_01.obj,Table_14,OB,CA,x,0.028799394,0.962802101,11.125,0.06343216,1,0.511021582,0.187299911,1.317935356,0.024927082,0.292893219,0.009432975,0.706925388,0.426267436,0.714835298
Table_14_02.obj,Table_14,OB,CA,x,0.105429715,0.894300418,40.09523807,0.017632938,0.998304703,0.500002507,0.001413713,1.300558547,0.021173004,0.292893219,0.009971843,0.707101094,0.370240048,0.707107769
Table_14_03.obj,Table_14,OB,SL,x,0.016678726,0.982924017,42.27272725,0.016724918,0.988353882,0.500003017,4.47E-06,1.298883792,0.014644661,0.014644661,0.00902825,0.707097729,0.370240022,0.707107665
Table_14_04.obj,Table_14,OB,M,x,0.980420306,0.006649925,7.999999998,0.123091491,0.75617284,0.860473785,0.961245132,1.286888033,0.093505377,0.422649731,0.059625319,1.090250735,0.730550041,0.970983374
Table_14_05.obj,Table_14,OB,M,x,0.980420306,0.006649925,7.999999998,0.123091491,0.75617284,0.860473785,0.961245132,1.286888033,0.093505377,0.422649731,0.059625319,1.090250735,0.730550041,0.970983374
Table_14_06.obj,Table_14,OB,M,x,0.980420306,0.006649925,7.999999998,0.123091491,0.75617284,0.860473785,0.961245132,1.286888033,0.093505377,0.422649731,0.059625319,1.090250735,0.730550041,0.970983374
Table_14_07.obj,Table_14,SL,SL,,0.000299521,0.826949529,3.333333325,0.207514339,0.776561218,0.776561218,0.500238639,1.040047816,4.04E-17,2.22E-16,1.929719255,0.001094872,0.002184997,0.783210232
Table_14_08.obj,Table_14,SL,SL,,0.0261315,0.936704169,7.521772125,0.0935969,0.776442713,0.776458462,0.500101139,1.210129537,0.000185434,3.33E-16,1.38971839,0.288506863,0.04716398,0.783157766
Table_14_09.obj,Table_14,OB,OB,,6.39E-15,0.999993591,394.9999972,0.001790141,1,1,1,1,7.40E-17,2.22E-16,0.007085504,1.61E-15,0,1
Table_14_10.obj,Table_14,OB,M,x,0.980420306,0.006649925,7.999999998,0.123091491,0.75617284,0.860473785,0.961245132,1.286888033,0.093505377,0.422649731,0.059625319,1.090250735,0.730550041,0.970983374
Table_15_01.obj,Table_15,M,M,,0.990728171,6.39E-16,10.38525801,0.095409778,1,1,1,1,0,0,0.046614073,0.82433424,0,1
Table_15_02.obj,Table_15,M,M,,0.990728171,1.19E-06,10.38592545,0.095403702,1,1,1,1,4.44E-17,1.72E-16,0.046614073,0.82433424,0,1
Table_15_03.obj,Table_15,OB,OB,,0.647132796,0.352634513,65.55569661,0.013113682,1,1,1,1,0,0,0.006528479,0.25468447,0,1
Table_15_04.obj,Table_15,OB,OB,,0.563055628,0.435822554,29.85649099,0.027930055,1,1,1,1,0,0,0.006188827,0.204081104,0,1
Table_15_05.obj,Table_15,M,M,,0.990728171,6.39E-16,10.38525801,0.095409778,1,1,1,1,0,0,0.046614073,0.82433424,0,1
Table_15_06.obj,Table_15,M,M,,0.990728171,1.19E-06,10.38592545,0.095403702,1,1,1,1,4.44E-17,1.72E-16,0.046614073,0.82433424,0,1
Table_16_01.obj,Table_16,M,CA,x,0.782185245,0.217084065,41.21912172,0.021429606,0.966170326,0.966170326,0.840217453,1.034425838,0.05613618,0.324272188,0.040939525,1.845079209,0.097987049,0.920125143
Table_16_02.obj,Table_16,M,M,,0.997026017,0.000162246,11.04317168,0.089820167,0.36650598,0.862184765,0.947810184,1.03719604,0.01376225,7.78E-08,0.140178275,1.960259025,0.592977791,0.965807027
Table_16_03.obj,Table_16,M,CA,x,0.782185433,0.217561722,70.07099584,0.01260782,0.966170134,0.966170134,0.840216344,1.03442532,0.056136322,0.324265689,0.043831923,1.750864161,0.075574691,0.920124922
Table_16_04.obj,Table_16,SL,CA,x,0.787853155,0.212146845,82351859514,0,0.5,0.939589843,0.827358077,1.23E-32,6.45E-17,2.22E-16,0.039133273,1.72842046,0.073753587,0.911238506
Table_16_05.obj,Table_16,M,M,,0.996993587,0.00019725,11.04317168,0.089820167,0.366496712,0.863453689,0.9485344,1.046624581,0.006484721,8.24E-10,0.149620587,2.040443875,0.583691009,0.966182015
Table_16_06.obj,Table_16,M,M,,0.997026038,0.00016223,11.04317168,0.089820167,0.366500659,0.862179119,0.947805485,1.037175514,0.013762893,5.73E-08,0.149523342,2.040855648,0.583022544,0.965804722
Table_16_07.obj,Table_16,M,M,,0.997026037,0.000162233,11.04317168,0.089820167,0.366497262,0.862174796,0.947803339,1.037185816,0.013762881,7.04E-08,0.149523092,2.040856798,0.583019724,0.965803592
Table_16_08.obj,Table_16,SL,SL,,0.795627174,0.204372826,88169990579,0,0.5,0.966982137,0.842451352,1.23E-32,4.93E-17,1.11E-16,0.038117402,1.761826095,0.075578111,0.921153612
Table_17_01.obj,Table_17,OB,OB,,0.3740489,0.525952195,1.130509961,0.530289073,0.374998859,1,1,1.526960076,1.48E-17,1.11E-16,0.101216885,0.230408861,0,1
Table_17_02.obj,Table_17,OB,OB,,0.3740489,0.525952195,1.130509961,0.530289073,0.374998859,1,1,1.526960076,1.48E-17,1.11E-16,0.101216885,0.230408861,0,1
Table_17_03.obj,Table_17,OB,OB,,0.3740489,0.525952195,1.130509961,0.530289073,0.374998859,1,1,1.526960076,1.48E-17,1.11E-16,0.101216885,0.230408861,0,1
Table_17_04.obj,Table_17,M,M,,0.992920713,0.006099064,31.94018751,0.031183112,1,1,1,1,0,0,0.037123169,0.844782749,0,1
Table_17_05.obj,Table_17,M,M,,0.997700334,0.001981246,56.04022632,0.017821012,1,1,1,1,0,0,0.028026175,0.908479207,0,1
Table_17_06.obj,Table_17,M,M,,0.997700334,0.001981263,56.04178106,0.017820517,1,1,1,1,0,0,0.028026175,0.908479207,0,1
Table_17_07.obj,Table_17,M,M,,0.997115215,3.83E-18,18.61843924,0.05355592,1,1,1,1,0,0,0.037842561,0.898055091,0,1
Table_17_08.obj,Table_17,OB,OB,,0.608123326,0.391630974,63.79653793,0.01328508,1,1,1,1,0,0,0.006748555,0.230011893,0,1
Table_17_09.obj,Table_17,OB,OB,,0.3740489,0.525952195,1.130509961,0.530289073,0.374998859,1,1,1.526960076,1.48E-17,1.11E-16,0.101216885,0.230408861,0,1
Table_17_10.obj,Table_17,M,M,,0.99292477,0.006095623,31.95022885,0.031173384,1,1,1,1,0,0,0.03711785,0.844823775,8.88E-16,1
Table_17_11.obj,Table_17,M,M,,0.997090084,2.52E-05,18.61868447,0.053554547,1,1,1,1,0,0,0.037760589,0.897634677,0,1
Table_17_12.obj,Table_17,M,M,,0.997115215,7.60E-08,18.61868447,0.053555216,1,1,1,1,0,0,0.037842561,0.898055091,0,1
Table_17_13.obj,Table_17,M,M,,0.997115291,2.36E-13,18.61868447,0.053555218,1,1,1,1,0,0,0.037842811,0.898056365,0,1
Table_18_01.obj,Table_18,OB,CA,x,0.621207391,0.378507355,58.99999996,0.014302873,1,0.729980239,0.782568552,1.099101404,0.128546137,0.422649731,0.009387393,0.757885146,0.411294257,0.865504909
Table_18_02.obj,Table_18,M,M,,0.995904003,0.003547583,41.99999995,0.023754972,1,0.949017078,0.995513048,1.099101404,0.128546137,0.422649731,0.05535476,1.288394796,0.639897754,0.996500801
Table_18_03.obj,Table_18,M,M,,0.998576006,0.001223745,70.6666666,0.014139465,1,1,1,1,0,0,0.028592782,0.927272727,0,1
Table_18_04.obj,Table_18,M,M,,0.998576006,0.001223745,70.6666666,0.014139465,1,1,1,1,0,0,0.028592782,0.927272727,0,1
Table_18_05.obj,Table_18,M,M,,0.990533902,0.002754106,11,0.090166963,1,0.999546576,0.99897597,1.099101404,0.128546137,0.422649731,0.05596592,1.172544408,0.730496531,0.999199216
Table_18_06.obj,Table_18,M,M,,0.995904003,0.003547583,41.99999995,0.023754972,1,0.949017078,0.995513048,1.099101404,0.128546137,0.422649731,0.05535476,1.288394796,0.639897754,0.996500801
Table_18_07.obj,Table_18,M,M,,0.990533902,0.002754106,11,0.090166963,1,0.999546576,0.99897597,1.099101404,0.128546137,0.422649731,0.05596592,1.172544408,0.730496531,0.999199216
Table_18_08.obj,Table_18,M,M,,0.990533902,0.002754106,11,0.090166963,1,0.999546576,0.99897597,1.099101404,0.128546137,0.422649731,0.05596592,1.172544408,0.730496531,0.999199216
Table_18_09.obj,Table_18,M,M,,0.990533902,0.002754106,11,0.090166963,1,0.999546576,0.99897597,1.099101404,0.128546137,0.422649731,0.05596592,1.172544408,0.730496531,0.999199216
Table_18_10.obj,Table_18,M,M,,0.995904003,0.003547583,41.99999995,0.023754972,1,0.949017078,0.995513048,1.099101404,0.128546137,0.422649731,0.05535476,1.288394796,0.639897754,0.996500801
Table_18_11.obj,Table_18,M,M,,0.995904003,0.003547583,41.99999995,0.023754972,1,0.949017078,0.995513048,1.099101404,0.128546137,0.422649731,0.05535476,1.288394796,0.639897754,0.996500801
Table_18_12.obj,Table_18,M,M,,0.998576006,0.001223745,70.6666666,0.014139465,1,1,1,1,0,0,0.028592782,0.927272727,0,1
Table_18_13.obj,Table_18,M,M,,0.998576006,0.001223745,70.6666666,0.014139465,1,1,1,1,0,0,0.028592782,0.927272727,0,1
Table_18_14.obj,Table_18,OB,OB,,0.648584567,0.34998063,26.39999999,0.032566509,1,1,1,1,0,0,0.007241361,0.255648038,0,1
Table_19_01.obj,Table_19,OB,OB,,1.04E-06,0.994468891,13.44729149,0.05251105,1,1,1,1,0,0,0.008538886,2.61E-07,0,1
Table_19_02.obj,Table_19,OB,OB,,1.00E-06,0.999374,39.99999996,0.017674912,1,1,1,1,0,0,0.009606249,2.50E-07,0,1
Table_19_03.obj,Table_19,M,M,,0.987654321,1.64E-16,8.999999998,0.10976426,1,1,1,1,0,0,0.025616658,0.8,0,1
Table_19_04.obj,Table_19,M,M,,0.987654321,8.50E-16,8.999999998,0.10976426,1,1,1,1,0,0,0.025616658,0.8,0,1
Table_19_05.obj,Table_19,OB,OB,,7.00E-07,0.998141393,23.19999999,0.030464599,1,1,1,1,0,0,0.006624999,1.75E-07,0,1
Table_19_06.obj,Table_19,M,M,,0.987654321,2.07E-17,8.999999998,0.10976426,1,1,1,1,4.44E-17,1.72E-16,0.025616658,0.8,0,1
Table_19_07.obj,Table_19,M,M,,0.987654321,1.03E-15,8.999999998,0.10976426,1,1,1,1,0,0,0.025616658,0.8,0,1
Table_19_08.obj,Table_19,OB,OB,,8.00E-07,0.9974992,19.99999999,0.03533327,1,1,1,1,0,0,0.007684999,2.00E-07,0,1
Table_20_01.obj,Table_20,M,CA,x,0.556689068,0.442561784,34.58996239,0.022141779,0.899745817,0.90770701,0.867241099,1.067183006,0.000211444,2.38E-07,0.050835466,2.185009299,0.378419053,0.923692947
Table_20_02.obj,Table_20,M,CA,x,0.554836755,0.444413205,34.59346676,0.022139545,0.899750305,0.908429247,0.867741863,1.067443406,0.000178507,1.27E-07,0.06231443,2.46530374,0.350470869,0.92402807
Table_20_03.obj,Table_20,SL,SL,,2.50E-06,0.998556439,33.60180856,0.021039076,0.906582305,0.906582235,0.705594759,1.000000337,5.10E-17,2.22E-16,0.043363103,0.766838737,0.059132373,0.85982213
