file,group,ground_truth,prediction,error,linearity,planarity,elongation,thickness_norm,compactness,rectangularity,axis_alignment,normal_disp_p95,local_surface_bending_mean,local_surface_bending_std,local_surface_bending_p95,hull_vertex_density,boundary_edge_cv,boundary_turning_std,perimeter_rect_ratio,surface_complexity,sl_regular_surface_score
BedSet_01_01.obj,BedSet_01,OB,OB,,0.004667698727255525,0.9606592148766903,5.651442206097957,0.130983516468576,0.977104605050025,0.6307621424856756,0.586038757702362,1.098654247018512,6.215109384510583e-09,1.9669258997269267e-08,3.5711860996157085e-08,0.072968134388753,2.5255099130643126,0.3354695125199982,0.7898165261954871,0.42473899272603416,0.4805280768368946
BedSet_01_02.obj,BedSet_01,OB,OB,,0.5241438067043811,0.4600766953972728,7.559740073652546,0.10798752296125896,0.9965809379456656,0.999300166089324,0.9777757973131639,1.0077383560478423,7.946298222163763e-09,2.466411705283313e-08,5.396147269576254e-08,0.09818963431681854,3.4284311347364405,0.033118502217020854,0.9879829031853167,0.11833667572334317,0.4546458701628263
BedSet_01_03.obj,BedSet_01,M,M,,0.9903148600330939,0.007630768622838996,22.498596319558672,0.04419031907387404,0.9999498696546191,0.9999999999999999,1.0,1.0815999996555279,3.364312195833808e-17,5.102232067182266e-17,1.1102230246251565e-16,0.0730618244621929,0.8208064512024559,0.0,1.0,0.002063359834958518,0.007630768622838995
BedSet_01_04.obj,BedSet_01,M,M,,0.9913155163014136,0.0038614743451652303,14.68444771394094,0.06765013196047412,0.9999999999995735,0.9999999999999998,1.0,1.0816000000000001,0.0,0.0,0.0,0.08477010390532552,0.8295071705051794,0.0,1.0,0.0010441426629326787,0.0038614743451652295
BedSet_01_05.obj,BedSet_01,M,M,,0.9912293409816532,0.006910281598373528,23.64373806367014,0.04207294562270141,0.9999999999995908,0.9999999999999999,1.0,1.0816000000000001,1.0092936587501423e-17,3.1916667896151826e-17,1.1102230246251565e-16,0.07127620669892806,0.8287356231871439,0.0,0.9999999999999999,0.001868540144200202,0.006910281598373527
BedSet_01_06.obj,BedSet_01,M,M,,0.9886224884095989,0.009979366685486208,27.27348132211495,0.03643462679845065,0.9999999999994431,1.0,1.0,1.0816000000000001,5.0464682937507114e-17,6.745424978099238e-17,1.5543122344752176e-16,0.07368816939292329,0.8072309532293278,0.0,0.9999999999999999,0.002698420751755471,0.009979366685486208
BedSet_01_07.obj,BedSet_01,OB,OB,,0.888889240175168,0.11034021813637097,36.02482913241645,0.026325028902776364,0.9999999999999913,1.0,1.0,1.0,0.0,0.0,0.0,0.014082479364444915,0.5000005927813018,0.0,1.0,0.027585054534092743,0.11034021813637097
BedSet_01_08.obj,BedSet_01,OB,OB,,0.9394940525570049,0.060149396328006824,52.95891760776521,0.01833290764804052,0.9999999999999926,1.0,1.0,1.0,0.0,0.0,0.0,0.012097332305834613,0.6051627592874481,0.0,1.0,0.015037349082001706,0.060149396328006824
BedSet_01_09.obj,BedSet_01,OB,OB,,0.9394940525570049,0.060193328301078035,56.557762042181594,0.017166716189132077,0.9999999999999922,1.0,1.0,1.0,0.0,0.0,0.0,0.012097332305834612,0.6051627592874479,0.0,1.0,0.015048332075269509,0.060193328301078035
BedSet_01_10.obj,BedSet_01,OB,OB,,0.877002599634388,0.12223201469645131,36.145966065195154,0.026097736390374434,0.9999999999999898,0.9999999999999997,0.9999999999999999,1.0,0.0,0.0,0.0,0.014444884620947751,0.48070290363134827,0.0,1.0,0.030558003674112835,0.12223201469645127
BedSet_01_11.obj,BedSet_01,OB,OB,,0.4884101761650428,0.5115228775641181,122.2184592302893,0.006654824365872354,0.9999999999999966,1.0,1.0,1.0,0.0,0.0,0.0,0.007234666810562637,0.16600733494674036,0.0,1.0,0.12788071939102952,0.5115228775641181
BedSet_01_12.obj,BedSet_01,OB,OB,,0.4006090318535098,0.5990328052994737,52.83962573720196,0.014962850102835457,0.9999999999999936,1.0,1.0,1.0,0.0,0.0,0.0,0.00924039644307063,0.127266441779588,0.0,1.0000000000000002,0.14975820132486842,0.5990328052994737
BedSet_01_13.obj,BedSet_01,OB,OB,,0.9607177169750823,0.039083900905651954,70.99842863502793,0.013814750783128332,0.9999999999999696,1.0,1.0,1.0,0.0,0.0,0.0,0.018262867691356793,0.6691737853941411,0.0,1.0,0.009770975226412989,0.039083900905651954
BedSet_01_14.obj,BedSet_01,OB,OB,,0.407554953191975,0.5921008654697683,53.902181265214004,0.014699904197405776,0.9999999999999987,0.9999999999999999,0.9999999999999999,1.0,0.0,0.0,0.0,0.009267362149385077,0.13013216519864593,0.0,0.9999999999999999,0.14802521636744206,0.5921008654697681
BedSet_01_15.obj,BedSet_01,OB,OB,,0.2518293820938477,0.7355154924647219,8.889283814936341,0.08477641310051054,0.9999999999998628,1.0,0.9999999999999999,1.0,0.0,0.0,0.0,0.04704870361707018,0.07240413476604768,0.0,1.0,0.18387887311618048,0.7355154924647219
BedSet_01_16.obj,BedSet_01,OB,OB,,0.3272308153839093,0.6562138174570679,7.7719606182365695,0.09899490913761047,0.9999999999998936,1.0,1.0,1.0,0.0,0.0,0.0,0.04581566788307504,0.09876521322028556,0.0,1.0,0.16405345436426697,0.6562138174570679
BedSet_01_17.obj,BedSet_01,OB,OB,,0.36429150259451937,0.6281653725505363,11.513950325994552,0.06775223295977352,0.9999999999998518,1.0,1.0,1.0,0.0,0.0,0.0,0.045171239039521485,0.112772047389962,0.0,1.0,0.15704134313763407,0.6281653725505363
BedSet_01_18.obj,BedSet_01,OB,OB,,0.9548873663254155,0.04510921245370221,540.6415940403921,0.0018092904009895105,0.9999999999995067,1.0,1.0,1.0,0.0,0.0,0.0,0.02331428197270041,0.6496241948602725,0.0,1.0,0.011277303113425553,0.04510921245370221
BedSet_01_19.obj,BedSet_01,OB,OB,,0.25182938209383254,0.7355154924647367,8.889283814936253,0.08477641310051102,0.9999999999998628,1.0,1.0,1.0,8.881784197001253e-17,7.251946429389432e-17,2.220446049250313e-16,0.04704870361707041,0.07240413476604259,0.0,1.0,0.1838788731161842,0.7355154924647366
BedSet_01_20.obj,BedSet_01,OB,OB,,0.3272308153839218,0.6562138174570554,7.771960618236642,0.09899490913760993,0.9999999999998933,1.0,1.0,1.0,0.0,0.0,0.0,0.045815667883074826,0.09876521322029023,0.0,1.0,0.16405345436426386,0.6562138174570554
BedSet_01_21.obj,BedSet_01,OB,OB,,0.36429150259450704,0.6281653725505484,11.513950325994445,0.0677522329597739,0.9999999999998518,1.0,1.0,1.0,0.0,0.0,0.0,0.04517123903952169,0.11277204738995747,0.0,1.0,0.1570413431376371,0.6281653725505484
BedSet_01_22.obj,BedSet_01,OB,OB,,0.9548873663254155,0.04510921245370221,540.6415940403921,0.0018092904009895105,0.9999999999995067,1.0,1.0,1.0,0.0,0.0,0.0,0.02331428197270041,0.6496241948602725,0.0,1.0,0.011277303113425553,0.04510921245370221
BedSet_02_01.obj,BedSet_02,OB,OB,,0.9540635060639326,0.044169058223824165,49.30232552146485,0.019973861624642656,0.96530522025656,0.8993797329153503,0.9673220469977901,1.7074252211039767,2.348548705937831e-17,5.029830820816294e-17,1.1102230246251565e-16,0.032137136492624695,0.6774090486363044,0.5911073061320687,0.9757007242109988,0.020120196068400247,0.03907569393712566
BedSet_02_02.obj,BedSet_02,OB,OB,,0.954063436759812,0.04416912920624795,49.3023255149785,0.019973861627268767,0.9653052202567505,0.8993787376611279,0.9673217879763764,1.7073954853193754,2.9890619893754213e-17,6.692833151227233e-17,2.220446049250313e-16,0.03213713649263907,0.6774090486366516,0.5911073061318295,0.9757005356526975,0.020119911809162144,0.039075708348153555
BedSet_02_03.obj,BedSet_02,OB,OB,,0.9540633891022399,0.0441691751867059,49.30232551503235,0.01997386162724761,0.9653052202565598,0.8993795383889366,0.9673219963710808,1.7074145436349135,4.412424841458955e-17,7.186220599421026e-17,2.220446049250313e-16,0.032137136492624695,0.6774090486363044,0.5911073061320687,0.9757006873565602,0.02012013374240358,0.03907578795515308
BedSet_02_04.obj,BedSet_02,OB,OB,,0.9540635537213118,0.04416901224355916,49.302325521411,0.01997386162466381,0.9653052202567507,0.8993789322005972,0.9673218386065744,1.707406197926869,4.625929269271486e-17,8.239230261664384e-17,2.220446049250313e-16,0.03213713649263907,0.6774090486366516,0.5911073061318296,0.9757005725096581,0.02011997452351088,0.0390756143310248
BedSet_02_05.obj,BedSet_02,M,M,,0.9978749557319752,0.002065323772526261,94.66452497576289,0.01055198201199927,0.9976506436485714,1.0,1.0,1.3611111111111107,3.1960965860421176e-17,6.629061103157645e-17,2.220446049250313e-16,0.034339011663984176,0.9124578187402554,0.0,1.0,0.0007027837837068526,0.0020653237725262604
BedSet_02_06.obj,BedSet_02,M,M,,0.9978750927144074,0.002065186790093781,94.66452497576289,0.010551982723040195,0.9976506436485718,1.0,1.0,1.3611111111111114,1.5139404881252134e-17,3.8100000100661147e-17,1.1102230246251565e-16,0.0343395650678508,0.912460516813534,0.0,1.0,0.0007027371716291339,0.002065186790093781
BedSet_02_07.obj,BedSet_02,M,M,,0.9978748187449572,0.0020654607595442655,94.66452497576289,0.010551981300934684,0.9976506436485721,1.0,1.0,1.3611111111111107,5.551115123125783e-17,7.295594580378439e-17,2.220446049250313e-16,0.03433845828618286,0.9124551206712294,0.0,1.0,0.0007028303973449236,0.002065460759544265
BedSet_02_08.obj,BedSet_02,M,M,,0.9978749557319755,0.0020653237725259677,94.66452497576289,0.010551982011999271,0.9976506436485716,1.0,1.0,1.3611111111111107,2.186802927291975e-17,4.4154594958123755e-17,1.1102230246251565e-16,0.03433901166398543,0.9124578187402616,0.0,1.0,0.0007027837837067527,0.0020653237725259677
BedSet_02_09.obj,BedSet_02,M,M,,0.9978750927144074,0.002065186790093781,94.66452497576289,0.010551982723040195,0.997650643648571,1.0,1.0,1.3611111111111114,1.5139404881252134e-17,3.8100000100661147e-17,1.1102230246251565e-16,0.0343395650678508,0.912460516813534,0.0,1.0,0.0007027371716291339,0.002065186790093781
BedSet_02_10.obj,BedSet_02,M,M,,0.9978748187449745,0.0020654607595266255,94.66452497576289,0.010551981300934774,0.9976506436485715,0.9999999999999999,1.0,1.3611111111111114,3.868959025208879e-17,5.632083702705302e-17,1.1102230246251565e-16,0.03433845828625304,0.9124551206715715,0.0,1.0,0.0007028303973389213,0.002065460759526625
BedSet_02_11.obj,BedSet_02,M,M,,0.9978749557319755,0.0020653237725259677,94.66452497576289,0.010551982011999271,0.997650643648571,1.0,1.0,1.3611111111111107,2.186802927291975e-17,4.4154594958123755e-17,1.1102230246251565e-16,0.03433901166398543,0.9124578187402616,0.0,1.0,0.0007027837837067527,0.0020653237725259677
BedSet_02_12.obj,BedSet_02,M,M,,0.9978750927144419,0.0020651867900596966,94.66452497576289,0.010551982723040374,0.9976506436485716,1.0,1.0,1.3611111111111114,1.850371707708594e-17,4.5666742981390743e-17,1.1102230246251565e-16,0.0343395650679899,0.9124605168142121,0.0,1.0,0.0007027371716175358,0.0020651867900596966
BedSet_02_13.obj,BedSet_02,M,M,,0.9978750927145777,0.0020651867899233274,94.66452497576289,0.01055198272304108,0.9976506436485709,1.0,1.0,1.3611111111111107,6.223977562292544e-17,7.761651251047656e-17,2.220446049250313e-16,0.0343395650685388,0.9124605168168883,0.0,1.0,0.0007027371715711321,0.002065186789923327
BedSet_02_14.obj,BedSet_02,M,M,,0.9979176025511274,0.002021313103602376,100.79417604998275,0.00990853884497235,0.966906196916511,0.9995725248467708,0.9946550598186921,1.174202833760644,7.384105835201724e-10,2.317981488478572e-09,4.666289826760206e-09,0.057991394738395985,1.8655074454658178,0.5760102850256894,0.9974190538261516,0.0005959338118263341,0.002015049450113183
BedSet_02_15.obj,BedSet_02,OB,OB,,0.9710671339130847,0.028439998075231693,78.00366635555899,0.012730630213486265,0.999999999999969,0.9999998374926243,0.9999999759308772,1.234567901234568,2.7755575615628914e-17,5.314788097156787e-17,1.1102230246251565e-16,0.01947269225024112,0.7889979782259604,0.0,0.9999999810961556,0.008777778291378041,0.028439993111259394
BedSet_02_16.obj,BedSet_02,M,M,,0.9978749557318048,0.002065323772696535,94.66452497576289,0.010551982011998385,0.9976506436485714,0.9999999999999999,1.0,1.3611111111111114,5.551115123125783e-17,7.295594580378439e-17,2.220446049250313e-16,0.0343390116632962,0.9124578187369012,0.0,1.0,0.0007027837837647935,0.0020653237726965343
BedSet_02_17.obj,BedSet_02,M,M,,0.999327773828833,0.0004227290333468596,65.99853346217503,0.015143163428248035,0.9965298275445972,0.9965295525758152,0.9968707634382931,1.3611111111111114,1.9081958235744878e-17,4.18855799615482e-17,1.1102230246251565e-16,0.045480932619248265,1.2728087142665134,0.6981116917457626,0.9976238321436585,0.00014448780198957268,0.00042060286027568127
BedSet_02_18.obj,BedSet_02,M,M,,0.9978749557319238,0.002065323772577447,94.66452497576289,0.010551982011999,0.9976506436485717,0.9999999999999999,1.0,1.3611111111111107,6.223977562292544e-17,7.761651251047656e-17,2.220446049250313e-16,0.03433901166377616,0.9124578187392413,0.0,1.0,0.0007027837837242701,0.002065323772577446
BedSet_02_19.obj,BedSet_02,M,M,,0.998404344040792,0.0015149804639269966,100.79417605024537,0.009912918687287888,0.9918655757514957,1.0,1.0,1.0001291955394798,0.0,0.0,0.0,0.025977512655837223,0.9236637253533824,0.0,1.0,0.00037879404816133376,0.0015149804639269966
BedSet_02_20.obj,BedSet_02,OB,OB,,0.7499999999769813,0.08999664793382736,2.4999738107631804,0.33686389659841026,0.9999999999991127,0.9999999999999999,1.0,1.0,0.0,0.0,0.0,0.14753878273942667,0.3333333332150947,0.0,1.0000000000000002,0.02249916198345684,0.08999664793382735
BedSet_02_21.obj,BedSet_02,M,M,,0.9978748187451276,0.00206546075937368,94.66452497576289,0.010551981300935568,0.9976506436485715,1.0,1.0,1.3611111111111114,2.5232341468753557e-17,5.0380504925713523e-17,1.1102230246251565e-16,0.03433845828687206,0.9124551206745898,0.0,1.0,0.0007028303972868774,0.00206546075937368
BedSet_02_22.obj,BedSet_02,M,M,,0.9978750927144586,0.0020651867900425827,94.66452497576289,0.01055198272304046,0.9976506436485715,0.9999999999999999,1.0,1.3611111111111114,4.5418214643756407e-17,6.403250425067589e-17,1.1102230246251565e-16,0.034339565068057576,0.9124605168145421,0.0,1.0,0.0007027371716117123,0.0020651867900425822
BedSet_02_23.obj,BedSet_02,M,M,,0.9978749557319752,0.002065323772526261,94.66452497576289,0.01055198201199927,0.9976506436485719,1.0,1.0,1.3611111111111107,3.1960965860421176e-17,6.629061103157645e-17,2.220446049250313e-16,0.034339011663984176,0.9124578187402554,0.0,1.0,0.0007027837837068526,0.0020653237725262604
BedSet_02_24.obj,BedSet_02,OB,OB,,0.3617284672270194,0.6315132386904657,11.605181018156193,0.0671342243273123,0.999400116050089,0.9999644303034365,0.9950770932072521,1.0000768100606976,2.8062194505178683e-06,5.3137775509183285e-06,1.4909610323321498e-05,0.043698413063078145,2.5389078654255974,0.08008757249905656,0.9972817408064529,0.1586200598425258,0.629933784647522
BedSet_02_25.obj,BedSet_02,M,M,,0.9993033261211353,0.0002507932551705415,45.49981665681825,0.021964521244484378,0.9999999999999512,1.0,1.0,1.0,2.4671622769447922e-17,4.6156379789502494e-17,1.1102230246251565e-16,0.03458351263900942,0.9465243996445192,0.0,0.9999999999999999,6.269831379263538e-05,0.0002507932551705415
BedSet_02_26.obj,BedSet_02,M,M,,0.9993033261211353,0.000250793255228739,45.49981665978763,0.021964521243051635,0.9999999999999512,1.0,1.0,1.0,2.4671622769447922e-17,4.6156379789502494e-17,1.1102230246251565e-16,0.03458351263900942,0.9465243996445192,0.0,0.9999999999999999,6.269831380718475e-05,0.000250793255228739
BedSet_02_27.obj,BedSet_02,M,M,,0.9988434603445213,0.00046260132414558216,36.99979047477495,0.027001920756015395,0.9999999999999396,0.9999999999999934,0.9999999999999998,1.5625,1.1102230246251566e-17,3.33066907387547e-17,1.1102230246251565e-16,0.038350788126334086,0.9346408271314243,2.2093159237770886e-15,0.9999999999999997,0.0001807036422443687,0.00046260132414557907
BedSet_02_28.obj,BedSet_02,M,M,,0.9988434603445212,0.0004626013241456481,36.99979047477495,0.027001920756015395,0.9999999999999396,0.9999999999999991,0.9999999999999999,1.5625,1.1102230246251566e-17,3.33066907387547e-17,1.1102230246251565e-16,0.03835078812633409,0.934640827131424,2.5121479338940403e-15,0.9999999999999998,0.0001807036422443939,0.00046260132414564764
BedSet_02_29.obj,BedSet_02,OB,OB,,0.9838297993561204,0.015993002914534586,53.00272351327552,0.018536653721661918,0.9929696953663386,0.9999999999999999,1.0,1.1831610946937872,2.7540416114732565e-17,5.359501809431094e-17,1.1102230246251565e-16,0.04531595703140537,0.6825421581881519,0.0,1.0,0.004730574708950417,0.015993002914534583
BedSet_02_30.obj,BedSet_02,OB,OB,,0.9838297993561204,0.015993002914534715,53.002723513300666,0.018536653721653126,0.9929696953663352,1.0,1.0,1.1831610946937787,2.1515950089634818e-17,4.8041797024459267e-17,1.1102230246251565e-16,0.04531595703140536,0.6825421581881518,0.0,1.0,0.004730574708950421,0.015993002914534715
BedSet_02_31.obj,BedSet_02,M,M,,0.996930616104376,0.003016304794382527,93.61521441668462,0.010630206390088737,0.9923493133321479,0.9999999999999999,1.0,1.2041825859041773,5.932672672630144e-09,1.8693762707405232e-08,4.117302627726252e-08,0.035542729568707354,0.8209714119895607,0.0,1.0,0.0009080454443026403,0.003016304759364605
BedSet_02_32.obj,BedSet_02,OB,OB,,0.7579421786568262,0.24204879775209487,312.03070277035556,0.0027888375036511626,0.9999999999998807,0.9999999999999998,1.0,1.3611111111111114,6.1679056923619804e-18,2.543092665845687e-17,3.885780586187985e-17,0.014811020678461696,0.2769963472345283,0.0,1.0,0.08236382701286564,0.2420487977520948
BedSet_02_33.obj,BedSet_02,OB,OB,,0.9838297993561204,0.015993002914534767,53.00272351332581,0.018536653721644335,0.9929696953663455,1.0,1.0,1.1831610946935551,2.237658809322021e-17,5.421336333524149e-17,1.1102230246251565e-16,0.045315957031405375,0.682542158188152,0.0,0.9999999999999999,0.004730574708949543,0.015993002914534767
BedSet_02_34.obj,BedSet_02,OB,OB,,0.9838297993561204,0.015993002914534715,53.002723513300666,0.018536653721653126,0.9929696953663352,1.0,1.0,1.1831610946938311,2.6679778111147174e-17,5.490573683129007e-17,1.1102230246251565e-16,0.045315957031405354,0.6825421581881518,0.0,1.0,0.004730574708950631,0.015993002914534715
BedSet_02_35.obj,BedSet_02,M,M,,0.996930616104376,0.0030163047943824912,93.6152144166851,0.010630206390088683,0.992349313332148,1.0,1.0,1.2041825859041775,5.9326726835894265e-09,1.869376270661412e-08,4.1173026343875904e-08,0.03554272956870727,0.8209714119895616,0.0,1.0,0.0009080454443026297,0.00301630475936457
BedSet_02_36.obj,BedSet_02,OB,OB,,0.7579421786568286,0.24204879775209248,312.03070277035715,0.0027888375036511513,0.9999999999998809,0.9999999999999998,1.0,1.3611111111111114,6.1679056923619804e-18,2.543092665845687e-17,3.885780586187985e-17,0.014811020678461661,0.27699634723453076,0.0,1.0,0.08236382701286483,0.24204879775209243
BedSet_02_37.obj,BedSet_02,OB,OB,,0.9838297993561204,0.015993002914534586,53.00272351327552,0.018536653721661918,0.9929696953663386,1.0,1.0,1.1831610946937872,3.872871016134267e-17,6.863554354450954e-17,2.220446049250313e-16,0.04531595703140536,0.6825421581881519,0.0,1.0,0.004730574708950418,0.015993002914534583
BedSet_02_38.obj,BedSet_02,OB,OB,,0.9838297993561204,0.015993002914534715,53.002723513300666,0.018536653721653126,0.9929696953663352,1.0,1.0,1.1831610946937787,2.7540416114732565e-17,5.70493296674789e-17,1.1102230246251565e-16,0.04531595703140536,0.6825421581881518,0.0,1.0,0.004730574708950421,0.015993002914534715
BedSet_02_39.obj,BedSet_02,M,M,,0.996930616104376,0.0030163047943825272,93.61521441668462,0.010630206390088737,0.9923493133321479,1.0,1.0,1.2041825859041775,5.932672676442068e-09,1.869376270736344e-08,4.1173026343875904e-08,0.035542729568707354,0.8209714119895607,0.0,1.0,0.0009080454443026406,0.003016304759364606
BedSet_02_40.obj,BedSet_02,OB,OB,,0.7579421786568261,0.242048797752095,312.03070277035556,0.0027888375036511626,0.9999999999998807,1.0,1.0,1.3611111111111114,6.1679056923619804e-18,2.543092665845687e-17,3.885780586187985e-17,0.014811020678461696,0.27699634723452843,0.0,1.0,0.08236382701286568,0.242048797752095
BedSet_02_41.obj,BedSet_02,OB,OB,,0.9838297993561204,0.015993002914534767,53.00272351332581,0.018536653721644335,0.9929696953663455,1.0,1.0,1.1831610946935551,1.0327656043024712e-17,3.224809565841823e-17,1.1102230246251565e-16,0.045315957031405375,0.682542158188152,0.0,0.9999999999999999,0.004730574708949543,0.015993002914534767
BedSet_02_42.obj,BedSet_02,OB,OB,,0.9838297993561204,0.015993002914534715,53.002723513300666,0.018536653721653126,0.9929696953663352,1.0,1.0,1.1831610946938307,2.840105411831796e-17,5.910271312286826e-17,1.1102230246251565e-16,0.045315957031405354,0.6825421581881518,0.0,1.0,0.0047305747089506295,0.015993002914534715
BedSet_02_43.obj,BedSet_02,M,M,,0.996930616104376,0.0030163047943824947,93.6152144166851,0.010630206390088683,0.992349313332148,1.0,1.0,1.2041825859041775,5.932672681206974e-09,1.869376269529682e-08,4.117302627726252e-08,0.035542729568707264,0.8209714119895616,0.0,1.0,0.0009080454443026308,0.0030163047593645734
BedSet_02_44.obj,BedSet_02,OB,OB,,0.7579421786568283,0.24204879775209281,312.03070277035715,0.0027888375036511513,0.9999999999998809,1.0,1.0,1.3611111111111114,6.1679056923619804e-18,2.543092665845687e-17,3.885780586187985e-17,0.014811020678461658,0.27699634723453076,0.0,1.0,0.08236382701286493,0.24204879775209281
BedSet_02_45.obj,BedSet_02,M,M,,0.9822786266252995,0.01756513769569464,80.00366634937912,0.012389173329746175,0.9999999999999725,0.9999999999999986,0.9999999999999999,1.0,0.0,0.0,0.0,0.01787084819561171,0.7650355565298971,0.0,0.9999999999999999,0.004391284423923665,0.017565137695694615
BedSet_02_46.obj,BedSet_02,M,M,,0.9970169204259258,0.002955004456693091,188.72924787420123,0.0052906363071132875,0.9999999999998217,1.0,1.0,1.0,0.0,0.0,0.0,0.029562812691192125,0.8964220264067457,0.0,1.0,0.0007387511141732728,0.002955004456693091
BedSet_02_47.obj,BedSet_02,M,M,,0.9979668792389959,0.0019327290840323763,99.80473483727002,0.010008893345772764,0.9999999999999506,1.0,1.0,1.0,0.0,0.0,0.0,0.024614298370836327,0.913710523781409,0.0,1.0,0.0004831822710080941,0.0019327290840323763
BedSet_02_48.obj,BedSet_02,M,M,,0.9812661271169238,0.018633876811067353,100.00196394357262,0.00990694571320249,0.9999999999999689,0.9999999999999989,0.9999999999999999,1.0,0.0,0.0,0.0,0.017624330057805712,0.7592134026314423,0.0,0.9999999999999999,0.0046584692027668425,0.018633876811067332
BedSet_02_49.obj,BedSet_02,M,M,,0.997449269021752,0.0024854343171657974,123.75265136397888,0.008070086049067678,0.9999999999999435,1.0,1.0,1.0,0.0,0.0,0.0,0.023445384661187233,0.9038466768022734,0.0,1.0,0.0006213585792914494,0.0024854343171657974
BedSet_02_50.obj,BedSet_02,M,M,,0.995191250985599,0.0047592226791379685,142.09601639969924,0.007020461940887323,0.9999999999998684,1.0,1.0,1.0,0.0,0.0,0.0,0.027899249430912973,0.870303531978099,0.0,1.0,0.0011898056697844921,0.0047592226791379685
BedSet_02_51.obj,BedSet_02,M,M,,0.9974492690218851,0.0024854343170326856,123.75265136397888,0.008070086049068214,0.9999999999999436,1.0,1.0,1.0,0.0,0.0,0.0,0.023445384661493117,0.9038466768046617,0.0,1.0,0.0006213585792581714,0.0024854343170326856
BedSet_03_01.obj,BedSet_03,OB,OB,,0.4047322329380033,0.5849988659371792,9.241574981640369,0.08542013400620169,0.9999999999999997,0.9999999183156278,0.9999999496329953,1.1604938271604939,9.25185853854297e-18,3.0684943385792895e-17,9.436895709313807e-17,0.00967853945871172,0.7226622387429535,0.7404804324969654,0.9999999604418494,0.1697219106519665,0.584998803419595
BedSet_03_02.obj,BedSet_03,M,M,,0.9957701033525154,0.003056583801047671,30.462135366371946,0.032746355962506704,0.9999999999996647,0.9591047138689355,0.9965028702552253,1.5470914127423825,1.914177628664063e-17,4.19375306516422e-17,1.1102230246251565e-16,0.09666082821520526,1.2873225751861572,0.7392673846021565,0.9972646421515973,0.0012100611296501957,0.002926457867236439
BedSet_03_03.obj,BedSet_03,M,M,,0.9961265751904718,0.0027016204188963166,30.462135366371946,0.032751707393966295,0.9999999999996505,0.9604371776898541,0.9967486754316487,1.5470914127423825,1.914177628664063e-17,4.19375306516422e-17,1.1102230246251565e-16,0.09854866352939488,1.2917440287989415,0.7394499847614685,0.9974561690218923,0.0010686386299406927,0.002590518524739249
BedSet_03_04.obj,BedSet_03,M,M,,0.9987027583103022,0.0006965570013722564,47.766265541631405,0.02091451427136314,0.9999999999997923,0.8581706976963487,0.9916586033018661,1.433641975308642,2.912060392459427e-17,4.8836737440929964e-17,1.1102230246251565e-16,0.07785773836521592,1.3341999181344322,0.6933605565496459,0.9935131231214489,0.00027096108821118213,0.0005952717111556633
BedSet_03_05.obj,BedSet_03,M,M,,0.9993010915648586,0.000583111004792758,92.92884479939926,0.010756071170796062,0.9999999999997949,0.9999999999999971,1.0,0.888888888888889,0.0,0.0,0.0,0.04394640583626527,0.9454485679055858,0.0,0.9999999999999998,0.0001295802232872799,0.0005831110047927562
BedSet_03_06.obj,BedSet_03,M,M,,0.9936483186115173,0.0009726011971044647,12.854930379089396,0.07731317824917049,0.9999999999922381,1.0,1.0,0.888888888888889,5.921189464667501e-17,5.538765574740299e-17,1.1102230246251565e-16,0.2392360993711417,0.852370795917466,0.0,1.0,0.00021613359935654776,0.0009726011971044647
BedSet_03_07.obj,BedSet_03,M,M,,0.9936483186115173,0.0009726011964036366,12.854930378251977,0.07731317825417684,0.9999999999922327,1.0,1.0,0.888888888888889,0.0,0.0,0.0,0.23923609937114176,0.852370795917466,0.0,1.0,0.00021613359920080817,0.0009726011964036366
BedSet_03_08.obj,BedSet_03,M,M,,0.9936483186115173,0.0009726011961700279,12.854930377972838,0.07731317825584563,0.9999999999922409,1.0,1.0,0.888888888888889,1.4802973661668753e-16,1.0467283057891834e-16,2.220446049250313e-16,0.2392360993711417,0.852370795917466,0.0,1.0,0.00021613359914889516,0.0009726011961700278
BedSet_03_09.obj,BedSet_03,M,M,,0.9936483186115173,0.0009726011971044642,12.854930379089396,0.07731317824917049,0.9999999999922381,1.0,1.0,0.888888888888889,5.921189464667501e-17,5.538765574740299e-17,1.1102230246251565e-16,0.23923609937114176,0.852370795917466,0.0,1.0,0.00021613359935654763,0.0009726011971044642
BedSet_03_10.obj,BedSet_03,OB,OB,,0.9252163438733865,0.07465733150997957,67.80185142752599,0.013871705608413356,0.9133244486600823,0.9918882147974298,0.9966700981262798,1.172702572569441,0.09621342807226507,0.22267529067609274,0.6494053773987327,0.021434116307617154,1.046316881810696,0.7587366445977203,0.9973949809481161,0.02859111933075004,0.06102401677459748
BedSet_03_12.obj,BedSet_03,M,M,,0.998773999743665,0.0006317185648993192,47.766265541631405,0.020915877367073482,0.9999999999997821,0.8605046769020703,0.991997359755813,1.7007999999999976,3.6677010634938206e-17,5.819864171175533e-17,1.1102230246251565e-16,0.07879175097018677,1.335934590915058,0.7209379243004509,0.993773940574034,0.0002875793709191102,0.0005414216748492827
BedSet_03_13.obj,BedSet_03,OB,OB,,0.9141770495777095,0.08567075054425675,77.89376121974607,0.01154109035852496,0.7947150670272054,0.9995752960796145,0.9997869805476836,1.858463371267226,0.0018643249186535839,0.010902795461454808,1.1102230246251565e-16,0.015817115914186067,0.7818705050834066,0.7394560093742153,0.9998327369622262,0.03988850527449796,0.08548061480766365
BedSet_03_14.obj,BedSet_03,M,M,,0.9938926140490791,0.00028866939866001925,12.854930379088128,0.07731317824917806,0.9999999999922448,1.0,1.0,1.0816000000000001,1.3457248783335231e-17,3.623475127443525e-17,1.1102230246251565e-16,0.23923609937114176,0.852370795917466,0.0,1.0,7.805620539766921e-05,0.00028866939866001925
BedSet_03_15.obj,BedSet_03,M,M,,0.9938926140490791,0.00028889753553985084,12.855182390843666,0.07731167166829869,0.9999999999922353,1.0,1.0,1.0816000000000001,1.3457248783335231e-17,3.623475127443525e-17,1.1102230246251565e-16,0.2392360993711417,0.852370795917466,0.0,1.0,7.811789360997567e-05,0.00028889753553985084
BedSet_03_16.obj,BedSet_03,M,M,,0.9938926140490791,0.00028866939866001713,12.854930379088128,0.07731317824917806,0.9999999999922448,1.0,1.0,1.0816000000000001,1.3457248783335231e-17,3.623475127443525e-17,1.1102230246251565e-16,0.2392360993711417,0.852370795917466,0.0,1.0,7.805620539766864e-05,0.00028866939866001713
BedSet_03_17.obj,BedSet_03,M,M,,0.9938926140490791,0.000288669396133,12.854930376296732,0.07731317826586595,0.9999999999922369,1.0,1.0,1.0816000000000001,0.0,0.0,0.0,0.23923609937114176,0.852370795917466,0.0,1.0,7.805620471436322e-05,0.000288669396133
BedSet_03_18.obj,BedSet_03,M,M,,0.9938926140490791,0.00028866939866116357,12.854930379089396,0.07731317824917049,0.9999999999922381,1.0,1.0,1.0816000000000001,1.3457248783335231e-17,3.623475127443525e-17,1.1102230246251565e-16,0.23923609937114176,0.852370795917466,0.0,1.0,7.805620539797864e-05,0.00028866939866116357
BedSet_03_19.obj,BedSet_03,M,M,,0.9938926140490791,0.0002886693979019128,12.854930378250709,0.07731317825418443,0.9999999999922393,1.0,1.0,1.0816000000000001,1.3457248783335231e-17,3.623475127443525e-17,1.1102230246251565e-16,0.23923609937114165,0.852370795917466,0.0,1.0,7.805620519267722e-05,0.0002886693979019128
BedSet_03_20.obj,BedSet_03,M,M,,0.9938926140490791,0.00029095057629422414,12.857450952525241,0.07729811234987721,0.9999999999922344,1.0,1.0,1.0816000000000001,1.0092936587501423e-17,3.1916667896151826e-17,1.1102230246251565e-16,0.23923609937114176,0.8523707959174659,0.0,1.0,7.867303582995822e-05,0.00029095057629422414
BedSet_03_21.obj,BedSet_03,M,M,,0.9938926140490791,0.00028866939764920563,12.854930377971568,0.07731317825585321,0.9999999999922476,1.0,1.0,1.0816000000000001,0.0,0.0,0.0,0.23923609937114176,0.852370795917466,0.0,1.0,7.805620512434522e-05,0.00028866939764920563
BedSet_03_22.obj,BedSet_03,M,M,,0.9938926140490791,0.0002886693979030551,12.854930378251977,0.07731317825417684,0.9999999999922327,1.0,1.0,1.0816000000000001,2.3550185370836655e-17,4.538705291477482e-17,1.1102230246251565e-16,0.23923609937114176,0.852370795917466,0.0,1.0,7.805620519298611e-05,0.0002886693979030551
BedSet_03_23.obj,BedSet_03,M,M,,0.9938926140490791,0.0002886693961352936,12.85493037629927,0.07731317826585078,0.9999999999922382,1.0,1.0,1.0816000000000001,2.3550185370836655e-17,4.538705291477482e-17,1.1102230246251565e-16,0.23923609937114176,0.852370795917466,0.0,1.0,7.80562047149834e-05,0.0002886693961352936
BedSet_03_24.obj,BedSet_03,M,M,,0.9938926140490791,0.00028866939866001713,12.854930379088128,0.07731317824917806,0.9999999999922448,1.0,1.0,1.0816000000000001,1.3457248783335231e-17,3.623475127443525e-17,1.1102230246251565e-16,0.2392360993711417,0.852370795917466,0.0,1.0,7.805620539766864e-05,0.00028866939866001713
BedSet_03_25.obj,BedSet_03,M,M,,0.9938926140490791,0.0002886693986611646,12.854930379089396,0.07731317824917049,0.9999999999922381,1.0,1.0,1.0816000000000001,1.3457248783335231e-17,3.623475127443525e-17,1.1102230246251565e-16,0.2392360993711417,0.852370795917466,0.0,1.0,7.805620539797891e-05,0.0002886693986611646
BedSet_03_26.obj,BedSet_03,M,M,,0.9885627411437953,0.01138023099487772,127.22586255787736,0.007811552268801054,0.9999999999999675,1.0,1.0,1.0,7.401486830834377e-17,8.275113844157577e-17,2.220446049250313e-16,0.016984827790170437,0.7996746012281928,0.0,1.0,0.0028450577487194304,0.011380230994877718
BedSet_03_27.obj,BedSet_03,M,M,,0.9871159537361517,0.012804208332208643,114.88341030604705,0.008651746163977885,0.9934184372747548,0.9307222450640399,0.9846611087371998,1.2285329589413048,0.06444763250197384,0.24540905407721975,0.4994690138909526,0.02117320689003844,1.0248235765972733,0.5948325933052196,0.9883565394519535,0.00506995789856327,0.01014829940584915
BedSet_04_01.obj,BedSet_04,M,M,,0.9941058742143905,8.15717071087124e-05,10.872996940761508,0.09119940225606263,0.9783730610597432,0.9985773308570945,0.9805118304375803,1.0008263639243853,0.034943959097344435,0.02260607809903696,0.0731567170224105,0.26291980907477425,2.912546313593858,0.07404811615909766,0.9896688481339172,2.1759266822327687e-05,7.876055944006594e-05
BedSet_04_02.obj,BedSet_04,OB,OB,,0.6363647275314378,0.35163628845026357,7.824948601884411,0.1079817438754666,0.9780455663645458,0.9840207226149004,0.9573336710051673,1.0008263667781223,0.034943959889755745,0.022606075761086933,0.07315671988135246,0.045035058178661595,2.1402908799525275,0.07404804898944654,0.9756178110546253,0.09678643721974564,0.33065332641102074
BedSet_04_03.obj,BedSet_04,M,M,,0.9861705708033522,0.013061630568375853,29.164677221291885,0.03402050846515142,0.9925124159472789,0.9997760364309318,0.9920484459552055,1.0008263715502594,0.034943961263895325,0.022606075983636897,0.07315672346690003,0.1569123758682147,3.055371153811868,0.09963936724736223,0.9957595322841112,0.00344652462079241,0.012700186893357671
BedSet_04_04.obj,BedSet_04,M,M,,0.9861705708033522,0.01306163056837594,29.164677221291885,0.03402050846515142,0.9925124159472798,0.9997760364309319,0.9920484459552057,1.0008263715535404,0.03494396125810713,0.022606075956095126,0.07315672346689683,0.15691237586821466,3.0553711538118686,0.09963936724736219,0.995759532284111,0.003446524620774043,0.01270018689341572
BedSet_04_05.obj,BedSet_04,M,M,,0.9861705708033522,0.013061630568375872,29.164677221291885,0.03402050846515142,0.9925124159472802,0.999776036430932,0.9920484459552057,1.000826371553536,0.034943961258110064,0.022606075956092188,0.07315672346690405,0.15691237586821466,3.0553711538118677,0.09963936724740445,0.9957595322841114,0.003446524620774019,0.012700186893415635
BedSet_04_06.obj,BedSet_04,M,M,,0.9861705708033522,0.013061630568376224,29.164677221291885,0.03402050846515142,0.992512415947279,0.999776036430932,0.9920484459552058,1.0008263715502659,0.0349439612638956,0.022606075983637175,0.0731567234669099,0.1569123758682147,3.055371153811868,0.09963936724736364,0.9957595322841112,0.0034465246207925405,0.012700186893358011
BedSet_04_07.obj,BedSet_04,M,M,,0.9861705708033522,0.013061630568375946,29.164677221291885,0.03402050846515142,0.9925124159472798,0.9997760364309319,0.9920484459552064,1.0008263715502586,0.034943961263897,0.022606075983643104,0.07315672346689688,0.15691237586821496,3.0553711538118686,0.09963936724736573,0.9957595322841114,0.0034465246207924316,0.012700186893357763
BedSet_04_08.obj,BedSet_04,M,M,,0.9861705708033522,0.013061630568376222,29.164677221291885,0.03402050846515142,0.9925124159472795,0.9997760364309316,0.9920484459552051,1.0008263715535368,0.03494396125810336,0.022606075956096885,0.07315672346689084,0.15691237586821438,3.0553711538118673,0.09963936724733398,0.9957595322841112,0.0034465246207740965,0.01270018689341601
BedSet_04_09.obj,BedSet_04,M,M,,0.9861705708033521,0.013061630568376002,29.164677221291885,0.03402050846515142,0.9925124159472787,0.9997760364309319,0.9920484459552058,1.000826371553543,0.03494396125810121,0.022606075956101045,0.07315672346690412,0.15691237586821435,3.0553711538118673,0.09963936724730577,0.9957595322841112,0.0034465246207740757,0.012700186893415765
BedSet_04_10.obj,BedSet_04,M,M,,0.9861705707707182,0.01306163060101011,29.164677221291885,0.03402050846404707,0.9925124154937939,0.9997760364134934,0.9920484459443307,1.0008263723389896,0.03494395904437813,0.022606076145308907,0.07315671719472383,0.15691237569238786,3.0553711536217834,0.09963934489672266,0.9957595321273477,0.003446524621755842,0.01270018694590337
BedSet_04_11.obj,BedSet_04,M,M,,0.9854071595681516,0.014293760528315755,46.6057064268589,0.021291638134954903,0.9954199721439017,0.999913703925034,0.9950407596251353,1.0008263654274767,0.03494395957235484,0.02260607765263305,0.07315672346716029,0.08990255064387254,2.926940484971053,0.07404801458317135,0.9973510699125752,0.0037614205900783943,0.01392101470070439
BedSet_04_12.obj,BedSet_04,M,M,,0.9854071595681516,0.014293760525585975,46.605706056111835,0.0212916383042525,0.9954199718643996,0.9999137039250338,0.995040759625135,1.0008263701827838,0.03494395882025303,0.02260607740732138,0.07315671670352888,0.08990255064387541,2.926940484971032,0.07404801458318358,0.9973510699125749,0.003761420595525275,0.013921014719645394
BedSet_04_13.obj,BedSet_04,OB,OB,,0.9635429901374803,0.03432911790888477,29.057838855274497,0.033933567901015774,0.9365679675428349,0.9957646627759084,0.9586593855754661,1.0012552929634144,0.001057597339941367,0.01235514058701646,1.1102230246251565e-16,0.05068959756537774,1.6170611144853146,0.25674950769628735,0.9824142349486304,0.008955251050750292,0.0334192367015101
BedSet_04_14.obj,BedSet_04,M,M,,0.9941058742143465,8.157170711773642e-05,10.872996940761508,0.09119940225606266,0.9783730610597463,0.9985773308567305,0.9805118304367448,1.000826371051151,0.034943959097346225,0.022606078099039247,0.0731567170224251,0.26291980910505686,2.912546313662329,0.07404811615907717,0.9896688481335442,2.1759266970091324e-05,7.876055944871676e-05
BedSet_04_15.obj,BedSet_04,M,M,,0.9941058742143838,8.15717077582056e-05,10.872996940761508,0.09119940225606266,0.9783730610559476,0.9985773308670128,0.9805118304173722,1.000826373562835,0.034943958979638506,0.02260607756910579,0.07315671547893558,0.262919809199824,2.912546313736326,0.07404812309384697,0.9896688481762408,2.175926717557167e-05,7.87605600990594e-05
BedSet_04_16.obj,BedSet_04,OB,OB,,0.964328959519961,0.034939960760130645,29.883031640079118,0.03284814490704902,0.9951076418007847,0.9998654128261268,0.9927027341585489,1.0008263645997661,0.03494395847598866,0.02260607688205415,0.07315671449310535,0.11227648872306349,2.759702812197476,0.07404801458353447,0.9961070978741352,0.009213604110665309,0.0339872927979218
BedSet_04_17.obj,BedSet_04,OB,OB,,0.9635429901374802,0.034329117908884876,29.057838855274692,0.03393356790101554,0.9365679675428356,0.9957646627759078,0.958659385575466,1.0012552929634086,0.0010575973399413437,0.012355140587016216,1.1102230246251565e-16,0.05068959756537772,1.6170611144853144,0.25674950769623306,0.9824142349486302,0.008955251050750273,0.03341923670151018
BedSet_04_18.obj,BedSet_04,M,M,,0.9941058742144279,8.157170774902956e-05,10.872996940761508,0.09119940225606263,0.9783730610559472,0.9985773308673782,0.9805118304182088,1.0008263671445052,0.0349439589796367,0.022606077569103496,0.07315671547891962,0.2629198091695063,2.912546313667776,0.07404812309385592,0.9896688481766142,2.1759267042214513e-05,7.876056009026197e-05
BedSet_04_19.obj,BedSet_04,OB,OB,,0.9643289595199613,0.034939960765157076,29.88303187779529,0.03284814464602765,0.9951076421910574,0.9998654128261274,0.9927027341585505,1.0008263671696567,0.03494395920202135,0.02260607772212209,0.07315671798043359,0.1122764887230494,2.759702812197581,0.07404801458353583,0.9961070978741361,0.00921360415067759,0.03398729277045634
BedSet_04_20.obj,BedSet_04,M,M,,0.9903135052160361,0.007630758183436162,22.49856734374647,0.04419031655889505,0.9995199637685759,1.0,1.0,1.0815999996555283,4.0371746350005693e-17,5.340680041774733e-17,1.1102230246251565e-16,5.0,0.8208063656505269,0.0,1.0,0.0020633570121439933,0.007630758183436162
BedSet_04_21.obj,BedSet_04,OB,OB,,0.5241437559859127,0.4600766508782199,7.5597392080505665,0.10798752162602125,0.996580560149833,0.9993001660893241,0.9777757973131657,1.0077383560478377,7.946298204589881e-09,2.4664117045011168e-08,5.3961472817887074e-08,5.0,3.4284302978655394,0.03311850221704936,0.9879829031853163,0.1183366642725632,0.45464582616928445
BedSet_04_22.obj,BedSet_04,OB,OB,,0.0046676977980307155,0.9606590236333271,5.651441596149633,0.13098351461689128,0.9771041720193464,0.6307621424856161,0.5860387577022443,1.0986542470185132,6.215109379328371e-09,1.966925900317286e-08,3.5711860824072515e-08,5.0,2.5255094504758047,0.3354695125199996,0.7898165261954504,0.4247389081710958,0.4805279811756217
BedSet_05_01.obj,BedSet_05,OB,OB,,0.5227211158104357,0.4415445229404587,5.288134236837405,0.15363280026864623,0.9999999999999998,0.9018500233628265,0.9348593994876304,1.079881656804734,3.489272363107635e-17,5.797161760950771e-17,1.1102230246251565e-16,0.011201885000677089,0.7409069883545825,0.404578603085941,0.9525735199266362,0.13532698135307936,0.38523721878409023
BedSet_05_02.obj,BedSet_05,OB,CA,x,0.4782774162517173,0.5105249289371703,5.864407023230353,0.13626799444946028,0.7722262233336518,0.8970760969453604,0.929840469658954,1.0624454954183666,9.607699251563854e-18,3.480515104096515e-17,1.1102230246251565e-16,0.011432263630037525,0.8638575389514408,0.6838606484970712,0.9491834971600681,0.15537446353202372,0.4419138899419993
BedSet_05_03.obj,BedSet_05,CA,CA,,0.8114817576016448,0.161302026418993,1.0603303326593887,0.5657452583788467,0.36080093331082297,0.5802271822188567,0.38387031814976524,1.0821146367990409,0.0005692633155571469,0.011694177318180577,0.0008715078600813885,3.489333833283444,4.953225152227585,0.12624333898907905,0.7516121009827659,0.078236113358006,0.06464706837203199
BedSet_05_04.obj,BedSet_05,CA,CA,,0.8114819563047364,0.16130180772348252,1.0603303326593887,0.5657452583788467,0.3607968449299485,0.5802214567944883,0.3838589909496639,1.0821210796392402,0.0005695187971332576,0.011694027542505793,0.0008716618407581034,3.526870547010442,4.980765740237865,0.12551783678537257,0.7516084991526665,0.07823681759067869,0.06464580999706568
BedSet_05_05.obj,BedSet_05,CA,CA,,0.8114821458091017,0.16130162090285205,1.0603303326593887,0.5657487547432527,0.36079713912358446,0.5802217453434919,0.38386028371003866,1.0821246015051473,0.0005692923533273071,0.011696004819456911,0.0008679613912457022,3.433086085333925,4.9116452385279405,0.1271857441153834,0.7516096856939716,0.07823675674981954,0.06464586215049013
BedSet_05_06.obj,BedSet_05,CA,CA,,0.8114823445087285,0.16130140221038414,1.0603303326593887,0.5657487547432527,0.3607930502875062,0.5802160517506667,0.3838489624610938,1.0821312784998374,0.0005694222037299043,0.011695855739364058,0.0008692056176409279,3.4518626577180562,4.925450092205377,0.12676351235527109,0.7516060919260632,0.07823748487688972,0.06464459491256996
BedSet_05_07.obj,BedSet_05,SL,OB,x,0.9336938550420699,0.060693532210204654,5.42310950556735,0.1664360529697803,0.5436221374007221,0.9999999999999999,1.0,1.0566562879083357,3.384826294588892e-17,6.336529829348753e-17,2.220446049250313e-16,0.011155494625459846,0.3602996248524747,0.0,1.0,0.016033050611319967,0.06069353221020464
BedSet_05_08.obj,BedSet_05,M,M,,0.9835627960156667,0.014164513799549406,20.831278958752556,0.047561130672918825,0.993032356146848,0.9999999640472376,0.9999819701580291,1.0017355538086976,2.6127026468240427e-12,7.625945593819492e-12,2.2686164058427454e-11,0.032029777394672394,1.181115357821743,0.6707541488890248,0.9999874859961935,0.0035473392665571948,0.01416438559824365
BedSet_05_09.obj,BedSet_05,M,M,,0.9992697131498515,0.00039566810334124345,52.99995087833235,0.01885860201020447,0.9998873753309122,0.9360284361018268,0.997812253520312,1.580408163265306,7.468773074751053e-17,8.743070036724935e-17,2.220446049250313e-16,5.0,0.9509202129582821,1.7763568394002505e-15,0.9982861672383709,0.00016162313615589025,0.0003699514728163314
BedSet_05_10.obj,BedSet_05,M,M,,0.9955052621040213,0.003993836146879507,42.99988045395846,0.023193178853748823,0.9983367858274408,0.9999999999999999,1.0,1.0,4.625929269271486e-17,6.607148558400768e-17,1.3877787807814457e-16,5.0,0.8695651122806566,0.0,1.0,0.0009984590367198769,0.0039938361468795066
BedSet_05_11.obj,BedSet_05,M,M,,0.9955052621039386,0.003993836146962238,42.99988045395846,0.023193178853747783,0.9983367858274492,0.9999999999999984,0.9999999999999999,1.0,1.850371707708594e-17,4.1375569220787883e-17,1.1102230246251565e-16,5.0,0.8695651122795325,0.0,0.9999999999999998,0.000998459036740561,0.003993836146962232
BedSet_05_12.obj,BedSet_05,M,M,,0.9955052621040215,0.003993836146879346,42.99988045395846,0.023193178853748823,0.9983367858274408,0.9999999999999953,0.9999999999999998,1.0,4.625929269271486e-17,6.607148558400767e-17,1.3877787807814457e-16,5.0,0.8695651122806566,0.0,0.9999999999999997,0.0009984590367198406,0.003993836146879327
BedSet_05_13.obj,BedSet_05,M,M,,0.9955052621039385,0.003993836146962262,42.99988045395846,0.023193178853747783,0.9983367858274492,0.9999999999999999,1.0,1.0,3.0839528461809905e-17,5.619229513268984e-17,1.1102230246251565e-16,5.0,0.8695651122795325,0.0,1.0,0.0009984590367405656,0.0039938361469622615
BedSet_05_14.obj,BedSet_05,M,M,,0.9955052621038557,0.0039938361470451085,42.99988045395846,0.02319317885374675,0.9983367858274694,0.9999999999999999,1.0,1.0,1.850371707708594e-17,4.1375569220787883e-17,1.1102230246251565e-16,5.0,0.8695651122784084,0.0,1.0,0.0009984590367612771,0.003993836147045108
BedSet_05_15.obj,BedSet_05,M,M,,0.9955052621040229,0.0039938361468779375,42.99988045395846,0.023193178853748837,0.9983367858274366,1.0,1.0,1.0,0.0,0.0,0.0,5.0,0.8695651122806766,0.0,1.0,0.0009984590367194844,0.0039938361468779375
BedSet_05_16.obj,BedSet_05,OB,OB,,0.975379782315298,0.014999925673480097,9.99998887846615,0.09826614788460782,0.9991410900683566,0.9999999999999998,1.0,1.0816000000000001,6.392193172084235e-17,6.711781751004994e-17,1.5543122344752176e-16,5.0,0.724137792186453,0.0,1.0,0.00405597990210902,0.014999925673480094
BedSet_05_17.obj,BedSet_05,OB,OB,,0.975379782315298,0.014999925674357189,9.999988878922242,0.09826614788016924,0.9991410900683172,1.0,1.0,1.0816000000000001,4.0371746350005693e-17,6.592678572172209e-17,1.5543122344752176e-16,5.0,0.724137792186453,0.0,1.0,0.004055979902346184,0.014999925674357189
BedSet_05_18.obj,BedSet_05,OB,OB,,0.975379782315298,0.014999925675618923,9.999988879578353,0.09826614787378414,0.9991410900682626,1.0,1.0,1.0816000000000001,1.0092936587501423e-17,3.1916667896151826e-17,1.1102230246251565e-16,5.0,0.724137792186453,0.0,1.0,0.0040559799026873575,0.014999925675618923
BedSet_05_19.obj,BedSet_05,M,M,,0.9979974380941461,0.0019094650720636848,99.49986167975277,0.010037080086678264,0.9999460049073279,1.0,1.0,1.26953125,5.329070518200751e-17,7.768388458966724e-17,2.220446049250313e-16,5.0,0.9043075054065096,0.0,1.0000000000000002,0.0006060313949420875,0.0019094650720636846
BedSet_05_20.obj,BedSet_05,M,M,,0.9828697392786802,0.00493035427044624,8.49999409177101,0.11605176127807838,0.9628549096557666,0.9593917599046619,0.9838390841035103,1.5041357996774443,2.5296220814244072e-17,4.9805574985391317e-17,1.1102230246251565e-16,5.0,1.0557920679715167,0.7414403202154988,0.9876986146189549,0.0019150725771091236,0.0046919195529323415
BedSet_05_21.obj,BedSet_05,M,M,,0.9947340261125457,0.005059927483953184,80.99988739995358,0.012321289471523254,0.9983905659916574,0.9655843614936649,0.9971709697494545,1.2287334593572778,0.0,0.0,0.0,5.0,1.292521183884784,0.6396408962844023,0.9977871654425433,0.0015929803979417491,0.0048788758294006996
BedSet_05_22.obj,BedSet_05,M,M,,0.9947340261122525,0.0050599274842463154,80.99988739995358,0.012321289471521954,0.998390565991658,0.9655843614936176,0.9971709697493739,1.2287334593572778,1.6326809185664067e-17,4.765638706969844e-17,1.1102230246251565e-16,5.0,1.292521183881672,0.6396408962815151,0.9977871654424806,0.0015929803980341902,0.004878875829682906
BedSet_05_23.obj,BedSet_05,M,M,,0.9947340261122527,0.005059927484246097,80.99988739995358,0.012321289471521954,0.998390565991658,0.9655843614936184,0.9971709697493737,1.2287334593572778,1.6326809185664067e-17,4.765638706969844e-17,1.1102230246251565e-16,5.0,1.292521183881672,0.6396408962811525,0.9977871654424806,0.0015929803980341206,0.004878875829682699
BedSet_05_24.obj,BedSet_05,M,M,,0.9947340261122527,0.005059927484246095,80.99988739995358,0.012321289471521954,0.9983905659916583,0.9655843614936191,0.9971709697493737,1.2287334593572778,1.6326809185664067e-17,4.765638706969844e-17,1.1102230246251565e-16,5.0,1.292521183881672,0.6396408962811515,0.9977871654424806,0.0015929803980341195,0.0048788758296827005
BedSet_05_25.obj,BedSet_05,M,M,,0.9947340261122236,0.005059927484275288,80.99988739995358,0.012321289471521822,0.998390565991658,0.9655843614936158,0.9971709697493659,1.2287334593572778,4.244970388272657e-17,6.603785628189322e-17,1.498801083243959e-16,5.0,1.2925211838813606,0.6396408962810379,0.9977871654424746,0.001592980398043324,0.0048788758297108135
BedSet_05_26.obj,BedSet_05,M,M,,0.9947340261120774,0.005059927484421458,80.99988739995358,0.012321289471521174,0.9983905659916591,0.9655843614935925,0.9971709697493256,1.2287334593572778,2.6122894697062506e-17,5.4248265114778866e-17,1.1102230246251565e-16,5.0,1.2925211838798052,0.6396408962796033,0.9977871654424427,0.0015929803980894203,0.004878875829851538
BedSet_05_27.obj,BedSet_05,M,M,,0.9947340261121533,0.005059927484345698,80.99988739995358,0.01232128947152151,0.9983905659916587,0.965584361493604,0.9971709697493467,1.2287334593572778,2.6122894697062506e-17,4.70937181469026e-17,1.1102230246251565e-16,5.0,1.2925211838806143,0.6396408962805221,0.9977871654424595,0.0015929803980655284,0.004878875829778597
BedSet_05_28.obj,BedSet_05,M,M,,0.9947340261121415,0.005059927484357502,80.99988739995358,0.01232128947152146,0.9983905659916584,0.9655843614935995,0.9971709697493432,1.2287334593572778,2.6122894697062506e-17,6.056343985464137e-17,1.498801083243959e-16,5.0,1.2925211838804893,0.6396408962800498,0.9977871654424566,0.0015929803980692541,0.004878875829789947
BedSet_05_29.obj,BedSet_05,M,M,,0.9947340261121943,0.0050599274843047114,80.99988739995358,0.012321289471521694,0.9983905659916583,0.9655843614936094,0.9971709697493578,1.2287334593572778,2.2857532859929692e-17,5.23477324947573e-17,1.1102230246251565e-16,5.0,1.2925211838810495,0.6396408962807502,0.9977871654424681,0.0015929803980526047,0.004878875829739132
BedSet_05_30.obj,BedSet_05,M,M,,0.9947340261120774,0.005059927484421458,80.99988739995358,0.012321289471521174,0.9983905659916585,0.9655843614935925,0.9971709697493256,1.2287334593572778,2.6122894697062506e-17,5.4248265114778866e-17,1.1102230246251565e-16,5.0,1.2925211838798052,0.6396408962796033,0.9977871654424427,0.0015929803980894203,0.004878875829851538
BedSet_05_31.obj,BedSet_05,M,M,,0.99473402611196,0.005059927484538891,80.99988739995358,0.012321289471520653,0.9983905659916598,0.9655843614935721,0.9971709697492934,1.2287334593572778,1.959217102279688e-17,5.0163440381090274e-17,1.1102230246251565e-16,5.0,1.2925211838785604,0.6396408962786259,0.9977871654424177,0.0015929803981264545,0.004878875829964586
BedSet_05_32.obj,BedSet_05,M,M,,0.9947340261119603,0.0050599274845386545,80.99988739995358,0.012321289471520653,0.9983905659916584,0.9655843614935721,0.9971709697492934,1.2287334593572778,3.2653618371328135e-17,5.730686766557951e-17,1.1102230246251565e-16,5.0,1.2925211838785595,0.6396408962786316,0.9977871654424177,0.00159298039812638,0.004878875829964359
BedSet_05_33.obj,BedSet_05,M,M,,0.9947340261119603,0.005059927484538643,80.99988739995358,0.012321289471520653,0.9983905659916594,0.9655843614935736,0.9971709697492935,1.2287334593572778,3.2653618371328135e-17,5.730686766557951e-17,1.1102230246251565e-16,5.0,1.2925211838785595,0.6396408962786274,0.9977871654424177,0.001592980398126375,0.0048788758299643555
BedSet_05_34.obj,BedSet_05,M,M,,0.9947340261122526,0.005059927484246213,80.99988739995358,0.012321289471521954,0.998390565991658,0.9655843614936174,0.9971709697493737,1.2287334593572778,1.6326809185664067e-17,4.765638706969844e-17,1.1102230246251565e-16,5.0,1.292521183881672,0.6396408962811525,0.9977871654424805,0.0015929803980341585,0.0048788758296828055
BedSet_05_35.obj,BedSet_05,M,M,,0.9947340261122526,0.005059927484246201,80.99988739995358,0.012321289471521954,0.998390565991658,0.9655843614936184,0.9971709697493737,1.2287334593572778,1.6326809185664067e-17,4.765638706969844e-17,1.1102230246251565e-16,5.0,1.292521183881672,0.6396408962811483,0.9977871654424806,0.0015929803980341533,0.004878875829682799
BedSet_06_01.obj,BedSet_06,M,M,,0.9976369217705228,0.002170179937143982,72.00054901602365,0.01387106721119319,0.9999999999997882,1.0,1.0,1.1111111111111112,0.0,0.0,0.0,0.04403765508791721,0.9072840552765972,0.0,1.0,0.0006028277603177728,0.002170179937143982
BedSet_06_02.obj,BedSet_06,M,M,,0.9998114751165031,9.766529890674344e-09,51.50043927815321,0.01940999287779578,0.7764329074853737,0.9999725414675527,0.9999993308696351,1.111127209103337,2.8878805791165974e-09,1.4525012323984158e-08,1.2914727359758516e-08,0.12176657852773717,1.952399977241313,0.7695298980959934,0.9999994744667344,2.7130196840329067e-09,9.766258400752057e-09
BedSet_06_03.obj,BedSet_06,M,M,,0.9998114751165033,7.498616123058505e-09,51.50043927365491,0.019409992879490506,0.7764375768638334,0.9999725414675813,0.9999993308696353,1.111115997171714,2.8849859977166303e-09,1.4507644616875523e-08,1.292574812183922e-08,0.26788647278350053,3.0960568066504184,0.6058476733762561,0.9999994744667349,2.0830006250770346e-09,7.498407676589336e-09
BedSet_06_04.obj,BedSet_06,OB,OB,,0.4521977922607086,0.5477481298501996,103.51860011612243,0.007881179120272681,0.9930091639397,0.8927155576180645,0.9231672026659204,1.1143025009004583,8.114823714937976e-09,4.0243794412681136e-08,2.8555102676852685e-08,0.010089237855727061,0.3784736014882063,0.5949174652288927,0.9448750779177145,0.17518419070943744,0.4701982949377027
BedSet_06_05.obj,BedSet_06,M,M,,0.9998088274406861,5.3814717593265615e-06,51.50043927365491,0.019409992879490506,0.7764340819397648,0.9999999988093582,0.9999999945301796,1.1400419798609915,0.0002457109482420747,0.0014291649438666655,8.660618258105047e-08,0.31659745004913376,3.3926338812343357,0.5667444874666875,0.9999999957040144,1.5343723737840145e-06,5.380278868501586e-06
BedSet_06_06.obj,BedSet_06,OB,OB,,0.45219779285202355,0.5477480302400562,98.64790642393316,0.008270320711519591,0.9579061185741065,0.8927161137288815,0.9231729097748052,1.1135238202489113,1.8887177759182212e-07,9.411620907559761e-07,3.906806539222262e-07,0.012107514817047312,0.6098333042009542,0.6331774066444067,0.9448785417582307,0.17507677356702725,0.4701997957986127
BedSet_06_07.obj,BedSet_06,M,M,,0.9988066647790991,0.001102004022906458,102.00087846788786,0.00979760016794182,0.999999999999852,0.9910102997172091,0.9996041437912635,1.1555555555555554,5.693451408334136e-18,2.4488460453296084e-17,1.1102230246251723e-17,0.05549850202235031,1.3444516012490577,0.7374535473798817,0.9996892401984344,0.0003204548589567045,0.001091881180274395
BedSet_06_08.obj,BedSet_06,OB,OB,,0.517840472592247,0.4763193311289229,13.333352855428814,0.061326673157422795,0.9992255245392745,0.9992255245357472,0.9766254958092154,1.1111147275633422,5.3348379105364664e-17,8.285714385386006e-17,2.220446049250313e-16,0.10866469878878668,3.35117057592455,0.023534661422511715,0.9873430927717666,0.134959504155149,0.4703878807926607
BedSet_06_09.obj,BedSet_06,M,M,,0.989550069512243,0.009702716425157762,35.004173871495716,0.02837182024331119,0.9999999999969597,0.9999999999999998,1.0,1.1377777777777778,0.0,0.0,0.0,0.11816297388063815,0.794863320366502,0.0,1.0,0.002759883783155986,0.00970271642515776
BedSet_06_10.obj,BedSet_06,M,M,,0.9895512171343227,0.009701240465362042,34.99648571141965,0.028378068128918948,0.9999999999969709,1.0,1.0,1.1377777777777778,1.766263902812749e-17,4.0607610555523603e-17,1.1102230246251565e-16,0.11816624981949993,0.794873527727839,0.0,1.0,0.0027594639545918697,0.009701240465362042
BedSet_06_11.obj,BedSet_06,M,M,,0.9974732730548403,0.0023331654418627607,72.0005490286243,0.013871068234696606,0.9999999999997868,0.9767142176738137,0.9985192907923756,1.1228373702422145,6.530723674265627e-18,2.6122894697062506e-17,5.551115123125783e-17,0.06597433457916402,1.3168578569096858,0.7168685070778184,0.9988391470497106,0.0006667317340232449,0.0022771487126328344
BedSet_06_12.obj,BedSet_06,M,M,,0.9879248969301182,0.011348668274896166,35.00417385925837,0.028371840324678984,0.999999999996948,0.9646714566828599,0.99473966219808,1.0754458161865568,6.719770938520684e-17,6.993650806770528e-17,2.220446049250313e-16,0.1772493747292476,0.7948735277279955,0.0,0.9958940151918744,0.003147350130868413,0.010918941960454774
BedSet_06_13.obj,BedSet_06,M,M,,0.9895512171343243,0.00970124046530813,34.99648571019596,0.02837806812991044,0.9999999999969477,0.9999999999999998,1.0,1.1377777777777778,8.074349270001139e-17,6.845362643519293e-17,2.220446049250313e-16,0.11816624981950459,0.7948735277278536,0.0,0.9999999999999999,0.002759463954576536,0.009701240465308127
BedSet_06_14.obj,BedSet_06,M,M,,0.9874413667487811,0.011773546245853745,34.99648571141965,0.028378068128918917,0.9999999999969624,0.9999999999999937,0.9999999999999992,1.0816000000000001,0.0,0.0,0.0,0.11816624981954545,0.7948735277279808,7.364386412590295e-16,0.9999999999999992,0.0031835669048788707,0.011773546245853665
BedSet_06_15.obj,BedSet_06,M,M,,0.9895512171343227,0.009701568803034022,35.00417387149502,0.028371840314768828,0.9999999999969464,1.0,1.0,1.1377777777777778,3.2802043909379627e-17,5.591113381911765e-17,1.1102230246251565e-16,0.11816624981949993,0.7948735277278391,0.0,1.0,0.0027595573484185663,0.009701568803034022
BedSet_06_16.obj,BedSet_06,M,M,,0.9988035729497123,0.0011108782387005878,102.00087846788786,0.00979760016794182,0.9999999999998457,0.9691580519948915,0.9986112692486242,1.2270406570250767,2.981488087869458e-07,6.992060545834332e-07,1.941950590922392e-06,0.055498493973413325,1.3444515811668596,0.7332221920070748,0.9989110755057782,0.00034803866999588896,0.0010758684565164622
BedSet_06_17.obj,BedSet_06,M,M,,0.9998132616253613,7.417369104220206e-08,51.7504118204832,0.01931630637549368,0.7764636882178819,0.9999863550203802,0.9999952322904909,1.0275849128745813,4.525079626434287e-17,6.960999687499608e-17,2.220446049250313e-16,0.3158315865672961,3.392972543552129,0.5661466366447203,0.9999962564298528,1.9055238578451493e-08,7.41725021268061e-08
BedSet_06_18.obj,BedSet_06,M,CA,x,0.4530407697001528,0.5315768959715367,5.7222300181621195,0.14115131824657146,0.3677610090774051,0.5231517668562479,0.3179942458492173,1.0309529999840983,0.012245231460499382,0.09452673911382635,5.596820722153506e-06,0.016117282802535826,0.81512072473229,0.7153940669102603,0.7299478125169183,0.26732817455138397,0.1807057196237544
BedSet_06_19.obj,BedSet_06,OB,OB,,0.45139784244079895,0.5485483580714167,103.00076863631782,0.007920748335231194,0.9928038813195923,0.8778631387729889,0.911623189240501,1.1214238876662723,8.596505522180233e-09,4.81101007379693e-08,2.0199397710030064e-13,0.010088655414338968,0.3784628319094368,0.594863855116527,0.9373836417958362,0.17961246330686267,0.4602714363731292
BedSet_06_20.obj,BedSet_06,M,M,,0.9997411480524335,2.6538472701900937e-05,42.88782767792663,0.022460709691235963,0.0646579832063102,0.9999917353398323,0.9999973428060872,1.4035276522421607,0.09323062069836738,0.25536151117108136,0.873496398947827,0.13218665794941337,1.9453447095769347,0.7067159922154176,0.9999979731092153,1.227010749831802e-05,2.0621925039979476e-05
BedSet_06_21.obj,BedSet_06,M,M,,0.9997378021351163,3.3282794902121784e-05,42.88782767792663,0.022460709691235963,0.06465680209838758,0.9999967199694861,0.9999974886180856,1.3035373189290558,0.05608382921582137,0.20290742657094737,0.6112871065705587,0.11848244429785552,1.817800013113445,0.7791763131213395,0.9999980288307587,1.346633257783051e-05,2.8042773593360157e-05
BedSet_06_22.obj,BedSet_06,M,M,,0.9986633258909486,0.00011116333472206477,19.781763920935777,0.05042291934969897,0.7792932240363308,0.9999999999999979,0.9999999999999999,1.8029338300748037,0.08275830926992844,0.27546148201753484,0.9994219371964632,0.1805513687527523,0.9039691375774405,0.0,0.9999999999999999,6.393374064294435e-05,8.350592185334581e-05
BedSet_06_23.obj,BedSet_06,M,M,,0.9982816376752406,4.151011450685044e-05,17.10190829488154,0.058274051826076104,0.7856957982890546,0.9999999999999998,1.0,1.5425917992565927,0.14193344726816837,0.3489403743519941,0.9999907567389784,0.16992970522077502,0.8893553470650505,0.0,0.9999999999999999,2.158006976312321e-05,3.036655609283882e-05
BedSet_06_24.obj,BedSet_06,M,M,,0.9982492787134348,0.0001516758972227392,17.102976010517338,0.05827048833623789,0.7873894535980054,0.9999999999999981,0.9999999999999999,1.5333905778189787,0.09668342592945872,0.29547823008988366,0.9997086979059777,0.16967227074504548,0.8888399211761536,0.0,0.9999999999999999,7.739197486645216e-05,0.00011318114333162882
BedSet_06_25.obj,BedSet_06,M,M,,0.9983288311205559,5.325024777416738e-05,17.255712194842502,0.05775812456079148,0.7814694968974546,1.0,1.0,1.4530297680234363,0.1063516040971892,0.30823624940016703,0.9999068401392854,0.16864867466379838,0.8901847439119018,0.0,1.0,2.6189465343387196e-05,3.955841467263746e-05
BedSet_06_26.obj,BedSet_06,M,M,,0.9982146675696036,0.0015869621601601789,71.00054903037186,0.014070449225266264,0.9999999999997494,1.0,1.0,1.0,0.0,0.0,0.0,0.047900278447370555,0.9189195205697112,0.0,1.0,0.0003967405400400447,0.0015869621601601789
BedSet_06_27.obj,BedSet_06,M,M,,0.9991177469868581,0.0007842249004755934,101.00076863982962,0.009896065457678616,0.9999999999998251,0.9999999999999974,1.0,1.0,0.0,0.0,0.0,0.04016118809078566,0.9423081187579557,0.0,1.0,0.00019605622511889874,0.0007842249004755915
BedSet_06_28.obj,BedSet_06,M,M,,0.9982146675696036,0.001586962160160181,71.00054903037186,0.014070449225266264,0.9999999999997494,1.0,1.0,1.0,0.0,0.0,0.0,0.047900278447370534,0.9189195205697112,0.0,1.0,0.00039674054004004526,0.001586962160160181
BedSet_06_29.obj,BedSet_06,M,M,,0.9991177469868581,0.0007842249004756222,101.00076863981356,0.00989606545768019,0.9999999999998235,0.9999999999999997,1.0,1.0,0.0,0.0,0.0,0.040161188090785636,0.9423081187579557,0.0,1.0,0.0001960562251189056,0.0007842249004756219
BedSet_06_30.obj,BedSet_06,OB,OB,,0.5058326403973679,0.4940693314899659,101.00076863981356,0.008099560466427506,1.0000000000000024,1.0,1.0,1.0,0.0,0.0,0.0,0.00825536587102918,0.17441854524842124,0.0,1.0,0.12351733287249148,0.4940693314899659
BedSet_07_01.obj,BedSet_07,OB,OB,,0.3783613763374446,0.6138163929669409,10.099957598735536,0.07738032280519938,0.9953040175318967,0.999751001684825,0.9869223672521237,1.0000233682815796,3.4175564428719e-08,8.019051043456797e-08,2.3137518712079697e-07,0.04728393446225097,2.4932252845345513,0.0800458942140903,0.9928118030578883,0.15535419593607824,0.6096508824573165
BedSet_07_02.obj,BedSet_07,M,M,,0.9911001530789276,0.008343594696019868,42.399830377378954,0.023474273613966853,0.9999999999999892,1.0,1.0,1.0,0.0,0.0,0.0,0.01740413377179754,0.8275872467104493,0.0,1.0,0.002085898674004967,0.008343594696019868
BedSet_07_03.obj,BedSet_07,M,M,,0.9853075084060229,0.013774210869222219,32.99987278139393,0.030069353087786025,0.999999999999986,0.9999999999999986,0.9999999999999998,1.0,0.0,0.0,0.0,0.019727681046605692,0.7837830404436628,7.364386412590295e-16,0.9999999999999998,0.00344355271730556,0.013774210869222198
BedSet_07_04.obj,BedSet_07,M,M,,0.9911001530789276,0.008343594696019932,42.39983037738114,0.023474273613965643,0.9999999999999893,1.0,1.0,1.0,0.0,0.0,0.0,0.01740413377179754,0.8275872467104493,0.0,1.0,0.002085898674004983,0.008343594696019932
BedSet_07_05.obj,BedSet_07,OB,OB,,0.9642318049666047,0.00028748501704735683,4.000004220641626,0.23570186234671767,0.58333108172002,0.7421502708756664,0.8873290172214762,1.0777893937067198,2.4671622769447922e-17,5.305833098214152e-17,1.1102230246251565e-16,0.08182273830023236,0.9746121223864926,0.6159274133317956,0.9221158968667198,0.00010050492212867459,0.00020133750714674894
BedSet_07_06.obj,BedSet_07,OB,OB,,0.9642318049666044,0.00028748501704735737,4.000004220641626,0.23570186234671767,0.58333108172002,0.7421502708756663,0.8873290172214761,1.0777893937067198,2.4671622769447922e-17,6.46895406482829e-17,2.220446049250313e-16,0.08182273830023232,0.974612122386492,0.6159274133317957,0.9221158968667198,0.00010050492212867481,0.00020133750714674924
BedSet_07_07.obj,BedSet_07,OB,OB,,0.9642318049666047,0.00028748501704735683,4.000004220641626,0.23570186234671767,0.58333108172002,0.7421502708756664,0.8873290172214762,1.0777893937067198,2.4671622769447922e-17,6.46895406482829e-17,2.220446049250313e-16,0.08182273830023236,0.9746121223864926,0.6159274133317956,0.9221158968667198,0.00010050492212867462,0.0002013375071467489
BedSet_07_08.obj,BedSet_07,OB,OB,,0.9642318049666044,0.00028748501704735737,4.000004220641626,0.23570186234671767,0.58333108172002,0.7421502708756663,0.8873290172214761,1.0777893937067198,2.4671622769447922e-17,5.305833098214152e-17,1.1102230246251565e-16,0.08182273830023232,0.974612122386492,0.6159274133317957,0.9221158968667198,0.0001005049221286748,0.00020133750714674927
BedSet_07_09.obj,BedSet_07,OB,OB,,0.8747477884069044,0.12280141180874095,16.50004727920413,0.05570606269762403,0.7857102594141723,1.0,1.0,1.0046803253780396,9.912705577010326e-18,3.16586428157654e-17,1.1102230246251565e-16,0.010532315343176972,0.4032553574000747,0.0,1.0,0.030844040593222124,0.12280141180874095
BedSet_07_10.obj,BedSet_07,M,M,,0.9938812621823659,0.0002886661015894131,12.854902505499311,0.07731316528839426,0.9922957000876339,0.9999999999999963,0.9999999999999998,1.0816000000000001,3.364312195833808e-17,7.961415746323147e-17,2.220446049250313e-16,5.0,0.8523705295931822,0.0,0.9999999999999998,7.805531386977756e-05,0.0002886661015894119
BedSet_07_11.obj,BedSet_07,M,M,,0.9938812621823659,0.0002886660990633197,12.854902502708919,0.07731316530507622,0.9922957000892934,0.9999999999999961,0.9999999999999998,1.0816000000000001,0.0,0.0,0.0,5.0,0.852370529593182,0.0,0.9999999999999998,7.805531318672191e-05,0.0002886660990633185
BedSet_07_12.obj,BedSet_07,M,M,,0.9938812621823659,0.00028866610158829163,12.854902505498071,0.07731316528840167,0.9922957000876363,0.9999999999999963,0.9999999999999998,1.0816000000000001,0.0,0.0,0.0,5.0,0.8523705295931822,0.0,0.9999999999999998,7.80553138694743e-05,0.0002886661015882905
BedSet_07_13.obj,BedSet_07,M,M,,0.9938812621823659,0.00028889423586160134,12.855154516159796,0.07731165870777885,0.9922955502139763,0.9999999999999963,0.9999999999999998,1.0816000000000001,1.3457248783335231e-17,3.623475127443525e-17,1.1102230246251565e-16,5.0,0.852370529593182,0.0,0.9999999999999998,7.811700137697725e-05,0.0002888942358616002
BedSet_07_14.obj,BedSet_07,M,M,,0.9938812621823659,0.0002886661015894168,12.854902505499311,0.07731316528839426,0.9922957000876339,0.9999999999999963,0.9999999999999998,1.0816000000000001,3.364312195833808e-17,7.961415746323147e-17,2.220446049250313e-16,5.0,0.852370529593182,0.0,0.9999999999999998,7.805531386977857e-05,0.0002886661015894156
BedSet_07_15.obj,BedSet_07,OB,OB,,0.9141767773446172,0.08567072503233465,77.89364970641466,0.011541090167839215,0.7947071527034519,0.9995752960796142,0.9997869805476833,1.858463371267224,0.001864324918653757,0.01090279546145583,1.1102230246251565e-16,5.0,0.7818704760928422,0.739456009373957,0.9998327369622261,0.03988849339608631,0.08548058935236208
BedSet_07_16.obj,BedSet_07,M,M,,0.998773560079922,0.0006317182868149291,47.766206682025526,0.0209158768279991,0.9997815856623673,0.8605046769020681,0.991997359755813,1.7007999999999976,1.1895246692412391e-17,3.4338619399706504e-17,1.1102230246251565e-16,5.0,1.3359344913732947,0.7209379243004576,0.9937739405740337,0.00028757924432581657,0.0005414214365138505
BedSet_07_18.obj,BedSet_07,OB,OB,,0.925216215677101,0.07465732116559615,67.80176693765938,0.013871705368627606,0.9133137643514057,0.9918882147974292,0.9966700981262798,1.1727025725694364,0.09621342807226481,0.22267529067609051,0.6494053773986891,5.0,1.0463168323570693,0.7587366445976448,0.9973949809481159,0.028591115369216383,0.061024008319221855
BedSet_07_19.obj,BedSet_07,M,M,,0.9936369876933698,0.000972590106195366,12.854902505499311,0.07731316528839426,0.9922957000876339,1.0,1.0,0.888888888888889,1.4802973661668753e-16,1.0467283057891834e-16,2.220446049250313e-16,5.0,0.8523705295931822,0.0,1.0,0.0002161311347100814,0.0009725901061953659
BedSet_07_20.obj,BedSet_07,M,M,,0.9936369876933698,0.000972590105261059,12.854902504382906,0.07731316529506853,0.9922957000882815,1.0,1.0,0.888888888888889,0.0,0.0,0.0,5.0,0.8523705295931822,0.0,1.0,0.0002161311345024576,0.000972590105261059
BedSet_07_21.obj,BedSet_07,M,M,,0.9936369876933698,0.0009725901054943805,12.854902504661698,0.0773131652934018,0.9922957000881131,1.0,1.0,0.888888888888889,0.0,0.0,0.0,5.0,0.8523705295931823,0.0,1.0,0.0002161311345543068,0.0009725901054943805
BedSet_07_22.obj,BedSet_07,M,M,,0.9936369876933698,0.0009725901061953653,12.854902505499311,0.07731316528839426,0.9922957000876339,1.0,1.0,0.888888888888889,1.4802973661668753e-16,1.0467283057891834e-16,2.220446049250313e-16,5.0,0.8523705295931822,0.0,1.0,0.00021613113471008125,0.0009725901061953652
BedSet_07_23.obj,BedSet_07,M,M,,0.9993009562738285,0.0005831109258478823,92.92868608278047,0.010756070973199581,0.9997936786175826,0.9999999999999956,0.9999999999999999,0.888888888888889,4.4408920985006264e-17,6.78357473150347e-17,1.4432899320127023e-16,5.0,0.9454485341006817,0.0,0.9999999999999998,0.00012958020574397442,0.0005831109258478797
BedSet_07_24.obj,BedSet_07,M,M,,0.9987023455024744,0.0006965567134545676,47.766206682025526,0.02091451373235902,0.9997909986860961,0.8581706976963482,0.9916586033018661,1.433641975308642,2.002041519815856e-17,4.4988446826923366e-17,1.1102230246251565e-16,5.0,1.3341998188112902,0.6933605565495474,0.9935131231214491,0.0002709609762110298,0.0005952714651036458
BedSet_07_25.obj,BedSet_07,M,M,,0.9961257159955823,0.0027016180886516505,30.462097406615687,0.03275170605727382,0.9996497977966934,0.9604371776898526,0.9967486754316486,1.5470914127423825,3.254101968728907e-17,6.522263586458715e-17,2.220446049250313e-16,5.0,1.2917438795493656,0.7394499847614708,0.9974561690218919,0.0010686377082014854,0.002590516290323954
BedSet_07_26.obj,BedSet_07,M,M,,0.9957692444723085,0.003056581164656415,30.462097406615687,0.03274635462625102,0.9996648885910002,0.9591047138689395,0.9965028702552258,1.5470914127423825,6.125368411725002e-17,8.788556306650355e-17,2.220446049250313e-16,5.0,1.287322426789952,0.7392673846021472,0.9972646421515975,0.0012100600859377383,0.0029264553430825477
BedSet_07_27.obj,BedSet_07,OB,OB,,0.404732200048971,0.5849988183994602,9.241573772909584,0.08542013305185941,0.9999996587703528,0.9999999183156276,0.9999999496329952,1.1604938271604937,1.1102230246251565e-16,1.013490324081353e-16,2.220446049250313e-16,5.0,0.7226622214245437,0.7404804324969655,0.9999999604418492,0.1697218968601578,0.5849987558818809
BedSet_08_01.obj,BedSet_08,M,M,,0.9971555555554868,0.002492404420195289,53.297149054848596,0.018732813971274836,0.9999999999999776,1.0,1.0,1.0,0.0,0.0,0.0,0.02273032555735502,0.8987341771927956,0.0,0.9999999999999999,0.0006231011050488222,0.002492404420195289
BedSet_08_02.obj,BedSet_08,M,M,,0.9971555555554871,0.0024923945708554118,53.29565797524961,0.018733337884770263,0.9999860116382502,0.9999999999999999,1.0,1.000000174978136,1.1102230246251566e-17,3.3306690738754695e-17,1.1102230246251565e-16,0.02273032550136524,0.8987341776664157,0.0,0.9999999999999999,0.0006230987517424919,0.0024923945708554113
BedSet_08_03.obj,BedSet_08,OB,OB,,0.9064688131764638,0.09265901632547566,28.830434684116607,0.03315137393496367,0.8734817303392102,0.9940173759629216,0.9939997238618806,1.3331275356807306,1.1231490117014869e-07,7.378922867668672e-07,3.199662756969701e-13,0.027489495337657526,1.2166107496878826,0.7714351472123511,0.9953576344096466,0.031140366025747147,0.09182833525871749
BedSet_08_04.obj,BedSet_08,OB,OB,,0.5621847434871569,0.4369415303610746,28.830415251926503,0.029495361970817063,0.8719559402844028,0.9939451876753626,0.9951610060256414,1.3331246596704944,1.1238685000215996e-07,7.379726865342638e-07,6.759668047529033e-10,0.017199927421947363,0.9700694329481563,0.7803976314408788,0.9962328256703894,0.14671758536419074,0.4332451051554437
BedSet_08_05.obj,BedSet_08,OB,OB,,0.5149436757512219,0.4778917318048699,9.430234463494884,0.08595497166350231,0.9435779193820566,0.9996978916616694,0.9901575060274741,1.074516869794615,0.010053079740832943,0.015459806236404324,0.04392724065501927,0.02181467334600226,1.5588964761669128,0.3144331928077586,0.9939358208416341,0.13252618552291426,0.4694646238568206
BedSet_08_06.obj,BedSet_08,SL,SL,,0.7297169852032778,0.2457801524700238,3.165760419938616,0.2683502391821812,0.5539028703073311,0.9542790131997737,0.8910113414755408,1.0811270297527884,0.010512850448442856,0.016903996601550425,0.04017551066197428,0.2540790759768595,2.2740866477321444,0.1361933747876718,0.9333091616126475,0.07662732167119139,0.21910314178575951
BedSet_08_07.obj,BedSet_08,SL,SL,,0.05886616013065547,0.9171374536492725,5.488828515518218,0.1366505211021231,0.8204566243329848,0.9272215168255011,0.9265063610806104,1.1464528442439192,0.015104312404165286,0.04283962795071511,0.06330258031052005,0.08884532006112879,2.5234730691733738,0.14535568297595602,0.9495137134688919,0.3027427249586726,0.8022180714681888
BedSet_08_08.obj,BedSet_08,SL,OB,x,0.5158226255176316,0.48075897998952954,12.65768799639567,0.06414371720562571,0.947546302744804,0.9946853710254171,0.9870993350738968,1.0699983098742079,0.00848837723018792,0.016782671775879214,0.03445812561757676,0.021815395565404058,1.5589954799514347,0.29085478838276074,0.9915723486691941,0.13316985922352811,0.47014251047642097
BedSet_08_09.obj,BedSet_08,SL,SL,,0.7307309665514564,0.2449202399415879,3.2805332134330056,0.25917709416751034,0.5721981458683355,0.9594883090448265,0.8974005998011664,1.0621783874253938,0.0088610886387484,0.01397049302150811,0.033085342320707624,0.22957200298410543,2.459910647829212,0.1372638454602661,0.9385169130663582,0.07426381958440709,0.22073250405930206
BedSet_08_10.obj,BedSet_08,SL,SL,,0.31814936040408687,0.6184939817681098,2.184257801012715,0.3262957657810379,0.6095053479604959,0.9594060359100233,0.8988192118432987,1.0720963699533093,0.009020208438884266,0.014210427686916641,0.03516527527901214,0.40521135767805716,2.2255442171502415,0.14308413454839056,0.9391553143338348,0.189036905006278,0.557514985077787
BedSet_08_11.obj,BedSet_08,SL,SL,,0.3052392837552048,0.6301245243436502,1.4842790074554906,0.4759644363423146,0.4967839920941093,0.9559799449567677,0.8988913150643115,1.0716256130064794,0.010981158928209056,0.020084658333597814,0.04199929034514459,0.43017711684686527,2.2298068041248973,0.14797835638311535,0.9377055599650533,0.19384958968309302,0.5645940311390546
BedSet_09_01.obj,BedSet_09,OB,OB,,0.9540633863922752,0.04416880754396514,49.297161351551594,0.019975953171328435,0.9653050360355525,0.8993797343502883,0.9673220921671648,1.7073997168412285,2.9890619893754213e-17,5.384376796099391e-17,1.1102230246251565e-16,0.030735057183005978,0.6774084733271559,0.5911074988457383,0.9757007544314319,0.02011979974159459,0.039075473123977626
BedSet_09_02.obj,BedSet_09,OB,OB,,0.9540635033539719,0.04416869058061768,49.2971613515509,0.01997595317132872,0.9653050360355525,0.8993799288780163,0.9673221427941839,1.7074103942513847,5.195274410104899e-17,8.090349877125001e-17,2.220446049250313e-16,0.03073505718300599,0.6774084733271558,0.5911074988457382,0.9757007912861039,0.02011986206619218,0.03907537910549575
BedSet_09_03.obj,BedSet_09,OB,OB,,0.9540634449029222,0.044168750942229884,49.29716135158041,0.01997595317131711,0.9653054044779996,0.8993782924432039,0.9673216273093509,1.7073961603410546,5.83578769354249e-17,8.190213396839628e-17,2.220446049250313e-16,0.03073505131744362,0.677409623961744,0.5911071134160722,0.9757004213542118,0.020119752710814155,0.039075351169527546
BedSet_09_04.obj,BedSet_09,OB,OB,,0.9540635618644135,0.04416863397908768,49.2971613515797,0.019975953171317395,0.9653054044779997,0.8993784869800409,0.9673216779389244,1.7074068553236073,4.2700885562506023e-17,8.840905303152679e-17,2.220446049250313e-16,0.03073505131744361,0.677409623961744,0.5911071134160721,0.9757004582107038,0.020119815229341104,0.03907525715184838
BedSet_09_05.obj,BedSet_09,M,M,,0.9971144610319508,0.0028044461552434166,81.33156411020025,0.012277010224862748,0.9972655060036826,1.0,1.0,1.3611111111111114,6.392193172084235e-17,7.246950254887051e-17,2.220446049250313e-16,0.03543061285643533,0.8988326614553777,0.0,1.0,0.000954290705603663,0.002804446155243416
BedSet_09_06.obj,BedSet_09,M,M,,0.9984044287326368,0.001514895828721167,100.7942807999015,0.00991290881124375,0.991865064606789,1.0,1.0,1.0001292223608456,3.469446951953614e-17,7.569439599172468e-17,2.220446049250313e-16,0.02484447550723984,0.9236657244189735,0.0,0.9999999999999999,0.00037877289678414747,0.0015148958287211668
BedSet_09_07.obj,BedSet_09,M,M,,0.9993277738288369,0.00042272903334836394,65.99853346464778,0.015143163428263759,0.9965298275447141,0.9965295525761436,0.9968707634385026,1.3611111111111114,4.683753385137379e-17,5.4829337699510384e-17,1.1102230246251565e-16,0.04349668588940958,1.2728087142661193,0.6981116917496688,0.9976238321438101,0.00014448780199003618,0.00042060286027736075
BedSet_09_08.obj,BedSet_09,OB,OB,,0.749999999976335,0.08999664793637883,2.4999738108339415,0.3368638966013955,0.999999999999224,1.0,1.0,1.0,7.401486830834377e-17,6.62009107532606e-17,1.7208456881689895e-16,0.14110194580031912,0.3333333332180291,0.0,0.9999999999999999,0.022499161984094712,0.08999664793637882
BedSet_09_09.obj,BedSet_09,OB,OB,,0.9639516562000967,0.03543595333281904,68.0031425927612,0.014570899654333495,0.9999999999999694,0.9999984521785229,0.9999997381712235,1.2491349480968859,2.1259589833247678e-17,4.368430442181629e-17,1.1102230246251565e-16,0.01994554113488342,0.7616658208506926,6.280369834735101e-16,0.9999997943602232,0.011066085386273647,0.035435893845220445
BedSet_09_10.obj,BedSet_09,M,M,,0.9971146470367221,0.002804260150471973,81.33156411020025,0.01227701134474043,0.9972655060036825,1.0,1.0,1.3611111111111114,3.364312195833808e-17,5.455997519173276e-17,1.1102230246251565e-16,0.03543118385275842,0.8988357572480987,0.0,1.0,0.0009542274123133798,0.002804260150471973
BedSet_09_11.obj,BedSet_09,M,M,,0.9971144610319511,0.0028044461552431204,81.33156411020025,0.01227701022486275,0.9972655060036827,1.0,1.0,1.3611111111111107,4.37360585458395e-17,6.07442382093789e-17,1.1102230246251565e-16,0.03543061285643594,0.8988326614553809,0.0,1.0,0.0009542907056035615,0.0028044461552431204
BedSet_09_12.obj,BedSet_09,M,M,,0.9971144610319508,0.0028044461552434166,81.33156411020025,0.012277010224862748,0.9972655060036821,1.0,1.0,1.3611111111111114,6.392193172084235e-17,7.246950254887051e-17,2.220446049250313e-16,0.03543061285643533,0.8988326614553777,0.0,1.0,0.000954290705603663,0.002804446155243416
BedSet_09_13.obj,BedSet_09,M,M,,0.9971142750212066,0.0028046321659875337,81.33156411020025,0.012277009104949414,0.9972655060036822,1.0,1.0,1.3611111111111114,3.700743415417188e-17,5.904343941302131e-17,1.1102230246251565e-16,0.0354300418877859,0.8988295656731228,0.0,1.0,0.0009543540009263137,0.0028046321659875337
BedSet_09_14.obj,BedSet_09,M,M,,0.997114647036722,0.002804260150472276,81.33156411020025,0.01227701134474043,0.997265506003682,1.0,1.0,1.3611111111111114,4.710037074167331e-17,6.427509425219208e-17,1.1102230246251565e-16,0.0354311838527578,0.8988357572480955,0.0,1.0,0.000954227412313483,0.002804260150472276
BedSet_09_15.obj,BedSet_09,M,M,,0.9971142750212066,0.0028046321659875337,81.33156411020025,0.012277009104949414,0.9972655060036828,1.0,1.0,1.3611111111111114,3.700743415417188e-17,5.904343941302131e-17,1.1102230246251565e-16,0.0354300418877859,0.8988295656731228,0.0,1.0,0.0009543540009263137,0.0028046321659875337
BedSet_09_16.obj,BedSet_09,M,M,,0.9971144610319511,0.0028044461552431204,81.33156411020025,0.01227701022486275,0.9972655060036811,1.0,1.0,1.3611111111111107,4.37360585458395e-17,6.07442382093789e-17,1.1102230246251565e-16,0.03543061285643594,0.8988326614553809,0.0,1.0,0.0009542907056035615,0.0028044461552431204
BedSet_09_17.obj,BedSet_09,M,M,,0.9971146470366999,0.00280426015049408,81.33156411020025,0.012277011344740296,0.9972655060036826,1.0,1.0,1.3611111111111114,5.719330732917473e-17,6.185212716026993e-17,1.1102230246251565e-16,0.0354311838526904,0.8988357572477301,0.0,1.0,0.0009542274123209024,0.00280426015049408
BedSet_09_18.obj,BedSet_09,M,M,,0.9971144610319507,0.002804446155243519,81.33156411020025,0.012277010224862748,0.9972655060036832,1.0,1.0,1.3611111111111114,6.055761952500853e-17,7.530349840524731e-17,2.220446049250313e-16,0.035430612856434715,0.8988326614553741,0.0,1.0,0.0009542907056036978,0.0028044461552435185
BedSet_09_19.obj,BedSet_09,M,M,,0.9971146470366999,0.002804260150494073,81.33156411020025,0.012277011344740296,0.9972655060036831,0.9999999999999999,1.0,1.3611111111111114,5.719330732917473e-17,6.185212716026993e-17,1.1102230246251565e-16,0.0354311838526904,0.8988357572477301,0.0,1.0,0.0009542274123209001,0.0028042601504940728
BedSet_09_20.obj,BedSet_09,M,M,,0.9979175547905913,0.002021360753333609,100.79428079990123,0.009908528574426555,0.9669106024389297,0.999572717536395,0.9946542124958536,1.1742050213437871,7.2060539353783914e-12,2.8176262915956057e-11,5.202271946558312e-11,0.05546132071096624,1.8655051233237931,0.576005081671656,0.9974191005251833,0.0005959491291382351,0.0020150964873291714
BedSet_09_21.obj,BedSet_09,M,M,,0.9971142750211176,0.002804632166076595,81.33156411020025,0.012277009104948878,0.9972655060036824,1.0,1.0,1.3611111111111114,2.6914497566670462e-17,5.135399688818203e-17,1.1102230246251565e-16,0.035430041887512635,0.8988295656716411,0.0,1.0,0.0009543540009566193,0.002804632166076595
BedSet_09_22.obj,BedSet_09,M,M,,0.9971144610319508,0.002804446155243384,81.33156411020025,0.012277010224862748,0.9972655060036828,1.0,1.0,1.3611111111111114,6.392193172084235e-17,7.246950254887051e-17,2.220446049250313e-16,0.03543061285643533,0.8988326614553775,0.0,1.0,0.0009542907056036519,0.0028044461552433836
BedSet_09_23.obj,BedSet_09,M,M,,0.9971146470369213,0.0028042601502728617,81.33156411020025,0.012277011344741628,0.997265506003683,1.0,1.0,1.3611111111111107,6.728624391667616e-17,6.374461672817524e-17,1.1102230246251565e-16,0.03543118385336993,0.8988357572514144,0.0,1.0,0.0009542274122456263,0.0028042601502728617
BedSet_09_24.obj,BedSet_09,OB,OB,,0.517899372503176,0.47534431866445037,11.660901879547726,0.07018813780700375,0.9969241205267235,0.9924310041366496,0.989756283738873,1.1014124225294064,1.6560475447648148e-06,4.6532781904913594e-06,1.2492460868340769e-05,0.04164638077839966,2.4614767026163182,0.09464524784232671,0.9933033143640712,0.1328157897406607,0.46932863952198484
BedSet_09_25.obj,BedSet_09,M,M,,0.9975000894168019,0.002409667857669114,100.7942807999015,0.009908528064969354,0.9918650646067985,1.0,1.0,1.0,1.1895246692412391e-17,3.43386193997065e-17,1.1102230246251565e-16,0.022221167089680922,0.9054807052357084,0.0,1.0,0.0006024169644172785,0.002409667857669114
BedSet_09_26.obj,BedSet_09,M,M,,0.997935770453972,0.001999776917612825,100.80483959824328,0.009907490298527066,0.9669072981938133,0.999578227756492,0.9946789621691399,1.3265306122448979,4.382459307730881e-17,5.426704588913925e-17,1.1102230246251565e-16,0.05547884180971108,1.8655229247255705,0.5789441874778228,0.9974419069000038,0.0006657234904229067,0.001993615266915554
BedSet_09_27.obj,BedSet_09,M,M,,0.9942379075462318,0.005626151293959395,61.00293308996796,0.016335167952288867,0.9148884614961312,0.9999761913054003,0.9998193098936091,1.4535147392290249,1.947759692324836e-17,4.2226423894894416e-17,1.1102230246251565e-16,0.06401990459092738,1.6738960981866025,0.7722226918051219,0.9998594301965236,0.0020447213665178337,0.005625509059805365
BedSet_09_28.obj,BedSet_09,M,M,,0.9942378632455103,0.005626195859738572,61.00293308996796,0.016335165658337127,0.9148711755429585,0.9999723430180709,0.9998188971596678,1.4535147392290249,2.7268635692547703e-17,4.7789624680104936e-17,1.1102230246251565e-16,0.06401923328136921,1.6738924987544161,0.7722224244624557,0.9998591062951706,0.0020447425150436627,0.005625530810206243
BedSet_09_29.obj,BedSet_09,M,M,,0.9975001941612642,0.0024095631132067838,100.7942807999015,0.009908528574426529,0.9918650646067985,1.0,1.0,1.0,1.1895246692412391e-17,3.43386193997065e-17,1.1102230246251565e-16,0.022221399858521552,0.9054825918217313,0.0,1.0,0.0006023907783016959,0.0024095631132067838
BedSet_09_30.obj,BedSet_09,OB,OB,,0.9767190810088633,0.023133750386386535,69.9960196062361,0.014113478463563638,0.923115583644368,0.8941968619303942,0.9760885706083217,1.7755730592500407,4.262340230765105e-09,2.325189013115073e-08,2.4352484917500304e-09,0.04956006926033109,1.7179213002235387,0.7514606530556996,0.9817406574810945,0.01090477592813807,0.020438809483006404
BedSet_09_31.obj,BedSet_09,M,M,,0.9984506819353249,0.0006197077505178939,31.999790479425513,0.031211176908864286,0.9999999999999422,1.0,1.0,1.5625,3.3306690738754695e-17,6.181460191301304e-17,1.1657341758564112e-16,0.03943911536585931,0.9248123142986633,0.0,1.0000000000000002,0.00024207334004605228,0.0006197077505178939
BedSet_09_32.obj,BedSet_09,M,M,,0.9984506819353249,0.0006196103707964962,31.998114569726873,0.031212810009954732,0.9999999999999413,0.9999999999999973,0.9999999999999999,1.5625,3.3306690738754695e-17,6.181460191301304e-17,1.1657341758564112e-16,0.03943911536585901,0.9248123142986646,0.0,0.9999999999999998,0.0002420353010923817,0.0006196103707964946
BedSet_09_33.obj,BedSet_09,OB,OB,,0.9817250753450062,0.01807894064592619,53.00251401075132,0.018536724450347174,0.9929696953679784,0.985962671854864,0.9966581017668215,1.440132487262332,4.379213041577006e-17,6.773191774456252e-17,2.220446049250313e-16,0.1841476900519957,2.2846257499379132,0.6297446226038604,0.9973876494121678,0.00657592042099802,0.01779537568716588
BedSet_09_34.obj,BedSet_09,OB,OB,,0.9823711347327396,0.017432807527428568,53.00251400942861,0.01853672445080961,0.9929696953659791,0.9960590952389282,0.9990392071755062,1.4458337763295217,2.8691156816155733e-17,6.233464555338444e-17,2.220446049250313e-16,0.18415718109984228,2.284670202738351,0.6195527663318466,0.9992497238363274,0.006319450002139207,0.017355764838783646
BedSet_09_35.obj,BedSet_09,OB,OB,,0.9817249361993333,0.018079063441312188,53.00230449805913,0.018536795180970955,0.9929696843944178,0.9859627647154714,0.9966581047977591,1.4400305328445586,4.5642502123478656e-17,7.098184943927679e-17,2.220446049250313e-16,0.18414799576511054,2.284624119494415,0.6297682799205413,0.9973876502414761,0.006575503929489384,0.017795498259569383
BedSet_09_36.obj,BedSet_09,OB,OB,,0.9823710005268438,0.0174328692295016,52.99120221659577,0.018540677523161023,0.9929671438126874,0.9960589459739533,0.9990391441323928,1.4457328043120274,2.931487761650694e-17,5.800603443266267e-17,1.1102230246251565e-16,0.18415745956408283,2.284668455502684,0.6195943598020822,0.9992496711441703,0.006319033134412224,0.017355823119957783
BedSet_09_37.obj,BedSet_09,OB,OB,,0.9817250717658265,0.01807892931176343,53.002514009813396,0.01853672445067508,0.992969684394417,0.9859628306141395,0.9966581330177802,1.4400305328445586,4.502571155424246e-17,6.377447461123881e-17,1.1102230246251565e-16,0.18414763184946928,2.2846254743240353,0.6297684531168477,0.9973876722021592,0.006575454771112873,0.01779536767470576
BedSet_09_38.obj,BedSet_09,OB,OB,,0.982371131381462,0.017432739811372347,52.99141168446404,0.0185406067780616,0.9929671438127076,0.9960588808971665,0.99903913272194,1.4457328043120274,4.7402780826692076e-17,8.385740016617318e-17,2.220446049250313e-16,0.184157095629941,2.284669810216181,0.6195945523203515,0.9992496621530712,0.006318986503417555,0.017355693040815995
BedSet_09_39.obj,BedSet_09,OB,OB,,0.9817249397785399,0.018079074775551103,53.002304498997056,0.018536795180643047,0.9929696953679794,0.9859626059558325,0.9966580735466278,1.440132487262332,1.850371707708594e-17,4.2998752849492583e-17,1.1102230246251565e-16,0.18414805396776182,2.284624395109122,0.6297444493321739,0.9973876274513742,0.006575969582828666,0.017795506272072208
BedSet_09_40.obj,BedSet_09,OB,OB,,0.9823710038781462,0.017432936946042796,53.002304497674345,0.018536795181105483,0.9929696953659626,0.9960591603161721,0.9990392185864391,1.4458337763295217,5.42637096305554e-17,7.277247570086207e-17,2.220446049250313e-16,0.18415754503418147,2.2846688480260164,0.6195525737828985,0.9992497328278496,0.00631949663656335,0.01735589491845777
BedSet_09_41.obj,BedSet_09,M,M,,0.9948026733888816,0.00513946035852256,93.61575505820076,0.010626776788054484,0.9768007199601527,1.0,1.0,1.6217733994565775,2.810691201582675e-17,8.373312794053291e-17,3.3306690738754696e-16,0.033448152514442914,0.8156425869202977,0.0,1.0,0.0020837600242533632,0.005139460358522559
BedSet_09_42.obj,BedSet_09,M,M,,0.9948026276933948,0.005139507795470714,93.61533603223094,0.010626823863723503,0.9768001447334502,0.9999999999999999,1.0,1.6218722528843166,7.026728003956687e-18,2.7032362370601625e-17,1.1102230246251565e-16,0.03344823647097713,0.8156419288596823,0.0,0.9999999999999999,0.0020839062717391485,0.005139507795470713
BedSet_09_43.obj,BedSet_09,M,M,,0.9948026268621554,0.005139506367227218,93.61533603456718,0.010626823863458331,0.9768007199601528,1.0,1.0,1.621773399456577,5.62138240316535e-17,8.448453394081145e-17,2.220446049250313e-16,0.0334482273715727,0.8156418377987152,0.0,1.0,0.0020837786781767024,0.005139506367227217
BedSet_09_44.obj,BedSet_09,M,M,,0.9948026742201136,0.005139461786753268,93.61575505586453,0.010626776788319652,0.9768001447334502,1.0,1.0,1.6218722528843161,5.1997787229279483e-17,8.803343293926364e-17,2.220446049250313e-16,0.03344816161382697,0.8156426779809322,0.0,1.0,0.002083887616673594,0.005139461786753267
BedSet_09_45.obj,BedSet_09,OB,OB,,0.7203795911453409,0.27961013849634236,312.03072364009023,0.0027888400919168503,0.9905664852301742,1.0,1.0,1.1111111111111112,0.0,0.0,0.0,0.014164897772518486,0.2769997608379884,0.0,1.0,0.07766948291565066,0.27961013849634236
BedSet_09_46.obj,BedSet_09,OB,OB,,0.7203793193371403,0.27961041021260585,312.0293269921913,0.002788852220569848,0.9905664479403858,1.0,1.0,1.1111111111111112,0.0,0.0,0.0,0.014164957469716114,0.27699951934011524,0.0,1.0,0.07766955839239052,0.27961041021260585
BedSet_09_47.obj,BedSet_09,OB,OB,,0.7203770879695381,0.2796126415802043,312.0293269921913,0.002788849544627701,0.9905664852301742,1.0,1.0,1.1111111111111112,1.0362081563168128e-16,4.909590941726863e-17,1.4432899320127023e-16,0.014164929473629354,0.27699769455368556,0.0,1.0,0.07767017821672342,0.2796126415802043
BedSet_09_48.obj,BedSet_09,OB,OB,,0.7203818224929679,0.279607907148719,312.03072364009023,0.0027888427678317874,0.990566447940386,1.0,1.0,1.1111111111111112,0.0,0.0,0.0,0.01416492576854259,0.27700158562215565,0.0,1.0,0.0776688630968664,0.279607907148719
BedSet_09_49.obj,BedSet_09,OB,OB,,0.9767451894566824,0.023107362849042093,70.00335210154505,0.014112000442850617,0.9231152955541532,0.8709179580805857,0.9702425333063216,1.3993988298907485,0.0008829454277919427,0.0057717045528482705,1.3649219110511979e-07,0.040549202223214204,1.4942963139205208,0.7754168706973539,0.9774316832177709,0.008872140971099137,0.019807821474642728
BedSet_09_50.obj,BedSet_09,M,M,,0.999303324517239,0.00025079383256813723,45.499764283406776,0.02196454649656683,0.9999999999999575,1.0,1.0,1.0,0.0,0.0,0.0,0.03307471868683986,0.9465243397350428,0.0,1.0000000000000002,6.269845814203431e-05,0.00025079383256813723
BedSet_09_51.obj,BedSet_09,M,M,,0.999303324517239,0.0002508405376276855,45.5021474675544,0.02196339665397064,0.9999999999999575,1.0,1.0,1.0,3.700743415417188e-17,6.409875621278546e-17,1.3877787807814457e-16,0.03307471868683987,0.9465243397350428,0.0,1.0000000000000002,6.271013440692137e-05,0.0002508405376276855
BedSet_10_01.obj,BedSet_10,OB,OB,,0.21976742394090515,0.774752534448506,11.031762820098841,0.06722525407826994,0.9923011752293346,0.9582921475380629,0.9555559574684627,1.000018530803542,1.1093033525529345e-09,4.881764644650739e-09,5.5243397745208224e-09,0.02834961783890264,1.8027206505596831,0.21056629096834376,0.9703465557118768,0.20876545878519168,0.7259407674137066
BedSet_10_02.obj,BedSet_10,OB,M,x,0.9768096225518409,0.022410915895629612,35.818108748479446,0.027590131264513276,0.9999999999999905,0.9999999999999996,1.0,1.0,0.0,0.0,0.0,0.0155450696639547,0.7356834108756087,0.0,1.0,0.005602728973907406,0.022410915895629602
BedSet_10_03.obj,BedSet_10,OB,OB,,0.8472259388802615,0.1519946427628271,35.81910126032584,0.02599360100083079,0.9999999999999969,0.9999999999999998,1.0,1.0,0.0,0.0,0.0,0.009703026581048137,0.437955913412267,0.0,1.0,0.03799866069070678,0.15199464276282706
BedSet_10_04.obj,BedSet_10,M,M,,0.9962484322687614,0.0026952815533118294,30.768703826974363,0.0324227082133466,0.9999999999999828,1.0,1.0,1.0,0.0,0.0,0.0,0.02414363914799429,0.8845700065925195,0.0,1.0,0.0006738203883279574,0.0026952815533118294
BedSet_10_05.obj,BedSet_10,M,M,,0.9981937047416274,0.0010500628778392792,36.36405996194515,0.02746451287004747,0.9999999999999708,1.0,1.0,1.0,0.0,0.0,0.0,0.02898402822419504,0.918464247953874,0.0,1.0,0.0002625157194598198,0.0010500628778392792
BedSet_10_06.obj,BedSet_10,M,M,,0.9962484322687614,0.0026952815533118294,30.768703826974363,0.0324227082133466,0.9999999999999828,1.0,1.0,1.0,0.0,0.0,0.0,0.02414363914799429,0.8845700065925195,0.0,1.0,0.0006738203883279574,0.0026952815533118294
BedSet_10_07.obj,BedSet_10,M,M,,0.9981937047416274,0.0010500628778392785,36.36405996194515,0.02746451287004747,0.9999999999999708,1.0,1.0,1.0,0.0,0.0,0.0,0.02898402822419504,0.918464247953874,0.0,1.0,0.00026251571945981963,0.0010500628778392785
BedSet_10_08.obj,BedSet_10,M,M,,0.9997584977073632,6.784806750951553e-06,46.005467033979734,0.021726217856998516,0.772353817758797,0.9998168100622524,0.9999948805869595,1.041417477837555,0.0005599029391026829,0.0021109376599337017,0.008510880198096094,5.0,3.384269661652082,0.5667313297056307,0.9999959792470737,1.7737139770084526e-06,6.769545060614804e-06
BedSet_10_09.obj,BedSet_10,M,M,,0.9961113406088518,0.003836552346552016,101.7325082673175,0.009807646568354223,0.9668313465977075,0.9999976168145752,0.9999997995453099,1.0000198482580958,1.2438484585399677e-08,5.277970099816989e-08,1.3054428464331475e-07,5.0,0.8755529829936337,7.364386412590295e-16,0.9999998425632918,0.0009591592253771182,0.0038365426849795107
BedSet_10_10.obj,BedSet_10,M,M,,0.9998940710069107,1.3264050616688187e-05,71.50129627917028,0.013983005038392365,0.7742774811803169,0.9999993778286358,0.999999039226319,1.071891943003368,0.0002337215171397912,0.0013925566555372157,2.220446049250313e-16,5.0,3.4123461349166195,0.5665691043686141,0.9999992454713921,3.5558380022859714e-06,1.3261184611246553e-05
BedSet_10_11.obj,BedSet_10,M,M,,0.9920828720899306,0.007816854014513859,71.67644898576893,0.01388876377236491,0.9663973445229448,0.9999997730212885,0.9999998479286876,1.0458606457299744,3.312009863377568e-17,6.183107456257124e-17,1.2767564783189048e-16,5.0,3.28165191360894,0.5496401988341314,0.9999998805646277,0.0020438356700002097,0.007816851645894915
BedSet_10_12.obj,BedSet_10,M,M,,0.9960533399365284,0.0038937760633077786,100.98243157854523,0.009880166494524775,0.9668454914658091,0.9999988082396177,0.9999998990222367,1.0000181252640266,4.289403938764904e-09,1.9917774351245013e-08,3.0004492945766635e-08,5.0,0.8746883385677907,0.0,0.9999999206922597,0.0009734627111367736,0.0038937711902841884
BedSet_10_13.obj,BedSet_10,M,M,,0.9997585341882221,6.715094125203831e-06,46.005467033979734,0.021726217856998506,0.7723591878683035,0.9998090298185164,0.9999946647705531,1.0417205583104785,0.0005594005714095224,0.0021090429593158405,0.008510880066619753,5.0,3.3842707991223264,0.5667309732394955,0.9999958097473729,1.7560079463818715e-06,6.699938566306542e-06
BedSet_10_14.obj,BedSet_10,M,M,,0.9997585341882672,6.715094080270389e-06,46.005467033979734,0.0217262178569994,0.7723591878602347,0.99980902982027,0.9999946647706017,1.0417205583323137,0.0005594005650576294,0.0021090429353680202,0.008510879894531254,5.0,3.3842707991294625,0.5667309732394769,0.9999958097474108,1.7560079345365765e-06,6.69993852174506e-06
BedSet_10_15.obj,BedSet_10,M,M,,0.9997584976436812,6.751518552239676e-06,46.005467033979734,0.021726217856999405,0.7724054006250123,0.9998169406719594,0.9999948823843368,1.0413541965115614,0.0005594005650483328,0.0021090429353329515,0.008510879894531254,5.0,3.384270067212448,0.5667310064295716,0.9999959806587343,1.7649035425352388e-06,6.7363348187569595e-06
BedSet_10_16.obj,BedSet_10,M,M,,0.9997585060031383,6.776628693609568e-06,46.005467033979734,0.021726217856998506,0.7723538177594943,0.9998084176647645,0.999994649725939,1.0417663074270738,0.0005599029379770044,0.002110937655687026,0.008510880196209714,5.0,3.3842703505910685,0.5667312982118505,0.9999957979314882,1.7721787988984653e-06,6.761327863841112e-06
BedSet_10_17.obj,BedSet_10,M,M,,0.9997584977073619,6.784806752258256e-06,46.005467033979734,0.021726217856998423,0.7723538177539335,0.9998168100625772,0.9999948805869681,1.0414174778374015,0.0005599029386366061,0.002110937658175552,0.008510880197189374,5.0,3.384269661651402,0.566731329705633,0.9999959792470807,1.7737139773477026e-06,6.769545061924069e-06
BedSet_10_18.obj,BedSet_10,M,M,,0.9997584968090277,6.785691820492601e-06,46.005467033979734,0.021726217856999405,0.7723538178798488,0.9998177420451534,0.9999949062244257,1.0413807386240208,0.000559902932686666,0.0021109376357263576,0.008510880200135351,5.0,3.3842695834042242,0.5667313332087672,0.99999599938245,1.7738817190970528e-06,6.770434537180844e-06
BedSet_10_19.obj,BedSet_10,M,M,,0.9997137889402754,2.3166190889621368e-07,41.666050279939775,0.02398651864280566,0.7763285513197602,0.9999899622108364,0.9999996000325103,1.039475126546562,0.00048491184613024663,0.0019746908229736158,0.008515144230619498,5.0,3.376325805980129,0.5667310557901483,0.9999996858668779,6.043787201803173e-08,2.3118817379564802e-07
BedSet_10_20.obj,BedSet_10,M,M,,0.9998940710069092,1.3264182231539812e-05,71.50129627917028,0.013983005038392365,0.7742780124840017,0.9999993784478827,0.9999990415988094,1.0719156150787896,0.00023372151713978105,0.0013925566555372173,1.1102230246251565e-16,5.0,3.4123461349181055,0.5665695422261237,0.9999992473344377,3.555951773318298e-06,1.3261316221602955e-05
BedSet_10_21.obj,BedSet_10,M,M,,0.9997584976436807,6.751518552643039e-06,46.005467033979734,0.0217262178569994,0.7724054006249551,0.9998169406719573,0.9999948823843369,1.0413541965116275,0.0005594005650492689,0.002109042935336537,0.008510879894531254,5.0,3.384270067212408,0.5667310064296228,0.9999959806587342,1.764903542640798e-06,6.736334819159398e-06
BedSet_10_22.obj,BedSet_10,M,M,,0.9994739296641143,4.219653684790965e-07,30.732842737651616,0.03250405239483997,0.7762686603057529,0.9999905984173494,0.9999994405461279,1.0394836004697066,0.0004849118488486088,0.0019746908340280583,0.008515144326215196,5.0,3.346092840344408,0.566726061976566,0.9999995606073795,1.1008666847382155e-07,4.2110270821799775e-07
BedSet_10_23.obj,BedSet_10,M,M,,0.9997585826058033,6.666725237802781e-06,46.005467033979734,0.0217262199844526,0.7724402284059431,0.9998092853939698,0.9999946728624458,1.0416618409135845,0.000559400575822671,0.00210904297595423,0.008510880181175962,5.0,3.3842873636910538,0.5667309618547725,0.9999958161026511,1.7432611859792523e-06,6.651680571612855e-06
BedSet_10_24.obj,BedSet_10,M,M,,0.9997137887069082,2.3597622335346326e-07,41.666050279939775,0.02398651864280566,0.7763285513197923,0.9999900528661091,0.9999996020235706,1.0395844040758508,0.00048491117625961,0.001974688098895049,0.008515120673502019,5.0,3.376365559276828,0.566729864391062,0.9999996874306865,6.156986771468659e-08,2.3549368853449016e-07
BedSet_10_25.obj,BedSet_10,M,M,,0.9997585826743843,6.700003648983703e-06,46.005467033979734,0.0217262199844526,0.772388656344595,0.9998091488900513,0.9999946709025677,1.0417257389828092,0.0005599029434693683,0.0021109376764084113,0.008510880200135351,5.0,3.384286919106572,0.5667312869122224,0.9999958145633654,1.75207135759732e-06,6.6848807893845096e-06
BedSet_10_26.obj,BedSet_10,M,M,,0.9997585138448185,6.768665755253031e-06,46.005467033979734,0.0217262178569994,0.7723270957258765,0.9998172824887926,0.9999948935823023,1.0413984279746495,0.0005599029326783404,0.0021109376356949565,0.008510880199839189,5.0,3.384269652175025,0.5667313302666044,0.9999959894534695,1.7694614283803648e-06,6.753443607340183e-06
BedSet_10_27.obj,BedSet_10,M,M,,0.9997585342554239,6.748375339288396e-06,46.005467033979734,0.0217262178569994,0.7723076050428204,0.999808895313213,0.9999946628648585,1.041784718385358,0.0005599029326876043,0.002110937635729942,0.008510880200168991,5.0,3.3842703676144046,0.566731297781024,0.9999958082506415,1.7648205624529188e-06,6.733141563207972e-06
BedSet_10_28.obj,BedSet_10,M,M,,0.9994633286127993,5.614901265409448e-07,30.55872005307814,0.0326888390825923,0.7754056701474057,0.9999999999999967,0.9999999999999999,1.0398516367090003,0.0004846602399922974,0.0019599413573821614,0.008114056080892735,5.0,0.9368231221341249,0.0,1.0,1.4651479503470155e-07,5.603937500113131e-07
BedSet_10_29.obj,BedSet_10,M,M,,0.9997585059361617,6.743347074184638e-06,46.005467033979734,0.021726217856998506,0.7724054005769018,0.9998085516833022,0.9999946516183237,1.0417023006201784,0.0005594005703386679,0.0021090429552785097,0.008510880038108293,5.0,3.3842707791152495,0.5667309737638072,0.9999957994177655,1.763366027208474e-06,6.728124488329207e-06
BedSet_10_30.obj,BedSet_10,M,M,,0.9994739276232062,4.257260645029056e-07,30.732842737651616,0.03250405239483997,0.7762686603057838,0.9999913306963933,0.9999994690253873,1.0394726238452345,0.0004849111762525115,0.0019746880988352326,0.008515120769097217,5.0,3.3460862724399973,0.5667261340249362,0.9999995829749155,1.1106656260348784e-07,4.2485603529307464e-07
BedSet_10_31.obj,BedSet_10,M,M,,0.9997584976436574,6.7515185759823615e-06,46.005467033979734,0.021726217856996424,0.7724054004395,0.9998169406722691,0.9999948823843441,1.0413541965031332,0.000559400575822673,0.0021090429759542295,0.008510880181175962,5.0,3.384270067189312,0.5667310064297619,0.9999959806587396,1.764903548944154e-06,6.736334842014373e-06
BedSet_10_32.obj,BedSet_10,M,M,,0.9997585342553793,6.748375383876757e-06,46.005467033979734,0.021726217856998506,0.772307605050895,0.9998088953114617,0.9999946628648101,1.0417847183636622,0.0005599029390495413,0.0021109376597335384,0.008510880196209714,5.0,3.3842703676072827,0.5667312977810988,0.9999958082506035,1.764820574090628e-06,6.733141607661308e-06
BedSet_10_33.obj,BedSet_10,CA,CA,,0.4972014905624419,0.5024631620471472,69.43642996618676,0.011423357071286227,0.7852038982027449,0.654662631535827,0.5348540164688467,1.0126573101764986,0.0030257113244083044,0.04204062382789348,0.007565548281201262,5.0,2.004298595815372,0.19760102335761234,0.7807173156806427,0.2153280481303463,0.25059816817331365
BedSet_10_34.obj,BedSet_10,M,M,,0.9997584977073491,6.7848067648988995e-06,46.005467033979734,0.021726217856996424,0.7723538176220874,0.9998168100641689,0.9999948805870112,1.0414174778422598,0.00055990294346936,0.0021109376764084135,0.008510880200135351,5.0,3.3842696616360066,0.566731329705746,0.9999959792471141,1.7737139806708778e-06,6.769545074522009e-06
BedSet_10_35.obj,BedSet_10,M,M,,0.9997584976437071,6.751518526338108e-06,46.005467033979734,0.0217262178569997,0.7724054006086485,0.9998169406697196,0.9999948823842756,1.0413541964810349,0.0005594005715019169,0.0021090429596642164,0.008510880066110671,5.0,3.3842700672143335,0.5667310064295851,0.9999959806586859,1.7649035358458844e-06,6.73633479263855e-06
BedSet_10_36.obj,BedSet_10,M,M,,0.9997584977073729,6.784806741284851e-06,46.005467033979734,0.0217262178569994,0.7723538178075586,0.9998168100638546,0.9999948805870041,1.0414174778504068,0.0005599029326792578,0.0021109376356984854,0.008510880199872384,5.0,3.384269661659088,0.5667313297056613,0.9999959792471088,1.7737139744880004e-06,6.7695450510066104e-06
BedSet_10_37.obj,BedSet_10,M,M,,0.9997584976436699,6.751518563561648e-06,46.005467033979734,0.021726217856998423,0.772405400571343,0.999816940670678,0.9999948823843015,1.041354196498511,0.000559400570997281,0.0021090429577617135,0.008510880054910009,5.0,3.3842700672047137,0.5667310064296516,0.9999959806587062,1.7649035455959231e-06,6.7363348298022455e-06
BedSet_10_38.obj,BedSet_10,M,M,,0.9997584977073994,6.784806714682892e-06,46.005467033979734,0.0217262178569997,0.7723538177912189,0.9998168100616192,0.9999948805869426,1.0414174778198475,0.0005599029391419003,0.002110937660081364,0.008510880200168991,5.0,3.384269661661025,0.5667313297055733,0.9999959792470605,1.7737139674992876e-06,6.769545024420395e-06
BedSet_10_39.obj,BedSet_10,M,M,,0.9997585137810892,6.735377641110654e-06,46.005467033979734,0.0217262178569994,0.7723786999380651,0.9998174133090749,0.9999948953853908,1.0413351708662908,0.0005594005650483516,0.0021090429353330053,0.008510879894531254,5.0,3.384270058902421,0.5667310069652381,0.999995990869615,1.7606514767133041e-06,6.7202334280018366e-06
BedSet_10_40.obj,BedSet_10,CA,CA,,0.4972981656502214,0.5023664846818314,69.43539283997029,0.011423464422180198,0.7852174551875694,0.6546331905353473,0.5347991668078214,1.0111282878763563,0.0030524065597254163,0.04216567730923038,0.007603280759248876,5.0,1.9676563324292227,0.19858216969769102,0.7807036612004686,0.21510970072159702,0.2505227020416144
BedSet_10_41.obj,BedSet_10,M,M,,0.9997585341882157,6.715094131748682e-06,46.005467033979734,0.021726217856998506,0.7723591878781412,0.9998090298189066,0.9999946647705638,1.0417205583130615,0.0005594005703927551,0.0021090429554824473,0.008510880038108293,5.0,3.3842707991223477,0.5667309732394948,0.9999958097473808,1.7560079480758027e-06,6.699938572881967e-06
BedSet_10_42.obj,BedSet_10,M,M,,0.992076610974801,0.007823035826632213,71.67644898576893,0.01388876377236491,0.9662093254132804,0.999999548004471,0.9999997681758342,1.0458835428179751,4.804746703209711e-17,7.897305567210861e-17,2.220446049250313e-16,5.0,3.281652315756879,0.5496299893139193,0.9999998179280809,0.0020454972993715404,0.007823031383871026
BedSet_10_43.obj,BedSet_10,M,M,,0.9684277215042767,0.03133336711621707,70.001350305769,0.014078631546677368,0.7332491600610205,0.7522719858388868,0.8017700293789155,1.0422949973139835,0.005155237088893396,0.05682230946275426,0.007992821267022875,5.0,3.200980120633828,0.4026818623874575,0.9007958517985862,0.011265480676692183,0.02103102345328026
BedSet_10_44.obj,BedSet_10,M,M,,0.9997584967456049,6.75240309302559e-06,46.005467033979734,0.021726217856999405,0.7724054006972532,0.9998178723720573,0.9999949080138872,1.0413174089129955,0.0005594005650566599,0.0021090429353644415,0.008510879894531254,5.0,3.3842699869612076,0.5667310100436671,0.9999960007878941,1.7650713631474469e-06,6.737223734818772e-06
BedSet_10_45.obj,BedSet_10,M,M,,0.9997584976436714,6.751518561981023e-06,46.005467033979734,0.021726217856998516,0.772405400576214,0.9998169406703533,0.9999948823842923,1.0413541964986774,0.000559400571462676,0.0021090429595161937,0.008510880066619753,5.0,3.384270067205394,0.5667310064296491,0.9999959806586991,1.7649035451923911e-06,6.736334828205118e-06
BedSet_10_46.obj,BedSet_10,OB,OB,,0.519597621897042,0.4700242134006219,9.999998549743768,0.08164965712556416,0.9992251479733673,0.9700883984221943,0.9584387179275574,1.0124587638158113,3.803104403503196e-17,6.752231436691794e-17,2.220446049250313e-16,5.0,3.35117069948524,0.023662761370103848,0.9737251676194482,0.1265645613667939,0.4464897906510177
BedSet_10_47.obj,BedSet_10,OB,OB,,0.9550546818709094,0.03596214400222625,6.761875140100466,0.1432226927508678,0.9997894028511395,1.0,1.0,1.7474359824017203,4.4104750293328134e-17,6.749403032061086e-17,2.220446049250313e-16,5.0,0.6521229079453674,0.0,1.0,0.015710386108450592,0.03596214400222624
BedSet_11_01.obj,BedSet_11,OB,OB,,0.3834474098032569,0.6110722266631378,11.031750210889498,0.07060709747526983,0.9923014750810869,0.9776365346965437,0.9690033030237545,1.0000064284227967,5.2920475392939516e-11,1.7034544364842554e-10,4.71777195087952e-10,0.028781837900854996,1.8184946647642,0.18035715490177015,0.9801220679738116,0.1601653881931611,0.5881477193958462
BedSet_11_02.obj,BedSet_11,OB,OB,,0.9712727052582939,0.027761738446092407,32.18186434635127,0.030622098642532795,0.9999999999999923,0.9999999999999993,0.9999999999999999,1.0,0.0,0.0,0.0,0.015697636106463183,0.7101452831830591,0.0,0.9999999999999999,0.006940434611523105,0.02776173844609239
BedSet_11_03.obj,BedSet_11,OB,OB,,0.8107497175291171,0.18828468158352216,32.18112125355684,0.028483014913883227,0.9999999999999977,1.0,1.0,1.0,0.0,0.0,0.0,0.009798256533637723,0.3936999999890137,0.0,1.0,0.04707117039588054,0.18828468158352216
BedSet_11_04.obj,BedSet_11,M,M,,0.9962484294099887,0.0026953661570284855,30.76989447637728,0.03242145488120966,0.9999999999999857,1.0,1.0,1.0,4.4408920985006264e-17,6.78357473150347e-17,1.7208456881689895e-16,0.02310987895026923,0.8845699651517651,0.0,1.0000000000000002,0.0006738415392571214,0.0026953661570284855
BedSet_11_05.obj,BedSet_11,M,M,,0.9981938113150575,0.0010499557281664204,36.36404610806336,0.02746452478592465,0.9999999999999749,1.0,1.0,1.0,0.0,0.0,0.0,0.02774343120393221,0.9184665552806822,0.0,1.0,0.0002624889320416051,0.0010499557281664204
BedSet_11_06.obj,BedSet_11,M,M,,0.9962484294099887,0.0026953661570284855,30.76989447637728,0.03242145488120966,0.9999999999999857,1.0,1.0,1.0,0.0,0.0,0.0,0.02310987895026923,0.8845699651517651,0.0,1.0000000000000002,0.0006738415392571214,0.0026953661570284855
BedSet_11_07.obj,BedSet_11,M,M,,0.9981938113150575,0.0010499557281664204,36.36404610806336,0.02746452478592465,0.9999999999999749,1.0,1.0,1.0,0.0,0.0,0.0,0.02774343120393221,0.9184665552806822,0.0,1.0,0.0002624889320416051,0.0010499557281664204
BedSet_11_08.obj,BedSet_11,M,M,,0.9936345640865808,0.005741301651411431,38.095089630242626,0.026167582371915778,0.999749450357659,1.0,1.0,1.5061728395061729,1.947759692324836e-17,4.2226423894894416e-17,1.1102230246251565e-16,5.0,0.8604695939409628,0.0,1.0,0.0021618481526919585,0.005741301651411431
BedSet_11_09.obj,BedSet_11,M,M,,0.9936345640872034,0.00574130165078876,38.095089630242626,0.02616758237192293,0.9997494503576473,1.0,1.0,1.506172839506173,1.5582077538598687e-17,3.856367442381202e-17,1.1102230246251565e-16,5.0,0.8604695939473107,0.0,1.0,0.0021618481524574968,0.00574130165078876
BedSet_11_10.obj,BedSet_11,M,M,,0.9936345640872034,0.005741301650788968,38.095089630242626,0.02616758237192293,0.9997494503576465,1.0,1.0,1.506172839506173,1.5582077538598687e-17,3.856367442381202e-17,1.1102230246251565e-16,5.0,0.8604695939473107,0.0,1.0,0.0021618481524575744,0.005741301650788968
BedSet_11_11.obj,BedSet_11,M,M,,0.994313398300283,0.005032238213401242,38.095089630242626,0.026167582371922935,0.9997494503576473,0.9567265360291907,0.995570729923238,1.346938775510204,1.0831444142684454e-17,3.294255129006956e-17,1.1102230246251565e-16,5.0,1.2652338128501464,0.7333293141758466,0.9965394422595577,0.0017440371940684446,0.004803813527506835
BedSet_11_12.obj,BedSet_11,M,M,,0.993634564087204,0.005741301650788399,38.095089630242626,0.026167582371922935,0.9997494503576473,1.0,1.0,1.506172839506173,1.5582077538598687e-17,3.856367442381202e-17,1.1102230246251565e-16,5.0,0.8604695939473164,0.0,1.0,0.00216184815245736,0.005741301650788399
BedSet_11_13.obj,BedSet_11,M,M,,0.993634564087204,0.005741301650788349,38.095089630242626,0.026167582371922935,0.9997494503576473,1.0,1.0,1.506172839506173,1.5582077538598687e-17,3.856367442381202e-17,1.1102230246251565e-16,5.0,0.8604695939473164,0.0,1.0,0.002161848152457342,0.005741301650788349
BedSet_11_14.obj,BedSet_11,M,M,,0.9936345640878266,0.005741301650165701,38.095089630242626,0.02616758237193009,0.9997494503576337,1.0,1.0,1.506172839506173,1.947759692324836e-17,4.706973981575083e-17,1.1102230246251565e-16,5.0,0.8604695939536644,0.0,1.0,0.0021618481522228876,0.005741301650165701
BedSet_11_15.obj,BedSet_11,M,M,,0.993634564087204,0.005741301650788201,38.095089630242626,0.026167582371922935,0.9997494503576473,1.0,1.0,1.506172839506173,1.5582077538598687e-17,3.856367442381202e-17,1.1102230246251565e-16,5.0,0.8604695939473164,0.0,1.0,0.002161848152457286,0.005741301650788201
BedSet_11_16.obj,BedSet_11,M,M,,0.9936345640870796,0.005741301650912681,38.095089630242626,0.02616758237192151,0.9997494503576496,1.0,1.0,1.506172839506173,7.791038769299344e-18,2.8359809196072034e-17,1.1102230246251565e-16,5.0,0.8604695939460479,0.0,1.0,0.0021618481525041582,0.005741301650912681
BedSet_11_17.obj,BedSet_11,M,M,,0.9936345640871415,0.005741301650850873,38.095089630242626,0.02616758237192222,0.9997494503576485,0.9999999999999999,1.0,1.5061728395061729,1.947759692324836e-17,4.2226423894894416e-17,1.1102230246251565e-16,5.0,0.8604695939466793,0.0,1.0,0.0021618481524808843,0.005741301650850872
BedSet_11_18.obj,BedSet_11,M,M,,0.9936345640872659,0.00574130165072628,38.095089630242626,0.026167582371923646,0.999749450357646,1.0,1.0,1.506172839506173,3.895519384649672e-18,2.04282759941946e-17,0.0,5.0,0.8604695939479478,0.0,1.0,0.00216184815243397,0.00574130165072628
BedSet_11_19.obj,BedSet_11,M,M,,0.9936345640873278,0.005741301650664208,38.095089630242626,0.02616758237192436,0.9997494503576444,1.0,1.0,1.506172839506173,0.0,0.0,0.0,5.0,0.8604695939485791,0.0,1.0,0.0021618481524105972,0.005741301650664208
BedSet_11_20.obj,BedSet_11,M,M,,0.9936345640874527,0.005741301650539182,38.095089630242626,0.026167582371925794,0.9997494503576421,1.0,1.0,1.506172839506173,1.3634317846273851e-17,3.643924720223881e-17,1.1102230246251565e-16,5.0,0.8604695939498533,0.0,1.0,0.0021618481523635194,0.005741301650539182
BedSet_11_21.obj,BedSet_11,M,M,,0.9998932380828571,2.2294290402544856e-05,77.09582507727477,0.012968499765928693,0.7706434085152426,1.0,1.0,1.000000000061037,3.0398963769498337e-17,5.238645808841965e-17,1.1102230246251565e-16,5.0,0.9726423963611683,0.0,1.0,5.573572600976408e-06,2.2294290402544856e-05
BedSet_11_22.obj,BedSet_11,M,M,,0.9998944354161118,2.202488341448918e-05,77.55864696129171,0.012891138593980245,0.7710084946627679,1.0,1.0,1.0000336515663113,3.9650822308041306e-17,6.091274903418104e-17,1.1102230246251565e-16,5.0,0.9727941438419238,0.0,1.0,5.506406146578475e-06,2.202488341448918e-05
BedSet_11_23.obj,BedSet_11,M,M,,0.9998858907221839,2.3828665342253974e-05,74.63703981321463,0.013395559946523045,0.7712575959265016,1.0,1.0,1.0000000000737215,3.568574007723718e-17,7.300490624537577e-17,2.220446049250313e-16,5.0,0.9717297671388442,0.0,1.0,5.957166336002666e-06,2.382866534225397e-05
BedSet_11_24.obj,BedSet_11,M,M,,0.9998796038368236,3.1660990932451246e-05,73.86101010032975,0.013536248486077556,0.7709324854598495,1.0,1.0,1.0620179077397103,0.0028420933948564487,0.010181413659307952,0.03931562529551367,5.0,0.9714516029535802,0.0,1.0,8.55863266086245e-06,3.135599528425025e-05
BedSet_11_25.obj,BedSet_11,M,M,,0.9998920348830804,2.2525728080012623e-05,76.69156711842477,0.01303683382762047,0.7709913273318357,1.0,1.0,1.0000336515721329,1.3216940769347101e-17,3.9826658302798896e-17,1.1102230246251565e-16,5.0,0.9724907834732364,0.0,1.0,5.631621526543988e-06,2.2525728080012623e-05
BedSet_11_26.obj,BedSet_11,OB,OB,,0.3665960751982387,0.6321844190495516,18.348664785527966,0.042518777055658256,0.9990203983538702,0.8518150633624731,0.8913416562422545,2.1536830935841915,0.035844595888190396,0.1127477229467867,0.4226497308103738,5.0,0.7198648288748111,0.3814857506260913,0.9245720183025006,0.38544160377416864,0.45582956406713254
BedSet_11_27.obj,BedSet_11,M,M,,0.9963365457958011,0.003621403313020422,113.27325373528971,0.008809514075279723,0.9655539257552156,1.0,1.0,1.0000003978270695,4.1876833384983976e-17,6.801140649458024e-17,2.220446049250313e-16,5.0,0.8787162973627503,0.0,1.0,0.0009053511884281726,0.0036214033130204217
BedSet_11_28.obj,BedSet_11,M,M,,0.9939684025924264,0.005484505307730985,38.09518963014576,0.02616751411299248,0.9997494510151781,0.9999999999999741,0.9999999999999974,1.7777777777777777,3.642919299551295e-17,5.570056346022285e-17,1.1102230246251565e-16,5.0,0.8598601805445946,2.022922624776835e-15,0.9999999999999978,0.0024375579145471367,0.005484505307730836
BedSet_11_29.obj,BedSet_11,M,M,,0.9936345993332598,0.005741269860000695,38.09518963014576,0.02616751411299248,0.9997494510151764,1.0,1.0,1.506172839506173,5.4537271385095406e-17,6.281336268507804e-17,1.1102230246251565e-16,5.0,0.8604699346351758,0.0,1.0,0.002161836181852114,0.005741269860000695
BedSet_11_30.obj,BedSet_11,M,M,,0.9936345993338824,0.005741269859378034,38.09518963014576,0.026167514112999626,0.999749451015163,1.0,1.0,1.506172839506173,2.5320876000222867e-17,5.1014946083134335e-17,1.1102230246251565e-16,5.0,0.8604699346415238,0.0,1.0,0.0021618361816176553,0.005741269859378034
BedSet_11_31.obj,BedSet_11,M,M,,0.9936345993326373,0.005741269860623264,38.09518963014576,0.026167514112985325,0.9997494510151878,1.0,1.0,1.5061728395061729,4.0902953538821554e-17,5.745065711172889e-17,1.1102230246251565e-16,5.0,0.8604699346288279,0.0,1.0,0.0021618361820865376,0.005741269860623264
BedSet_11_32.obj,BedSet_11,M,M,,0.9936345993332598,0.00574126986000064,38.09518963014576,0.02616751411299248,0.9997494510151764,1.0,1.0,1.506172839506173,5.4537271385095406e-17,6.281336268507804e-17,1.1102230246251565e-16,5.0,0.8604699346351758,0.0,1.0,0.002161836181852093,0.00574126986000064
BedSet_11_33.obj,BedSet_11,M,M,,0.9936345993332598,0.005741269860000695,38.09518963014576,0.02616751411299248,0.9997494510151754,1.0,1.0,1.506172839506173,5.4537271385095406e-17,6.281336268507804e-17,1.1102230246251565e-16,5.0,0.8604699346351758,0.0,1.0,0.002161836181852114,0.005741269860000695
BedSet_11_34.obj,BedSet_11,M,M,,0.9943134291682145,0.005032210897624323,38.09518963014576,0.026167514112992483,0.9997494510151743,0.9567265459613703,0.9955707425280051,1.346938775510204,3.249433242805336e-17,5.615140155915531e-17,1.1102230246251565e-16,5.0,1.2652341686479032,0.73332933422961,0.9965394520557944,0.0017440277002563408,0.0048037875318675165
BedSet_11_35.obj,BedSet_11,M,M,,0.9936345993332605,0.005741269859999817,38.09518963014576,0.026167514112992483,0.9997494510151762,1.0,1.0,1.506172839506173,2.921639538487254e-17,5.312780117198277e-17,1.1102230246251565e-16,5.0,0.8604699346351815,0.0,1.0,0.0021618361818517835,0.005741269859999817
BedSet_11_36.obj,BedSet_11,M,M,,0.9936345993332605,0.005741269860000344,38.09518963014576,0.026167514112992483,0.9997494510151743,1.0,1.0,1.506172839506173,2.921639538487254e-17,5.312780117198277e-17,1.1102230246251565e-16,5.0,0.8604699346351815,0.0,1.0,0.0021618361818519817,0.005741269860000344
BedSet_11_37.obj,BedSet_11,M,M,,0.993634599333883,0.005741269859377631,38.09518963014576,0.026167514112999637,0.999749451015163,1.0,1.0,1.5061728395061729,4.86939923081209e-17,6.244992648497362e-17,1.1102230246251565e-16,5.0,0.8604699346415294,0.0,1.0,0.002161836181617503,0.005741269859377631
BedSet_11_38.obj,BedSet_11,M,M,,0.9936345993332605,0.005741269860000259,38.09518963014576,0.026167514112992483,0.9997494510151752,0.9999999999999999,1.0,1.506172839506173,2.921639538487254e-17,5.312780117198277e-17,1.1102230246251565e-16,5.0,0.8604699346351815,0.0,1.0,0.0021618361818519496,0.005741269860000258
BedSet_11_39.obj,BedSet_11,M,M,,0.993634599333136,0.005741269860124678,38.09518963014576,0.026167514112991057,0.9997494510151776,0.9999999999999999,1.0,1.506172839506173,2.5320876000222867e-17,5.1014946083134335e-17,1.1102230246251565e-16,5.0,0.8604699346339131,0.0,1.0,0.002161836181898799,0.0057412698601246774
BedSet_11_40.obj,BedSet_11,M,M,,0.993634599333198,0.005741269860062581,38.09518963014576,0.026167514112991768,0.9997494510151765,1.0,1.0,1.506172839506173,2.5320876000222867e-17,5.101494608313433e-17,1.1102230246251565e-16,5.0,0.8604699346345444,0.0,1.0,0.002161836181875417,0.005741269860062581
BedSet_11_41.obj,BedSet_11,M,M,,0.9936345993333224,0.005741269859938057,38.09518963014576,0.026167514112993197,0.9997494510151743,1.0,1.0,1.506172839506173,2.5320876000222867e-17,5.1014946083134335e-17,1.1102230246251565e-16,5.0,0.8604699346358129,0.0,1.0,0.002161836181828528,0.005741269859938057
BedSet_11_42.obj,BedSet_11,M,M,,0.9936345993333843,0.0057412698598763605,38.09518963014576,0.02616751411299391,0.9997494510151728,1.0,1.0,1.506172839506173,1.1686558153949016e-17,3.40718792059944e-17,1.1102230246251565e-16,5.0,0.8604699346364443,0.0,1.0,0.0021618361818052964,0.0057412698598763605
BedSet_11_43.obj,BedSet_11,M,M,,0.9936345993335092,0.005741269859751254,38.09518963014576,0.02616751411299534,0.9997494510151703,1.0,1.0,1.506172839506173,3.700743415417188e-17,5.631687044502655e-17,1.1102230246251565e-16,5.0,0.8604699346377185,0.0,1.0,0.0021618361817581887,0.005741269859751254
BedSet_11_44.obj,BedSet_11,M,M,,0.9997968351896869,4.239878086927231e-05,55.902107244763755,0.01788223427295043,0.7703016590001135,1.0,1.0,1.0001718532979738,1.850371707708594e-17,4.478183524029505e-17,1.1102230246251565e-16,5.0,0.9624540365601973,0.0,1.0,1.060151680989869e-05,4.239878086927231e-05
BedSet_11_45.obj,BedSet_11,M,M,,0.9997999674935829,4.1810529905773735e-05,56.36247046496714,0.017736270044017798,0.7704903189474545,1.0,1.0,1.0000000001027636,1.9825411154020653e-17,4.584202117385496e-17,1.1102230246251565e-16,5.0,0.9627391812531247,0.0,1.0,1.0452632477517583e-05,4.1810529905773735e-05
BedSet_11_46.obj,BedSet_11,M,M,,0.9997771729587788,4.6623552225761833e-05,53.42497250644775,0.01871075770155935,0.7706005022092776,1.0,1.0,1.0000000001027352,5.0224374923518987e-17,8.108784358353705e-17,2.220446049250313e-16,5.0,0.9607140074163756,0.0,1.0,1.1655888057637931e-05,4.662355222576183e-05
BedSet_11_47.obj,BedSet_11,M,M,,0.99976302152211,6.24009787618109e-05,52.66451359959084,0.01898073113274602,0.770343854415818,0.9999999999999999,1.0,1.0620696384728794,0.0028364067110400663,0.010161041886730296,0.03923695950271966,5.0,0.9601749276784751,0.0,1.0,1.6868504414630892e-05,6.180106240950427e-05
BedSet_11_48.obj,BedSet_11,M,M,,0.9997936673499577,4.312737764573319e-05,55.495315594474626,0.01801322081736091,0.7704577207182616,1.0,1.0,1.0000000001027636,1.1895246692412391e-17,3.43386193997065e-17,1.1102230246251565e-16,5.0,0.9621679671744149,0.0,1.0,1.0781844412541277e-05,4.312737764573319e-05
BedSet_11_49.obj,BedSet_11,M,M,,0.9996075551697006,9.34653370425791e-05,51.26600040124604,0.019498535681083187,0.9849359857162541,0.9516902172753412,0.9954434358875327,1.41158539778637,0.03855462931484303,0.10577935130828507,0.29289321881345404,5.0,1.6420788391012857,0.7220850125283387,0.9965966446770932,3.766899413609067e-05,8.177645244901143e-05
BedSet_11_50.obj,BedSet_11,M,M,,0.9941968443419281,0.005718885134378673,79.99926263299736,0.012458072216705592,0.9655516224178651,1.0,1.0,1.0000131605547211,2.8729455461791335e-17,5.185167144133056e-17,1.1102230246251565e-16,5.0,0.8497098766133447,0.0,0.9999999999999998,0.0014297400995198573,0.005718885134378673
BedSet_11_51.obj,BedSet_11,CA,CA,,0.6730526583202485,0.3252834678187425,17.585648586385197,0.044686507583969096,0.28434519864778324,0.4684128068487927,0.4210825564977595,1.22429782784609,0.00022634937419309105,0.005956169767047345,1.3215912392006118e-06,5.0,2.586449988090593,0.4003705606313674,0.7703640810603886,0.17372319778221726,0.10817808072203203
BedSet_11_52.obj,BedSet_11,M,M,,0.9941968443419281,0.0057188842157805285,79.99926264473501,0.012458072214877998,0.9655523816130507,1.0,0.9999999999999999,1.0000130846214834,1.8016777154004734e-17,4.223484587893486e-17,1.1102230246251565e-16,5.0,0.8497098766133446,1.4043333874306805e-15,1.0,0.0014297397613039498,0.0057188842157805285
BedSet_11_53.obj,BedSet_11,SL,SL,,0.17975485154617618,0.8032806271512211,12.09042314173202,0.0611392046483082,0.7254885980597436,0.776665865075679,0.49953828098469744,1.0000047187624819,3.854941057726238e-17,8.342363216725273e-17,3.3306690738754696e-16,5.0,0.01945647640267727,0.021624990666008422,0.7837197985099853,0.3230628361150459,0.46776645361058394
BedSet_12_01.obj,BedSet_12,OB,OB,,0.5279303354791022,0.4665891790766685,11.03175161198236,0.07405734353783028,0.9923014530526036,0.9849468840011201,0.9740143698172684,1.0000181506876609,1.4429435326473197e-10,4.5394221161621115e-10,9.512011733825388e-10,0.02948562964444146,1.8450915387758369,0.16884783649695856,0.9838851165434225,0.12100068288323518,0.4535945075987444
BedSet_12_02.obj,BedSet_12,OB,OB,,0.9634874807133504,0.0352852816086508,28.545368884876027,0.03438904476319358,0.9999999999999909,0.9999999999999994,0.9999999999999999,1.0,0.0,0.0,0.0,0.015972283500298383,0.6791448208225288,0.0,0.9999999999999998,0.008821320402162705,0.03528528160865078
BedSet_12_03.obj,BedSet_12,OB,OB,,0.7594620499123064,0.23931078041981158,28.546159870436,0.031436383467268555,0.9999999999999957,1.0,1.0,1.0,0.0,0.0,0.0,0.009969687799009015,0.34187959967199044,0.0,1.0,0.059827695104952894,0.23931078041981158
BedSet_12_04.obj,BedSet_12,M,M,,0.9962484303628786,0.0026953654724025445,30.769898384450645,0.03242145078368787,0.9999999999999872,1.0,1.0,1.0,0.0,0.0,0.0,0.022145914995641582,0.8845699789660706,0.0,1.0,0.0006738413681006361,0.0026953654724025445
BedSet_12_05.obj,BedSet_12,M,M,,0.9981938117736947,0.0010499554616145437,36.36405072698235,0.027464521306937884,0.9999999999999786,1.0,1.0,1.0,0.0,0.0,0.0,0.026586191578103307,0.9184665652112948,0.0,1.0,0.0002624888654036359,0.0010499554616145437
BedSet_12_06.obj,BedSet_12,M,M,,0.9962484303628786,0.0026953654724026265,30.769898384451825,0.03242145078368663,0.9999999999999872,1.0,1.0,1.0,4.4408920985006264e-17,6.78357473150347e-17,1.7208456881689895e-16,0.02214591499564158,0.8845699789660706,0.0,1.0,0.0006738413681006566,0.0026953654724026265
BedSet_12_07.obj,BedSet_12,M,M,,0.9981938117736947,0.0010499554616145437,36.36405072698235,0.027464521306937884,0.9999999999999786,1.0,1.0,1.0,0.0,0.0,0.0,0.026586191578103307,0.9184665652112948,0.0,1.0,0.0002624888654036359,0.0010499554616145437
BedSet_12_08.obj,BedSet_12,M,M,,0.996248370602123,0.0026953639363343405,30.769894436590526,0.032421442184665375,0.9999903294698087,1.0,1.0,1.0,0.0,0.0,0.0,5.0,0.8845699858796384,0.0,1.0,0.0006738409840835851,0.0026953639363343405
BedSet_12_09.obj,BedSet_12,OB,OB,,0.4821358865093312,0.5152218739388508,19.455008979847612,0.041684470183319555,0.9999966014219267,0.9999999999999988,0.9999999999999992,1.0,0.0,0.0,0.0,5.0,0.16304244602783532,0.0,0.9999999999999994,0.12880546848471291,0.5152218739388499
BedSet_12_10.obj,BedSet_12,OB,OB,,0.9213905018011119,0.07596711222532826,19.45446990121336,0.049433007871126866,0.9999912772423181,1.0,1.0,1.0,0.0,0.0,0.0,5.0,0.5620441811959144,0.0,1.0,0.018991778056332065,0.07596711222532826
BedSet_12_11.obj,BedSet_12,OB,OB,,0.8049023445565777,0.18961699660751044,11.0317543028337,0.08238231211888107,0.9923004063122116,0.9917212177016488,0.9785415767050021,1.0000171644909202,1.885564849142791e-10,6.266752758837529e-10,1.2911001934234828e-09,5.0,1.8394300755274282,0.025219037012454325,0.9881378942189654,0.048666743221030144,0.18602960050843229
BedSet_13_01.obj,BedSet_13,OB,OB,,0.8049023959316468,0.18961700871032788,11.03175581523311,0.08238231304932431,0.9923008745972343,0.9917212177016487,0.978541576526033,1.0000171644909104,1.885564878487893e-10,6.266752632100894e-10,1.2910998992143813e-09,0.033387021097444375,1.982786272179706,0.12017670488832959,0.988137894576035,0.0486667463222505,0.18602961236544718
BedSet_13_02.obj,BedSet_13,OB,OB,,0.921390701061021,0.075967128653976,19.454478692709973,0.04943300897540222,0.9999999999999919,1.0,1.0,1.0,0.0,0.0,0.0,0.017565067797776304,0.5620442015892183,0.0,1.0,0.018991782163494,0.075967128653976
BedSet_13_03.obj,BedSet_13,OB,OB,,0.4821359907760388,0.5152219853607317,19.45501777183155,0.04168447096856203,0.9999999999999984,0.9999999999999984,0.9999999999999992,1.0,0.0,0.0,0.0,0.010963882660183116,0.16304245043257376,0.0,0.9999999999999993,0.1288054963401832,0.5152219853607307
BedSet_13_04.obj,BedSet_13,M,M,,0.9962484322687678,0.0026953641031743207,30.76990620260123,0.03242144258661147,0.9999999999999903,1.0,1.0,1.0,0.0,0.0,0.0,0.02010566133113744,0.884570006596384,0.0,1.0,0.0006738410257935802,0.0026953641031743207
BedSet_13_05.obj,BedSet_13,M,M,,0.9981938126914354,0.0010499549280608273,36.36405996530242,0.027464514348680805,0.9999999999999837,1.0,1.0,1.0,0.0,0.0,0.0,0.024136865154166187,0.9184665850827352,0.0,1.0,0.0002624887320152068,0.0010499549280608273
BedSet_13_06.obj,BedSet_13,M,M,,0.9997416889999369,0.00019414737479661715,124.84051530977095,0.008008928812908786,0.9999999999998431,1.0,1.0,1.0,0.0,0.0,0.0,0.03988044653479242,0.968364337144911,0.0,1.0,4.8536843699154286e-05,0.00019414737479661715
BedSet_13_07.obj,BedSet_13,M,M,,0.9987645431964134,0.0009285437203086156,57.0810953598051,0.017505440252998966,0.999999999999658,1.0,1.0,1.0,0.0,0.0,0.0,0.05897963770157245,0.9320888813670931,0.0,1.0,0.0002321359300771539,0.0009285437203086156
BedSet_13_08.obj,BedSet_13,M,M,,0.9985705010298301,0.0010744160034420424,53.068288277630465,0.018826853707815807,0.9999999999996309,1.0,1.0,1.0,0.0,0.0,0.0,0.061167432145032404,0.9271374098346056,0.0,1.0,0.0002686040008605106,0.0010744160034420424
BedSet_13_09.obj,BedSet_13,M,M,,0.9962484322687678,0.0026953641031743207,30.76990620260123,0.03242144258661147,0.9999999999999903,1.0,1.0,1.0,0.0,0.0,0.0,0.02010566133113744,0.884570006596384,0.0,1.0,0.0006738410257935802,0.0026953641031743207
BedSet_13_10.obj,BedSet_13,M,M,,0.9981938126914354,0.0010499549280608273,36.36405996530242,0.027464514348680805,0.9999999999999837,1.0,1.0,1.0,0.0,0.0,0.0,0.024136865154166187,0.9184665850827352,0.0,1.0,0.0002624887320152068,0.0010499549280608273
BedSet_13_11.obj,BedSet_13,M,M,,0.9997416889999369,0.00019414737479661715,124.84051530977095,0.008008928812908786,0.9999999999998431,1.0,1.0,1.0,0.0,0.0,0.0,0.03988044653479242,0.968364337144911,0.0,1.0,4.8536843699154286e-05,0.00019414737479661715
BedSet_14_01.obj,BedSet_14,SL,SL,,0.17986730642166598,0.8037831605857038,12.090541275313706,0.061139241171751145,0.7766658650209074,0.7766658650756942,0.49953828098470243,1.0000047187624865,3.572245380159647e-17,6.326437351928375e-17,2.220446049250313e-16,2.3127792781323895,0.01945660262814606,0.021624990665981055,0.7837197985099926,0.3232649446573121,0.4680590889294649
BedSet_14_02.obj,BedSet_14,M,M,,0.9941969780856518,0.005718884985109802,79.99937989365215,0.012458072442347746,0.9656110153985304,0.9999999999999994,1.0,1.0000130846214943,4.382459307730881e-17,6.595834478282671e-17,2.220446049250313e-16,0.02573459630224753,0.8497099054079089,0.0,0.9999999999999998,0.0014297399536388018,0.005718884985109798
BedSet_14_03.obj,BedSet_14,CA,CA,,0.67305353259704,0.3252838903529719,17.585657098122667,0.04468650855049179,0.28434653092442275,0.46841280684879305,0.42108255649775916,1.2242978278460925,0.00022634937419297894,0.005956169767042717,1.321591239111794e-06,0.14208711876745503,2.5864507647460266,0.40037056063139354,0.7703640810603883,0.17372342344384717,0.10817822124236745
BedSet_14_04.obj,BedSet_14,M,M,,0.9941969780856516,0.0057188859037082,79.99937988192097,0.012458072444174325,0.9656102561572167,1.0,1.0,1.0000131605547267,3.457273453876584e-17,6.612887979480543e-17,2.220446049250313e-16,0.02573459630224753,0.8497099054079089,0.0,1.0,0.0014297402918547783,0.005718885903708199
BedSet_14_05.obj,BedSet_14,M,M,,0.9996076427713747,9.346534523351306e-05,51.26603865823622,0.01949853596480016,0.9850146246024362,0.9516902172753411,0.9954434358875328,1.411585397786376,0.038554629314842964,0.10577935130828457,0.2928932188134541,0.07767227522902004,1.6420789328179348,0.7220850125283444,0.9965966446770934,3.766899743725307e-05,8.177645961557761e-05
BedSet_14_06.obj,BedSet_14,M,M,,0.9997945046669189,4.3127413764521684e-05,55.49545637391025,0.01801322164048525,0.7725822546854759,1.0,1.0,1.0000000001028,8.458842092382145e-17,9.003055637471053e-17,2.220446049250313e-16,0.1318131453735687,0.9621680534747594,0.0,1.0,1.0781853442238798e-05,4.312741376452168e-05
BedSet_14_07.obj,BedSet_14,M,M,,0.9997639512440342,6.240103679101356e-05,52.66464719790346,0.018980732046666733,0.7725822546241903,0.9999999999999999,1.0,1.0620696384728854,0.0028364067110398282,0.010161041886729382,0.03923695950271655,0.13530936235196586,0.9601750183370513,0.0,0.9999999999999999,1.6868520101337813e-05,6.180111988082041e-05
BedSet_14_08.obj,BedSet_14,M,M,,0.9997780771966459,4.6623594394003354e-05,53.42510809254565,0.018710758590051703,0.7728096873022182,1.0,1.0,1.0000000001027716,4.4937598615780146e-17,8.056915269409231e-17,2.220446049250313e-16,0.13437197952238555,0.9607140968979903,0.0,1.0,1.1655898599698736e-05,4.662359439400335e-05
BedSet_14_09.obj,BedSet_14,M,M,,0.9998007792490735,4.181056385254267e-05,56.362613444182905,0.017736270842026315,0.7725822547775276,1.0,1.0,1.0000000001028,4.4937598615780146e-17,1.0850778345560726e-16,3.3306690738754696e-16,0.13079522094475887,0.9627392663009079,0.0,1.0,1.0452640964210201e-05,4.181056385254266e-05
BedSet_14_10.obj,BedSet_14,M,M,,0.9997976596538634,4.239881583282699e-05,55.90224899480501,0.01788223508379591,0.7724084821368862,1.0,1.0,1.0001718532979862,1.850371707708594e-17,5.638539637235707e-17,2.0539125955565333e-16,0.13130427159019967,0.9624541222334407,0.0,1.0,1.0601525552289642e-05,4.239881583282699e-05
BedSet_14_11.obj,BedSet_14,M,M,,0.99363520431618,0.005741273355371236,38.095242804679025,0.026167515068776494,0.9999999999997513,1.0,1.0,1.506172839506173,2.921639538487254e-17,5.705306993265921e-17,1.1102230246251565e-16,0.0535696201092901,0.860469993292696,0.0,1.0,0.002161837498010157,0.005741273355371236
BedSet_14_12.obj,BedSet_14,M,M,,0.9936352043160555,0.005741273355496029,38.095242804679025,0.026167515068775064,0.9999999999997514,1.0,1.0,1.506172839506173,1.7529837230923523e-17,4.048342497649608e-17,1.1102230246251565e-16,0.053569620109028014,0.860469993291426,0.0,1.0,0.002161837498057147,0.005741273355496029
BedSet_14_13.obj,BedSet_14,M,M,,0.9936352043159937,0.005741273355557713,38.095242804679025,0.026167515068774353,0.9999999999997513,1.0,1.0,1.5061728395061729,4.86939923081209e-17,6.582159865385965e-17,1.332267629550183e-16,0.05356962010889817,0.8604699932907968,0.0,1.0,0.0021618374980803736,0.005741273355557713
BedSet_14_14.obj,BedSet_14,M,M,,0.9936352043158692,0.0057412733556822465,38.095242804679025,0.02616751506877292,0.9999999999997514,1.0,1.0,1.506172839506173,9.73879846162418e-18,3.140668134253901e-17,1.1102230246251565e-16,0.05356962010863608,0.8604699932895268,0.0,1.0,0.0021618374981272662,0.0057412733556822465
BedSet_14_15.obj,BedSet_14,M,M,,0.993635204315807,0.005741273355744571,38.095242804679025,0.02616751506877221,0.9999999999997511,1.0,1.0,1.506172839506173,3.311191476952221e-17,5.869191749886154e-17,1.1102230246251565e-16,0.05356962010850502,0.8604699932888917,0.0,1.0,0.002161837498150734,0.005741273355744571
BedSet_14_16.obj,BedSet_14,M,M,,0.9936352043159316,0.005741273355620292,38.095242804679025,0.02616751506877364,0.9999999999997508,1.0,1.0,1.506172839506173,3.311191476952221e-17,5.48839835318283e-17,1.1102230246251565e-16,0.05356962010876711,0.8604699932901618,0.0,1.0,0.0021618374981039372,0.005741273355620292
BedSet_14_17.obj,BedSet_14,M,M,,0.9936352043165537,0.005741273354997991,38.095242804679025,0.026167515068780785,0.9999999999997504,1.0,1.0,1.5061728395061729,4.674623261579606e-17,6.880859131074102e-17,2.220446049250313e-16,0.05356962011007637,0.8604699932965062,0.0,1.0,0.0021618374978696142,0.00574127335499799
BedSet_14_18.obj,BedSet_14,M,M,,0.9936352043159321,0.005741273355619367,38.095242804679025,0.026167515068773645,0.9999999999997514,1.0,1.0,1.506172839506173,1.7529837230923523e-17,4.048342497649608e-17,1.1102230246251565e-16,0.053569620108768305,0.8604699932901676,0.0,1.0,0.0021618374981035894,0.005741273355619367
BedSet_14_19.obj,BedSet_14,M,M,,0.9936352043159316,0.005741273355620049,38.095242804679025,0.02616751506877364,0.9999999999997519,0.9999999999999999,1.0,1.506172839506173,4.674623261579606e-17,6.559064496402986e-17,1.332267629550183e-16,0.05356962010876711,0.8604699932901618,0.0,1.0,0.0021618374981038457,0.005741273355620048
BedSet_14_20.obj,BedSet_14,M,M,,0.9943140152975058,0.005032213864018805,38.095242804679025,0.026167515068773645,0.9999999999997514,0.9567265459613702,0.9955707425280053,1.346938775510204,1.0831444142684454e-17,3.294255129006956e-17,1.1102230246251565e-16,0.07930478412847072,1.265234297781583,0.733329334229609,0.9965394520557946,0.001744028728328147,0.004803790363610685
BedSet_14_21.obj,BedSet_14,M,M,,0.993635204315931,0.005741273355620519,38.095242804679025,0.026167515068773628,0.9999999999997513,1.0,1.0,1.5061728395061729,4.674623261579606e-17,6.880859131074102e-17,2.220446049250313e-16,0.053569620108765925,0.860469993290156,0.0,1.0,0.002161837498104023,0.005741273355620518
BedSet_14_22.obj,BedSet_14,M,M,,0.9936352043159316,0.005741273355620106,38.095242804679025,0.02616751506877364,0.9999999999997522,1.0,1.0,1.506172839506173,4.674623261579606e-17,6.559064496402986e-17,1.332267629550183e-16,0.05356962010876711,0.8604699932901618,0.0,1.0,0.0021618374981038674,0.005741273355620106
BedSet_14_23.obj,BedSet_14,M,M,,0.9936352043153087,0.005741273356242859,38.095242804679025,0.02616751506876648,0.9999999999997516,0.9999999999999999,1.0,1.5061728395061726,4.674623261579606e-17,7.766653611615552e-17,2.220446049250313e-16,0.05356962010745667,0.8604699932838116,0.0,1.0,0.0021618374983383604,0.005741273356242857
BedSet_14_24.obj,BedSet_14,M,M,,0.9936352043165537,0.005741273354997731,38.095242804679025,0.026167515068780785,0.9999999999997504,1.0,1.0,1.5061728395061729,4.674623261579606e-17,6.880859131074102e-17,2.220446049250313e-16,0.05356962011007637,0.8604699932965062,0.0,1.0,0.0021618374978695162,0.00574127335499773
BedSet_14_25.obj,BedSet_14,M,M,,0.993635204315931,0.005741273355620788,38.095242804679025,0.026167515068773628,0.9999999999997502,1.0,1.0,1.5061728395061729,4.674623261579606e-17,6.880859131074102e-17,2.220446049250313e-16,0.053569620108765925,0.860469993290156,0.0,1.0,0.002161837498104124,0.005741273355620787
BedSet_14_26.obj,BedSet_14,M,M,,0.9939690172569862,0.005484508699318379,38.095242804679025,0.02616751506877364,0.9999999999997519,0.999999999999974,0.9999999999999974,1.7777777777777777,1.9081958235744878e-17,4.18855799615482e-17,1.1102230246251565e-16,0.05344619258038626,0.8598602391410001,2.022922624776835e-15,0.9999999999999979,0.002437559421919312,0.00548450869931823
BedSet_14_27.obj,BedSet_14,M,M,,0.9963366304085733,0.0036214036205640568,113.27344050485426,0.008809514203242294,0.965606336331305,1.0,1.0,1.000000397827072,4.0902953538821554e-17,6.938509467002647e-17,2.220446049250313e-16,0.02293900459494957,0.8787163213931245,0.0,1.0,0.0009053512653141141,0.0036214036205640563
BedSet_14_28.obj,BedSet_14,OB,OB,,0.3665961071640455,0.6321844741736734,18.34866971988767,0.042518777541828034,0.9990211218867682,0.851815063362473,0.8913416562422541,2.1536830935841818,0.0358445958881904,0.1127477229467867,0.42264973081037394,0.009840103772067106,0.7198648464572172,0.38148575062606865,0.9245720183025005,0.38544163738323794,0.4558296038137691
BedSet_14_29.obj,BedSet_14,M,M,,0.9998924732874518,2.252573795655146e-05,76.69176165126044,0.013036834258732085,0.7725299399854991,1.0,1.0,1.0000336515721564,3.172065784643304e-17,6.311002718467006e-17,2.0539125955565333e-16,0.11213985364169694,0.9724908469181908,0.0,1.0,5.63162399576192e-06,2.252573795655146e-05
BedSet_14_30.obj,BedSet_14,M,M,,0.9998800764808962,3.166100589862933e-05,73.86119745328557,0.013536248950851735,0.7725299400549679,1.0,1.0,1.0620179077396967,0.0028420933948591293,0.010181413659317642,0.03931562529555076,0.11426840615242606,0.9714516687248572,0.0,0.9999999999999998,8.558636706535628e-06,3.1356010106256336e-05
BedSet_14_31.obj,BedSet_14,M,M,,0.9998863540727686,2.382867638452097e-05,74.63722923296316,0.013395560401923141,0.7728407513910177,1.0,1.0,1.0000000000737734,3.4364046000302466e-17,5.675595061013358e-17,1.1102230246251565e-16,0.11370232937453133,0.9717298322879214,0.0,1.0,5.957169096569723e-06,2.382867638452097e-05
BedSet_14_32.obj,BedSet_14,M,M,,0.9998948640738766,2.202489285633746e-05,77.55884369352881,0.012891139015509704,0.7725299400163712,1.0,1.0,1.0000336515663353,6.47630097698008e-17,8.93586408248393e-17,2.220446049250313e-16,0.11151124870370921,0.9727942066068063,0.0,1.0,5.506408507120112e-06,2.2024892856337456e-05
BedSet_14_33.obj,BedSet_14,M,M,,0.9998936716020214,2.229430006856303e-05,77.09602056786852,0.012968500192385045,0.7721722041199421,1.0,1.0,1.000000000061102,2.5112187461759493e-17,5.238645808841964e-17,1.1102230246251565e-16,0.11182610814858794,0.9726424594662924,0.0,1.0,5.5735750174813135e-06,2.229430006856303e-05
BedSet_14_34.obj,BedSet_14,M,M,,0.993635169073452,0.005741305146198191,38.095142804636296,0.026167583327711946,0.9999999999997519,1.0,1.0,1.506172839506173,2.5320876000222867e-17,5.1014946083134335e-17,1.1102230246251565e-16,0.05356969041402711,0.8604696526049509,0.0,1.0,0.0021618494686301832,0.005741305146198191
BedSet_14_35.obj,BedSet_14,M,M,,0.9936351690733274,0.005741305146322879,38.095142804636296,0.026167583327710516,0.9999999999997514,1.0,1.0,1.506172839506173,9.73879846162418e-18,3.140668134253901e-17,1.1102230246251565e-16,0.05356969041376502,0.8604696526036809,0.0,1.0,0.0021618494686771335,0.005741305146322879
BedSet_14_36.obj,BedSet_14,M,M,,0.9936351690732657,0.005741305146384489,38.095142804636296,0.026167583327709805,0.9999999999997514,1.0,1.0,1.506172839506173,2.1425356615573195e-17,4.8498825220907266e-17,1.1102230246251565e-16,0.05356969041363515,0.8604696526030516,0.0,1.0,0.002161849468700333,0.005741305146384489
BedSet_14_37.obj,BedSet_14,M,M,,0.9936351690731411,0.005741305146509172,38.095142804636296,0.026167583327708372,0.9999999999997514,1.0,1.0,1.5061728395061729,2.5320876000222867e-17,4.6583636531446683e-17,1.1102230246251565e-16,0.05356969041337308,0.8604696526017815,0.0,1.0,0.002161849468747281,0.005741305146509172
BedSet_14_38.obj,BedSet_14,M,M,,0.9936351690730788,0.005741305146571382,38.095142804636296,0.026167583327707654,0.9999999999997511,0.9999999999999999,1.0,1.506172839506173,9.73879846162418e-18,3.140668134253902e-17,1.1102230246251565e-16,0.053569690413242034,0.8604696526011466,0.0,1.0,0.002161849468770706,0.005741305146571381
BedSet_14_39.obj,BedSet_14,M,M,,0.9936351690732035,0.00574130514644696,38.095142804636296,0.02616758332770909,0.999999999999752,0.9999999999999999,1.0,1.5061728395061726,3.700743415417188e-17,7.303449564129097e-17,2.220446049250313e-16,0.05356969041350412,0.8604696526024166,0.0,1.0,0.0021618494687238553,0.005741305146446958
BedSet_14_40.obj,BedSet_14,M,M,,0.9936351690738257,0.0057413051458247285,38.095142804636296,0.026167583327716237,0.9999999999997511,1.0,1.0,1.506172839506173,2.5320876000222867e-17,5.1014946083134335e-17,1.1102230246251565e-16,0.05356969041481337,0.8604696526087611,0.0,1.0,0.0021618494684895588,0.0057413051458247285
BedSet_14_41.obj,BedSet_14,M,M,,0.993635169073204,0.005741305146446477,38.095142804636296,0.02616758332770909,0.9999999999997525,1.0,1.0,1.506172839506173,2.1425356615573195e-17,4.381377085388727e-17,1.1102230246251565e-16,0.05356969041350531,0.8604696526024224,0.0,1.0,0.0021618494687236736,0.005741305146446477
BedSet_14_42.obj,BedSet_14,M,M,,0.9936351690732035,0.005741305146446863,38.095142804636296,0.02616758332770909,0.999999999999753,1.0,1.0,1.5061728395061726,3.700743415417188e-17,7.303449564129096e-17,2.220446049250313e-16,0.05356969041350412,0.8604696526024166,0.0,1.0,0.002161849468723819,0.005741305146446862
BedSet_14_43.obj,BedSet_14,M,M,,0.9943139844327382,0.005032241179828331,38.095142804636296,0.02616758332770909,0.9999999999997525,0.956726536029191,0.995570729923238,1.346938775510204,1.8955027249697796e-17,4.17748454271753e-17,1.1102230246251565e-16,0.07930488821259252,1.2652339419841043,0.733329314175834,0.9965394422595579,0.001744038222151567,0.004803816359281083
BedSet_14_44.obj,BedSet_14,M,M,,0.9936351690732029,0.005741305146447574,38.095142804636296,0.02616758332770908,0.9999999999997522,1.0,1.0,1.506172839506173,2.7268635692547703e-17,5.2118497277228394e-17,1.1102230246251565e-16,0.05356969041350294,0.8604696526024108,0.0,1.0,0.002161849468724087,0.005741305146447574
BedSet_14_45.obj,BedSet_14,M,M,,0.9936351690732035,0.005741305146446793,38.095142804636296,0.02616758332770909,0.9999999999997514,1.0,1.0,1.5061728395061726,3.700743415417188e-17,7.303449564129096e-17,2.220446049250313e-16,0.05356969041350412,0.8604696526024166,0.0,1.0,0.002161849468723793,0.0057413051464467926
BedSet_14_46.obj,BedSet_14,M,M,,0.9936351690725805,0.005741305147069624,38.095142804636296,0.02616758332770193,0.9999999999997528,0.9999999999999999,1.0,1.506172839506173,1.3634317846273851e-17,3.643924720223881e-17,1.1102230246251565e-16,0.05356969041219368,0.8604696525960664,0.0,1.0,0.0021618494689583157,0.005741305147069623
BedSet_14_47.obj,BedSet_14,M,M,,0.9936351690738257,0.005741305145824592,38.095142804636296,0.026167583327716237,0.9999999999997511,1.0,1.0,1.506172839506173,2.5320876000222867e-17,5.101494608313433e-17,1.1102230246251565e-16,0.05356969041481337,0.8604696526087611,0.0,1.0,0.002161849468489507,0.005741305145824592
BedSet_14_48.obj,BedSet_14,M,M,,0.9936351690732029,0.005741305146447401,38.095142804636296,0.02616758332770908,0.9999999999997513,1.0,1.0,1.506172839506173,2.7268635692547703e-17,5.2118497277228394e-17,1.1102230246251565e-16,0.05356969041350294,0.8604696526024108,0.0,1.0,0.0021618494687240214,0.005741305146447401
BedSet_14_49.obj,BedSet_14,M,M,,0.9939689833957406,0.005484539492358923,38.095142804636296,0.02616758332770909,0.999999999999753,0.9999999999999427,0.9999999999999943,1.7777777777777777,3.642919299551295e-17,6.814173996381441e-17,2.220446049250313e-16,0.05344626272867343,0.8598598970495767,4.2305179100438405e-15,0.9999999999999953,0.002437573107715148,0.005484539492358592
BedSet_14_50.obj,BedSet_14,M,M,,0.9963365796053998,0.0036214488894091347,113.25820172017616,0.00881069935736972,0.9656023340872087,1.0,1.0,1.0000582099341186,4.0902953538821554e-17,7.678225830747919e-17,2.220446049250313e-16,0.02293902521317577,0.8787161165876604,0.0,1.0,0.0009054149234276006,0.0036214488894091342
BedSet_14_51.obj,BedSet_14,CA,CA,,0.7374286472676264,0.2617330395019844,21.681096058865688,0.03887776555411841,0.30433765710321586,0.49855215978955375,0.6171234790684074,1.274090386738533,0.0076220226351198985,0.08595001489923006,3.006520203463481e-06,0.1269345273253672,2.7046612624393154,0.40429175443856624,0.8023571495147417,0.13398877872155732,0.10423291979130378
BedSet_14_52.obj,BedSet_14,CA,CA,,0.7374456387332583,0.26171633879595824,21.680930933394237,0.03887802549022099,0.30433905138653433,0.49854920259940366,0.6171209621068112,1.3071476721501238,0.015214879257391041,0.12168236642018292,1.8235983686221146e-06,0.1309015859726587,2.752270348506058,0.3975377073770755,0.8023567393488887,0.13690173735579592,0.1036141114221171
BedSet_14_53.obj,BedSet_14,CA,CA,,0.674446698239329,0.3243647824340107,17.635065099899844,0.044609060562020325,0.29809809339779747,0.503376278966003,0.5395606256954413,1.4359203363550366,0.010978425496542422,0.10334119643454959,8.166771039430643e-07,0.14585366851596832,2.6266992795958632,0.39441107364976274,0.7885875583166485,0.18375333669771407,0.12382274721540774
BedSet_15_01.obj,BedSet_15,OB,OB,,0.9550548434566405,0.035962150086662495,6.76187607313874,0.14322269558132078,0.9997921393238011,1.0,1.0,1.7474359824017955,1.6349174677699224e-17,4.5325196760895865e-17,1.1102230246251565e-16,0.017806061585153157,0.6521229299308964,0.0,1.0,0.015710388766491973,0.035962150086662495
BedSet_15_02.obj,BedSet_15,OB,OB,,0.5195976672660524,0.47002425444109974,9.999999998593209,0.08164965809146388,0.9992255834238857,0.9700883984221943,0.958438717927556,1.0124587638158111,5.976306919790737e-17,8.458472695053914e-17,2.220446049250313e-16,0.0901738024238238,3.351171451585938,0.023662761370083066,0.9737251676194483,0.12656457241786306,0.44648982963657136
BedSet_15_03.obj,BedSet_15,M,M,,0.9997600899129434,6.751529315040649e-06,46.0056003605847,0.021726219224963456,0.7765033835246835,0.9998169406703507,0.9999948823842925,1.041354196498723,0.0005594005714546704,0.002109042959486101,0.008510880066372684,1.1119526643210282,3.384272779676509,0.5667310064296538,0.9999959806586993,1.7649063561322085e-06,6.73634555708215e-06
BedSet_15_04.obj,BedSet_15,M,M,,0.9997600890148756,6.7524138473448134e-06,46.0056003605847,0.021726219224964347,0.7765033836464958,0.9998178723720574,0.9999949080138871,1.0413174089130126,0.0005594005650691852,0.0021090429354115895,0.008510879894846224,1.1119520998248507,3.384272699432157,0.5667310100436828,0.9999960007878937,1.7650741743159227e-06,6.737234464961876e-06
BedSet_15_05.obj,BedSet_15,M,M,,0.9684281189047429,0.031333379974063255,70.00145172930326,0.014078631833856936,0.7332757891489988,0.7522719858388862,0.8017700293789156,1.0422949973139928,0.005155237088893558,0.056822309462769116,0.00799282126701204,0.219237603476194,3.200981313577325,0.4026818623874313,0.900795851798586,0.011265485299553795,0.021031032083494286
BedSet_15_06.obj,BedSet_15,M,M,,0.9920767742565063,0.00782303711419261,71.67655283631942,0.013888764051850808,0.9662702481189313,0.9999995480044713,0.9999997681758342,1.0458835428179707,5.4578190706362735e-17,8.680168659444144e-17,2.220446049250313e-16,0.18461991996215232,3.281653164524488,0.5496299893139006,0.9999998179280811,0.002045497636031285,0.007823032671430695
BedSet_15_07.obj,BedSet_15,M,M,,0.9997601264575461,6.715104826506976e-06,46.0056003605847,0.021726219224963445,0.7764569256459206,0.9998090298189077,0.9999946647705639,1.041720558313068,0.0005594005703972935,0.002109042955499514,0.008510880038219471,1.111957936103615,3.384273511594554,0.5667309732395157,0.9999958097473808,1.7560107447724424e-06,6.699949243502683e-06
BedSet_15_08.obj,BedSet_15,CA,CA,,0.49729930598261013,0.5023676366361575,69.43559406790672,0.01142346480036297,0.7852692532447462,0.6546331905353476,0.534799166807822,1.011128287876365,0.003052406559719532,0.0421656773091686,0.007603280759247294,0.17679095685530102,1.967657226605573,0.19858216969702927,0.7807036612004689,0.2151101939801189,0.25052327650412426
BedSet_15_09.obj,BedSet_15,M,M,,0.9997601060503867,6.7353883684389385e-06,46.0056003605847,0.02172621922496434,0.7764765412271065,0.9998174133090727,0.9999948953853905,1.0413351708663203,0.0005594005650617827,0.002109042935383778,0.008510879894846224,1.1119526515798772,3.384272771373485,0.5667310069651467,0.9999959908696148,1.7606542808750565e-06,6.720244131209676e-06
BedSet_15_10.obj,BedSet_15,M,M,,0.9997600899766713,6.784817520919948e-06,46.0056003605847,0.021726219224964646,0.77645152706888,0.9998168100616185,0.9999948805869429,1.0414174778198386,0.0005599029391289858,0.002110937660032664,0.008510880200063343,1.1119497852626024,3.384272374131527,0.566731329705683,0.9999959792470606,1.7737167925131205e-06,6.769555806350186e-06
BedSet_15_11.obj,BedSet_15,M,M,,0.9997600899129417,6.751529316545565e-06,46.0056003605847,0.021726219224963365,0.7765033835198405,0.999816940670685,0.9999948823843015,1.0413541964985968,0.0005594005709781367,0.0021090429576894774,0.00851088005438132,1.1119526643160764,3.3842727796758125,0.5667310064296563,0.9999959806587063,1.7649063565157906e-06,6.736345558604233e-06
BedSet_15_12.obj,BedSet_15,M,M,,0.9997600899766448,6.784817547414064e-06,46.0056003605847,0.02172621922496434,0.776451527085025,0.9998168100638584,0.9999948805870041,1.0414174778504668,0.0005599029326683484,0.002110937635657338,0.008510880199767201,1.111949785248399,3.384272374129535,0.5667313297056105,0.9999959792471087,1.7737167994737567e-06,6.769555832828818e-06
BedSet_15_13.obj,BedSet_15,M,M,,0.9997600899129793,6.7515292790423005e-06,46.0056003605847,0.021726219224964646,0.7765033835579741,0.9998169406697196,0.9999948823842756,1.0413541964810222,0.0005594005714928725,0.002109042959630084,0.008510880065851434,1.1119526643846855,3.384272779685461,0.5667310064295539,0.9999959806586861,1.7649063466926758e-06,6.736345521160988e-06
BedSet_15_14.obj,BedSet_15,M,M,,0.9997600899766214,6.784817570828074e-06,46.0056003605847,0.021726219224961367,0.776451526897684,0.9998168100641736,0.9999948805870112,1.0414174778424694,0.000559902943442613,0.0021109376763075714,0.00851088020002888,1.1119497850846518,3.384272374106486,0.5667313297057458,0.9999959792471145,1.7737168056045555e-06,6.769555856144705e-06
BedSet_15_15.obj,BedSet_15,CA,CA,,0.49720263068542897,0.502464314235569,69.43663119712872,0.011423357449461904,0.785255694591956,0.6546626315358246,0.5348540164688469,1.012657310176494,0.0030257113244102148,0.04204062382790691,0.0075655482812225505,0.18214760442275862,2.004299534244876,0.19760102335946078,0.7807173156806424,0.21532854189487136,0.2505987428150555
BedSet_15_16.obj,BedSet_15,M,M,,0.9997601265247097,6.74838613170318e-06,46.0056003605847,0.021726219224963452,0.7764050691473259,0.9998088953114733,0.9999946628648105,1.0417847183636666,0.0005599029390177847,0.0021109376596137493,0.008510880196114946,1.111954872660096,3.3842730800788674,0.5667312977811044,0.999995808250604,1.7648233848388683e-06,6.7331523312259445e-06
BedSet_15_17.obj,BedSet_15,M,M,,0.9997600899129292,6.751529329220639e-06,46.0056003605847,0.021726219224961367,0.7765033833867692,0.9998169406722744,0.9999948823843442,1.0413541965033404,0.0005594005757997978,0.002109042975868088,0.008510880180549952,1.1119526642067057,3.384272779660416,0.5667310064297253,0.9999959806587396,1.764906359930646e-06,6.736345571070286e-06
BedSet_15_18.obj,BedSet_15,M,M,,0.9994743233247105,4.2572623303779533e-07,30.732872422087926,0.03250405341531075,0.7764969522589773,0.9999913306964066,0.9999994690253877,1.0394726238452503,0.0004849111762552807,0.001974688098846487,0.00851512076919092,0.4538701347324006,3.3460875965439323,0.5667261340249526,0.9999995829749159,1.1106660657212054e-07,4.248562034835373e-07
BedSet_15_19.obj,BedSet_15,M,M,,0.9997600982054474,6.743357813535293e-06,46.0056003605847,0.021726219224963452,0.7765033835254732,0.9998085516833087,0.9999946516183238,1.0417023006201012,0.0005594005703232844,0.002109042955220595,0.00851088003769811,1.1119577201705935,3.384273491587461,0.5667309737638759,0.9999957994177657,1.7633688355175903e-06,6.728135203437271e-06
BedSet_15_20.obj,BedSet_15,M,M,,0.9994644405324926,5.614907512035782e-07,30.558769252502923,0.03268884080296814,0.7764676619168195,1.0,1.0,1.0398516367090214,0.0004846602399909529,0.0019599413573770648,0.008114056080837557,0.11680185284506024,0.9368232177294004,0.0,1.0,1.4651495803368043e-07,5.603943734542267e-07
BedSet_15_21.obj,BedSet_15,M,M,,0.9997601265247543,6.748386087104579e-06,46.0056003605847,0.02172621922496434,0.7764050691391304,0.9998088953132126,0.9999946628648588,1.0417847183853264,0.0005599029326963182,0.0021109376357628037,0.00851088020006363,1.11195487271049,3.384273080085947,0.5667312977810811,0.9999958082506418,1.7648233731985187e-06,6.733152286762146e-06
BedSet_15_22.obj,BedSet_15,M,M,,0.9997601061141158,6.768676535919373e-06,46.0056003605847,0.02172621922496434,0.7764246632297415,0.9998172824887895,0.9999948935823022,1.0413984279746824,0.0005599029326879357,0.002110937635731351,0.008510880199767201,1.1119497641240457,3.3842723646454616,0.566731330266607,0.9999959894534692,1.7694642466571384e-06,6.753454363761766e-06
BedSet_15_23.obj,BedSet_15,M,M,,0.9997601749437921,6.700014319616457e-06,46.005600360596844,0.021726221352412086,0.7764874004658661,0.9998091488900563,0.9999946709025679,1.0417257389827939,0.0005599029434622358,0.0021109376763815747,0.00851088020002888,1.112072565726173,3.384289631603654,0.566731286912282,0.9999958145633654,1.752074148000161e-06,6.684891435932337e-06
BedSet_15_24.obj,BedSet_15,M,M,,0.999714004040961,2.359762742138849e-07,41.66609052461308,0.023986519198530502,0.7764969522590391,0.9999900528660421,0.9999996020235685,1.0395844040758335,0.0004849111762611249,0.0019746880989013056,0.00851512067351845,0.38989918634632037,3.3763665529900524,0.566729864390985,0.9999996874306852,6.15698809849646e-08,2.354937392908931e-07
BedSet_15_25.obj,BedSet_15,M,M,,0.9997601748752107,6.666735855741193e-06,46.005600360596844,0.021726221352412086,0.7765392461985663,0.9998092853939748,0.9999946728624458,1.0416618409135667,0.0005594005758194054,0.0021090429759419165,0.008510880181071313,1.1120757229712137,3.3842900761888206,0.5667309618547366,0.9999958161026511,1.7432639624307324e-06,6.651691165590164e-06
BedSet_15_26.obj,BedSet_15,M,M,,0.9994743253656194,4.2196553557220195e-07,30.732872422087926,0.03250405341531075,0.7764969522590012,0.9999905984173076,0.9999994405461263,1.0394836004697061,0.00048491184885167686,0.0019746908340406055,0.008515144326286084,0.4538831346067314,3.3460941644561157,0.5667260619764944,0.9999995606073779,1.1008671206679782e-07,4.211028749694755e-07
BedSet_15_27.obj,BedSet_15,M,M,,0.999760089912953,6.75152930552227e-06,46.0056003605847,0.02172621922496434,0.776503383574095,0.9998169406719606,0.9999948823843369,1.0413541965116841,0.0005594005650422078,0.0021090429353099473,0.008510879894324863,1.1119526643705528,3.3842727796834793,0.5667310064295865,0.9999959806587342,1.7649063535334987e-06,6.7363455478564235e-06
BedSet_15_28.obj,BedSet_15,M,M,,0.9998942378356763,1.326418444476798e-05,71.50139987594586,0.013983005321683934,0.7746083690166408,0.9999993784478671,0.9999990415988089,1.071915615078792,0.0002337215171410175,0.0013925566555444632,2.220446049250313e-16,0.44594652846613453,3.4123470214255067,0.5665695422260905,0.9999992473344372,3.555952366655548e-06,1.3261318434352682e-05
BedSet_15_29.obj,BedSet_15,M,M,,0.999714004274328,2.316619587706759e-07,41.66609052461308,0.023986519198530502,0.776496952259061,0.9999899622109034,0.9999996000325122,1.0394751265465594,0.000484911846131108,0.0019746908229772682,0.008515144230613336,0.389808975217275,3.3763267996657156,0.566731055790232,0.9999996858668795,6.043788502968988e-08,2.311882235681357e-07
BedSet_15_30.obj,BedSet_15,M,M,,0.9997600890782984,6.785702627848904e-06,46.0056003605847,0.021726219224964347,0.7764515271574303,0.9998177420451541,0.9999949062244257,1.0413807386240417,0.0005599029326953226,0.0021109376357591456,0.008510880200029103,1.1119492348900204,3.3842722958745526,0.566731333208767,0.9999959993824501,1.7738845443022285e-06,6.770445320237466e-06
BedSet_15_31.obj,BedSet_15,M,M,,0.999760089976634,6.784817558354216e-06,46.0056003605847,0.021726219224963365,0.7764515270307579,0.9998168100625844,0.9999948805869686,1.0414174778374898,0.0005599029386135807,0.0021109376580886545,0.008510880197083459,1.1119497851939806,3.384272374121877,0.5667313297056329,0.999995979247081,1.7737168023247815e-06,6.769555843713179e-06
BedSet_15_32.obj,BedSet_15,M,M,,0.9997600982724243,6.776639485897372e-06,46.0056003605847,0.021726219224963452,0.7764515270363909,0.9998084176647709,0.9999946497259392,1.0417663074269996,0.0005599029379577459,0.0021109376556144844,0.008510880196081039,1.1119546779602405,3.38427306306262,0.5667312982118579,0.9999957979314887,1.772181621225423e-06,6.761338631761504e-06
BedSet_15_33.obj,BedSet_15,M,M,,0.999760089912953,6.751529305408049e-06,46.0056003605847,0.02172621922496435,0.7765033835742922,0.9998169406719538,0.9999948823843366,1.041354196511534,0.0005594005650608277,0.0021090429353800596,0.008510879894846224,1.1119526643711535,3.3842727796835628,0.5667310064295864,0.9999959806587341,1.7649063535037897e-06,6.7363455477416285e-06
BedSet_15_34.obj,BedSet_15,M,M,,0.9997601264575974,6.715104775281646e-06,46.0056003605847,0.02172621922496434,0.7764569256282229,0.9998090298202694,0.9999946647706016,1.0417205583322788,0.0005594005650701584,0.0021090429354152646,0.008510879894846224,1.1119579361542717,3.38427351160167,0.566730973239492,0.9999958097474102,1.756010731299454e-06,6.699949192617847e-06
BedSet_15_35.obj,BedSet_15,M,M,,0.9997601264575524,6.715104820093955e-06,46.0056003605847,0.021726219224963452,0.7764569256364012,0.9998090298185268,0.9999946647705532,1.0417205583104805,0.0005594005713816615,0.0021090429592107683,0.008510880065851434,1.1119579361037801,3.384273511594577,0.5667309732395162,0.9999958097473726,1.756010743112305e-06,6.699949237060172e-06
BedSet_15_36.obj,BedSet_15,M,M,,0.996053422119705,0.003893776384578603,100.98257788993855,0.009880166635961227,0.9668887630069929,0.9999988082396174,0.9999998990222368,1.0000181252640667,4.289403948990642e-09,1.9917774366101792e-08,3.000449316781124e-08,0.02222026404361676,0.8746883620948851,0.0,0.9999999206922596,0.0009734627914560616,0.0038937715115546097
BedSet_15_37.obj,BedSet_15,M,M,,0.9920830352435335,0.007816855300039316,71.67655283631942,0.013888764051850808,0.9664582790838028,0.9999997730212885,0.9999998479286876,1.0458606457299788,5.0379868344334834e-17,8.361325265179298e-17,2.220446049250313e-16,0.1846199240622594,3.2816527623764458,0.5496401988340827,0.9999998805646276,0.0020438360061204508,0.007816852931419982
BedSet_15_38.obj,BedSet_15,M,M,,0.9998942378356779,1.3264052829838413e-05,71.50139987594586,0.013983005321683934,0.7746078374862655,0.9999993778286358,0.9999990392263192,1.0718919430033702,0.00023372151713921935,0.0013925566555337866,2.220446049250313e-16,0.4459465281411472,3.41234702142402,0.5665691043686332,0.9999992454713923,3.5558385955891743e-06,1.3261186823918585e-05
BedSet_15_39.obj,BedSet_15,M,M,,0.9961114215893335,0.0038365526584507228,101.73265566548169,0.009807646707722025,0.9668742978083266,0.9999976168145751,0.9999997995453099,1.0000198482581393,1.2438484599033996e-08,5.277970101517978e-08,1.3054428467662144e-07,0.0221380271188741,0.8755530063811294,8.881784197001252e-16,0.9999998425632918,0.0009591593033535552,0.003836542996877432
BedSet_15_40.obj,BedSet_15,M,M,,0.9997600899766356,6.784817556702188e-06,46.0056003605847,0.021726219224963456,0.7764515270355932,0.9998168100622493,0.9999948805869595,1.0414174778376029,0.0005599029390908249,0.002110937659889074,0.008510880198012494,1.1119497851989355,3.384272374122575,0.566731329705625,0.9999959792470736,1.773716801895242e-06,6.769555842059213e-06
BedSet_15_41.obj,BedSet_15,M,M,,0.9997600899766452,6.7848175470109115e-06,46.0056003605847,0.02172621922496435,0.7764515270852239,0.9998168100638525,0.999994880587004,1.0414174778503165,0.0005599029326869662,0.0021109376357276314,0.008510880199732052,1.1119497852490028,3.3842723741296195,0.5667313297056049,0.9999959792471085,1.7737167993681336e-06,6.769555832426498e-06
BedSet_15_42.obj,BedSet_15,M,M,,0.999760126524703,6.748386138415346e-06,46.0056003605847,0.021726219224963445,0.7764050691568513,0.9998088953118527,0.9999946628648205,1.0417847183662234,0.0005599029380318113,0.002110937655893416,0.008510880198012494,1.1119548726599242,3.3842730800788448,0.5667312977810517,0.9999958082506122,1.7648233865971321e-06,6.733152337927287e-06
BedSet_15_43.obj,BedSet_15,OB,OB,,0.7905410985161139,0.20263095281238744,6.76187607313874,0.10839496804747123,0.9996467723140905,0.9940591030888036,0.9926511603330548,2.0920848637442924,0.0011546250349843902,0.020984086546895105,1.8334840738298825e-05,0.06399450902588566,2.5351729771738816,0.3649788598975913,0.9951643335896396,0.10221317689169433,0.20011932450139963
BedSet_15_44.obj,BedSet_15,CA,CA,,0.7348601036159224,0.002268540615516163,1.592662579025693,0.46950043140843783,0.6403806970823238,0.8791395448201303,0.7149955490800066,1.0522554017007546,4.919758174033509e-06,6.051651556986758e-05,1.5252176625346614e-05,2.939934572844552,2.0383541650419432,0.11413479908905295,0.8799652397439244,0.0007894466014928921,0.001710142863613471
BedSet_15_45.obj,BedSet_15,CA,CA,,0.7348600804621784,0.002268130790455085,1.592662579025693,0.46950043140843783,0.6403788592310395,0.8791422501507711,0.7149970607931042,1.0522433509086864,5.000621902184782e-06,6.055591460961031e-05,1.5707433389522407e-05,2.93994649631998,2.03834990924091,0.11414913744591479,0.8799682522295671,0.0007892945086397598,0.0017098404968040942
BedSet_15_46.obj,BedSet_15,CA,CA,,0.7348533331303844,0.0022659644918151425,1.5927086683199172,0.4694928346631596,0.640329359714655,0.8790740042806784,0.7149688973160748,1.0402152292963922,4.844460768179978e-06,6.332803488973306e-05,1.4944095320990058e-05,2.9399931023233408,2.0383491983882522,0.11436468269129657,0.8799451678001677,0.0007817753630240106,0.0017080464843333898
BedSet_15_47.obj,BedSet_15,CA,CA,,0.7348533275020362,0.002266008507308205,1.5927086683199172,0.4694928346631596,0.6403275206394106,0.87907859172107,0.7149729424363761,1.0521576840355948,4.923268545532167e-06,6.244378512829177e-05,1.56086744911299e-05,2.9400069798443247,2.0383470591011217,0.1143004235190173,0.8799497011372545,0.0007885510208436733,0.0017080925431811618
BedSet_16_01.obj,BedSet_16,OB,OB,,0.7374515927222715,0.2624878080871703,132.72999135094588,0.006669851585872586,0.9921355152397264,0.9886957092814879,0.9936531613315326,1.3611111111111114,2.186802927291975e-17,5.540910858756474e-17,1.1102230246251565e-16,0.008306451656492395,0.5829176449494204,0.623912876883694,0.9950533080929962,0.09035687784114674,0.25869700200130546
BedSet_16_02.obj,BedSet_16,OB,OB,,0.4142806568283179,0.054964981741838635,1.8292682906369988,0.39689720326981864,0.4741495252104595,0.7795016390231612,0.5029405920597089,1.5666187165522019,5.911475881547362e-05,0.0005492691112864991,1.1102230246251565e-16,2.094147599786825,0.27664129546464283,0.05068387245443559,0.787705341315946,0.029801846182104474,0.03219442160211637
BedSet_16_03.obj,BedSet_16,OB,OB,,0.41425080570811335,0.054993959436415565,1.8292682906369988,0.3968864152813939,0.4741210132257069,0.7794571712391605,0.5029585359063562,1.5666165678167547,5.9114758610655905e-05,0.0005492691093834501,2.220446049250313e-16,2.0941308609654965,0.2766774097866157,0.050676403473703266,0.7876849312130245,0.029818037694510777,0.03220994160271042
BedSet_16_04.obj,BedSet_16,OB,OB,,0.4142508057278067,0.05499395941759064,1.8292682906369988,0.39688641528204166,0.4741210132220445,0.7794571712286475,0.5029585359005255,1.5666165678141977,5.911475937453681e-05,0.00054926911648099,2.220446049250313e-16,2.094130860973203,0.276677409756232,0.05067640346142314,0.7876849312079833,0.029818037684502023,0.0322099415910924
BedSet_16_05.obj,BedSet_16,OB,OB,,0.526576378694823,0.47330117412112305,90.38018489597482,0.009115074378554296,0.9998903235878283,0.9995835636942885,0.99973477795714,1.0001062811274395,1.1102230246251566e-17,3.3306690738754695e-17,1.1102230246251565e-16,0.01918686288101343,0.1847935070608737,0.0002254503314743188,0.9997917684109401,0.1184109021583517,0.47304133551414373
BedSet_16_06.obj,BedSet_16,OB,OB,,0.5527407898105925,0.44713580994231633,90.40306006775779,0.00912136076789864,0.9992176072456751,0.7602675035941973,0.8099135118981695,1.1482418433860202,3.2138034923359796e-17,5.6426231861908e-17,1.1102230246251565e-16,0.01921668970202972,0.18653820805069174,0.0005742843624603841,0.8790313041589048,0.17065619519435848,0.3076335570182594
BedSet_16_07.obj,BedSet_16,OB,OB,,0.526576378694823,0.47330117412112305,90.38018489597482,0.009115074378554296,0.9998903235878283,0.9995835636942885,0.99973477795714,1.0001062811274395,1.1102230246251566e-17,3.3306690738754695e-17,1.1102230246251565e-16,0.01918686288101343,0.1847935070608737,0.0002254503314743188,0.9997917684109401,0.1184109021583517,0.47304133551414373
BedSet_16_08.obj,BedSet_16,OB,OB,,0.5527407898105925,0.44713580994231633,90.40306006775779,0.00912136076789864,0.9992176072456751,0.7602675035941973,0.8099135118981695,1.1482418433860202,3.2138034923359796e-17,5.6426231861908e-17,1.1102230246251565e-16,0.01921668970202972,0.18653820805069174,0.0005742843624603841,0.8790313041589048,0.17065619519435848,0.3076335570182594
BedSet_16_09.obj,BedSet_16,OB,OB,,0.9413172728855114,0.05354951402241877,19.150158521861787,0.051074689138156396,0.9999999999999826,0.9511936957271557,0.9870687509445405,1.0403999999999933,1.0956148269327203e-17,3.547567048480013e-17,1.1102230246251565e-16,0.011124197718248963,0.657894653257743,0.0,0.9899966470745504,0.014635159890795548,0.05060662735410531
BedSet_16_10.obj,BedSet_16,OB,OB,,0.9695080163497243,0.028852432526202298,24.696619932434537,0.03985611451249824,0.9999999999999971,0.9999999999999993,0.9999999999999999,1.0,0.0,0.0,0.0,0.012093842838322717,0.702678980180956,0.0,1.0,0.007213108131550578,0.028852432526202277
BedSet_16_11.obj,BedSet_16,OB,OB,,0.7710326209345266,0.2103100359782247,7.321079130643142,0.12228773832728243,0.9999999999999923,0.9999999999999998,1.0,1.0,0.0,0.0,0.0,0.021311477028088915,0.3527174501806792,0.0,0.9999999999999999,0.05257750899455619,0.21031003597822465
BedSet_16_12.obj,BedSet_16,OB,OB,,0.7122999098543378,0.26425692846041154,6.531183839899104,0.13371589002058334,0.999999999999991,1.0,1.0,1.0,0.0,0.0,0.0,0.022563431379097956,0.30176397967248675,0.0,1.0,0.06606423211510289,0.26425692846041154
BedSet_16_13.obj,BedSet_16,OB,OB,,0.6286407098951285,0.34109918182043986,5.748635347801052,0.146933285291773,0.9999999999999905,1.0,1.0,1.0,0.0,0.0,0.0,0.024050201549515107,0.24270488866747103,0.0,1.0,0.08527479545510996,0.34109918182043986
BedSet_16_14.obj,BedSet_16,OB,OB,,0.7578549214463822,0.241789338337644,53.01924237677334,0.01692069278278558,0.9999999999999988,1.0,1.0,1.0,0.0,0.0,0.0,0.0072036275944456565,0.34040855477422177,0.0,1.0,0.060447334584411,0.241789338337644
BedSet_16_15.obj,BedSet_16,OB,OB,,0.4471928833999175,0.5499425492919087,22.232216316903433,0.036825725451941835,0.9999999999981223,0.6206023279794758,0.6104023223500193,1.129211713097178,3.655378946621993e-10,2.131433768450667e-09,1.1102230246251565e-16,0.019418353873181835,0.8967741484696959,0.515554357896076,0.7969515267297942,0.24586797698762558,0.27481163454657254
BedSet_16_16.obj,BedSet_16,OB,OB,,0.4471928833999175,0.5499425492919089,22.232216316903433,0.036825725451941835,0.9999999999980909,0.6206023279794757,0.6104023223500189,1.1292117130969386,3.6553788567467953e-10,2.1314337699920152e-09,1.1102230246251565e-16,0.01941835387318183,0.896774148469696,0.5155543578960757,0.796951526729794,0.24586797698759288,0.2748116345465725
BedSet_16_17.obj,BedSet_16,OB,M,x,0.9818135052115559,0.01796592311809762,43.33142438711696,0.022579252905830335,0.865666216358595,0.995469410867183,0.9988330034854326,1.352136605312384,0.010066098791399908,0.07483068788356118,2.220446049250313e-16,0.016203831623998806,1.0668453558501327,0.7398304752944272,0.9990847019810494,0.006194835609107818,0.017675413578692404
BedSet_16_18.obj,BedSet_16,OB,OB,,0.982370240837655,0.01743279166468502,53.0023819294088,0.018536723594549862,0.9926790102437713,0.9960590952389278,0.9990392071755059,1.4458337763295428,2.1206507211941192e-17,4.364263179194789e-17,1.1102230246251565e-16,5.0,2.284669434668758,0.619552766331755,0.9992497238363274,0.006319444251842649,0.017355749046144023
BedSet_16_19.obj,BedSet_16,OB,OB,,0.9817241847826872,0.018078924245791526,53.00238193073574,0.01853672359408595,0.9926790102457796,0.9859626718548627,0.9966581017668212,1.4401324872622758,5.1193617246604443e-17,7.435077094507228e-17,2.220446049250313e-16,5.0,2.284624981895562,0.6297446226040051,0.9973876494121674,0.006575914455715703,0.017795359544264377
BedSet_16_20.obj,BedSet_16,M,M,,0.9984505279417109,0.0006196102752325667,31.998094637293836,0.031212809403075067,0.9999393851898242,0.9999999999999973,0.9999999999999999,1.5625,2.2204460492503132e-17,4.440892098500627e-17,1.1102230246251565e-16,5.0,0.9248122796446301,0.0,1.0,0.00024203526376272172,0.0006196102752325651
BedSet_16_21.obj,BedSet_16,M,M,,0.9984505279417111,0.000619707654938705,31.999770544903626,0.03121117630201718,0.9999393820153017,0.9999999999999971,0.9999999999999999,1.5625,2.2204460492503132e-17,4.440892098500627e-17,1.1102230246251565e-16,5.0,0.9248122796446292,0.0,0.9999999999999998,0.000242073302710432,0.0006197076549387033
BedSet_16_22.obj,BedSet_16,OB,OB,,0.9767189425429401,0.023133747106798632,69.99593240170495,0.014113478215403708,0.9230922224128533,0.894196861930394,0.9760885706083217,1.7755730592500376,4.262340226324213e-09,2.3251890144166186e-08,2.435248386278843e-09,5.0,1.7179211547086857,0.7514606530556942,0.9817406574810947,0.010904774382207511,0.0204388065854705
BedSet_16_23.obj,BedSet_16,M,M,,0.997500132103686,0.002409562963300395,100.79415522537171,0.009908528452110188,0.9918268913294495,1.0,1.0,1.0,2.3790493384824782e-17,4.555532654705818e-17,1.1102230246251565e-16,5.0,0.9054825704954368,0.0,1.0,0.0006023907408250987,0.002409562963300395
BedSet_16_24.obj,BedSet_16,M,M,,0.994237694388635,0.005626194904210691,61.00285708151742,0.016335165325862308,0.9148132619182415,0.9999723430180695,0.9998188971596674,1.4535147392290249,1.1686558153949016e-17,3.407187920599441e-17,1.1102230246251565e-16,5.0,1.6738923566238437,0.772222424462433,0.9998591062951704,0.002044742167773763,0.005625529854791303
BedSet_16_25.obj,BedSet_16,M,M,,0.9942377386893487,0.00562615033843912,61.00285708151742,0.016335167619813955,0.9148305455695983,0.9999761913054028,0.9998193098936092,1.4535147392290249,1.1686558153949016e-17,3.407187920599441e-17,1.1102230246251565e-16,5.0,1.673895956055494,0.7722226918050765,0.999859430196524,0.0020447210192515337,0.00562550810439418
BedSet_16_26.obj,BedSet_16,M,M,,0.9979357083681404,0.001999776793198181,100.8047139974027,0.009907490176223553,0.9668700823316284,0.9995782277564919,0.9946789621691403,1.3265306122448979,2.6294755846385285e-17,4.7200531265382755e-17,1.1102230246251565e-16,5.0,1.8655228146161942,0.5789441874778246,0.9974419069000038,0.0006657234490054113,0.001993615142884253
BedSet_16_27.obj,BedSet_16,M,M,,0.9975000273592302,0.002409667707756198,100.79415522537171,0.009908527942653025,0.9918268921291437,1.0,1.0,1.0,2.3790493384824782e-17,4.555532654705818e-17,1.1102230246251565e-16,5.0,0.9054806839094797,0.0,1.0,0.0006024169269390495,0.002409667707756198
BedSet_16_28.obj,BedSet_16,OB,OB,,0.5178993399602042,0.47534428879548923,11.660900195091909,0.07018813709537255,0.9969238023977256,0.9924310041366486,0.989756283738872,1.1014124225293995,1.6560475449152322e-06,4.653278190981378e-06,1.2492460869678588e-05,5.0,2.4614764499387647,0.09464524784807568,0.9933033143640705,0.13281578139498418,0.46932861003102694
BedSet_16_29.obj,BedSet_16,M,M,,0.9971144775581768,0.0028042596736351484,81.33142900299363,0.012277011094358345,0.9971354111502199,0.9999999999999999,1.0,1.3611111111111107,5.719330732917473e-17,7.788945853808041e-17,2.220446049250313e-16,5.0,0.8988357223913069,0.0,1.0,0.0009542272500564046,0.0028042596736351476
BedSet_16_30.obj,BedSet_16,M,M,,0.9971142915532379,0.0028044456785741427,81.33142900299363,0.01227700997447951,0.9971354153427686,1.0,1.0,1.3611111111111114,2.6914497566670462e-17,5.135399688818203e-17,1.1102230246251565e-16,5.0,0.8988326265954454,0.0,1.0,0.0009542905434037015,0.0028044456785741427
BedSet_16_31.obj,BedSet_16,M,M,,0.9971141055424366,0.0028046316893753703,81.33142900299363,0.012277008854565686,0.9971354195350433,1.0,1.0,1.3611111111111107,7.737918050417758e-17,6.960143190943308e-17,2.220446049250313e-16,5.0,0.8988295308118913,0.0,1.0,0.0009543538387457856,0.00280463168937537
BedSet_16_32.obj,BedSet_16,M,M,,0.9979174928299415,0.0020213606278274227,100.79415522537171,0.009908528452110188,0.9668733895680326,0.9995727175363952,0.994654212495854,1.1742050213437876,7.2060505710661955e-12,2.8176216822098337e-11,5.202260844328066e-11,5.0,1.865505013216276,0.576005081671657,0.9974191005251835,0.0005959490921357839,0.002015096362211934
BedSet_16_33.obj,BedSet_16,M,M,,0.9971144775579556,0.00280425967385634,81.33142900299363,0.012277011094357013,0.9971354111502255,1.0,1.0,1.3611111111111107,6.055761952500853e-17,7.016829411992785e-17,2.220446049250313e-16,5.0,0.898835722387624,0.0,1.0,0.0009542272501316711,0.0028042596738563396
BedSet_16_34.obj,BedSet_16,M,M,,0.997114291553238,0.0028044456785739575,81.33142900299363,0.012277009974479511,0.9971354153427678,1.0,1.0,1.3611111111111114,4.37360585458395e-17,6.07442382093789e-17,1.1102230246251565e-16,5.0,0.8988326265954486,0.0,1.0,0.0009542905434036385,0.0028044456785739575
BedSet_16_35.obj,BedSet_16,M,M,,0.9971144775579556,0.002804259673856392,81.33142900299363,0.012277011094357013,0.997135411150225,0.9999999999999999,1.0,1.3611111111111107,6.055761952500853e-17,7.016829411992785e-17,2.220446049250313e-16,5.0,0.898835722387624,0.0,1.0,0.0009542272501316889,0.002804259673856391
BedSet_16_36.obj,BedSet_16,M,M,,0.997114291553238,0.0028044456785739575,81.33142900299363,0.012277009974479511,0.9971354153427678,1.0,1.0,1.3611111111111114,4.37360585458395e-17,6.07442382093789e-17,1.1102230246251565e-16,5.0,0.8988326265954486,0.0,1.0,0.0009542905434036385,0.0028044456785739575
BedSet_16_37.obj,BedSet_16,M,M,,0.9971141055425253,0.0028046316892868335,81.33142900299363,0.01227700885456622,0.9971354195350414,1.0,1.0,1.3611111111111114,2.6914497566670462e-17,5.135399688818204e-17,1.1102230246251565e-16,5.0,0.8988295308133677,0.0,1.0,0.0009543538387156588,0.0028046316892868335
BedSet_16_38.obj,BedSet_16,M,M,,0.9971144775579776,0.002804259673834493,81.33142900299363,0.012277011094357146,0.9971354111502245,1.0,1.0,1.3611111111111107,3.364312195833808e-17,6.686438242935666e-17,2.220446049250313e-16,5.0,0.8988357223879907,0.0,1.0,0.0009542272501242371,0.0028042596738344925
BedSet_16_39.obj,BedSet_16,M,M,,0.9971141055425253,0.0028046316892867437,81.33142900299363,0.01227700885456622,0.9971354195350408,1.0,1.0,1.3611111111111114,2.6914497566670462e-17,5.135399688818204e-17,1.1102230246251565e-16,5.0,0.8988295308133677,0.0,1.0,0.0009543538387156282,0.0028046316892867437
BedSet_16_40.obj,BedSet_16,M,M,,0.997114291553238,0.0028044456785739575,81.33142900299363,0.012277009974479511,0.9971354153427684,1.0,1.0,1.3611111111111114,4.37360585458395e-17,6.07442382093789e-17,1.1102230246251565e-16,5.0,0.8988326265954486,0.0,1.0,0.0009542905434036385,0.0028044456785739575
BedSet_16_41.obj,BedSet_16,M,M,,0.997114291553238,0.0028044456785739575,81.33142900299363,0.012277009974479511,0.9971354153427678,1.0,1.0,1.3611111111111114,4.37360585458395e-17,6.07442382093789e-17,1.1102230246251565e-16,5.0,0.8988326265954486,0.0,1.0,0.0009542905434036385,0.0028044456785739575
BedSet_16_42.obj,BedSet_16,M,M,,0.9971144775579779,0.002804259673834187,81.33142900299363,0.012277011094357148,0.9971354111502242,0.9999999999999999,1.0,1.3611111111111114,4.710037074167331e-17,6.984493620511482e-17,2.220446049250313e-16,5.0,0.8988357223879939,0.0,1.0,0.0009542272501241335,0.0028042596738341863
BedSet_16_43.obj,BedSet_16,OB,OB,,0.9639512888877744,0.03543593983000259,68.00305786219087,0.014570899389797063,0.9999689898110667,0.9999984521785222,0.9999997381712233,1.2491349480968859,5.905441620346577e-17,6.618311443150733e-17,1.498801083243955e-16,5.0,0.7616657962656648,8.881784197001252e-16,0.999999794360223,0.011066081169558544,0.035435880342426625
BedSet_16_44.obj,BedSet_16,OB,OB,,0.7499813350603409,0.08999440822988239,2.499972253455543,0.33686382590979497,0.9992246413583107,0.9999999999999999,1.0,1.0,2.960594732333751e-17,4.909590941726863e-17,1.1102230246251565e-16,5.0,0.3333332224687675,0.0,1.0,0.022498602057470597,0.08999440822988237
BedSet_16_45.obj,BedSet_16,M,M,,0.9993277048870863,0.00042272900418507855,65.99847864654,0.015143163237795194,0.9964864368945681,0.9965295525761433,0.9968707634385026,1.3611111111111107,3.2959746043559335e-17,5.782122458781651e-17,1.1102230246251565e-16,5.0,1.2728086675132169,0.698111691749669,0.9976238321438101,0.0001444877920220929,0.00042060283126075593
BedSet_16_46.obj,BedSet_16,M,M,,0.9984043667839739,0.0015148957347254231,100.79415522537171,0.009912908688819243,0.9918173477194814,1.0,1.0,1.000129222360763,2.7755575615628914e-17,5.314788097156787e-17,1.1102230246251565e-16,5.0,0.9236657024568288,0.0,0.9999999999999999,0.0003787728732821435,0.0015148957347254231
BedSet_16_47.obj,BedSet_16,M,M,,0.997114291553238,0.0028044456785739575,81.33142900299363,0.012277009974479511,0.9971354153427681,1.0,1.0,1.3611111111111114,4.37360585458395e-17,6.07442382093789e-17,1.1102230246251565e-16,5.0,0.8988326265954486,0.0,1.0,0.0009542905434036385,0.0028044456785739575
BedSet_16_48.obj,BedSet_16,OB,OB,,0.9540625126313074,0.044168585404553616,49.297099934723846,0.019975952674174388,0.9652614970174244,0.899378486980041,0.9673216779389243,1.707406855323607,4.554761126667309e-17,6.984637453246106e-17,2.220446049250313e-16,5.0,0.6774095870919421,0.5911071134160722,0.9757004582107038,0.020119793102538384,0.03907521417876458
BedSet_16_49.obj,BedSet_16,OB,OB,,0.9540623956699453,0.044168702367567286,49.29709993472453,0.01997595267417411,0.9652614970174244,0.8993782924432038,0.9673216273093509,1.7073961603410546,4.839433697084016e-17,7.561259302607637e-17,2.220446049250313e-16,5.0,0.6774095870919421,0.5911071134160722,0.9757004213542116,0.02011973058408024,0.03907530819634043
BedSet_16_50.obj,BedSet_16,OB,OB,,0.9540624541197973,0.04416864200596879,49.29709993469505,0.019975952674185702,0.9652611285917362,0.8993799288780165,0.967322142794184,1.7074103942514027,4.910601839688192e-17,8.821118305935698e-17,2.220446049250313e-16,5.0,0.677408436457417,0.5911074988457382,0.9757007912861042,0.020119839939314196,0.03907533613223132
BedSet_16_51.obj,BedSet_16,OB,OB,,0.9540623371582297,0.04416875896918788,49.29709993469573,0.019975952674185424,0.9652611285917362,0.8993797343502888,0.967322092167165,1.7073997168412467,2.419716848542008e-17,5.800967647070935e-17,1.3877787807814457e-16,5.0,0.6774084364574171,0.591107498845738,0.975700754431432,0.020119777614785266,0.03907543015061004
BedSet_17_01.obj,BedSet_17,OB,OB,,0.2379072023757019,0.7371620815672223,6.022787137345561,0.11764273786476083,0.9771075912606758,0.9966116186573407,0.9852264972800493,1.1224941020691945,1.7380366012928488e-09,6.407648625685593e-09,8.645702920251313e-09,0.0688691247716819,2.5362191254433752,0.3379911226603834,0.9914588098991762,0.20994258662408535,0.729237510774074
BedSet_17_02.obj,BedSet_17,OB,OB,,0.42177647084201425,0.5643295706844793,8.056489882921625,0.09805684436451592,0.996582142488436,0.9993001038846994,0.9776278960557728,1.0082792063841193,2.137298256439692e-09,6.453539593030394e-09,1.2386991593560382e-08,0.0926848794480108,3.399548273058073,0.03257029843037167,0.9878836473024936,0.14524886675378568,0.557626394841418
BedSet_17_03.obj,BedSet_17,M,M,,0.9986801561548095,0.0008303330754476343,39.830253372343094,0.02507904825397284,0.9374995468342635,0.9999999999999858,0.9999999999999949,1.0847273145232461,4.2779235811244566e-17,5.608520741788575e-17,1.1102230246251565e-16,0.045114438870704675,1.194301616196095,0.7404804896930215,0.9999999999999959,0.00022517124177253857,0.0008303330754476203
BedSet_17_04.obj,BedSet_17,M,M,,0.9998187584584166,0.0001284401993963148,98.30302753555536,0.010171200536229384,0.5656108597218382,0.9999999999999999,1.0,1.2469135802469138,1.3877787807814457e-17,3.671717528720129e-17,1.1102230246251565e-16,0.04627413744705233,0.96730914156851,0.0,0.9999999999999998,4.00384572192216e-05,0.00012844019939631476
BedSet_17_05.obj,BedSet_17,M,M,,0.9998722289780564,8.463639573335022e-05,98.3030521680787,0.010171571586490347,0.5739644970422109,1.0,1.0,1.2469135802469138,1.850371707708594e-17,4.137556922078789e-17,1.1102230246251565e-16,0.049732590688772144,0.9716355326950717,0.0,1.0,2.6383567805766585e-05,8.463639573335022e-05
BedSet_17_06.obj,BedSet_17,M,M,,0.9869603433189053,0.0072442537117223755,13.135849992424797,0.07542058189272192,0.9999999999998925,0.9999999999999997,1.0,1.0,0.0,0.0,0.0,0.05366618677272749,0.7950238625701287,0.0,0.9999999999999999,0.0018110634279305943,0.007244253711722373
BedSet_17_07.obj,BedSet_17,M,M,,0.9869603433189061,0.007244253711721421,13.135849992424797,0.07542058189272195,0.9999999999998921,1.0,1.0,1.0,0.0,0.0,0.0,0.053666186772728476,0.7950238625701355,0.0,1.0,0.0018110634279303553,0.007244253711721421
BedSet_17_08.obj,BedSet_17,M,M,,0.9972911974885929,0.0026535208273790523,134.49599967883768,0.007424910899710901,0.9999999999998626,1.0,1.0,1.0,0.0,0.0,0.0,0.03105501510076415,0.9010572736720153,0.0,1.0,0.0006633802068447631,0.0026535208273790523
BedSet_17_09.obj,BedSet_17,OB,OB,,0.9095322178661323,0.08951512071887939,32.39893331333724,0.02954426877501316,0.9999999999999903,0.9999999999999989,0.9999999999999998,1.0,0.0,0.0,0.0,0.014300459196248014,0.537540638583128,0.0,0.9999999999999997,0.02237878017971988,0.08951512071887928
BedSet_17_10.obj,BedSet_17,M,M,,0.9843753654056665,0.015271823367369684,53.23886662531871,0.0186349900305311,0.9999999999999857,1.0,1.0,1.0,0.0,0.0,0.0,0.01687457816704255,0.7777800874989192,0.0,1.0,0.003817955841842421,0.015271823367369684
BedSet_17_11.obj,BedSet_17,M,M,,0.9843195010269835,0.015327687746052754,53.238866625326395,0.01863447772131597,0.9999999999999857,1.0,1.0,1.0,0.0,0.0,0.0,0.016859528424670048,0.7774273494830768,0.0,1.0,0.0038319219365131885,0.015327687746052754
BedSet_17_12.obj,BedSet_17,M,M,,0.9972911974885929,0.002653520827381724,134.49599968203938,0.007424910899534158,0.999999999999869,1.0,1.0,1.0,0.0,0.0,0.0,0.03105501510076415,0.9010572736720153,0.0,1.0,0.000663380206845431,0.002653520827381724
BedSet_17_13.obj,BedSet_17,M,M,,0.9961375993462034,0.0021457781409989357,24.135849986087745,0.04131704938643681,0.9999999999999409,0.9999999999999993,1.0,1.0,0.0,0.0,0.0,0.03959118757389649,0.8829763787387728,0.0,1.0,0.0005364445352497341,0.0021457781409989344
BedSet_17_14.obj,BedSet_17,M,M,,0.996137599346203,0.002145778140999218,24.135849986087745,0.0413170493864368,0.999999999999941,1.0,1.0,1.0,0.0,0.0,0.0,0.03959118757389577,0.8829763787387689,0.0,1.0,0.0005364445352498045,0.002145778140999218
BedSet_17_15.obj,BedSet_17,M,M,,0.9974788669549347,0.0014006294694813798,29.873999982697285,0.033413139843301715,0.9999999999999528,0.9999999999999989,1.0,1.0,0.0,0.0,0.0,0.03558632491920282,0.9043794224152553,0.0,1.0,0.0003501573673703453,0.0014006294694813783
BedSet_17_16.obj,BedSet_17,M,M,,0.9974788669550547,0.0014006294693612537,29.873999982697285,0.03341313984330372,0.9999999999999499,0.999999999999998,0.9999999999999999,1.0,0.0,0.0,0.0,0.03558632491962667,0.9043794224174243,0.0,1.0,0.00035015736734031396,0.0014006294693612508
BedSet_17_17.obj,BedSet_17,OB,OB,,0.9303196584895089,0.06882245596051419,34.14171426535998,0.028308286766541648,0.9999999999999911,0.9999999999999996,1.0,1.0,0.0,0.0,0.0,0.015520457300831817,0.5823156076969881,0.0,1.0,0.017205613990128554,0.06882245596051416
BedSet_17_18.obj,BedSet_17,OB,OB,,0.9777412851180763,0.00951157648423557,8.857142851860196,0.11097750263574117,0.9999999999997309,0.9999999999999998,1.0,1.0,0.0,0.0,0.0,0.07957904690644675,0.7403508770976187,0.0,1.0,0.002377894121058893,0.009511576484235569
BedSet_17_19.obj,BedSet_17,OB,OB,,0.9777412851180785,0.009511576484233482,8.857142851860196,0.11097750263574127,0.9999999999997276,1.0,1.0,1.0,0.0,0.0,0.0,0.07957904690644861,0.7403508770976293,0.0,1.0,0.0023778941210583705,0.009511576484233482
BedSet_17_20.obj,BedSet_17,OB,OB,,0.9777412851180785,0.009511576484233482,8.857142851860196,0.11097750263574127,0.9999999999997276,1.0,1.0,1.0,0.0,0.0,0.0,0.07957904690644861,0.7403508770976293,0.0,1.0,0.0023778941210583705,0.009511576484233482
BedSet_17_21.obj,BedSet_17,OB,OB,,0.9777412851180785,0.009511576484233482,8.857142851860196,0.11097750263574127,0.9999999999997276,1.0,1.0,1.0,0.0,0.0,0.0,0.07957904690644861,0.7403508770976293,0.0,1.0,0.0023778941210583705,0.009511576484233482
BedSet_17_22.obj,BedSet_17,OB,OB,,0.9777412851180785,0.009511576484233482,8.857142851860196,0.11097750263574127,0.9999999999997276,1.0,1.0,1.0,0.0,0.0,0.0,0.07957904690644861,0.7403508770976293,0.0,1.0,0.0023778941210583705,0.009511576484233482
BedSet_17_23.obj,BedSet_17,OB,OB,,0.9777412851180763,0.00951157648423557,8.857142851860196,0.11097750263574117,0.9999999999997309,0.9999999999999998,1.0,1.0,0.0,0.0,0.0,0.07957904690644675,0.7403508770976187,0.0,1.0,0.002377894121058893,0.009511576484235569
BedSet_17_24.obj,BedSet_17,OB,OB,,0.9777412851180763,0.00951157648423557,8.857142851860196,0.11097750263574117,0.9999999999997309,0.9999999999999998,1.0,1.0,0.0,0.0,0.0,0.07957904690644675,0.7403508770976187,0.0,1.0,0.002377894121058893,0.009511576484235569
BedSet_17_25.obj,BedSet_17,OB,OB,,0.9777412851180763,0.00951157648423557,8.857142851860196,0.11097750263574117,0.9999999999997309,0.9999999999999998,1.0,1.0,0.0,0.0,0.0,0.07957904690644675,0.7403508770976187,0.0,1.0,0.002377894121058893,0.009511576484235569
BedSet_17_26.obj,BedSet_17,M,M,,0.9974788669549346,0.0016632474950885048,34.14171426535998,0.02924032319776341,0.9999999999999476,0.9999999999999991,1.0,1.0,0.0,0.0,0.0,0.035586324919202876,0.9043794224152558,0.0,0.9999999999999998,0.0004158118737721266,0.0016632474950885033
BedSet_17_27.obj,BedSet_17,M,M,,0.9993032440347951,0.00025079323456950035,45.499787019322056,0.0219645209302339,0.9999512624468749,1.0,1.0,1.0,0.0,0.0,0.0,5.0,0.9465243732682015,0.0,1.0,6.269830864237509e-05,0.00025079323456950035
BedSet_17_28.obj,BedSet_17,OB,OB,,0.9540622896148073,0.044169076098253435,49.302261282939114,0.019973861107500008,0.9652550206311004,0.8993787376611265,0.9673217879763759,1.7073954853193514,3.131398274583775e-17,6.132034831058274e-17,1.3877787807814457e-16,5.0,0.6774090100849451,0.591107306131829,0.9757005356526973,0.02011988761742017,0.03907566136437677
BedSet_17_29.obj,BedSet_17,OB,OB,,0.36172844237424395,0.631513195301964,11.60517926527454,0.06713422364656073,0.9993997954616273,0.9999644303034365,0.9950770932072525,1.0000768100606956,2.806219450452161e-06,5.313777550542346e-06,1.4909610322416667e-05,5.0,2.5389075893073314,0.08008757282774169,0.9972817408064532,0.15862004894443757,0.6299337413675379
BedSet_17_30.obj,BedSet_17,M,M,,0.9978748191687693,0.0020653234898781576,94.66436054623563,0.010551981818597017,0.9975228214558687,1.0,1.0,1.3611111111111114,2.6914497566670462e-17,4.757855935405379e-17,1.1102230246251565e-16,5.0,0.9124577867210417,0.0,1.0,0.0007027836875279843,0.0020653234898781576
BedSet_17_31.obj,BedSet_17,M,M,,0.9978749561512341,0.0020651865074134347,94.66436054623563,0.01055198252963818,0.997522817336424,1.0,1.0,1.3611111111111114,2.6914497566670462e-17,5.48702713914885e-17,1.1102230246251565e-16,5.0,0.9124604847951888,0.0,1.0,0.0007027370754392939,0.0020651865074134347
BedSet_17_32.obj,BedSet_17,M,M,,0.9978746821819406,0.0020654604767068115,94.66436054623563,0.010551981107533344,0.9975228255750467,1.0,1.0,1.3611111111111114,3.364312195833808e-17,5.788181561688166e-17,1.1102230246251565e-16,5.0,0.9124550886555158,0.0,1.0,0.0007028303011016234,0.0020654604767068115
BedSet_17_33.obj,BedSet_17,OB,OB,,0.7499795933409921,0.08999419922870155,2.499972182339677,0.3368638226819921,0.9991137137814612,1.0,1.0,1.0,0.0,0.0,0.0,5.0,0.33333321741363525,0.0,0.9999999999999999,0.02249854980717539,0.08999419922870155
BedSet_17_34.obj,BedSet_17,M,M,,0.9984042763111799,0.0015149803611539904,100.79404474735783,0.009912918559278292,0.9918110278564283,0.9999999999999999,1.0,1.000129195539535,1.850371707708594e-17,4.7175407225030635e-17,1.1102230246251565e-16,5.0,0.9236637023894105,0.0,1.0,0.0003787940224647837,0.0015149803611539901
BedSet_17_35.obj,BedSet_17,M,M,,0.9978748191687182,0.0020653234899297127,94.66436054623563,0.01055198181859675,0.9975228214558703,1.0,1.0,1.3611111111111114,2.6914497566670462e-17,4.757855935405378e-17,1.1102230246251565e-16,5.0,0.9124577867200334,0.0,1.0,0.0007027836875455274,0.0020653234899297127
BedSet_17_36.obj,BedSet_17,M,M,,0.9993276984535958,0.0004227290014621446,65.99847614336085,0.01514316322909,0.9964802239636897,0.9965295525758157,0.9968707634382932,1.3611111111111107,2.42861286636753e-17,4.991664918192112e-17,1.1102230246251565e-16,5.0,1.2728086653808255,0.6981116917457602,0.9976238321436588,0.00014448779109145095,0.0004206028285513349
BedSet_17_37.obj,BedSet_17,M,M,,0.997874819168599,0.0020653234900485954,94.66436054623563,0.01055198181859613,0.9975228214558737,1.0,1.0,1.3611111111111107,2.0185873175002847e-17,5.080000013421486e-17,1.1102230246251565e-16,5.0,0.9124577867176855,0.0,1.0,0.0007027836875859802,0.0020653234900485954
BedSet_17_38.obj,BedSet_17,OB,OB,,0.9710668083177924,0.028439988539403507,78.00356473084838,0.012730630002338417,0.9999690943412867,0.9999998374926239,0.9999999759308772,1.234567901234568,1.9660199394403815e-17,5.549910323301908e-17,1.3877787807814457e-16,5.0,0.7889979546507485,0.0,0.9999999810961556,0.008777775348220825,0.02843998357543286
BedSet_17_39.obj,BedSet_17,M,M,,0.9979175348084123,0.0020213129663874006,100.79404474709509,0.009908538717075858,0.9668636558047684,0.999572524846771,0.9946550598186914,1.174202833760644,7.384105919309528e-10,2.317981487397592e-09,4.6662897157379035e-09,5.0,1.8655073303351137,0.5760102850256887,0.9974190538261516,0.000595933771371917,0.0020150493133234094
BedSet_17_40.obj,BedSet_17,M,M,,0.9978749561513534,0.0020651865072940736,94.66436054623563,0.0105519825296388,0.9975228173364207,1.0,1.0,1.3611111111111114,2.3550185370836655e-17,4.933050028605792e-17,1.1102230246251565e-16,5.0,0.9124604847975367,0.0,1.0,0.000702737075398678,0.0020651865072940736
BedSet_17_41.obj,BedSet_17,M,M,,0.997874956151217,0.0020651865074303305,94.66436054623563,0.010551982529638093,0.9975228173364246,1.0,1.0,1.3611111111111114,3.027880976250427e-17,5.971061809742359e-17,1.1102230246251565e-16,5.0,0.9124604847948518,0.0,1.0,0.0007027370754450432,0.0020651865074303305
BedSet_17_42.obj,BedSet_17,M,M,,0.9978748191687693,0.0020653234898781576,94.66436054623563,0.010551981818597017,0.9975228214558681,1.0,1.0,1.3611111111111114,2.6914497566670462e-17,4.757855935405379e-17,1.1102230246251565e-16,5.0,0.9124577867210417,0.0,1.0,0.0007027836875279843,0.0020653234898781576
BedSet_17_43.obj,BedSet_17,M,M,,0.9978746821817872,0.0020654604768601524,94.66436054623563,0.010551981107532546,0.9975228255750511,1.0,1.0,1.3611111111111114,2.3550185370836655e-17,4.933050028605792e-17,1.1102230246251565e-16,5.0,0.9124550886524938,0.0,1.0,0.000702830301153802,0.0020654604768601524
BedSet_17_44.obj,BedSet_17,M,M,,0.9978749561511828,0.002065186507464392,94.66436054623563,0.010551982529637917,0.9975228173364259,1.0,1.0,1.3611111111111114,2.3550185370836655e-17,4.9330500286057926e-17,1.1102230246251565e-16,5.0,0.9124604847941805,0.0,1.0,0.0007027370754566335,0.002065186507464392
BedSet_17_45.obj,BedSet_17,M,M,,0.9978748191687693,0.0020653234898781576,94.66436054623563,0.010551981818597017,0.9975228214558687,1.0,1.0,1.3611111111111114,2.6914497566670462e-17,4.757855935405379e-17,1.1102230246251565e-16,5.0,0.9124577867210417,0.0,1.0,0.0007027836875279843,0.0020653234898781576
BedSet_17_46.obj,BedSet_17,M,M,,0.9978746821817701,0.002065460476877252,94.66436054623563,0.010551981107532457,0.9975228255750519,1.0,1.0,1.3611111111111107,4.37360585458395e-17,7.45481784254902e-17,2.220446049250313e-16,5.0,0.9124550886521567,0.0,1.0,0.0007028303011596203,0.0020654604768772515
BedSet_17_47.obj,BedSet_17,M,M,,0.9978749561511828,0.002065186507464577,94.66436054623563,0.010551982529637917,0.9975228173364262,1.0,1.0,1.3611111111111114,2.3550185370836655e-17,4.9330500286057926e-17,1.1102230246251565e-16,5.0,0.9124604847941805,0.0,1.0,0.0007027370754566965,0.002065186507464577
BedSet_17_48.obj,BedSet_17,M,M,,0.9978748191687693,0.0020653234898781576,94.66436054623563,0.010551981818597017,0.9975228214558695,1.0,1.0,1.3611111111111114,2.6914497566670462e-17,4.757855935405379e-17,1.1102230246251565e-16,5.0,0.9124577867210417,0.0,1.0,0.0007027836875279843,0.0020653234898781576
BedSet_17_49.obj,BedSet_17,OB,OB,,0.9540624065761655,0.04416895913570495,49.302261289369305,0.019973861104895973,0.9652550206310939,0.8993789322005955,0.9673218386065738,1.7074061979268447,6.120460263959197e-17,1.0908012514864672e-16,2.220446049250313e-16,5.0,0.677409010084945,0.5911073061318293,0.9757005725096576,0.020119950331693347,0.03907556734736074
BedSet_17_50.obj,BedSet_17,OB,OB,,0.954062241956204,0.04416912207860565,49.302261282993086,0.0199738611074788,0.9652550206309092,0.8993795383889382,0.9673219963710814,1.7074145436348882,4.483592984063132e-17,9.388532014731583e-17,2.220446049250313e-16,5.0,0.6774090100845963,0.5911073061320692,0.9757006873565608,0.020120109550371728,0.03907574097123609
BedSet_17_51.obj,BedSet_17,OB,OB,,0.9540623589177551,0.0441690051158643,49.302261289423285,0.019973861104874768,0.9652550206309024,0.899379732915352,0.9673220469977906,1.707425221103951,1.423362852083534e-17,3.918774108044581e-17,1.1102230246251565e-16,5.0,0.6774090100845963,0.5911073061320691,0.9757007242109993,0.020120171876293336,0.039075646953321504
BedSet_18_01.obj,BedSet_18,M,M,,0.996649685788954,0.0031701922423588206,74.51035921737896,0.013397324234573512,0.9999999999999762,1.0,1.0,1.1111111111111112,0.0,0.0,0.0,0.020383369557792075,0.890570206569757,0.0,1.0,0.0008806089562107836,0.0031701922423588206
BedSet_18_02.obj,BedSet_18,OB,OB,,0.7763420897853103,0.221854631987526,17.40683522732213,0.05177010663576615,0.988148141127999,0.9922542861344377,0.9889461169900654,1.2155144599515342,9.233367680704518e-08,6.199227149835803e-07,2.220446049250313e-16,0.01584385503810209,1.2247721052250273,0.18218044874761827,0.9939910314341803,0.0683283940835931,0.21891950903389681
BedSet_18_03.obj,BedSet_18,M,M,,0.9850617402249646,0.014671583815909928,59.99895456266915,0.016541583409688882,0.9999999999999215,0.9999999999999998,1.0,1.1165685424949239,0.16990568974573986,0.310898249911108,1.0,0.02961381980664265,0.7821782946426394,0.0,0.9999999999999999,0.00606581996637522,0.010730858361870817
BedSet_18_04.obj,BedSet_18,M,M,,0.9969061915802454,0.0029275448088174256,74.51099148177744,0.013397201816915182,0.9999999999999762,1.0,1.0,1.0,0.0,0.0,0.0,0.0203813669621276,0.8905499610231395,0.0,1.0,0.0007318862022043564,0.0029275448088174256
BedSet_18_05.obj,BedSet_18,M,M,,0.9957092444082095,0.00314524151383915,28.386949881044426,0.03512417852087043,0.9999999999993885,1.0,1.0,1.0,0.0,0.0,0.0,0.0811027285328486,0.8723461041969022,0.0,1.0,0.0007863103784597875,0.00314524151383915
BedSet_18_06.obj,BedSet_18,M,M,,0.9957092444082095,0.003145241513839229,28.386949881044426,0.03512417852087043,0.9999999999993797,0.9999999999999998,1.0,1.0,8.018277400070575e-17,1.0002662118484337e-16,2.220446049250313e-16,0.08110272853284824,0.8723461041969012,0.0,1.0,0.0007863103784598076,0.0031452415138392277
BedSet_18_07.obj,BedSet_18,M,M,,0.9957086836900556,0.0031458022319931353,28.386949881044426,0.03512416791533689,0.9999999999993846,1.0,1.0,1.0,5.551115123125783e-17,6.671610070811202e-17,1.3877787807814457e-16,0.08110007911263743,0.8723382959227302,0.0,1.0,0.0007864505579982838,0.0031458022319931353
BedSet_18_08.obj,BedSet_18,M,M,,0.9972520847723934,0.0014595540503487634,29.999477304628183,0.033282589851129286,0.9999999999998826,0.9999999999999998,1.0,2.1904,2.5620531337503614e-17,5.60016864018776e-17,1.1102230246251565e-16,0.04907952288337408,0.9147958635530757,0.0,1.0,0.0007297770251743817,0.0014595540503487632
BedSet_18_09.obj,BedSet_18,M,M,,0.979219659141244,0.02023743866759638,58.06423865722715,0.01709259494532973,0.9999999999999151,0.9999999999999994,1.0,1.5376,5.15460690004537e-17,7.155481331074513e-17,2.220446049250313e-16,0.029613819806642645,0.7821782946426394,0.0,1.0,0.007779271423824052,0.020237438667596367
BedSet_18_10.obj,BedSet_18,M,M,,0.9972133858878683,0.0009264695567528043,26.332875974857117,0.03789950798162828,0.9999999999998648,0.8698829014828693,0.9895039380532558,1.6989795918367343,1.1937881985216737e-17,3.439270443323101e-17,1.1102230246251565e-16,0.07634397184820667,1.3072484911395605,0.6821038818781837,0.9918643560628598,0.00042021237970685395,0.0008016905329043094
BedSet_18_11.obj,BedSet_18,M,M,,0.9970218203294733,0.0011620409902967,26.332875974857114,0.037899507981628285,0.9999999999998666,0.9159020469832139,0.9934938756088154,1.925952296190815,1.5077102803551508e-17,4.184399746444462e-17,1.1102230246251565e-16,0.07658411216486173,1.3079120973752894,0.681565524586743,0.9949366799291972,0.0005810705574085234,0.0010608534364527403
BedSet_18_12.obj,BedSet_18,OB,M,x,0.9828279615461344,0.007886918611428559,10.332483984789608,0.09554711757949588,0.9999999999996619,0.8541802029225283,0.970382542041742,1.7551775147928994,1.2335811384723961e-17,3.9009260761963345e-17,1.1102230246251565e-16,0.12381750807484682,1.1735494513589755,0.5148709711407293,0.9776865668962749,0.0037521855329259936,0.006637085557971573
BedSet_18_13.obj,BedSet_18,OB,M,x,0.9828646238115589,0.008265471338524151,10.333137323311698,0.09554122955834302,0.9999884082892118,0.8330983355553664,0.9635706191047343,1.6042414805859286,0.03029670045778642,0.1713839599000466,2.1109525860651956e-07,0.12094472028393406,1.1623466853527362,0.6289408479052184,0.9726965981386867,0.0037803215971772544,0.006579850201785015
BedSet_19_01.obj,BedSet_19,M,M,,0.9947341909989476,0.005059928322977693,80.99999988812183,0.012321289682353099,0.9984567901231466,0.9655843614936193,0.9971709697493738,1.2287334593572778,8.163404592832034e-17,7.761676480621253e-17,2.220446049250313e-16,0.041390652441034154,1.2925212464877112,0.6396408962813783,0.9977871654424807,0.0015929806620859264,0.004878876638403248
BedSet_19_02.obj,BedSet_19,M,M,,0.9947341909989472,0.0050599283229780575,80.99999988812183,0.012321289682353099,0.9984567901231466,0.9655843614936175,0.9971709697493737,1.2287334593572778,8.163404592832034e-17,7.761676480621253e-17,2.220446049250313e-16,0.041390652441034154,1.292521246487711,0.639640896281194,0.9977871654424804,0.0015929806620860432,0.00487887663840359
BedSet_19_03.obj,BedSet_19,M,M,,0.9947341909986547,0.005059928323270393,80.99999988812183,0.0123212896823518,0.9984567901231463,0.9655843614935747,0.9971709697492935,1.2287334593572778,4.89804275569922e-17,6.699962326339472e-17,1.498801083243959e-16,0.04139065244046193,1.2925212464845992,0.6396408962783979,0.9977871654424179,0.0015929806621782286,0.004878876638685054
BedSet_19_04.obj,BedSet_19,M,M,,0.9947341909986547,0.005059928323270392,80.99999988812183,0.0123212896823518,0.9984567901231457,0.9655843614935711,0.9971709697492931,1.2287334593572778,5.224578939412501e-17,6.16107239216973e-17,1.1102230246251565e-16,0.041390652440461785,1.2925212464845985,0.6396408962785947,0.9977871654424177,0.0015929806621782323,0.004878876638685033
BedSet_19_05.obj,BedSet_19,M,M,,0.9947341909986547,0.005059928323270509,80.99999988812183,0.0123212896823518,0.998456790123147,0.9655843614935719,0.9971709697492934,1.2287334593572778,2.938825653419532e-17,4.8980427556992205e-17,1.1102230246251565e-16,0.04139065244046185,1.2925212464845992,0.6396408962785937,0.9977871654424177,0.001592980662178268,0.004878876638685151
BedSet_19_06.obj,BedSet_19,M,M,,0.994734190998772,0.005059928323153227,80.99999988812183,0.012321289682352316,0.9984567901231465,0.9655843614935911,0.9971709697493256,1.2287334593572778,5.224578939412501e-17,6.16107239216973e-17,1.1102230246251565e-16,0.04139065244069079,1.292521246485844,0.6396408962796541,0.997787165442443,0.001592980662141282,0.004878876638572242
BedSet_19_07.obj,BedSet_19,M,M,,0.994734190998889,0.005059928323036281,80.99999988812183,0.012321289682352838,0.9984567901231468,0.9655843614936089,0.9971709697493578,1.2287334593572778,4.244970388272657e-17,6.029877679724982e-17,1.1102230246251565e-16,0.041390652440919655,1.292521246487088,0.639640896280617,0.9977871654424679,0.001592980662104403,0.004878876638459649
BedSet_19_08.obj,BedSet_19,M,M,,0.9947341909988364,0.005059928323088811,80.99999988812183,0.012321289682352604,0.9984567901231468,0.9655843614936027,0.9971709697493433,1.2287334593572778,1.6326809185664067e-17,3.9320163395813735e-17,1.1102230246251565e-16,0.041390652440816675,1.2925212464865286,0.6396408962800904,0.9977871654424567,0.0015929806621209667,0.0048788766385102315
BedSet_19_09.obj,BedSet_19,M,M,,0.9947341909988481,0.005059928323077079,80.99999988812183,0.012321289682352654,0.9984567901231473,0.965584361493603,0.9971709697493466,1.2287334593572778,4.244970388272657e-17,6.029877679724982e-17,1.1102230246251565e-16,0.041390652440839566,1.2925212464866533,0.639640896280497,0.9977871654424595,0.001592980662117268,0.00487887663849893
BedSet_19_10.obj,BedSet_19,M,M,,0.9947341909987718,0.005059928323153454,80.99999988812183,0.012321289682352316,0.998456790123147,0.965584361493589,0.9971709697493253,1.2287334593572778,5.224578939412501e-17,6.16107239216973e-17,1.1102230246251565e-16,0.04139065244069071,1.2925212464858438,0.6396408962796593,0.9977871654424428,0.0015929806621413556,0.004878876638572449
BedSet_19_11.obj,BedSet_19,M,M,,0.9947341909989182,0.005059928323006878,80.99999988812183,0.012321289682352967,0.9984567901231471,0.9655843614936162,0.9971709697493659,1.2287334593572778,5.877651306839064e-17,6.723791550322656e-17,1.498801083243959e-16,0.04139065244097684,1.2925212464873992,0.6396408962809016,0.9977871654424745,0.001592980662095128,0.004878876638431354
BedSet_19_12.obj,BedSet_19,M,M,,0.9947341909989476,0.005059928322977577,80.99999988812183,0.012321289682353097,0.9984567901231475,0.9655843614936194,0.9971709697493739,1.2287334593572778,3.918434204559376e-17,5.305584993979922e-17,1.1102230246251565e-16,0.04139065244103409,1.292521246487711,0.6396408962813783,0.9977871654424807,0.0015929806620858895,0.0048788766384031375
BedSet_19_13.obj,BedSet_19,M,M,,0.9947341909989473,0.005059928322977826,80.99999988812183,0.012321289682353099,0.9984567901231477,0.9655843614936178,0.9971709697493738,1.2287334593572778,4.5715065719859385e-17,6.091453520085643e-17,1.1102230246251565e-16,0.04139065244103423,1.2925212464877114,0.6396408962813774,0.9977871654424806,0.0015929806620859693,0.004878876638403369
BedSet_19_14.obj,BedSet_19,M,M,,0.9947341909989476,0.005059928322977577,80.99999988812183,0.012321289682353097,0.9984567901231469,0.9655843614936194,0.9971709697493739,1.2287334593572778,3.918434204559376e-17,5.305584993979922e-17,1.1102230246251565e-16,0.04139065244103409,1.292521246487711,0.6396408962813783,0.9977871654424807,0.0015929806620858895,0.0048788766384031375
BedSet_19_15.obj,BedSet_19,M,M,,0.9947341909992402,0.005059928322685005,80.99999988812183,0.012321289682354398,0.9984567901231485,0.9655843614936629,0.9971709697494544,1.2287334593572778,5.224578939412501e-17,6.723791550322655e-17,1.498801083243959e-16,0.041390652441606175,1.2925212464908218,0.6396408962842776,0.9977871654425434,0.001592980661993628,0.00487887663812145
BedSet_19_16.obj,BedSet_19,M,M,,0.9828732366639307,0.004930371814326461,8.499999993932434,0.11605177062988957,0.9632352941124842,0.9593917599046394,0.9838390841035094,1.504135799677445,7.448331684194088e-17,7.844799767285121e-17,2.220446049250313e-16,0.14312085338853184,1.0557923294282794,0.7414403202155088,0.9876986146189544,0.0019150793915898253,0.004691936248380493
BedSet_19_17.obj,BedSet_19,M,M,,0.9979975196675305,0.0019094652281377272,99.49999985964513,0.010037080226586365,0.9999999999999463,0.9999999999999999,1.0,1.26953125,7.771561172376095e-17,8.082545620880529e-17,2.220446049250313e-16,0.024929712516617953,0.9043075294416317,0.0,1.0,0.0006060314444773061,0.0019094652281377268
BedSet_19_18.obj,BedSet_19,OB,OB,,0.9753846153798124,0.015000000001136,9.999999989523868,0.09826615860182404,0.9999999999991406,1.0,1.0,1.0816000000000001,3.364312195833808e-17,5.788181561688166e-17,1.1102230246251565e-16,0.11121079081241535,0.7241379308957793,0.0,1.0,0.004056000000307175,0.015000000001136
BedSet_19_19.obj,BedSet_19,OB,OB,,0.9753846153798122,0.014999999999874607,9.999999988867938,0.09826615860820735,0.9999999999991401,1.0,1.0,1.0816000000000001,5.0464682937507114e-17,5.528129040443743e-17,1.1102230246251565e-16,0.11121079081241535,0.7241379308957793,0.0,1.0,0.004055999999966094,0.014999999999874607
BedSet_19_20.obj,BedSet_19,OB,OB,,0.9753846153798122,0.01499999999899761,9.999999988411897,0.09826615861264543,0.9999999999991417,1.0,1.0,1.0816000000000001,5.0464682937507114e-17,6.745424978099238e-17,1.5543122344752176e-16,0.11121079081241535,0.7241379308957793,0.0,1.0,0.004055999999728954,0.01499999999899761
BedSet_19_21.obj,BedSet_19,M,M,,0.9955069268197462,0.003993842825498375,42.999999885674406,0.023193180347826074,0.9999999999983348,0.9999999999999999,1.0,1.0,1.850371707708594e-17,4.137556922078789e-17,1.1102230246251565e-16,0.09791564156848047,0.8695652172897194,0.0,1.0,0.0009984607063745936,0.003993842825498374
BedSet_19_22.obj,BedSet_19,M,M,,0.995506926819578,0.003993842825666518,42.999999885674406,0.023193180347823972,0.9999999999983322,1.0,1.0,1.0,0.0,0.0,0.0,0.09791564156756435,0.8695652172874379,0.0,1.0,0.0009984607064166295,0.003993842825666518
BedSet_19_23.obj,BedSet_19,M,M,,0.9955069268196598,0.0039938428255847135,42.999999885674406,0.023193180347824995,0.9999999999983455,1.0,1.0,1.0,9.25185853854297e-18,3.06849433857929e-17,1.1102230246251565e-16,0.09791564156801,0.8695652172885479,0.0,1.0,0.0009984607063961784,0.0039938428255847135
BedSet_19_24.obj,BedSet_19,M,M,,0.9955069268197431,0.003993842825501402,42.999999885674406,0.023193180347826036,0.9999999999983338,1.0,1.0,1.0,1.850371707708594e-17,4.1375569220787883e-17,1.1102230246251565e-16,0.09791564156846395,0.8695652172896783,0.0,1.0,0.0009984607063753504,0.003993842825501402
BedSet_19_25.obj,BedSet_19,M,M,,0.9955069268196598,0.0039938428255847135,42.999999885674406,0.023193180347824995,0.9999999999983455,0.9999999999999999,1.0,1.0,0.0,0.0,0.0,0.09791564156801001,0.8695652172885479,0.0,1.0,0.0009984607063961784,0.003993842825584713
BedSet_19_26.obj,BedSet_19,M,M,,0.9955069268197432,0.003993842825501398,42.999999885674406,0.023193180347826036,0.9999999999983338,0.9999999999999999,1.0,1.0,1.850371707708594e-17,4.1375569220787883e-17,1.1102230246251565e-16,0.09791564156846393,0.8695652172896783,0.0,1.0,0.0009984607063753495,0.003993842825501397
BedSet_19_27.obj,BedSet_19,M,M,,0.9992698746142415,0.000395668167274393,52.999999947268805,0.01885860233947268,0.9999999999998889,0.9360284361018302,0.9978122535203123,1.580408163265306,5.4501857572507684e-17,8.696340305864464e-17,2.220446049250313e-16,0.04409794700841107,0.9509202453652872,1.1537776118301384e-15,0.998286167238371,0.00016162316227140457,0.0003699515325941179
BedSet_19_28.obj,BedSet_19,M,M,,0.9994313185109569,0.0004434467816010339,100.99999985919351,0.009898564515178256,0.999999999999869,1.0,1.0,1.2948870392390013,2.7755575615628914e-17,5.295426327528139e-17,1.1102230246251565e-16,0.0391234120889066,0.9611658419821595,0.0,1.0,0.00014355337252185672,0.0004434467816010339
BedSet_19_29.obj,BedSet_19,M,M,,0.9979975196675305,0.0019094652281377274,99.49999985964513,0.010037080226586365,0.9999999999999463,0.9999999999999999,1.0,1.26953125,5.995204332975846e-17,8.070336330495141e-17,2.220446049250313e-16,0.024929712516617953,0.9043075294416317,0.0,1.0,0.0006060314444773061,0.001909465228137727
BedSet_19_30.obj,BedSet_19,M,M,,0.9961362588326553,0.0036788412757627407,79.49999988774637,0.01255282319248711,0.9999999999999307,1.0,1.0,1.580408163265306,1.2111523905001707e-17,3.4611562503904096e-17,1.1102230246251565e-16,0.027831892481845377,0.8811915955664495,0.0,1.0,0.001453517695893197,0.0036788412757627407
BedSet_19_31.obj,BedSet_19,M,M,,0.9931778247961304,0.006592455133006048,79.49999988774762,0.012552823192486913,0.9999999999999383,0.977439047930843,0.9981576722727317,2.2532278217409414,2.2891196384023845e-17,4.49157706911948e-17,1.1102230246251565e-16,0.04182606810276573,1.2906756451369337,0.7278872649673999,0.9985561770353684,0.0033292235495072844,0.006437787343894048
BedSet_19_32.obj,BedSet_19,M,M,,0.9966176088418339,0.0008352070123559064,20.249999985543486,0.04926272749518172,0.9845679012323941,0.9116613524099169,0.989594370906506,1.871986135280474,3.6677010634938206e-17,8.178432666147825e-17,2.220446049250313e-16,0.0950451032915127,1.3323158546441962,0.7600734685632599,0.9919426262065839,0.0004079432628127203,0.00075746439639467
BedSet_19_33.obj,BedSet_19,M,M,,0.9818742816395084,0.006053474246002531,8.499999993932434,0.11605177062988957,0.9632352941124842,0.9793094217412444,0.9874503971583178,1.314121483657496,0.047058823529411806,0.2117647058823529,3.108624468950435e-16,0.1431832448621161,1.0559706362526409,0.737945777117955,0.9904349252225715,0.0021389262931027298,0.005686572679760761
BedSet_19_34.obj,BedSet_19,M,M,,0.9966176088418339,0.000835207012355906,20.249999985543486,0.04926272749518172,0.9845679012323968,0.911661352409917,0.989594370906506,1.871986135280474,3.0729387288732013e-17,7.879821594434548e-17,2.220446049250313e-16,0.09504510329151268,1.3323158546441962,0.7600734685632599,0.9919426262065839,0.00040794326281272007,0.0007574643963946698
BedSet_19_35.obj,BedSet_19,M,M,,0.9939079304700714,0.005877157756059902,80.99999988812183,0.012321289682353097,0.9999999999999323,1.0,1.0,1.6198347107438016,2.4923374022197392e-17,4.632359869902661e-17,1.1102230246251565e-16,0.02760268797026753,0.883499803887602,0.0,1.0,0.0023800060334457454,0.005877157756059902
BedSet_20_01.obj,BedSet_20,OB,OB,,0.2951838035648425,0.6934658830612066,9.196693022098277,0.08299057364649641,0.9999999999999998,1.0,1.0,1.1165685424949239,0.16990568974573986,0.310898249911108,1.0,0.005935866033640678,0.08723227656513653,0.0,1.0,0.2867065514025289,0.5072038754159522
BedSet_20_02.obj,BedSet_20,OB,OB,,0.924325595535036,0.07512068357664083,41.49999997019103,0.023104410093205904,0.9999999999999961,0.9999999999999998,1.0,1.208888888888889,5.551115123125783e-17,7.756441389236944e-17,2.220446049250313e-16,0.011920713837333508,0.5439933759374929,0.0,1.0,0.02270313992538479,0.0751206835766408
BedSet_20_03.obj,BedSet_20,OB,OB,,0.93424898649483,0.0651753133974806,41.49999997019103,0.023104410093205904,0.999999999999993,0.9949913082771742,0.9982026933133589,1.408366490110148,3.631570641297241e-17,6.577054162659842e-17,2.220446049250313e-16,0.017880687581985005,0.9714400342091175,0.5346378118323463,0.9985984749331716,0.023044243182714707,0.06479059369058819
BedSet_20_04.obj,BedSet_20,CA,CA,,0.8114609485590593,0.16129729125657385,1.0603297838834955,0.5657470494689781,0.360769627843301,0.5802205735560552,0.38385638801456423,1.0821269202059418,0.0005664715426596144,0.011695156809988675,0.0008671942121091956,5.0,5.0,0.12465850706694621,0.7516091332115609,0.07823483491286513,0.0646438631665314
BedSet_20_05.obj,BedSet_20,CA,CA,,0.8114609485590593,0.16129729125657385,1.0603297838834955,0.5657470494689781,0.3607696278432994,0.5802205735560547,0.38385638801456434,1.0821269202059418,0.0005664715426596144,0.011695156809988675,0.0008671942121091956,5.0,5.0,0.12465850706694621,0.7516091332115609,0.07823483491286516,0.06464386316653134
BedSet_20_06.obj,BedSet_20,CA,CA,,0.8114609485590593,0.16129729125657385,1.0603297838834955,0.5657470494689781,0.3607696278432994,0.5802205735560547,0.38385638801456434,1.0821269202059418,0.0005664715426596112,0.011695156809988679,0.0008671942121090735,5.0,5.0,0.12465850706694621,0.7516091332115609,0.07823483491286516,0.06464386316653134
BedSet_20_07.obj,BedSet_20,CA,OB,x,0.47827737316371466,0.5105248829439886,5.864406541820075,0.13626799292513014,0.7722260532909088,0.8970760969453598,0.9298404696589537,1.0624454954183666,2.6688053476566264e-17,5.44226932601993e-17,1.1102230246251565e-16,5.0,0.8638575145805288,0.6838606484970683,0.9491834971600678,0.15537444953434118,0.4419138501299846
BedSet_20_08.obj,BedSet_20,OB,OB,,0.5227210632950556,0.44154447858052065,5.288133802733467,0.15363279833106805,0.9999997134022609,0.901850023362826,0.9348593994876301,1.079881656804734,2.2204460492503132e-17,5.1734827311974884e-17,1.1102230246251565e-16,5.0,0.7409069679698796,0.40457860308593147,0.952573519926636,0.13532696775740294,0.3852371800810866
Cabinet_01_01.obj,Cabinet_01,OB,OB,,0.7735041314287455,0.22587070353815603,39.99471995083845,0.022571147519914726,0.9999999999999664,1.0,1.0,1.0,1.4802973661668754e-17,3.774032578002451e-17,1.1102230246251565e-16,0.016821110126322536,0.35509083355227905,0.0,1.0,0.056467675884539006,0.22587070353815603
Cabinet_01_02.obj,Cabinet_01,OB,OB,,0.7735041314287455,0.22587070353830116,39.99471995547891,0.022571147517297205,0.9999999999999664,1.0,1.0,1.0,8.881784197001253e-17,8.308148362110448e-17,2.220446049250313e-16,0.016821110126322533,0.35509083355227894,0.0,1.0,0.056467675884575304,0.22587070353830113
Cabinet_01_03.obj,Cabinet_01,OB,OB,,0.7735041314287455,0.22587070353815605,39.99471995083913,0.022571147519914344,0.999999999999979,1.0,1.0,1.0,7.401486830834377e-17,8.75755732095546e-17,2.220446049250313e-16,0.016821110126322536,0.355090833552279,0.0,1.0,0.05646767588453903,0.22587070353815603
Cabinet_01_04.obj,Cabinet_01,OB,OB,,0.7735041314287455,0.225870703538156,39.99471995083898,0.022571147519914427,0.9999999999999762,1.0,1.0,1.0,1.4802973661668753e-16,8.75755732095546e-17,2.220446049250313e-16,0.016821110126322536,0.35509083355227905,0.0,1.0,0.05646767588453901,0.22587070353815597
Cabinet_01_05.obj,Cabinet_01,M,M,,0.9934265683723631,0.005948266594625517,39.99471995362293,0.024913789075681387,0.9999999999998795,1.0,1.0,1.0,1.4802973661668754e-17,3.774032578002451e-17,1.1102230246251565e-16,0.04075413575007498,0.8500074934750528,0.0,1.0,0.0014870666486563793,0.005948266594625517
Cabinet_01_06.obj,Cabinet_01,M,M,,0.9626237586123436,0.03728730445609761,106.03736541483349,0.009258791542329415,0.9999999999999921,1.0,1.0,1.0,4.4408920985006264e-17,6.783574731503468e-17,1.7208456881689895e-16,0.009954440760735562,0.6759832341707102,0.0,1.0,0.009321826114024403,0.03728730445609761
Cabinet_01_07.obj,Cabinet_01,M,M,,0.9626237586123435,0.037287303507428766,106.03679988176346,0.009258840918620887,0.999999999999992,0.9999999999999994,0.9999999999999999,1.0,4.4408920985006264e-17,6.783574731503468e-17,1.7208456881689895e-16,0.00995444076073556,0.6759832341707103,0.0,0.9999999999999998,0.009321825876857199,0.037287303507428746
Cabinet_01_08.obj,Cabinet_01,OB,OB,,0.7735041314287455,0.22587070353830116,39.99471995547943,0.022571147517296906,0.9999999999999796,1.0,1.0,1.0,8.881784197001253e-17,8.308148362110448e-17,2.220446049250313e-16,0.016821110126322536,0.355090833552279,0.0,1.0,0.056467675884575304,0.22587070353830113
Cabinet_01_09.obj,Cabinet_01,OB,OB,,0.7735041314287455,0.22587070353824165,39.99471995357703,0.022571147518369982,0.9999999999999796,1.0,1.0,1.0,1.4802973661668754e-17,3.774032578002451e-17,1.1102230246251565e-16,0.016821110126322536,0.355090833552279,0.0,1.0,0.05646767588456041,0.22587070353824165
Cabinet_01_10.obj,Cabinet_01,M,M,,0.9934265683723631,0.005948266594640034,39.99471995408719,0.02491378907539237,0.9999999999998795,1.0,1.0,1.0,0.0,0.0,0.0,0.04075413575007498,0.8500074934750528,0.0,1.0,0.0014870666486600085,0.005948266594640034
Cabinet_01_11.obj,Cabinet_01,OB,OB,,0.7735041314287455,0.22587070353830108,39.99471995547891,0.022571147517297205,0.9999999999999664,1.0,1.0,1.0,8.881784197001253e-17,8.308148362110448e-17,2.220446049250313e-16,0.016821110126322536,0.355090833552279,0.0,1.0,0.05646767588457528,0.22587070353830105
Cabinet_01_12.obj,Cabinet_01,OB,OB,,0.848620022136302,0.15136946258933598,308.38247894049465,0.0030220314776744743,0.9999999999999886,1.0,1.0,1.0,0.0,0.0,0.0,0.007238304260500451,0.43980623700436355,0.0,1.0,0.037842365647333995,0.15136946258933598
Cabinet_01_13.obj,Cabinet_01,OB,OB,,0.9512364000738103,0.048660372651670745,124.47118383582962,0.007873986810212811,0.9999999999999913,0.9755510077266917,0.9937921550678384,1.02572123560503,0.04589638496473694,0.11069174972895691,0.2928932188134604,0.014916008719738605,1.0769632160545797,0.5811025581668218,0.9951599795626295,0.014753862801240492,0.04351631128290938
Cabinet_01_14.obj,Cabinet_01,M,M,,0.8824569753148307,0.11754302468494157,41897616159.8868,0.0,0.5,1.0,1.0,0.0,0.0,0.0,0.0,0.016305024739553597,0.48937463501499445,0.0,1.0,0.0,0.11754302468494157
Cabinet_01_15.obj,Cabinet_01,M,M,,0.8824576845731628,0.11754231542660953,41897742566.229996,0.0,0.5,1.0,1.0,0.0,0.0,0.0,0.0,0.01630500014323908,0.48937578225668354,0.0,1.0,0.0,0.11754231542660953
Cabinet_01_16.obj,Cabinet_01,OB,OB,,0.9512366753106464,0.04866009741482523,124.47118383582962,0.007873987518823386,0.9999999999999913,0.9755510146427512,0.9937921699349642,1.0257212356050296,0.04589638496473641,0.11069174972895576,0.29289321881345287,0.014916025765406555,1.076963807331252,0.5811029688363838,0.995159991069541,0.014753779089403292,0.04351606577532041
Cabinet_01_17.obj,Cabinet_01,M,M,,0.8824577275865788,0.11754227241319341,41897616159.8868,0.0,0.5,0.9999999999999999,1.0,1.232595164407831e-32,8.881784197001253e-17,4.440892098500627e-17,1.1102230246251565e-16,0.016305050827572345,0.48937585183204296,0.0,1.0,5.154676419395643e-18,0.1175422724131934
Cabinet_01_18.obj,Cabinet_01,M,M,,0.8824584368403716,0.1175415631594006,41897742566.229996,0.0,0.5,1.0,1.0,0.0,0.0,0.0,0.0,0.01630502623121847,0.4893769990719355,0.0,1.0,0.0,0.1175415631594006
Cabinet_02_01.obj,Cabinet_02,OB,OB,,0.5099999999828654,0.48000000000285037,9.999999981333342,0.08164965808770495,0.9999999999992015,0.9999999999999996,0.9999999999999998,1.0,0.0,0.0,0.0,0.08506735480774243,0.1764705881930761,0.0,0.9999999999999997,0.1200000000007127,0.4800000000028501
Cabinet_02_02.obj,Cabinet_02,OB,OB,,0.5100000000077762,0.47559999997978825,8.33333332099031,0.09783620167584865,0.9999999999993296,0.9999999999999992,0.9999999999999994,1.0,0.0,0.0,0.0,0.08506735480882359,0.1764705882053898,0.0,0.9999999999999994,0.11889999999494721,0.47559999997978775
Cabinet_02_03.obj,Cabinet_02,M,M,,0.9982001836546832,0.0017171717171764142,109.9999998731064,0.009082364511463653,0.9999999999999682,1.0,1.0,1.0,0.0,0.0,0.0,0.020942135077360605,0.9186046511437984,0.0,1.0,0.00042929292929410354,0.0017171717171764142
Cabinet_02_04.obj,Cabinet_02,M,M,,0.9982001836546832,0.0017171717171764142,109.9999998731064,0.009082364511463653,0.9999999999999682,1.0,1.0,1.0,0.0,0.0,0.0,0.020942135077360605,0.9186046511437984,0.0,1.0,0.00042929292929410354,0.0017171717171764142
Cabinet_02_05.obj,Cabinet_02,OB,OB,,0.834530307383392,0.1648233262229246,39.333320917250816,0.023543362842071706,0.9999999999999735,0.9999999999999999,1.0,1.0,0.0,0.0,0.0,0.018913872561442835,0.42168674697081565,0.0,1.0,0.04120583155573115,0.16482332622292456
Cabinet_02_06.obj,Cabinet_02,OB,OB,,0.834530307383392,0.16482332622277124,39.33332091258525,0.02354336284486278,0.9999999999999867,1.0,1.0,1.0,0.0,0.0,0.0,0.018913872561442835,0.42168674697081565,0.0,1.0,0.04120583155569281,0.16482332622277124
Cabinet_02_07.obj,Cabinet_02,OB,OB,,0.5099999999828654,0.48000000000285037,9.999999981333342,0.08164965808770495,0.9999999999991952,0.9999999999999996,0.9999999999999998,1.0,0.0,0.0,0.0,0.08506735480774243,0.1764705881930761,0.0,0.9999999999999997,0.1200000000007127,0.4800000000028501
Cabinet_02_08.obj,Cabinet_02,OB,OB,,0.5100000000077761,0.47559999997980396,8.333333320994806,0.09783620167579639,0.9999999999993279,0.9999999999999998,1.0,1.0,0.0,0.0,0.0,0.08506735480882359,0.1764705882053898,0.0,0.9999999999999999,0.11889999999495102,0.47559999997980384
Cabinet_02_09.obj,Cabinet_02,M,M,,0.9982001836546832,0.0017171717171764142,109.9999998731064,0.009082364511463653,0.999999999999964,1.0,1.0,1.0,0.0,0.0,0.0,0.020942135077360605,0.9186046511437984,0.0,1.0,0.00042929292929410354,0.0017171717171764142
Cabinet_02_10.obj,Cabinet_02,M,M,,0.9982001836546832,0.0017171717171764142,109.9999998731064,0.009082364511463653,0.999999999999964,1.0,1.0,1.0,0.0,0.0,0.0,0.020942135077360605,0.9186046511437984,0.0,1.0,0.00042929292929410354,0.0017171717171764142
Cabinet_02_11.obj,Cabinet_02,OB,OB,,0.9028473300178149,0.09655984954944666,39.33333329268629,0.02354335543873606,0.9999999999999702,0.9966086997692593,0.9984756489566046,1.0120262841811627,0.027706115293164447,0.08571641887289404,0.29289321881345237,0.02836863809389205,0.8755466941636812,0.5910596851969104,0.9988059998994196,0.028114700559326522,0.0890296390587697
Cabinet_02_12.obj,Cabinet_02,OB,OB,,0.9028473300178148,0.09655984954926959,39.33333328680749,0.023543355442252924,0.9999999999999736,0.9966086997692601,0.9984756489566013,1.0120262841811627,0.027706115293164472,0.08571641887289404,0.29289321881345204,0.028368638093891393,0.8755466941636559,0.591059685196303,0.9988059998994174,0.02811470055927503,0.08902963905860639
Cabinet_02_13.obj,Cabinet_02,OB,OB,,0.9028473300178148,0.09655984954930615,39.33333328802112,0.023543355441526897,0.9999999999999736,0.9966086997692601,0.9984756489566021,1.0120262841811627,0.02770611529316448,0.08571641887289409,0.29289321881345254,0.028368638093891528,0.875546694163661,0.5910596851968521,0.9988059998994178,0.028114700559285666,0.08902963905864011
Cabinet_02_14.obj,Cabinet_02,OB,OB,,0.917387810069134,0.0825887609921649,206.66666543539083,0.004651776415038626,0.9999999999998307,0.9917575758722441,0.9971978761434561,1.1748025894114844,0.05325331251153685,0.11296733519266228,0.29289321881345254,0.03218123802343571,0.9807044642841618,0.5538797754670984,0.9978066941939617,0.027841323104728193,0.07508467783435886
Cabinet_02_15.obj,Cabinet_02,OB,OB,,0.9173878100707903,0.08258876099050862,206.66666543539083,0.0046517764150421585,0.999999999999829,0.9917575758722711,0.9971978761434893,1.1748025894114844,0.05325331251153684,0.11296733519266228,0.29289321881345287,0.032181238023597014,0.980704464287106,0.553879775468061,0.9978066941939876,0.027841323104168668,0.07508467783285636
Cabinet_02_16.obj,Cabinet_02,OB,OB,,0.9173878100707903,0.08258876099050863,206.66666543539083,0.0046517764150421585,0.9999999999998296,0.9917575758722711,0.9971978761434893,1.1748025894114844,0.05325331251153684,0.11296733519266228,0.29289321881345287,0.032181238023597014,0.980704464287106,0.553879775468061,0.9978066941939876,0.02784132310416867,0.07508467783285637
Cabinet_02_17.obj,Cabinet_02,OB,OB,,0.917387810069134,0.08258876099216488,206.66666543539083,0.004651776415038626,0.9999999999998307,0.9917575758722437,0.9971978761434561,1.1748025894114844,0.05325331251153685,0.11296733519266228,0.29289321881345254,0.03218123802343571,0.9807044642841618,0.5538797754670984,0.9978066941939616,0.027841323104728186,0.0750846778343588
Cabinet_03_01.obj,Cabinet_03,M,M,,0.9519609682865797,0.04686620379068615,29.199999988232477,0.03343378559424462,0.9999999999999962,1.0,1.0,1.0,0.0,0.0,0.0,0.012227299346375632,0.6404494381869809,0.0,1.0,0.011716550947671538,0.04686620379068615
Cabinet_03_02.obj,Cabinet_03,M,M,,0.9484935365423178,0.050248981439626084,28.19999998865096,0.0345609275935339,0.999999999999996,0.9999999999999993,0.9999999999999999,1.0,0.0,0.0,0.0,0.01244220682308944,0.6300578034529122,0.0,0.9999999999999999,0.012562245359906526,0.05024898143962605
Cabinet_03_03.obj,Cabinet_03,M,M,,0.9484935365423178,0.050248981439626084,28.19999998865096,0.0345609275935339,0.999999999999996,0.9999999999999993,0.9999999999999999,1.0,0.0,0.0,0.0,0.01244220682308944,0.6300578034529122,0.0,0.9999999999999999,0.012562245359906526,0.05024898143962605
Cabinet_03_04.obj,Cabinet_03,M,M,,0.9446366782006376,0.0540116782006955,27.199999989068335,0.03576450074953044,0.999999999999991,1.0,1.0,1.0,0.0,0.0,0.0,0.012668859458909608,0.6190476190323174,0.0,1.0,0.013502919550173876,0.0540116782006955
Cabinet_03_05.obj,Cabinet_03,M,M,,0.9446366782006376,0.055241673875393166,90.66666654055881,0.010735600059081219,0.9999999999999859,1.0,1.0,1.0,0.0,0.0,0.0,0.012668859458909611,0.6190476190323175,0.0,1.0,0.013810418468848291,0.055241673875393166
Cabinet_03_06.obj,Cabinet_03,M,M,,0.9446366782006376,0.05524167387539314,90.66666654055881,0.010735600059081219,0.9999999999999859,1.0,1.0,1.0,0.0,0.0,0.0,0.012668859458909611,0.6190476190323175,0.0,1.0,0.013810418468848285,0.05524167387539314
Cabinet_03_07.obj,Cabinet_03,M,M,,0.9446366782006376,0.05524167387539319,90.66666654055881,0.010735600059081219,0.999999999999978,1.0,1.0,1.0,0.0,0.0,0.0,0.012668859458909608,0.6190476190323174,0.0,1.0,0.013810418468848297,0.05524167387539319
Cabinet_03_08.obj,Cabinet_03,M,M,,0.9446366782006376,0.05524167387539315,90.66666654055881,0.010735600059081219,0.9999999999999819,0.9999999999999999,1.0,1.0,0.0,0.0,0.0,0.012668859458909613,0.6190476190323175,0.0,1.0,0.013810418468848288,0.055241673875393145
Cabinet_03_09.obj,Cabinet_03,M,M,,0.9446366782006375,0.055241673875393256,90.66666654055872,0.01073560005908123,0.9999999999999885,0.9999999999999997,1.0,1.0,0.0,0.0,0.0,0.012668859458909614,0.6190476190323172,0.0,1.0,0.013810418468848317,0.055241673875393235
Cabinet_03_10.obj,Cabinet_03,M,M,,0.9446366782006375,0.055241673875393256,90.66666654055872,0.01073560005908123,0.999999999999985,0.9999999999999997,1.0,1.0,0.0,0.0,0.0,0.012668859458909614,0.6190476190323172,0.0,1.0,0.013810418468848317,0.055241673875393235
Cabinet_03_11.obj,Cabinet_03,M,M,,0.9446366782006375,0.055241673875393256,90.66666654055872,0.01073560005908123,0.9999999999999868,0.9999999999999997,1.0,1.0,0.0,0.0,0.0,0.012668859458909614,0.6190476190323172,0.0,1.0,0.013810418468848317,0.055241673875393235
Cabinet_03_12.obj,Cabinet_03,M,M,,0.9446366782006375,0.055241673875393256,90.66666654055872,0.01073560005908123,0.9999999999999885,0.9999999999999997,1.0,1.0,0.0,0.0,0.0,0.012668859458909614,0.6190476190323172,0.0,1.0,0.013810418468848317,0.055241673875393235
Cabinet_03_13.obj,Cabinet_03,M,M,,0.9519609682865797,0.04686620379068615,29.199999988232477,0.03343378559424462,0.9999999999999962,1.0,1.0,1.0,0.0,0.0,0.0,0.012227299346375632,0.6404494381869809,0.0,1.0,0.011716550947671538,0.04686620379068615
Cabinet_03_14.obj,Cabinet_03,M,M,,0.9484935365423178,0.050248981439626084,28.19999998865096,0.0345609275935339,0.999999999999996,0.9999999999999993,0.9999999999999999,1.0,0.0,0.0,0.0,0.01244220682308944,0.6300578034529122,0.0,0.9999999999999999,0.012562245359906526,0.05024898143962605
Cabinet_03_15.obj,Cabinet_03,M,M,,0.9484935365423178,0.050248981439626084,28.19999998865096,0.0345609275935339,0.999999999999996,0.9999999999999993,0.9999999999999999,1.0,0.0,0.0,0.0,0.01244220682308944,0.6300578034529122,0.0,0.9999999999999999,0.012562245359906526,0.05024898143962605
Cabinet_03_16.obj,Cabinet_03,M,M,,0.9446366782006376,0.0540116782006955,27.199999989068335,0.03576450074953044,0.999999999999991,1.0,1.0,1.0,0.0,0.0,0.0,0.012668859458909608,0.6190476190323174,0.0,1.0,0.013502919550173876,0.0540116782006955
Cabinet_03_17.obj,Cabinet_03,M,M,,0.9446366782006376,0.055241673875393166,90.66666654055881,0.010735600059081219,0.9999999999999859,1.0,1.0,1.0,0.0,0.0,0.0,0.012668859458909611,0.6190476190323175,0.0,1.0,0.013810418468848291,0.055241673875393166
Cabinet_03_18.obj,Cabinet_03,M,M,,0.9446366782006376,0.05524167387539314,90.66666654055881,0.010735600059081219,0.9999999999999859,1.0,1.0,1.0,0.0,0.0,0.0,0.012668859458909611,0.6190476190323175,0.0,1.0,0.013810418468848285,0.05524167387539314
Cabinet_03_19.obj,Cabinet_03,M,M,,0.9446366782006376,0.05524167387539319,90.66666654055881,0.010735600059081219,0.999999999999978,1.0,1.0,1.0,0.0,0.0,0.0,0.012668859458909608,0.6190476190323174,0.0,1.0,0.013810418468848297,0.05524167387539319
Cabinet_03_20.obj,Cabinet_03,M,M,,0.9446366782006376,0.05524167387539315,90.66666654055881,0.010735600059081219,0.9999999999999819,0.9999999999999999,1.0,1.0,0.0,0.0,0.0,0.012668859458909613,0.6190476190323175,0.0,1.0,0.013810418468848288,0.055241673875393145
Cabinet_03_21.obj,Cabinet_03,M,M,,0.9446366782006375,0.055241673875393256,90.66666654055872,0.01073560005908123,0.9999999999999885,0.9999999999999997,1.0,1.0,0.0,0.0,0.0,0.012668859458909614,0.6190476190323172,0.0,1.0,0.013810418468848317,0.055241673875393235
Cabinet_03_22.obj,Cabinet_03,M,M,,0.9446366782006375,0.055241673875393256,90.66666654055872,0.01073560005908123,0.999999999999985,0.9999999999999997,1.0,1.0,0.0,0.0,0.0,0.012668859458909614,0.6190476190323172,0.0,1.0,0.013810418468848317,0.055241673875393235
Cabinet_03_23.obj,Cabinet_03,M,M,,0.9446366782006375,0.055241673875393256,90.66666654055872,0.01073560005908123,0.9999999999999868,0.9999999999999997,1.0,1.0,0.0,0.0,0.0,0.012668859458909614,0.6190476190323172,0.0,1.0,0.013810418468848317,0.055241673875393235
Cabinet_03_24.obj,Cabinet_03,M,M,,0.9446366782006375,0.055241673875393256,90.66666654055872,0.01073560005908123,0.9999999999999885,0.9999999999999997,1.0,1.0,0.0,0.0,0.0,0.012668859458909614,0.6190476190323172,0.0,1.0,0.013810418468848317,0.055241673875393235
Cabinet_04_01.obj,Cabinet_04,OB,OB,,0.84861992120508,0.15136956352055744,308.3824789285673,0.00302203134542976,0.9999999999999888,0.9999999999999998,1.0,1.0,0.0,0.0,0.0,0.007173492875405121,0.43980610256108127,0.0,1.0000000000000002,0.03784239088013937,0.15136956352055742
Cabinet_04_02.obj,Cabinet_04,OB,OB,,0.8888602906899814,0.11051454469374955,39.994733284328255,0.023713230365992707,0.9999999999999846,1.0,1.0,1.0,0.0,0.0,0.0,0.01991802051846301,0.49995174517558094,0.0,1.0,0.027628636173437388,0.11051454469374955
Cabinet_04_03.obj,Cabinet_04,M,M,,0.9934265727550092,0.005948262628822396,39.994733287548954,0.024913780829246772,0.9999999999998826,1.0,1.0,1.0,1.1842378929335003e-16,9.47852794391113e-17,2.220446049250313e-16,0.04038922542128507,0.8500075397270664,0.0,1.0,0.0014870656572055995,0.005948262628822395
Cabinet_04_04.obj,Cabinet_04,OB,OB,,0.8888602906899815,0.11051454469383575,39.994733287087286,0.02371323036435777,0.9999999999999712,1.0,1.0,1.0,5.921189464667501e-17,6.863856516859356e-17,1.7208456881689895e-16,0.019918020518463017,0.49995174517558116,0.0,1.0000000000000002,0.027628636173458936,0.11051454469383575
Cabinet_04_05.obj,Cabinet_04,OB,OB,,0.8888602906899815,0.1105145446938933,39.99473328892716,0.023713230363267505,0.9999999999999781,1.0,1.0,1.0,2.960594732333751e-17,4.9095909417268636e-17,1.1102230246251565e-16,0.01991802051846301,0.499951745175581,0.0,1.0,0.027628636173473324,0.1105145446938933
Cabinet_04_06.obj,Cabinet_04,M,M,,0.9808685781265591,0.01904248399319341,106.03679987061628,0.009341343489399141,0.9999999999999913,0.9999999999999992,0.9999999999999999,1.0,1.4802973661668754e-17,3.774032578002451e-17,1.1102230246251565e-16,0.011663338223167943,0.7569807739091684,0.0,0.9999999999999998,0.0047606209982983564,0.019042483993193395
Cabinet_04_07.obj,Cabinet_04,M,M,,0.9808685781265591,0.019042483993193478,106.03679987061489,0.009341343489399263,0.9999999999999916,0.9999999999999992,0.9999999999999999,1.0,8.881784197001253e-17,7.251946429389432e-17,2.220446049250313e-16,0.011663338223167943,0.7569807739091684,0.0,0.9999999999999998,0.004760620998298375,0.01904248399319346
Cabinet_04_08.obj,Cabinet_04,M,M,,0.9934265727550092,0.005948262628822396,39.994733287548954,0.024913780829246772,0.9999999999998826,1.0,1.0,1.0,1.1842378929335003e-16,9.47852794391113e-17,2.220446049250313e-16,0.04038922542128507,0.8500075397270664,0.0,1.0,0.0014870656572055995,0.005948262628822395
Cabinet_04_09.obj,Cabinet_04,OB,OB,,0.8888602906899815,0.11051454469374954,39.99473328432773,0.023713230365993012,0.9999999999999715,1.0,1.0,1.0,0.0,0.0,0.0,0.01991802051846301,0.49995174517558094,0.0,1.0,0.027628636173437384,0.11051454469374954
Cabinet_04_10.obj,Cabinet_04,OB,OB,,0.8888602906899815,0.11051454469374951,39.99473328432814,0.023713230365992773,0.9999999999999711,1.0,1.0,1.0,0.0,0.0,0.0,0.01991802051846301,0.499951745175581,0.0,1.0,0.027628636173437377,0.11051454469374951
Cabinet_04_11.obj,Cabinet_04,OB,OB,,0.8888602906899815,0.11051454469389325,39.99473328892716,0.023713230363267505,0.9999999999999715,1.0,1.0,1.0,4.4408920985006264e-17,6.783574731503468e-17,1.7208456881689895e-16,0.019918020518463014,0.4999517451755811,0.0,1.0,0.027628636173473314,0.11051454469389325
Cabinet_04_12.obj,Cabinet_04,OB,OB,,0.8888602906899815,0.11051454469374956,39.994733284328255,0.023713230365992707,0.9999999999999715,1.0,1.0,1.0,1.4802973661668754e-17,3.774032578002451e-17,1.1102230246251565e-16,0.01991802051846301,0.49995174517558094,0.0,1.0,0.02762863617343739,0.11051454469374956
Cabinet_05_01.obj,Cabinet_05,OB,OB,,0.9236645513603512,0.07562609952101719,37.54654528238467,0.02566333735726658,0.9999999999999952,1.0,1.0,1.0,0.0,0.0,0.0,0.01165425133992597,0.5670435629349596,0.0,1.0,0.018906524880254297,0.07562609952101719
Cabinet_05_02.obj,Cabinet_05,OB,OB,,0.7902831973710167,0.20891108101512695,35.229582205681126,0.025799189918756463,0.9999999999999977,1.0,1.0,1.0,0.0,0.0,0.0,0.008290949086571811,0.37179059408900844,0.0,1.0,0.05222777025378174,0.20891108101512695
Cabinet_05_03.obj,Cabinet_05,OB,OB,,0.7902831973710167,0.20933443301363835,51.139716091169454,0.01777588390027592,0.999999999999997,1.0,1.0,1.0,0.0,0.0,0.0,0.00829094908657181,0.37179059408900844,0.0,1.0,0.05233360825340959,0.20933443301363835
Cabinet_05_04.obj,Cabinet_05,OB,OB,,0.9359646951361936,0.06397800910452443,132.11093309025654,0.007337895584236891,0.9999999999999823,1.0,1.0,1.0,0.0,0.0,0.0,0.011153410452118852,0.5961029797778414,0.0,1.0,0.01599450227613111,0.06397800910452443
Cabinet_05_05.obj,Cabinet_05,OB,OB,,0.9359646951361936,0.06397800910452443,132.11093309025654,0.007337895584236891,0.9999999999999823,1.0,1.0,1.0,0.0,0.0,0.0,0.011153410452118852,0.5961029797778414,0.0,1.0,0.01599450227613111,0.06397800910452443
Cabinet_05_06.obj,Cabinet_05,OB,OB,,0.18863475390221562,0.8112242473725669,84.21557272846238,0.008822418908121013,0.9999999999999974,1.0,1.0,1.0,0.0,0.0,0.0,0.005911646476701551,0.05221171837960402,0.0,1.0,0.20280606184314173,0.8112242473725669
Cabinet_05_07.obj,Cabinet_05,OB,OB,,0.9236645513603512,0.0759491030224835,50.875888260219426,0.018942454072417958,0.9999999999999933,1.0,1.0,1.0,0.0,0.0,0.0,0.011654251339925967,0.5670435629349596,0.0,1.0,0.018987275755620876,0.0759491030224835
Cabinet_06_01.obj,Cabinet_06,M,M,,0.9850925320028824,0.012709518296795251,19.99999997565695,0.04955294307986914,0.9976633333320345,0.9998999999999639,0.9936981996857988,1.0000000004064247,4.0902953538821554e-17,8.976615647142469e-17,2.220446049250313e-16,0.13830441620637512,1.4802542671630794,7.13205255095695e-10,0.9973965047211697,0.003194611068447908,0.012668204926409387
Cabinet_06_02.obj,Cabinet_06,M,M,,0.9850925320024105,0.012709518297267052,19.99999997565695,0.04955294307990632,0.9976633333370255,0.9999000000002035,0.9936981996954424,1.000000000406425,3.992907369265914e-17,8.20432358756113e-17,2.220446049250313e-16,0.13830441620973957,1.4802542671694516,1.0508262681932224e-09,0.997396504724338,0.0031946110685414633,0.012668204926943967
Cabinet_06_03.obj,Cabinet_06,CA,CA,,0.43528423845546554,2.541614826304623e-05,1.035714284838527,0.5638472868248205,0.441401811292271,0.730090330184646,0.6016527081239917,1.0267668815122803,0.000559286895416367,0.0028359028798599644,0.0018441844175508758,5.0,3.519576708259764,0.06360418395319672,0.8061342551565694,1.0164329681686152e-05,1.484799796091331e-05
Cabinet_06_05.obj,Cabinet_06,OB,OB,,0.4374818922632695,0.5607255122053543,22.569446050180744,0.035419246949224666,0.9802756624253669,0.9999979879293835,0.9985952172552308,1.000103177485133,7.882583474838611e-15,2.3722620650809178e-14,6.831757382030878e-14,0.049042936845388865,1.017418384529926,1.891441214058061e-07,0.9994184581824693,0.14036313468589906,0.5603305360164198
Cabinet_06_06.obj,Cabinet_06,M,M,,0.9780626673790874,0.02186923711609972,117.9999998564695,0.008382594949102566,0.9999471392795758,0.9999996125905779,0.9995824477454917,1.0000000000935496,4.4798472923471226e-17,7.009229148532466e-17,2.220446049250313e-16,0.021519863607441028,1.448772446483145,3.0929420005278955e-10,0.9998270741016534,0.005469247970016597,0.021864662870888923
Cabinet_06_07.obj,Cabinet_06,M,M,,0.9780626673790874,0.021869237116099706,117.9999998564695,0.008382594949102566,0.9999471392795751,0.9999996125905779,0.9995824477454917,1.0000000000935494,4.86939923081209e-17,7.35778953067951e-17,2.220446049250313e-16,0.021519863607441028,1.448772446483145,3.0929420005278955e-10,0.9998270741016534,0.005469247970016593,0.02186466287088891
Cabinet_06_08.obj,Cabinet_06,OB,OB,,0.9720843634430151,0.02757540279941042,51.111110971619446,0.01929109582415994,0.999454804148622,0.9999910006187142,0.9978925023564509,1.0000000000925644,4.4798472923471226e-17,9.26773453564497e-17,2.220446049250313e-16,0.10372002702467935,1.4170402126115622,3.03501945847321e-10,0.9991278072772547,0.0069062252571137255,0.027546097351136632
Cabinet_06_09.obj,Cabinet_06,M,M,,0.9995471641318451,0.0003863625062488904,114.49999986065151,0.008731210597376703,0.9979411935959571,0.9999825327510874,0.9987906649799073,1.3329581281264322,0.039712863160706824,0.15290669250397435,0.2935655400159007,0.057800338197528583,1.6821764062638964,7.684136363373339e-10,0.9994993278310232,0.00014522888461930336,0.0003533881746447836
Cabinet_06_10.obj,Cabinet_06,M,M,,0.9995471641318451,0.00038636250624870784,114.49999986065151,0.008731210597376703,0.997941193595957,0.9999825327510872,0.9987906649799074,1.393917434050557,0.023299139858268442,0.1030648287757238,0.0761204675353,0.057800338197528583,1.6821764062638966,7.684219131822667e-10,0.9994993278310232,0.00014095726150780287,0.0003736949747593705
Cabinet_06_11.obj,Cabinet_06,OB,OB,,0.39453298807831944,0.6053598213199021,80.95238063886117,0.009710242928705298,0.9629160461984559,0.8805150234710412,0.9158042905813407,1.3119679698599116,0.027613614610161496,0.10010131399756937,0.33182017241252865,0.03243641061760148,0.7221292867754204,0.5582140794796163,0.9399438324742179,0.2514551555751515,0.4678481229133301
Cabinet_06_12.obj,Cabinet_06,OB,OB,,0.391517442234386,0.6083754364060249,80.95238063889998,0.009710242928702423,0.9629160461978387,0.9536649979673694,0.969930617863245,1.260677526334262,0.04438042782403469,0.13836247486473915,0.42264973081037416,0.03243642315104217,0.7221300655325864,0.4729709838736108,0.9771967842791711,0.23554057276837798,0.5088357126260638
Cabinet_06_13.obj,Cabinet_06,OB,OB,,0.39353761970568596,0.6063553983706715,81.11111079705324,0.009698488114540016,0.9619855116617324,0.9517781990243289,0.9686570037321479,1.8078914288130368,0.02915014216729001,0.10387153775259565,0.4226497308103674,0.03240466309779433,0.7210970532294956,0.6567266614368329,0.9762657543947671,0.31602417828975343,0.5097788212480094
Cabinet_06_14.obj,Cabinet_06,OB,OB,,0.3930417753733563,0.6068491350486445,81.1111107972589,0.0096984881145248,0.9619863041892793,0.9516365657829862,0.9685607262001565,1.4737700177417588,0.014404584531809164,0.06333650664236239,2.220446049250313e-16,0.03240468401987861,0.7210976684684738,0.5889237207338414,0.976195525464784,0.23765467477306024,0.562488629507024
Cabinet_06_15.obj,Cabinet_06,M,M,,0.9851260674184565,0.012683574325576409,19.99999997565695,0.04955294307990632,0.9976633333319266,0.9998999999999592,0.9936981996857648,1.3336523055326919,0.04053498118689815,0.15423035301366328,0.3262317969631253,0.1383044162097429,1.4802542671732069,7.132287499730141e-10,0.9973965047211557,0.004827092626298803,0.011484069096966537
Cabinet_06_16.obj,Cabinet_06,M,M,,0.9851260674170749,0.01268357432695817,19.99999997565695,0.049552943079882894,0.9976633333330878,0.9999000000000147,0.9936981996833831,1.3336523058301477,0.040534981186851095,0.15423035301357593,0.3262317969612544,0.13830441620762166,1.4802542671660228,1.0637668726450681e-10,0.9973965047218488,0.00482709262776845,0.011484069098209513
Cabinet_06_17.obj,Cabinet_06,M,M,,0.9851260674169613,0.012683574327071727,19.99999997565695,0.04955294307986914,0.9976633333320345,0.999899999999964,0.9936981996857989,1.3336523055326661,0.04053498118685376,0.15423035301358093,0.3262317969613611,0.13830441620636152,1.4802542671630385,7.132053123147858e-10,0.9973965047211699,0.00482709262686535,0.011484069098325379
Cabinet_07_01.obj,Cabinet_07,OB,OB,,0.06297599999192546,0.9369067354931366,92.34570365493838,0.007780413096376771,0.9999999999997201,1.0,1.0,1.0,0.0,0.0,0.0,0.02699671237837659,0.01626016259840475,0.0,1.0,0.23422668387328416,0.9369067354931366
Cabinet_07_02.obj,Cabinet_07,OB,OB,,0.04632568359564669,0.9535624842482314,94.56200054275477,0.0075656253747369675,0.9999999999997362,1.0,1.0,1.0,5.921189464667501e-17,6.863856516859357e-17,1.7208456881689895e-16,0.026248142789769027,0.011857707509620983,0.0,1.0,0.23839062106205786,0.9535624842482314
Cabinet_07_03.obj,Cabinet_07,OB,OB,,0.04632568359564567,0.9535624842482324,94.56200054275477,0.0075656253747369675,0.9999999999997357,1.0,1.0,1.0,0.0,0.0,0.0,0.026248142789769037,0.011857707509620613,0.0,1.0,0.2383906210620581,0.9535624842482324
Cabinet_07_04.obj,Cabinet_07,OB,OB,,0.04632568360677753,0.9535624842371019,94.56200054330662,0.007565625374714369,0.9999999999997362,1.0,1.0,1.0,0.0,0.0,0.0,0.026248142789692442,0.011857707512538222,0.0,1.0,0.23839062105927547,0.9535624842371019
Cabinet_07_05.obj,Cabinet_07,OB,OB,,0.04632568359564611,0.953562484248232,94.56200054275473,0.007565625374736969,0.9999999999997359,1.0,1.0,1.0,0.0,0.0,0.0,0.026248142789769037,0.011857707509620613,0.0,1.0,0.238390621062058,0.953562484248232
Cabinet_07_06.obj,Cabinet_07,OB,OB,,0.06297599999192546,0.9369067354931366,92.34570365493838,0.007780413096376771,0.9999999999997201,1.0,1.0,1.0,0.0,0.0,0.0,0.02699671237837659,0.01626016259840475,0.0,1.0,0.23422668387328416,0.9369067354931366
Cabinet_07_07.obj,Cabinet_07,OB,OB,,0.04632568359564669,0.9535624842482314,94.56200054275477,0.0075656253747369675,0.9999999999997362,1.0,1.0,1.0,5.921189464667501e-17,6.863856516859357e-17,1.7208456881689895e-16,0.026248142789769027,0.011857707509620983,0.0,1.0,0.23839062106205786,0.9535624842482314
Cabinet_07_08.obj,Cabinet_07,OB,OB,,0.04632568359564567,0.9535624842482324,94.56200054275477,0.0075656253747369675,0.9999999999997359,1.0,1.0,1.0,0.0,0.0,0.0,0.026248142789769037,0.011857707509620613,0.0,1.0,0.2383906210620581,0.9535624842482324
Cabinet_07_09.obj,Cabinet_07,OB,OB,,0.04632568360677753,0.9535624842371019,94.56200054330662,0.007565625374714369,0.9999999999997362,1.0,1.0,1.0,0.0,0.0,0.0,0.026248142789692442,0.011857707512538222,0.0,1.0,0.23839062105927547,0.9535624842371019
Cabinet_07_10.obj,Cabinet_07,OB,OB,,0.04632568359564611,0.953562484248232,94.56200054275473,0.007565625374736969,0.9999999999997359,1.0,1.0,1.0,0.0,0.0,0.0,0.02624814278976904,0.011857707509620523,0.0,1.0,0.238390621062058,0.953562484248232
Cabinet_07_11.obj,Cabinet_07,OB,OB,,0.6713862631342717,0.32601728264838403,19.62499999036372,0.04416385931041107,0.9999999999999937,1.0,1.0,1.0,0.0,0.0,0.0,0.013965532335162189,0.2712550607196663,0.0,1.0,0.08150432066209601,0.32601728264838403
Cabinet_07_12.obj,Cabinet_07,OB,OB,,0.6415270396403838,0.35587650614200256,19.624999989345593,0.04367673815967867,0.9999999999999939,1.0,1.0,1.0,0.0,0.0,0.0,0.013665163196091307,0.2509960159306121,0.0,1.0,0.08896912653550064,0.35587650614200256
Cabinet_07_13.obj,Cabinet_07,OB,OB,,0.9304756977713565,0.06902073100372566,44.56249997577732,0.021693663900881052,0.9999999999999981,0.9999999999999996,1.0,1.0,0.0,0.0,0.0,0.009068487980854054,0.5826859045414099,0.0,1.0,0.017255182750931422,0.06902073100372563
Cabinet_07_14.obj,Cabinet_07,OB,OB,,0.9304756977713565,0.06902073100372566,44.56249997577732,0.021693663900881052,0.9999999999999981,0.9999999999999997,1.0,1.0,0.0,0.0,0.0,0.009068487980854054,0.5826859045414099,0.0,1.0,0.01725518275093142,0.06902073100372563
Cabinet_07_15.obj,Cabinet_07,OB,OB,,0.5555555555579734,0.4412252904757439,17.624999991297454,0.04715600957686101,0.9999999999999875,1.0,1.0,1.0,0.0,0.0,0.0,0.014419662396715776,0.19999999999434548,0.0,1.0,0.11030632261893597,0.4412252904757439
Cabinet_07_16.obj,Cabinet_07,OB,OB,,0.5555555555579735,0.4412252904757439,17.62499999129766,0.047156009576860454,0.9999999999999931,1.0,1.0,1.0,0.0,0.0,0.0,0.014419662396715776,0.19999999999434548,0.0,1.0,0.11030632261893597,0.4412252904757439
Cabinet_07_17.obj,Cabinet_07,OB,OB,,0.5555555555579735,0.4412252904757439,17.62499999129766,0.047156009576860454,0.9999999999999931,1.0,1.0,1.0,0.0,0.0,0.0,0.014419662396715776,0.19999999999434548,0.0,1.0,0.11030632261893597,0.4412252904757439
Cabinet_07_18.obj,Cabinet_07,OB,OB,,0.5555555555579734,0.44122529047574394,17.624999991297557,0.04715600957686073,0.9999999999999932,1.0,1.0,1.0,0.0,0.0,0.0,0.014419662396715776,0.19999999999434548,0.0,1.0,0.11030632261893598,0.44122529047574394
Cabinet_07_19.obj,Cabinet_07,OB,OB,,0.5555555555579734,0.44122529047574394,17.62499999129761,0.04715600957686059,0.9999999999999932,1.0,1.0,1.0,0.0,0.0,0.0,0.014419662396715776,0.19999999999434548,0.0,1.0,0.11030632261893598,0.44122529047574394
Cabinet_07_20.obj,Cabinet_07,OB,OB,,0.9272471279872763,0.07064504774428924,21.781249994388983,0.04428341540399395,0.9999999999999986,1.0,1.0,1.0,0.0,0.0,0.0,0.009171983348542828,0.5751412429289404,0.0,1.0,0.01766126193607231,0.07064504774428924
Cabinet_07_21.obj,Cabinet_07,OB,OB,,0.8363060379704812,0.1636841533785453,319.29738303312297,0.0029032432066902814,0.9999999999999867,1.0,1.0,1.0,0.0,0.0,0.0,0.00748889304443177,0.4239019407497801,0.0,1.0,0.040921038344636326,0.1636841533785453
Cabinet_08_01.obj,Cabinet_08,M,M,,0.9773727018097189,0.022569125251428672,131.11111092981176,0.007542050899511395,0.9999999999999852,0.9999999999999986,0.9999999999999999,1.0,0.0,0.0,0.0,0.011307988923958835,0.7384898710721838,0.0,1.0,0.005642281312857174,0.02256912525142864
Cabinet_08_02.obj,Cabinet_08,M,M,,0.9773727018097189,0.022569125251428672,131.11111092981176,0.007542050899511395,0.9999999999999852,0.9999999999999986,0.9999999999999999,1.0,0.0,0.0,0.0,0.011307988923958835,0.7384898710721838,0.0,1.0,0.005642281312857174,0.02256912525142864
Cabinet_08_03.obj,Cabinet_08,OB,OB,,0.8643865894187723,0.135264759559132,53.5555554817295,0.017519171236752985,0.999999999999988,1.0,1.0,1.0,0.0,0.0,0.0,0.017693056279740528,0.46171341924005055,0.0,1.0,0.033816189889783,0.135264759559132
Cabinet_08_04.obj,Cabinet_08,OB,OB,,0.8704298737974984,0.12922147518040591,53.555555481729286,0.017565958735748843,0.9999999999999707,1.0,1.0,1.0,0.0,0.0,0.0,0.017895848647120394,0.4706331044830203,0.0,1.0,0.03230536879510148,0.12922147518040591
Cabinet_08_05.obj,Cabinet_08,OB,OB,,0.87560475887185,0.12170503262598227,19.279999990163027,0.04885562222426377,0.9999999999999895,1.0,1.0,1.0,0.0,0.0,0.0,0.018079132054238493,0.4785276073443208,0.0,1.0,0.030426258156495568,0.12170503262598227
Cabinet_08_06.obj,Cabinet_08,OB,OB,,0.8202896263744051,0.17969799709114265,284.24999907807796,0.0032389895687236834,0.9999999999999902,0.9999999999999998,1.0,1.0,0.0,0.0,0.0,0.006990718353032476,0.4045707226604695,0.0,1.0,0.04492449927278567,0.17969799709114262
Cabinet_09_01.obj,Cabinet_09,OB,OB,,0.9228392255891331,0.07705874400574285,98.9999998788481,0.009732041963730868,0.9999999999999926,1.0,1.0,1.0,0.0,0.0,0.0,0.009232001749771405,0.5652167726313096,0.0,1.0,0.019264686001435712,0.07705874400574285
Cabinet_09_02.obj,Cabinet_09,OB,OB,,0.9228392255891331,0.07705874400574285,98.9999998788481,0.009732041963730868,0.9999999999999926,1.0,1.0,1.0,0.0,0.0,0.0,0.009232001749771405,0.5652167726313096,0.0,1.0,0.019264686001435712,0.07705874400574285
Cabinet_09_03.obj,Cabinet_09,OB,OB,,0.7933876784368566,0.20633911618082804,60.49999992593936,0.015045671857644138,1.000000000000003,1.0,1.0,1.0,4.4408920985006264e-17,6.78357473150347e-17,1.7208456881689895e-16,0.01180961631861158,0.3749992187405963,0.0,1.0,0.05158477904520701,0.20633911618082804
Cabinet_09_04.obj,Cabinet_09,OB,OB,,0.6508264462817369,0.3491480059922648,197.84445128985865,0.004351491130814346,0.999999999999994,1.0,1.0,1.0,0.0,0.0,0.0,0.006329722735978399,0.257142857139449,0.0,1.0,0.0872870014980662,0.3491480059922648
Cabinet_09_05.obj,Cabinet_09,OB,OB,,0.08656092434112886,0.9121860409646955,28.24999996539803,0.025581857413773893,0.9999999999999771,1.0,1.0,1.0,0.0,0.0,0.0,0.017441822738736408,0.022630785016080218,0.0,1.0,0.22804651024117387,0.9121860409646955
Cabinet_09_06.obj,Cabinet_09,OB,OB,,0.08656092434112886,0.9121860409646955,28.24999996539803,0.025581857413773893,0.9999999999999771,1.0,1.0,1.0,0.0,0.0,0.0,0.017441822738736408,0.022630785016080218,0.0,1.0,0.22804651024117387,0.9121860409646955
Cabinet_09_07.obj,Cabinet_09,OB,OB,,0.08656092434112926,0.9121860409646951,28.2499999653978,0.0255818574137741,0.9999999999999769,1.0,1.0,1.0,0.0,0.0,0.0,0.017441822738736408,0.022630785016080218,0.0,1.0,0.22804651024117378,0.9121860409646951
Cabinet_09_08.obj,Cabinet_09,OB,OB,,0.08656092434112926,0.9121860409646951,28.2499999653978,0.0255818574137741,0.9999999999999769,1.0,1.0,1.0,0.0,0.0,0.0,0.017441822738736408,0.022630785016080218,0.0,1.0,0.22804651024117378,0.9121860409646951
Cabinet_09_09.obj,Cabinet_09,OB,OB,,0.08656092434112926,0.9121860409647313,28.249999965806225,0.02558185741340449,0.9999999999999838,1.0,1.0,1.0,0.0,0.0,0.0,0.017441822738736408,0.022630785016080218,0.0,1.0,0.22804651024118283,0.9121860409647313
Cabinet_09_10.obj,Cabinet_09,OB,OB,,0.052389067269662755,0.9463578980361617,28.249999965397993,0.02535658628712552,0.9999999999999774,1.0,1.0,1.0,0.0,0.0,0.0,0.017282407827717502,0.013452005872199845,0.0,0.9999999999999999,0.23658947450904041,0.9463578980361617
Cabinet_09_11.obj,Cabinet_09,OB,OB,,0.08656092434112886,0.9121860409646954,28.249999965397993,0.025581857413773924,0.9999999999999769,1.0,1.0,1.0,0.0,0.0,0.0,0.017441822738736408,0.022630785016079964,0.0,1.0,0.22804651024117384,0.9121860409646954
Cabinet_09_12.obj,Cabinet_09,OB,OB,,0.9228392255891333,0.07675265279056548,49.499999970243316,0.019461319274022577,0.9999999999999969,0.9999999999999999,1.0,1.0,0.0,0.0,0.0,0.009232001749771407,0.5652167726313096,0.0,0.9999999999999998,0.019188163197641373,0.07675265279056546
Cabinet_09_13.obj,Cabinet_09,OB,OB,,0.4987861226378756,0.5010696560092277,83.26935812318219,0.009801050705219477,0.9999999999999091,1.0,1.0,1.0,0.0,0.0,0.0,0.020265437933626188,0.170984455948788,0.0,1.0,0.12526741400230693,0.5010696560092277
Cabinet_09_14.obj,Cabinet_09,OB,OB,,0.055944647785797164,0.9439191992740972,85.70111801537377,0.00836843004960491,0.999999999999937,1.0,1.0,1.0,0.0,0.0,0.0,0.016807809985879527,0.014391625967221221,0.0,1.0,0.2359797998185243,0.9439191992740972
Cabinet_09_15.obj,Cabinet_09,OB,OB,,0.055944647785797164,0.9439191992740972,85.70111801537377,0.00836843004960491,0.999999999999937,0.9999999999999999,1.0,1.0,0.0,0.0,0.0,0.016807809985879527,0.014391625967221397,0.0,1.0,0.2359797998185243,0.9439191992740971
Cabinet_09_16.obj,Cabinet_09,OB,OB,,0.6442352494257165,0.35562052922138676,83.26935812318219,0.01031334424869079,0.9999999999998915,1.0,1.0,1.0,0.0,0.0,0.0,0.022078574818410586,0.2527716134561694,0.0,1.0,0.08890513230534669,0.35562052922138676
Cabinet_09_17.obj,Cabinet_09,OB,OB,,0.6442352494257165,0.35562052922138676,83.26935812318219,0.01031334424869079,0.9999999999998919,1.0,1.0,1.0,0.0,0.0,0.0,0.022078574818410586,0.2527716134561694,0.0,1.0,0.08890513230534669,0.35562052922138676
Cabinet_09_18.obj,Cabinet_09,OB,OB,,0.4987861226378756,0.5010696560092277,83.26935812318219,0.009801050705219477,0.999999999999909,1.0,1.0,1.0,0.0,0.0,0.0,0.020265437933626188,0.170984455948788,0.0,1.0,0.12526741400230693,0.5010696560092277
Cabinet_09_19.obj,Cabinet_09,OB,OB,,0.7718988854424731,0.22806821750618825,174.34982398239083,0.005175539241532187,0.9999999999999691,1.0,1.0,1.0,0.0,0.0,0.0,0.01178402395895421,0.35354691025831164,0.0,1.0,0.05701705437654706,0.22806821750618825
Cabinet_10_01.obj,Cabinet_10,OB,OB,,0.922839506172761,0.07705846342212176,98.99999988854131,0.009732043231360175,0.9999999999999966,1.0,1.0,1.0,0.0,0.0,0.0,0.00831202786085789,0.5652173912945834,0.0,1.0,0.01926461585553044,0.07705846342212176
Cabinet_10_02.obj,Cabinet_10,OB,OB,,0.922839506172761,0.07705846342212176,98.99999988854131,0.009732043231360175,0.9999999999999966,1.0,1.0,1.0,0.0,0.0,0.0,0.00831202786085789,0.5652173912945834,0.0,1.0,0.01926461585553044,0.07705846342212176
Cabinet_10_03.obj,Cabinet_10,OB,OB,,0.17355371901291247,0.825353459457906,30.24999996603656,0.02445351430500529,0.9999999999999968,1.0,1.0,1.0,0.0,0.0,0.0,0.015037024178694548,0.04761904761868938,0.0,1.0,0.2063383648644765,0.825353459457906
Cabinet_10_04.obj,Cabinet_10,OB,OB,,0.05239251311794053,0.9463544521879694,28.249999968204314,0.02535660870464886,0.9999999999999833,1.0,1.0,1.0,0.0,0.0,0.0,0.015560206687616207,0.013452914797753054,0.0,1.0,0.23658861304699236,0.9463544521879694
Cabinet_10_05.obj,Cabinet_10,OB,OB,,0.052392513117941276,0.9463544521879688,28.249999968204374,0.025356608704648807,0.9999999999999836,1.0,1.0,1.0,0.0,0.0,0.0,0.01556020668761621,0.013452914797753224,0.0,1.0,0.2365886130469922,0.9463544521879688
Cabinet_10_06.obj,Cabinet_10,OB,OB,,0.9169031132859552,0.08304583097336456,139.95154880074475,0.006865598475557145,0.9999999999999934,1.0,1.0,1.0,0.0,0.0,0.0,0.008242684378410246,0.55247524751499,0.0,1.0,0.02076145774334114,0.08304583097336456
Cabinet_10_07.obj,Cabinet_10,OB,OB,,0.9169031132859552,0.08304583097336456,139.95154880074475,0.006865598475557145,0.9999999999999934,1.0,1.0,1.0,0.0,0.0,0.0,0.008242684378410246,0.55247524751499,0.0,1.0,0.02076145774334114,0.08304583097336456
Cabinet_11_01.obj,Cabinet_11,OB,OB,,0.4177091218255602,0.5549484015105499,5.875019998061895,0.13391085960787782,0.999999638847561,0.9999999945199487,0.9999999945379765,1.061410416724907,0.001767772258799097,0.004519289661961216,0.00837965653279779,0.037065603687027306,0.517189212680197,0.6283180835353053,0.9999999957101375,0.1479646203917666,0.5535331660759842
Cabinet_11_02.obj,Cabinet_11,OB,OB,,0.3792248624722163,0.5906882683550071,5.875019997612678,0.1339108596179334,0.9999996388475622,0.8651167036582563,0.9030459126261722,1.0969676129366632,0.001677117210083553,0.0044191213030164815,0.007162666608145735,0.04447365069859774,0.718866936183614,0.6087374358602291,0.9318159840022066,0.19323095981474392,0.4851339630514601
Cabinet_11_03.obj,Cabinet_11,OB,OB,,0.4177091231649227,0.5549483928879494,5.875019997747402,0.1339108596149176,0.9999996388475564,0.9999999999999966,0.9999999999999981,1.023668643267003,7.801567200068668e-17,1.2871151945777e-16,2.4424906541753397e-16,0.029652482952401783,0.13549548170682252,0.0,0.9999999999999983,0.1420208171077034,0.554948392887947
Cabinet_11_04.obj,Cabinet_11,OB,OB,,0.41770912048629816,0.5549484101301312,5.875019998061883,0.13391085960787813,0.9999996388475588,1.0,1.0,1.0329093372531282,0.003535544487480496,0.005881999663939014,0.01844660554965422,0.029652483064927265,0.13549547798168332,0.0,1.0,0.1447022318884474,0.5521496436118318
Cabinet_11_05.obj,Cabinet_11,OB,OB,,0.41379945605108753,0.5580797277968901,5.875019997612678,0.1339108596179334,0.9999996388475616,0.9999999940475214,0.9999999939372181,1.048888337418698,0.0008600799862292247,0.002623104712900241,0.003550987469679723,0.03709351363801612,0.518401336090775,0.6283178084201823,0.9999999952383037,0.1466724976947308,0.5574163894587116
Cabinet_11_06.obj,Cabinet_11,OB,OB,,0.4137994549957625,0.5580797374560149,5.875019997612626,0.1339108596179345,0.9999996388475582,0.9999999999999998,1.0,1.027777841079193,0.0017201599608071667,0.003504551517382381,0.007802081063848616,0.029674811045890988,0.1347565164683678,0.0,1.0,0.1440371527744285,0.5567964257634508
Cabinet_11_07.obj,Cabinet_11,OB,OB,,0.4173036234688507,0.5550203022234018,5.875019997612704,0.13391085961793278,0.9999996388475647,0.8727060030366378,0.9091861272798671,1.108777214506692,0.0008109325506547035,0.002554868261248372,0.0035509861650844243,0.044461233511577526,0.7182885712106519,0.6020116957613202,0.9357031124966174,0.18121715438792874,0.46183415333321387
Cabinet_11_08.obj,Cabinet_11,OB,OB,,0.9448389082502163,0.05491968179486242,37.37481776274483,0.026422200065879503,0.9999999999999584,0.9916291042096821,0.9983153721135885,1.3318360301614687,0.0658842783143924,0.1689065822527451,0.3180824464640013,0.02063436134253405,1.4354164170164034,0.6349551905580962,0.9986845394203069,0.021045934940925104,0.04917620680242389
Cabinet_12_01.obj,Cabinet_12,OB,OB,,0.15972782405013003,0.8224945166880977,7.500024996910856,0.09781570961001494,0.9999999999999887,1.0,0.9999999999999999,1.0,0.0,0.0,0.0,0.02157728366690587,0.0434799243816547,0.0,1.0,0.20562362917202442,0.8224945166880977
Cabinet_12_02.obj,Cabinet_12,OB,OB,,0.9550497071998401,0.04415118181107899,35.37499998611316,0.02764329055840388,0.999999999999998,1.0,1.0,1.0,0.0,0.0,0.0,0.009512285969583222,0.6501448103983056,0.0,1.0,0.011037795452769748,0.04415118181107899
Cabinet_12_03.obj,Cabinet_12,OB,OB,,0.9550497071998401,0.04415118181107899,35.37499998611316,0.02764329055840388,0.9999999999999981,1.0,1.0,1.0,0.0,0.0,0.0,0.009512285969583222,0.6501448103983056,0.0,1.0,0.011037795452769748,0.04415118181107899
Cabinet_12_04.obj,Cabinet_12,OB,OB,,0.15972782405013083,0.8224945166880966,7.500024996910786,0.09781570961001584,0.9999999999999846,1.0,0.9999999999999999,1.0,0.0,0.0,0.0,0.021577283666905863,0.04347992438165499,0.0,1.0,0.20562362917202415,0.8224945166880966
Cabinet_12_05.obj,Cabinet_12,OB,OB,,0.5775028166554123,0.404719524084193,7.500024997201363,0.11110013879307706,0.9999999999999841,1.0,1.0,1.0,0.0,0.0,0.0,0.025623934311217754,0.21212280378098314,0.0,1.0,0.10117988102104825,0.404719524084193
Cabinet_12_06.obj,Cabinet_12,OB,OB,,0.5775028166554123,0.4047195240841927,7.500024997201363,0.11110013879307706,0.9999999999999841,1.0,1.0,1.0,0.0,0.0,0.0,0.02562393431121776,0.21212280378098303,0.0,1.0,0.10117988102104818,0.4047195240841927
Cabinet_12_07.obj,Cabinet_12,OB,OB,,0.5775028166554124,0.4047195240841926,7.500024997201363,0.11110013879307706,0.9999999999999841,1.0,1.0,1.0,0.0,0.0,0.0,0.025623934311217754,0.21212280378098314,0.0,1.0,0.10117988102104815,0.4047195240841926
Cabinet_13_01.obj,Cabinet_13,M,M,,0.9790786452553581,0.020848230564295543,113.99999984584755,0.008679333379038407,0.9999999999999909,0.9462268380209904,0.9896319840907635,1.0991014037660822,0.12854613697833794,0.18349826402580544,0.4226497308103745,0.016755362504142775,1.1541096835550138,0.7022169826964582,0.991955520880857,0.007365122359164357,0.01707438389741883
Cabinet_13_02.obj,Cabinet_13,OB,OB,,0.805455994895468,0.1938265306144574,37.33333329169144,0.024500320762488773,0.9999999999999708,1.0,1.0,1.0,2.960594732333751e-17,4.909590941726864e-17,1.1102230246251565e-16,0.01964315547293665,0.3878562577248323,0.0,1.0,0.04845663265361435,0.1938265306144574
Cabinet_13_03.obj,Cabinet_13,OB,OB,,0.805455994895468,0.19382653061428276,37.33333328714586,0.024500320765470054,0.9999999999999706,1.0,1.0,1.0,5.921189464667501e-17,5.5387655747402994e-17,1.1102230246251565e-16,0.01964315547293665,0.3878562577248323,0.0,1.0,0.04845663265357069,0.19382653061428276
Cabinet_13_04.obj,Cabinet_13,OB,OB,,0.805455994895468,0.1938265306144574,37.33333329169176,0.02450032076248856,0.9999999999999706,1.0,1.0,1.0,2.960594732333751e-17,4.909590941726864e-17,1.1102230246251565e-16,0.01964315547293665,0.38785625772483234,0.0,1.0,0.04845663265361435,0.1938265306144574
Cabinet_13_05.obj,Cabinet_13,OB,OB,,0.8839440172303629,0.11605459418009816,838.5799922543144,0.0011280377453610619,0.9999999999999684,0.887895742336686,0.9506329250024772,1.0395299308688435,0.11270659488276698,0.18690274331236392,0.4226497308104046,0.011158954963295428,0.9269501177695402,0.5245625982897673,0.9633804524636412,0.041664707541537394,0.08767531536035242
Cabinet_13_06.obj,Cabinet_13,OB,OB,,0.805455994895468,0.1938265306143177,37.33333328805463,0.024500320764874024,0.9999999999999706,1.0,1.0,1.0,5.921189464667501e-17,5.5387655747402994e-17,1.1102230246251565e-16,0.019643155472936647,0.3878562577248322,0.0,1.0,0.048456632653579426,0.1938265306143177
Cabinet_13_07.obj,Cabinet_13,OB,OB,,0.805455994895468,0.1938265306141779,37.3333332844175,0.02450032076725949,0.9999999999999569,1.0,1.0,1.0,2.960594732333751e-17,4.909590941726864e-17,1.1102230246251565e-16,0.01964315547293665,0.3878562577248323,0.0,1.0,0.048456632653544475,0.1938265306141779
Cabinet_13_08.obj,Cabinet_13,M,M,,0.9790786452553581,0.020848230564295543,113.99999984584755,0.008679333379038407,0.9999999999999909,0.9462268380209904,0.9896319840907635,1.0991014037660822,0.12854613697833794,0.18349826402580544,0.4226497308103745,0.016755362504142775,1.1541096835550138,0.7022169826964582,0.991955520880857,0.007365122359164357,0.01707438389741883
Cabinet_13_09.obj,Cabinet_13,OB,OB,,0.805455994895468,0.19382653061428276,37.333333287146125,0.024500320765469884,0.9999999999999845,1.0,1.0,1.0,8.881784197001253e-17,4.4408920985006264e-17,1.1102230246251565e-16,0.019643155472936647,0.3878562577248322,0.0,1.0,0.04845663265357069,0.19382653061428276
Cabinet_14_01.obj,Cabinet_14,M,M,,0.973946805910725,0.025972000281410324,110.97842187126604,0.008895274072900543,0.9999999999999916,0.9999999999999996,1.0,1.0,0.0,0.0,0.0,0.010661627719364044,0.722044728421233,0.0,1.0,0.006493000070352584,0.025972000281410314
Cabinet_14_02.obj,Cabinet_14,M,M,,0.973946805910725,0.025987856758799287,123.71413030209388,0.00797961480679465,0.9999999999999934,1.0,1.0,1.0,0.0,0.0,0.0,0.010661627719364047,0.7220447284212328,0.0,1.0,0.006496964189699822,0.025987856758799287
Cabinet_14_03.obj,Cabinet_14,OB,OB,,0.7572477015466339,0.2420187705467361,36.92254930612018,0.024287784489007522,0.99999999999996,1.0,1.0,1.0,4.4408920985006264e-17,6.783574731503468e-17,1.7208456881689895e-16,0.018627265630306866,0.3398548591090482,0.0,1.0,0.060504692636684024,0.2420187705467361
Cabinet_14_04.obj,Cabinet_14,OB,OB,,0.7572477015466339,0.2420187705467361,36.92254930612018,0.024287784489007522,0.99999999999996,1.0,1.0,1.0,4.4408920985006264e-17,6.783574731503468e-17,1.7208456881689895e-16,0.01862726563030687,0.3398548591090483,0.0,1.0,0.060504692636684024,0.2420187705467361
Cabinet_14_05.obj,Cabinet_14,OB,OB,,0.7572477015466339,0.24201877054673607,36.92254930612018,0.024287784489007522,0.9999999999999739,1.0,1.0,1.0,0.0,0.0,0.0,0.018627265630306866,0.3398548591090482,0.0,1.0,0.06050469263668402,0.24201877054673607
Cabinet_14_06.obj,Cabinet_14,OB,OB,,0.7572477015466339,0.2420187705467361,36.92254930612018,0.024287784489007522,0.9999999999999739,1.0,1.0,1.0,0.0,0.0,0.0,0.018627265630306866,0.3398548591090482,0.0,1.0,0.060504692636684024,0.2420187705467361
Cabinet_14_07.obj,Cabinet_14,OB,OB,,0.7572477015466339,0.24201877054673607,36.92254930612018,0.024287784489007522,0.9999999999999739,1.0,1.0,1.0,0.0,0.0,0.0,0.018627265630306866,0.3398548591090482,0.0,1.0,0.06050469263668402,0.24201877054673607
Cabinet_14_08.obj,Cabinet_14,OB,OB,,0.7578192927165851,0.24161145562492803,41.91291313338418,0.021402291426902236,0.9999999999999704,1.0,1.0,1.0,0.0,0.0,0.0,0.018616290868318106,0.34037603477591816,0.0,1.0,0.06040286390623201,0.24161145562492803
Cabinet_14_09.obj,Cabinet_14,OB,OB,,0.8868240618676424,0.1131364341954297,159.10352800246184,0.005957040850583646,0.9999999999999937,1.0,1.0,1.0,0.0,0.0,0.0,0.007574719716841682,0.49653964488341756,0.0,1.0,0.028284108548857424,0.1131364341954297
Cabinet_15_01.obj,Cabinet_15,OB,OB,,0.9313173377590213,0.06859647218358395,85.85999989531533,0.011276915846734296,0.9999999999999892,0.9999999999999999,1.0,1.1209829867674859,1.0744093786695063e-17,3.5723999642445934e-17,1.1102230246251565e-16,0.011670358250339173,0.5898538687405758,0.0,1.0,0.019223869567516674,0.06859647218358393
Cabinet_15_02.obj,Cabinet_15,OB,OB,,0.9313173377590495,0.06859647218355588,85.85999989531533,0.011276915846730254,0.9999999999999891,0.9999999999999292,0.9999999999999782,1.1209829867674859,1.6116140680042596e-17,4.1573149103332306e-17,1.1102230246251565e-16,0.011670358250305636,0.589853868738702,0.0,0.9999999999999827,0.019223869567510186,0.06859647218355028
Cabinet_15_03.obj,Cabinet_15,OB,OB,,0.9313173377590214,0.06859647218358397,85.85999989531533,0.011276915846734294,0.9999999999999891,1.0,1.0,1.1209829867674859,1.701148182893385e-17,4.46864040876943e-17,1.1102230246251565e-16,0.011670358250339156,0.5898538687405749,0.0,1.0,0.01922386956751668,0.06859647218358397
Cabinet_15_04.obj,Cabinet_15,CA,CA,,0.03461267976545598,0.3459845186893669,1.7742782129634889,0.3702384724856851,0.3504412241841416,0.7762679755928888,0.5000038273244065,2.5633773402050943,0.0018729896515533259,0.04212966579382551,3.412005826097797e-07,2.05100984925788,0.0007360409802759964,0.0012210074881392828,0.7830619842112486,0.22664876950825236,0.2003062139673788
Cabinet_15_05.obj,Cabinet_15,CA,CA,,0.03461317301321846,0.34598405090279255,1.7742782129634889,0.3702621037232881,0.3504855605440634,0.7763600384494744,0.5000212980361094,2.563375573173897,0.0018728850108072359,0.04212804415948428,1.9366191469916139e-07,2.0510412602965595,0.0006094181258069878,0.0009186817534277462,0.7831083103886539,0.22663873836834642,0.2003320825103005
Cabinet_15_06.obj,Cabinet_15,CA,CA,,0.0346131729928998,0.3459840509231327,1.7742782129634889,0.37026210371605767,0.3504855605329854,0.7763600384425836,0.5000212980081513,2.1953244287339126,0.0018728886066850636,0.04212804399943217,2.1084966276840751e-07,2.051041260260169,0.0006094181046089997,0.0009186817596353511,0.7831083103851849,0.22663873908384602,0.2003320817012972
Cabinet_15_09.obj,Cabinet_15,OB,OB,,0.8494664393207944,0.15037541663243334,75.31999990429536,0.012389089118431219,0.9999999999999906,0.7838060741855555,0.881545086761102,1.442405035767804,3.4141245523397387e-05,0.0001041846549666661,0.0002516225871043103,0.016333711460444707,0.891988344562499,0.5598134379483322,0.9186317710268188,0.06524010031073689,0.1108766242624073
Cabinet_15_10.obj,Cabinet_15,M,M,,0.999340645632971,4.02253469363885e-14,38.94399998122074,0.025660982359279008,0.9999999999999669,1.0,1.0,1.0,0.0,0.0,0.0,0.03262172526953356,0.9499299018382166,0.0,1.0,1.0056336734097124e-14,4.02253469363885e-14
Cabinet_15_11.obj,Cabinet_15,M,M,,0.9993406456329643,4.6939360409990975e-14,38.94399998122074,0.02566098235927892,0.9999999999999654,0.9999999999999999,1.0,1.0,0.0,0.0,0.0,0.03262172526945052,0.949929901837968,0.0,1.0,1.1734840102497744e-14,4.693936040999097e-14
Cabinet_15_12.obj,Cabinet_15,M,M,,0.999340645632971,4.02564128036155e-14,38.943999981221644,0.02566098235927841,0.9999999999999667,0.9999999999999997,1.0,1.0,0.0,0.0,0.0,0.03262172526953356,0.9499299018382166,0.0,1.0,1.0064103200903877e-14,4.025641280361549e-14
Cabinet_15_13.obj,Cabinet_15,M,M,,0.9993406456329643,4.69713000047337e-14,38.943999981221644,0.025660982359278328,0.9999999999999675,1.0,1.0,1.0,0.0,0.0,0.0,0.032621725269450515,0.949929901837968,0.0,1.0,1.1742825001183426e-14,4.69713000047337e-14
Cabinet_15_14.obj,Cabinet_15,M,M,,0.9876543209865447,5.020263820917936e-13,8.999999995658518,0.10976425998068721,0.9999999999998549,0.9999999999999998,1.0,1.0,0.0,0.0,0.0,0.06785876468917527,0.7999999999196895,0.0,1.0,1.2550659552294842e-13,5.020263820917935e-13
Cabinet_15_15.obj,Cabinet_15,OB,OB,,0.935886067090513,0.06410601760905182,355.4399983269141,0.002727332071780465,0.9999999999999707,0.9999999999999989,0.9999999999999999,1.0,0.0,0.0,0.0,0.011382110548403603,0.5959051724000419,0.0,0.9999999999999999,0.01602650440226297,0.06410601760905175
Cabinet_15_16.obj,Cabinet_15,OB,OB,,0.8555044911194026,0.14330133112107557,28.937799984523895,0.032285014622215544,0.9999999999999958,1.0,1.0,1.0,0.0,0.0,0.0,0.011410327408118091,0.4491434180024767,0.0,1.0,0.03582533278026889,0.14330133112107557
Cabinet_15_17.obj,Cabinet_15,OB,OB,,0.935886067090513,0.06410601760905187,355.4399983269964,0.002727332071779834,0.9999999999999565,0.9999999999999999,1.0,1.0,0.0,0.0,0.0,0.011382110548403601,0.5959051724000419,0.0,1.0,0.016026504402262966,0.06410601760905185
Cabinet_15_18.obj,Cabinet_15,M,M,,0.9876543209865446,5.027352971554139e-13,8.999999995658726,0.1097642599806847,0.9999999999998531,0.9999999999999977,0.9999999999999999,1.0,0.0,0.0,0.0,0.06785876468917529,0.7999999999196895,0.0,0.9999999999999997,1.2568382428885372e-13,5.027352971554127e-13
Cabinet_15_19.obj,Cabinet_15,OB,OB,,0.42563013259649823,0.5743619521030667,355.4399983270786,0.002242225169761424,0.9999999999999862,0.9999999999999999,1.0,1.0,0.0,0.0,0.0,0.0065790470461197705,0.13773930968438175,0.0,1.0,0.14359048802576668,0.5743619521030666
Cabinet_15_20.obj,Cabinet_15,OB,OB,,0.42563013259649823,0.5743619521030667,355.4399983270786,0.002242225169761424,0.9999999999999862,0.9999999999999999,1.0,1.0,0.0,0.0,0.0,0.0065790470461197705,0.13773930968438175,0.0,1.0,0.14359048802576668,0.5743619521030666
Cabinet_16_01.obj,Cabinet_16,OB,OB,,0.7559878066496398,0.239883227688501,15.562499996511907,0.057516014315875115,0.9999999999999982,0.9999999999999999,1.0,1.0,0.0,0.0,0.0,0.008525497185494758,0.3387096774138572,0.0,1.0,0.05997080692212525,0.23988322768850098
Cabinet_16_02.obj,Cabinet_16,OB,OB,,0.7559878066496398,0.239883227688501,15.562499996511907,0.057516014315875115,0.9999999999999992,0.9999999999999999,1.0,1.0,0.0,0.0,0.0,0.008525497185494758,0.3387096774138572,0.0,1.0,0.05997080692212525,0.23988322768850098
Cabinet_16_03.obj,Cabinet_16,OB,OB,,0.6787147741537269,0.3158487120107646,13.5624999969781,0.06401331615323744,0.9999999999999989,1.0,1.0,1.0,0.0,0.0,0.0,0.009132496658608618,0.27647058823119103,0.0,1.0,0.07896217800269115,0.3158487120107646
Cabinet_16_04.obj,Cabinet_16,OB,OB,,0.678714774153727,0.31992609738728317,27.124999987392346,0.032055954418889705,0.9999999999999978,1.0,1.0,1.0,0.0,0.0,0.0,0.009132496658608616,0.276470588231191,0.0,1.0,0.07998152434682079,0.31992609738728317
Cabinet_16_05.obj,Cabinet_16,OB,OB,,0.6787147741537269,0.3158487120107646,13.562499996978083,0.06401331615323753,0.9999999999999988,1.0,1.0,1.0,0.0,0.0,0.0,0.009132496658608616,0.2764705882311909,0.0,0.9999999999999999,0.07896217800269115,0.3158487120107646
Cabinet_16_06.obj,Cabinet_16,OB,OB,,0.678714774153727,0.31992609738728317,27.124999987392336,0.03205595441888971,0.9999999999999978,1.0,1.0,1.0,0.0,0.0,0.0,0.009132496658608618,0.27647058823119103,0.0,1.0,0.07998152434682079,0.31992609738728317
Cabinet_16_07.obj,Cabinet_16,OB,OB,,0.7559878066496398,0.239883227688501,15.562499996511907,0.057516014315875115,0.9999999999999982,0.9999999999999999,1.0,1.0,0.0,0.0,0.0,0.008525497185494758,0.3387096774138572,0.0,1.0,0.05997080692212525,0.23988322768850098
Cabinet_16_08.obj,Cabinet_16,OB,OB,,0.7559878066496398,0.239883227688501,15.562499996511907,0.057516014315875115,0.9999999999999992,0.9999999999999999,1.0,1.0,0.0,0.0,0.0,0.008525497185494758,0.3387096774138572,0.0,1.0,0.05997080692212525,0.23988322768850098
Cabinet_16_09.obj,Cabinet_16,OB,OB,,0.6787147741537269,0.3158487120107646,13.5624999969781,0.06401331615323744,0.9999999999999989,1.0,1.0,1.0,0.0,0.0,0.0,0.009132496658608618,0.27647058823119103,0.0,1.0,0.07896217800269115,0.3158487120107646
Cabinet_16_10.obj,Cabinet_16,OB,OB,,0.678714774153727,0.31992609738728317,27.124999987392346,0.032055954418889705,0.9999999999999978,1.0,1.0,1.0,0.0,0.0,0.0,0.009132496658608616,0.276470588231191,0.0,1.0,0.07998152434682079,0.31992609738728317
Cabinet_16_11.obj,Cabinet_16,OB,OB,,0.6787147741537269,0.3158487120107646,13.562499996978083,0.06401331615323753,0.9999999999999988,1.0,1.0,1.0,0.0,0.0,0.0,0.009132496658608616,0.2764705882311909,0.0,0.9999999999999999,0.07896217800269115,0.3158487120107646
Cabinet_16_12.obj,Cabinet_16,OB,OB,,0.678714774153727,0.31992609738728317,27.124999987392336,0.03205595441888971,0.9999999999999978,1.0,1.0,1.0,0.0,0.0,0.0,0.009132496658608618,0.27647058823119103,0.0,1.0,0.07998152434682079,0.31992609738728317
Cabinet_17_01.obj,Cabinet_17,OB,OB,,0.8361317508058792,0.16369809777509736,109.24999981592681,0.008810615433090134,0.9999999999999857,0.9999999999999999,1.0,1.0,1.413011122250199e-17,3.7001316717291643e-17,1.1102230246251565e-16,0.011638458934546847,0.5607162986439311,0.0,1.0,0.04092452444377434,0.16369809777509733
Cabinet_17_02.obj,Cabinet_17,OB,OB,,0.9207777178491793,0.07788175044133157,27.312499987884262,0.035221961399850635,0.999999999999997,0.9999999999999991,0.9999999999999999,1.0,0.0,0.0,0.0,0.011638493105568349,0.5607142857002863,0.0,0.9999999999999999,0.019470437610332906,0.0778817504413315
Cabinet_17_03.obj,Cabinet_17,OB,OB,,0.9207777178491795,0.07913849891889214,109.24999981593527,0.008810615433089454,0.9999999999999952,1.0,1.0,1.0,0.0,0.0,0.0,0.011638493105568345,0.5607142857002865,0.0,1.0,0.019784624729723036,0.07913849891889214
Cabinet_17_04.obj,Cabinet_17,OB,OB,,0.920777717849445,0.07913849891862322,109.22815419073589,0.008812377418894976,0.9998000400668737,1.0,1.0,1.0,2.960594732333751e-17,4.9095909417268636e-17,1.1102230246251565e-16,0.011638493008039404,0.5607142914455141,0.0,1.0,0.019784624729655805,0.07913849891862322
Cabinet_17_05.obj,Cabinet_17,OB,OB,,0.9207777178491793,0.0791384989188882,109.24999981335367,0.008810615433297633,0.9999999999999856,1.0,1.0,1.0,0.0,0.0,0.0,0.011638493105568345,0.5607142857002865,0.0,1.0,0.01978462472972205,0.0791384989188882
Cabinet_17_06.obj,Cabinet_17,OB,OB,,0.8361317508058792,0.16369809777508934,109.24999981334626,0.00881061543329823,0.9999999999999857,1.0,1.0,1.0,6.0557619525008536e-18,2.5212147514763346e-17,6.10622663543833e-17,0.011638458934546844,0.5607162986439311,0.0,1.0,0.040924524443772335,0.16369809777508934
Cabinet_17_07.obj,Cabinet_17,OB,OB,,0.8361317508058792,0.16369809777508937,109.24999981335465,0.008810615433297555,0.9999999999999879,0.9999999999999999,1.0,1.0,3.0278809762504268e-18,1.8082982452002567e-17,0.0,0.011638458934546844,0.5607162986439311,0.0,1.0,0.04092452444377234,0.16369809777508934
Cabinet_17_08.obj,Cabinet_17,OB,OB,,0.933398161326439,0.06542756866013189,29.31249998704078,0.03298120902728508,0.9999999999999966,0.840215490019493,0.9403802800953671,1.0991014037660825,0.1285461369783379,0.1834982640258055,0.4226497308103745,0.01684167129769661,1.0056932025209233,0.5709137065425129,0.9562893724721762,0.025334418662288652,0.04640300895142774
Cabinet_17_09.obj,Cabinet_17,OB,OB,,0.933398161326439,0.06542756866013189,29.312499987040795,0.03298120902728507,0.9999999999999966,0.840215490019493,0.9403802800953671,1.0991014037660825,0.12854613697833797,0.1834982640258055,0.4226497308103745,0.01684167129769661,1.0056932025209233,0.5709137065425129,0.9562893724721762,0.025334418662288655,0.04640300895142773
Cabinet_17_10.obj,Cabinet_17,OB,OB,,0.9207777178491794,0.07788175044133147,27.312499987884262,0.035221961399850635,0.999999999999997,0.9999999999999997,1.0,1.0,0.0,0.0,0.0,0.011638493105568349,0.5607142857002863,0.0,1.0,0.01947043761033287,0.07788175044133144
Cabinet_17_11.obj,Cabinet_17,OB,OB,,0.8361317508058792,0.16369809777509736,109.24999981592681,0.008810615433090134,0.9999999999999857,0.9999999999999999,1.0,1.0,1.413011122250199e-17,3.7001316717291643e-17,1.1102230246251565e-16,0.011638458934546847,0.5607162986439311,0.0,1.0,0.04092452444377434,0.16369809777509733
Cabinet_17_12.obj,Cabinet_17,OB,OB,,0.9207777178491793,0.07788175044133157,27.312499987884262,0.035221961399850635,0.999999999999997,0.9999999999999991,0.9999999999999999,1.0,0.0,0.0,0.0,0.011638493105568349,0.5607142857002863,0.0,0.9999999999999999,0.019470437610332906,0.0778817504413315
Cabinet_17_13.obj,Cabinet_17,OB,OB,,0.9207777178491795,0.07913849891889214,109.24999981593527,0.008810615433089454,0.9999999999999952,1.0,1.0,1.0,0.0,0.0,0.0,0.011638493105568345,0.5607142857002865,0.0,1.0,0.019784624729723036,0.07913849891889214
Cabinet_17_14.obj,Cabinet_17,OB,OB,,0.920777717849445,0.07913849891862322,109.22815419073589,0.008812377418894976,0.9998000400668737,1.0,1.0,1.0,2.960594732333751e-17,4.9095909417268636e-17,1.1102230246251565e-16,0.011638493008039404,0.5607142914455141,0.0,1.0,0.019784624729655805,0.07913849891862322
Cabinet_17_15.obj,Cabinet_17,OB,OB,,0.9207777178491793,0.0791384989188882,109.24999981335367,0.008810615433297633,0.9999999999999856,1.0,1.0,1.0,0.0,0.0,0.0,0.011638493105568345,0.5607142857002865,0.0,1.0,0.01978462472972205,0.0791384989188882
Cabinet_17_16.obj,Cabinet_17,OB,OB,,0.8361317508058792,0.16369809777508934,109.24999981334626,0.00881061543329823,0.9999999999999857,1.0,1.0,1.0,6.0557619525008536e-18,2.5212147514763346e-17,6.10622663543833e-17,0.011638458934546844,0.5607162986439311,0.0,1.0,0.040924524443772335,0.16369809777508934
Cabinet_17_17.obj,Cabinet_17,OB,OB,,0.8361317508058792,0.16369809777508937,109.24999981335465,0.008810615433297555,0.9999999999999879,0.9999999999999999,1.0,1.0,3.0278809762504268e-18,1.8082982452002567e-17,0.0,0.011638458934546844,0.5607162986439311,0.0,1.0,0.04092452444377234,0.16369809777508934
Cabinet_17_18.obj,Cabinet_17,OB,OB,,0.933398161326439,0.06542756866013189,29.31249998704078,0.03298120902728508,0.9999999999999966,0.840215490019493,0.9403802800953671,1.0991014037660825,0.1285461369783379,0.1834982640258055,0.4226497308103745,0.01684167129769661,1.0056932025209233,0.5709137065425129,0.9562893724721762,0.025334418662288652,0.04640300895142774
Cabinet_17_19.obj,Cabinet_17,OB,OB,,0.933398161326439,0.06542756866013189,29.312499987040795,0.03298120902728507,0.9999999999999966,0.840215490019493,0.9403802800953671,1.0991014037660825,0.12854613697833797,0.1834982640258055,0.4226497308103745,0.01684167129769661,1.0056932025209233,0.5709137065425129,0.9562893724721762,0.025334418662288655,0.04640300895142773
Cabinet_17_20.obj,Cabinet_17,OB,OB,,0.9207777178491794,0.07788175044133147,27.312499987884262,0.035221961399850635,0.999999999999997,0.9999999999999997,1.0,1.0,0.0,0.0,0.0,0.011638493105568349,0.5607142857002863,0.0,1.0,0.01947043761033287,0.07788175044133144
Cabinet_18_01.obj,Cabinet_18,OB,OB,,2.7509380918349296e-10,0.9999999981785938,508605863.1999549,0.0,0.5,1.0,1.0,0.0,0.0,0.0,0.0,0.7864636021385946,6.877348505099465e-11,0.0,1.0,0.0,0.9999999981785938
Cabinet_18_02.obj,Cabinet_18,OB,OB,,2.3577552482644893e-10,0.999999998217912,508605863.1999549,0.0,0.5,1.0,1.0,0.0,0.0,0.0,0.0,0.786463602130864,5.894391162027797e-11,0.0,1.0,0.0,0.999999998217912
Cabinet_18_03.obj,Cabinet_18,OB,OB,,0.8845544938015975,0.1153822314049418,125.71428550204239,0.007531454751377875,0.9999999999999912,1.0,1.0,1.0,4.4408920985006264e-17,6.78357473150347e-17,1.7208456881689895e-16,0.009199261176775749,0.49279050041423983,0.0,1.0,0.02884555785123545,0.1153822314049418
Cabinet_18_04.obj,Cabinet_18,OB,OB,,0.948605049070138,0.05133167613640131,125.71428550204239,0.007757456633093313,0.9999999999999868,1.0,1.0,1.0,2.960594732333751e-17,4.909590941726864e-17,1.1102230246251565e-16,0.011262040719530712,0.6303844372255624,0.0,1.0,0.012832919034100327,0.05133167613640131
Cabinet_18_05.obj,Cabinet_18,OB,OB,,0.948605049069956,0.051331676136583196,125.71428550204239,0.007757456633092643,0.9999999999999867,1.0,1.0,1.0,0.0,0.0,0.0,0.011262040719520748,0.6303844372250292,0.0,1.0,0.012832919034145799,0.051331676136583196
Cabinet_18_06.obj,Cabinet_18,OB,OB,,0.8956314590900846,0.09716187473025466,12.499999973752868,0.07567702695227453,0.9999999999985388,0.999999999999868,0.9999999999999496,1.44,4.7801269115805354e-17,5.800373414233127e-17,1.1102230246251565e-16,0.10897559356782627,0.49999999987908395,0.0,0.9999999999999605,0.034978274902895554,0.09716187473023939
Cabinet_18_07.obj,Cabinet_18,OB,OB,,0.8996819150638355,0.09315030558001838,12.499999975472903,0.07567702694192077,0.9999999999985408,0.9635004922877906,0.9852895875299872,1.3804294917618816,0.06258282988726237,0.1425134451259824,0.42264973081037416,0.16295211905125453,0.932280814901675,0.6773866287326469,0.9886476500716999,0.03846779264316089,0.07899665494534872
Cabinet_18_08.obj,Cabinet_18,OB,OB,,0.8996819150638157,0.09315030557806576,12.49999997375175,0.07567702695228125,0.9999999999985401,0.9635004922879087,0.9852895875299684,1.3804294917618813,0.06258282988726235,0.1425134451259824,0.42264973081037416,0.16295211905110463,0.9322808149007509,0.6773866287336698,0.9886476500716864,0.038467792642352776,0.07899665494370174
Cabinet_18_09.obj,Cabinet_18,OB,OB,,0.8672959183671781,0.1305484693878129,21.53846153065461,0.04358271036631887,0.9999999999999972,1.0,1.0,1.0,0.0,0.0,0.0,0.011168909427876121,0.4659685863758188,0.0,1.0,0.03263711734695322,0.1305484693878129
Cabinet_18_10.obj,Cabinet_18,OB,OB,,0.9147900030073858,0.0851348190714611,115.33333315287986,0.008322872097841888,0.9999999999999896,1.0,1.0,1.0,0.0,0.0,0.0,0.01009697159256786,0.548098433993594,0.0,1.0,0.021283704767865275,0.0851348190714611
Cabinet_18_11.obj,Cabinet_18,OB,OB,,0.91458198208551,0.08534412689546339,116.33333315328741,0.008250543006415279,0.9999999999999917,0.9999999999999997,0.9999999999999999,1.0,0.0,0.0,0.0,0.01000407804905648,0.5476718403433968,0.0,0.9999999999999999,0.02133603172386585,0.08534412689546336
Cabinet_18_12.obj,Cabinet_18,OB,OB,,0.9145819820855099,0.0853441268954634,116.33333315328741,0.008250543006415279,0.9999999999999917,0.9999999999999998,1.0,1.0,0.0,0.0,0.0,0.010004078049056482,0.5476718403433968,0.0,1.0,0.021336031723865855,0.08534412689546339
Cabinet_18_13.obj,Cabinet_18,OB,OB,,0.86142042730031,0.13845969417644316,91.33333317761179,0.010260443571805214,0.9999999999999875,1.0,1.0,1.0,4.4408920985006264e-17,6.78357473150347e-17,1.7208456881689895e-16,0.011290534532196844,0.45744680849926567,0.0,1.0,0.03461492354411079,0.13845969417644316
Cabinet_18_14.obj,Cabinet_18,OB,OB,,0.25480312660273663,0.7449746850702313,67.08715578358506,0.011282640789451627,0.99999999999998,1.0,1.0,1.0,0.0,0.0,0.0,0.017363459280250768,0.07339449541130291,0.0,1.0,0.18624367126755784,0.7449746850702313
Cabinet_18_15.obj,Cabinet_18,OB,OB,,0.25480312660273685,0.7449746850702311,67.08715578358299,0.011282640789451974,0.9999999999999493,1.0,1.0,1.0,0.0,0.0,0.0,0.01736345928025077,0.07339449541130312,0.0,1.0,0.18624367126755778,0.7449746850702311
Cabinet_18_16.obj,Cabinet_18,OB,OB,,0.25480312660273663,0.7449746850702313,67.08715578358299,0.011282640789451974,0.9999999999999493,1.0,1.0,1.0,0.0,0.0,0.0,0.017363459280250768,0.07339449541130291,0.0,1.0,0.18624367126755784,0.7449746850702313
Cabinet_18_17.obj,Cabinet_18,OB,OB,,0.25480312660273663,0.7449746850702313,67.08715578358402,0.0112826407894518,0.9999999999999489,1.0,1.0,1.0,0.0,0.0,0.0,0.017363459280250768,0.073394495411303,0.0,0.9999999999999999,0.18624367126755784,0.7449746850702313
Cabinet_18_18.obj,Cabinet_18,OB,OB,,0.38361754008582705,0.6163742498008775,348.9999982522198,0.002253727508712009,0.9999999999999889,1.0,1.0,1.0,0.0,0.0,0.0,0.00610382221898312,0.12038523274295028,0.0,1.0,0.15409356245021938,0.6163742498008775
Cabinet_18_19.obj,Cabinet_18,OB,OB,,2.7509380918349296e-10,0.9999999981785938,508605863.1999549,0.0,0.5,1.0,1.0,0.0,0.0,0.0,0.0,0.7864636021385946,6.877348505099465e-11,0.0,1.0,0.0,0.9999999981785938
Cabinet_18_20.obj,Cabinet_18,OB,OB,,2.3577552482644893e-10,0.999999998217912,508605863.1999549,0.0,0.5,1.0,1.0,0.0,0.0,0.0,0.0,0.786463602130864,5.894391162027797e-11,0.0,1.0,0.0,0.999999998217912
Cabinet_18_21.obj,Cabinet_18,OB,OB,,0.8845544938015975,0.1153822314049418,125.71428550204239,0.007531454751377875,0.9999999999999912,1.0,1.0,1.0,4.4408920985006264e-17,6.78357473150347e-17,1.7208456881689895e-16,0.009199261176775749,0.49279050041423983,0.0,1.0,0.02884555785123545,0.1153822314049418
Cabinet_18_22.obj,Cabinet_18,OB,OB,,0.948605049070138,0.05133167613640131,125.71428550204239,0.007757456633093313,0.9999999999999868,1.0,1.0,1.0,2.960594732333751e-17,4.909590941726864e-17,1.1102230246251565e-16,0.011262040719530712,0.6303844372255624,0.0,1.0,0.012832919034100327,0.05133167613640131
Cabinet_18_23.obj,Cabinet_18,OB,OB,,0.948605049069956,0.051331676136583196,125.71428550204239,0.007757456633092643,0.9999999999999867,1.0,1.0,1.0,0.0,0.0,0.0,0.011262040719520748,0.6303844372250292,0.0,1.0,0.012832919034145799,0.051331676136583196
Cabinet_18_24.obj,Cabinet_18,OB,OB,,0.8956314590900846,0.09716187473025466,12.499999973752868,0.07567702695227453,0.9999999999985388,0.999999999999868,0.9999999999999496,1.44,4.7801269115805354e-17,5.800373414233127e-17,1.1102230246251565e-16,0.10897559356782627,0.49999999987908395,0.0,0.9999999999999605,0.034978274902895554,0.09716187473023939
Cabinet_18_25.obj,Cabinet_18,OB,OB,,0.8996819150638355,0.09315030558001838,12.499999975472903,0.07567702694192077,0.9999999999985408,0.9635004922877906,0.9852895875299872,1.3804294917618816,0.06258282988726237,0.1425134451259824,0.42264973081037416,0.16295211905125453,0.932280814901675,0.6773866287326469,0.9886476500716999,0.03846779264316089,0.07899665494534872
Cabinet_18_26.obj,Cabinet_18,OB,OB,,0.8996819150638157,0.09315030557806576,12.49999997375175,0.07567702695228125,0.9999999999985401,0.9635004922879087,0.9852895875299684,1.3804294917618813,0.06258282988726235,0.1425134451259824,0.42264973081037416,0.16295211905110463,0.9322808149007509,0.6773866287336698,0.9886476500716864,0.038467792642352776,0.07899665494370174
Cabinet_18_27.obj,Cabinet_18,OB,OB,,0.8672959183671781,0.1305484693878129,21.53846153065461,0.04358271036631887,0.9999999999999972,1.0,1.0,1.0,0.0,0.0,0.0,0.011168909427876121,0.4659685863758188,0.0,1.0,0.03263711734695322,0.1305484693878129
Cabinet_18_28.obj,Cabinet_18,OB,OB,,0.9147900030073858,0.0851348190714611,115.33333315287986,0.008322872097841888,0.9999999999999896,1.0,1.0,1.0,0.0,0.0,0.0,0.01009697159256786,0.548098433993594,0.0,1.0,0.021283704767865275,0.0851348190714611
Cabinet_18_29.obj,Cabinet_18,OB,OB,,0.91458198208551,0.08534412689546339,116.33333315328741,0.008250543006415279,0.9999999999999917,0.9999999999999997,0.9999999999999999,1.0,0.0,0.0,0.0,0.01000407804905648,0.5476718403433968,0.0,0.9999999999999999,0.02133603172386585,0.08534412689546336
Cabinet_18_30.obj,Cabinet_18,OB,OB,,0.9145819820855099,0.0853441268954634,116.33333315328741,0.008250543006415279,0.9999999999999917,0.9999999999999998,1.0,1.0,0.0,0.0,0.0,0.010004078049056482,0.5476718403433968,0.0,1.0,0.021336031723865855,0.08534412689546339
Cabinet_18_31.obj,Cabinet_18,OB,OB,,0.86142042730031,0.13845969417644316,91.33333317761179,0.010260443571805214,0.9999999999999875,1.0,1.0,1.0,4.4408920985006264e-17,6.78357473150347e-17,1.7208456881689895e-16,0.011290534532196844,0.45744680849926567,0.0,1.0,0.03461492354411079,0.13845969417644316
Cabinet_18_32.obj,Cabinet_18,OB,OB,,0.25480312660273663,0.7449746850702313,67.08715578358506,0.011282640789451627,0.99999999999998,1.0,1.0,1.0,0.0,0.0,0.0,0.017363459280250768,0.07339449541130291,0.0,1.0,0.18624367126755784,0.7449746850702313
Cabinet_18_33.obj,Cabinet_18,OB,OB,,0.25480312660273685,0.7449746850702311,67.08715578358299,0.011282640789451974,0.9999999999999493,1.0,1.0,1.0,0.0,0.0,0.0,0.01736345928025077,0.07339449541130312,0.0,1.0,0.18624367126755778,0.7449746850702311
Cabinet_18_34.obj,Cabinet_18,OB,OB,,0.25480312660273663,0.7449746850702313,67.08715578358299,0.011282640789451974,0.9999999999999493,1.0,1.0,1.0,0.0,0.0,0.0,0.017363459280250768,0.07339449541130291,0.0,1.0,0.18624367126755784,0.7449746850702313
Cabinet_18_35.obj,Cabinet_18,OB,OB,,0.25480312660273663,0.7449746850702313,67.08715578358402,0.0112826407894518,0.9999999999999489,1.0,1.0,1.0,0.0,0.0,0.0,0.017363459280250768,0.073394495411303,0.0,0.9999999999999999,0.18624367126755784,0.7449746850702313
Cabinet_18_36.obj,Cabinet_18,OB,OB,,0.38361754008582705,0.6163742498008775,348.9999982522198,0.002253727508712009,0.9999999999999889,1.0,1.0,1.0,0.0,0.0,0.0,0.00610382221898312,0.12038523274295028,0.0,1.0,0.15409356245021938,0.6163742498008775
Cabinet_19_01.obj,Cabinet_19,OB,OB,,0.5075407817765746,0.48968913512060686,18.999999988663948,0.04304200558042016,0.9999999999999977,1.0,1.0,1.0,1.0362081563168128e-16,8.567840439188846e-17,2.220446049250313e-16,0.015399703801487297,0.17525773195102626,0.0,1.0,0.12242228378015174,0.4896891351206068
Cabinet_19_02.obj,Cabinet_19,OB,OB,,0.5075407817765746,0.48968913512060663,18.99999998866368,0.043042005580420754,0.9999999999999909,1.0,1.0,1.0,0.0,0.0,0.0,0.015399703801487297,0.1752577319510263,0.0,1.0,0.12242228378015166,0.48968913512060663
Cabinet_19_03.obj,Cabinet_19,OB,OB,,0.5075407817765746,0.4896891351206067,18.99999998866368,0.043042005580420754,0.9999999999999876,1.0,1.0,1.0,2.960594732333751e-17,4.909590941726863e-17,1.1102230246251565e-16,0.015399703801487296,0.1752577319510262,0.0,1.0,0.12242228378015167,0.4896891351206067
Cabinet_19_04.obj,Cabinet_19,OB,OB,,0.9708733679512119,0.02635654894573173,18.999999987848597,0.051811752713639574,0.9999999999999626,1.0,1.0,1.0,0.0,0.0,0.0,0.03122715134615428,0.7084302942081926,0.0,1.0,0.006589137236432932,0.02635654894573173
Cabinet_19_05.obj,Cabinet_19,OB,OB,,0.5075407817765746,0.4896891351206067,18.99999998866373,0.04304200558042064,0.9999999999999909,1.0,1.0,1.0,0.0,0.0,0.0,0.015399703801487296,0.1752577319510262,0.0,1.0,0.12242228378015167,0.4896891351206067
Cabinet_19_06.obj,Cabinet_19,OB,OB,,0.8760366967863386,0.12392514891899302,161.89307970484577,0.005826238748484183,0.9999999999999932,1.0,1.0,1.0,0.0,0.0,0.0,0.0076547008091381475,0.4791977891588265,0.0,1.0,0.030981287229748255,0.12392514891899302
Cabinet_19_07.obj,Cabinet_19,OB,OB,,0.9305819498723309,0.06909534224997192,55.66666663335218,0.01736862793736162,0.9999999999999959,1.0,1.0,1.0,4.4408920985006264e-17,6.783574731503468e-17,1.7208456881689895e-16,0.00857818123185784,0.5829383886146419,0.0,1.0,0.01727383556249298,0.06909534224997192
Cabinet_19_08.obj,Cabinet_19,OB,OB,,0.9305819498723309,0.06909534224997192,55.66666663335218,0.01736862793736162,0.9999999999999959,1.0,1.0,1.0,4.4408920985006264e-17,6.783574731503468e-17,1.7208456881689895e-16,0.008578181231857841,0.5829383886146418,0.0,1.0,0.01727383556249298,0.06909534224997192
Cabinet_19_09.obj,Cabinet_19,OB,OB,,0.9708733679512119,0.02635654894573173,18.999999987848597,0.051811752713639574,0.9999999999999626,1.0,1.0,1.0,0.0,0.0,0.0,0.03122715134615428,0.7084302942081926,0.0,1.0,0.006589137236432932,0.02635654894573173
Cabinet_20_01.obj,Cabinet_20,OB,OB,,0.5925772940446232,0.4064043216588705,31.336042875613835,0.026889733837045675,0.9999999999999863,1.0,1.0,1.0,1.4802973661668754e-17,3.774032578002451e-17,1.1102230246251565e-16,0.013159760333519736,0.2207800775768597,0.0,1.0,0.10160108041471763,0.4064043216588705
Cabinet_20_02.obj,Cabinet_20,OB,OB,,0.5045249426645623,0.4944566730389298,31.33604287558831,0.02608665760134433,0.9999999999999919,1.0,1.0,1.0,1.4802973661668754e-17,3.774032578002451e-17,1.1102230246251565e-16,0.012531522494598112,0.1737778785596221,0.0,1.0,0.12361416825973245,0.4944566730389298
Cabinet_20_03.obj,Cabinet_20,OB,OB,,0.5915685708042674,0.40671195862931764,24.000105650074328,0.034727659164454486,0.9999999999999942,0.7159893912672567,0.7619766191098019,1.0991014037660825,0.11397200832970426,0.1761997502827143,0.42264973081037455,0.018221268637005152,0.7495282225220875,0.40522715185227526,0.8558495091357227,0.1838962606614376,0.22409211542484359
Cabinet_20_04.obj,Cabinet_20,OB,OB,,0.591568571532605,0.406712129096353,24.00130053370406,0.034725932363395565,1.0000000000000013,0.7159893845350814,0.7619766209507346,1.0991014037660825,0.11397200832970433,0.17619975028271434,0.42264973081037444,0.018221268972660423,0.7495282488031244,0.40522712310560793,0.8558495097326849,0.1838963381375981,0.22409220747667288
Cabinet_20_05.obj,Cabinet_20,OB,OB,,0.5925772940446232,0.4064040342031218,31.331621254421208,0.026893525860098348,0.9999999999999912,1.0,1.0,1.0,1.4802973661668754e-17,3.774032578002451e-17,1.1102230246251565e-16,0.013159760333519736,0.22078007757685972,0.0,1.0,0.10160100855078046,0.4064040342031218
Cabinet_20_06.obj,Cabinet_20,SL,SL,,0.00030305430120751073,0.768007308381492,2.6666621483735025,0.25630770276617815,0.7569775173262047,0.7855710142013089,0.5004294121366442,1.8445177860093145,0.0003094563329261306,0.0015955141646401849,2.5352295207614617e-08,1.092258519149307,0.2842879748791603,0.047220032002409804,0.7877323601387372,0.46918931787905266,0.4525079627372134
Cabinet_20_07.obj,Cabinet_20,SL,SL,,0.000298358688335936,0.7680164870520573,2.6666790816452943,0.2563069424471994,0.7569881319090408,0.7784860369224519,0.5004846835344926,1.8445187530186062,0.00030980446648917775,0.0015973182368428812,1.9616586577342332e-08,1.0922464202554207,0.284286022112565,0.04718935477998453,0.7841720171348739,0.4706872893031022,0.44844859416506466
Cabinet_20_08.obj,Cabinet_20,SL,SL,,0.00030328482753165254,0.7680075772997293,2.6666621483734123,0.25630770276618214,0.7569773848109139,0.786582015989496,0.5004192655889965,1.8445147344110595,0.0003094552417634873,0.0015955143776918538,1.9085333646806646e-08,1.092256932277788,0.28428249791229065,0.04721805370554043,0.7882390835324752,0.4689763980850566,0.4530874195949555
Cabinet_20_09.obj,Cabinet_20,SL,SL,,0.0002985975942932679,0.7680158031067531,2.6666790816452943,0.2563069424471954,0.7569881804721267,0.778085940329351,0.5004948372088702,1.8445218049628995,0.0003098055201506342,0.0015973180310675783,2.614194588579366e-08,1.092248007155726,0.2842915034364888,0.04718810192348268,0.7839704860810264,0.4707709599162278,0.4482207508902115
Cabinet_20_10.obj,Cabinet_20,OB,OB,,0.7775156304707972,0.22247936153103232,426.7828007753986,0.0021216574727746544,0.9999999999999857,0.9999999999998035,0.9999999999999039,1.4938271604938274,6.038055046206992e-17,7.225112123009848e-17,2.220446049250313e-16,0.01014865233407964,0.3617821321134583,0.0,0.999999999998082,0.08308642822617139,0.2224793615309779
Cabinet_20_11.obj,Cabinet_20,OB,OB,,0.8916985420175823,0.1080873837453016,68.34673885950606,0.01392287155841108,0.9999999999999979,0.9999999999999994,0.9999999999999999,1.0816000000000001,6.392193172084235e-17,6.130068559929803e-17,1.1102230246251565e-16,0.008484937152415923,0.5120573796611726,0.0,1.0,0.029226828564729565,0.10808738374530154
Cabinet_20_12.obj,Cabinet_20,OB,OB,,0.8916985420175823,0.1080873595779578,68.34288127412974,0.013923657276728087,0.9999999999999966,0.9999999999999994,0.9999999999999998,1.0816000000000001,3.700743415417188e-17,5.233641528945917e-17,1.1102230246251565e-16,0.00848493715241592,0.5120573796611727,0.0,0.9999999999999996,0.029226822029879817,0.10808735957795773
Chair_001_01.obj,Chair_001,M,M,,0.987164226103591,0.008880962944703889,13.151211081750162,0.07362921979281434,0.22394531541034723,0.9976763493209662,0.9979022617239826,1.034846896050993,1.4106193147076246e-05,3.792828035775556e-05,0.00010785094284068037,0.3641177033373295,3.6027846435259816,0.1831139206358143,0.9986019952230205,0.002306521116312342,0.008850778634874372
Chair_001_02.obj,Chair_001,M,M,,0.9967008824410079,0.002534066137308307,32.622430564440805,0.030584885181280014,0.9830980062306095,0.9994539042653389,0.9955258324695012,1.3056722992700247,2.060943170464107e-05,4.289476477899833e-05,0.00011165274602585873,0.1832354547363932,3.5072644305293523,0.067699950431972,0.9975190497476241,0.0008301251247358614,0.0025269373789524262
Chair_001_03.obj,Chair_001,M,M,,0.9951485505873554,0.0037549899187010113,27.027078340416452,0.03688045950132947,0.9739858174788713,0.997829685026189,0.9944918618797118,1.3089071886546135,9.386998620058795e-06,2.5061581837555484e-05,5.089552467507641e-05,0.240676982599878,3.799664772506159,0.10522088189543409,0.9969124276630966,0.0012352328246142332,0.003736465472702372
Chair_001_04.obj,Chair_001,M,M,,0.9871642261035914,0.008880962944703735,13.15121108175018,0.07362921979281424,0.22394531541034635,0.9976763493209642,0.9979022617239822,1.0348468960509953,1.410619314705877e-05,3.7928280357697656e-05,0.0001078509428393259,0.3641177033373296,3.602784643525982,0.18311392063568144,0.9986019952230205,0.0023065211163123102,0.0088507786348742
Chair_001_05.obj,Chair_001,M,M,,0.9967008824410076,0.002534066137308216,32.622430564440805,0.030584885181280014,0.9830980062306093,0.9994539042653395,0.9955258324695011,1.3056722992700107,2.0609431704713876e-05,4.289476477918198e-05,0.00011165274602594754,0.18323545473639288,3.507264430529351,0.06769995043192666,0.9975190497476241,0.0008301251247358225,0.0025269373789523373
Chair_001_06.obj,Chair_001,M,M,,0.9951485505873554,0.0037549899187010764,27.027078340416452,0.03688045950132947,0.9739858174788707,0.9978296850261892,0.9944918618797117,1.3089071886545784,9.386998620041897e-06,2.5061581837558405e-05,5.0895524675409476e-05,0.24067698259987788,3.799664772506159,0.10522088189535535,0.9969124276630968,0.0012352328246142215,0.003736465472702437
Chair_001_07.obj,Chair_001,M,M,,0.9945018796929015,0.004383178122372056,26.190132068139388,0.03804190872621526,0.9803720315068866,0.9998273644822395,0.9943793978744304,1.000259084154016,1.1526067729089038e-05,2.553419916287662e-05,7.01847178821879e-05,0.2078472380187305,3.4458821370309876,0.0780687734872414,0.9968936070483425,0.0011020097469629823,0.004370021400454176
Chair_001_08.obj,Chair_001,M,M,,0.993327155237074,0.00514064752978257,23.741033889443916,0.03979240843210092,0.23924579712291608,0.8607685833741758,0.9433419780905616,1.5853883563449997,1.1045618007762993e-05,2.6496670517892344e-05,5.659589602156057e-05,0.2959671695783853,4.004643639670959,0.2646925441917948,0.969293758097404,0.0022480375205559473,0.0042994834088141524
Chair_001_09.obj,Chair_001,M,M,,0.993327155237074,0.005140647529782651,23.741033889444015,0.03979240843210075,0.2392457971229111,0.8607685833741762,0.9433419780905616,1.5853883563461464,1.104561800819397e-05,2.6496670520023282e-05,5.659589602099435e-05,0.2959671695783852,4.004643639670959,0.26469254419145016,0.969293758097404,0.0022480375205574566,0.004299483408814221
Chair_001_10.obj,Chair_001,M,M,,0.9937737882676858,0.004751762925353393,16.37684506428445,0.060700069352858085,0.6236614101977465,0.9997644699244727,0.9939392631845341,1.0003986453823992,1.7931125735961107e-05,4.3477588463578495e-05,0.00010042213249131788,0.20930944691881537,3.3617726542106374,0.0689559887731303,0.9966568129804287,0.0011954090033427084,0.0047361118145726275
Chair_001_11.obj,Chair_001,M,M,,0.9824361731483301,0.016188243487018122,13.065783518291877,0.07558322541691284,0.5259754373513045,0.9998635344794092,0.9942311162281616,1.0003814939525588,2.1376295814972e-05,5.0450300773071786e-05,0.0001160832675997368,0.16418870641092542,3.21160687828076,0.0641663308460674,0.9968045581309602,0.004071083372532697,0.016138809818612244
Chair_001_12.obj,Chair_001,M,M,,0.9824360866653331,0.01618833077054653,13.067512957939574,0.07557324626942787,0.5260851431513365,0.9998653958386945,0.9942272970784948,1.000328145059381,1.6012542274879316e-05,4.22959307082216e-05,7.388314143964015e-05,0.1698496987928167,3.2718064125518023,0.07285926110613176,0.9968107605707218,0.004070793438916978,0.016139063789823858
Chair_001_13.obj,Chair_001,M,M,,0.9824362085066671,0.016188220601731064,13.066924703583926,0.07557662995954598,0.5261003040557201,0.9998750696094992,0.9942078281024767,1.0003588873171374,1.579567379669425e-05,4.0176189870353546e-05,7.85002847446425e-05,0.16418635565311962,3.211629565488765,0.07062694398529791,0.9968085949446325,0.00407091638706193,0.0161389425265067
Chair_001_14.obj,Chair_001,M,M,,0.9824360754945254,0.01618830735950137,13.067521341444348,0.07557319898452283,0.5260622697521992,0.9998806252085491,0.9942253704972829,1.0004528652358253,2.3893651810464503e-05,5.2188874866678684e-05,0.0001339063656746741,0.16984933458948723,3.2718045475677577,0.07098795921037054,0.9968139102253395,0.00407135836676238,0.016139034709796093
Chair_001_15.obj,Chair_001,M,M,,0.9824361549726424,0.01618827480797062,13.066844503960047,0.07557709117237782,0.526136856451912,0.999866187498114,0.9942333399733357,1.0007428518615216,2.5479381400475965e-05,5.5932211641037445e-05,0.000126559595439618,0.1641863759816275,3.2116326693039414,0.06390752645093208,0.9968077119029899,0.004072560359764051,0.016138845398160417
Chair_001_16.obj,Chair_001,M,M,,0.9923837918088234,0.005859241817001785,21.556659508046554,0.04578221998000205,0.5449371617951089,0.8298878647672039,0.923921125687037,1.3144315654909269,1.4965352600127383e-05,3.439456337371323e-05,7.415979153936322e-05,0.31310393255165103,3.9616966671626312,0.2220039395521915,0.9601598595802148,0.0022266820764570484,0.004677444659446243
Chair_001_17.obj,Chair_001,M,M,,0.9923837918088235,0.005859241817001605,21.556659508046497,0.045782219980002176,0.5449371617951042,0.8298878647672021,0.9239211256870365,1.3144315654897385,1.4965352604697395e-05,3.439456338172923e-05,7.41597915387526e-05,0.313103932551651,3.961696667162631,0.22200393955227218,0.9601598595802145,0.0022266820764552464,0.0046774446594460796
Chair_001_18.obj,Chair_001,M,M,,0.9945018820777206,0.004383194522567472,26.184414413204227,0.03805020013078955,0.9802308688302092,0.9998297170150967,0.9944060206431217,1.000053615330943,2.143615717108764e-05,4.487504144050523e-05,9.444230514850105e-05,0.19399253090036417,3.319027520965212,0.062170391279506756,0.9969155086821169,0.0011017744835071096,0.004370067022661244
Chair_001_19.obj,Chair_001,M,M,,0.9827796727869306,0.01574586759030075,19.99723037687957,0.049473992684701644,0.8121800020050866,0.9998104386512172,0.9942321043020355,1.000558388600212,2.056664321195764e-05,4.836643486883168e-05,0.00011985097690117563,0.16984771078535799,3.271776257662259,0.07582376120340714,0.9967993541554347,0.003960709207483867,0.015696953456089603
Chair_001_20.obj,Chair_001,M,M,,0.9827797679148074,0.015745771765685066,19.997230376879372,0.04947412551126519,0.8122375151822162,0.9998688927743763,0.9942510941545857,1.0001202454486968,2.2209140800833504e-05,4.7797536466961874e-05,0.00011822859024506187,0.18117742971369316,3.3889043303985424,0.09042993998473374,0.9968181340114947,0.003958686238771592,0.01569792682732515
Chair_001_21.obj,Chair_001,M,M,,0.9827799156752931,0.01574561855247521,19.996404308560248,0.04947616464492692,0.8122327151652369,0.9998505783790288,0.994218047823429,1.0002264093502626,2.3382627137797376e-05,4.6043558708266046e-05,0.00011858303507957794,0.1641899792582204,3.2116102244851383,0.0714326044824446,0.996810254574092,0.003959220406399171,0.01569722553205642
Chair_001_22.obj,Chair_001,M,M,,0.9827799522021752,0.015745590508619716,19.996129429916117,0.04947687335301921,0.8122647930141133,0.9998498648427202,0.9942067343089408,1.0001977132160278,2.462508792153391e-05,5.0144549811926875e-05,0.00013331858424740488,0.15852891314140752,3.150271765770834,0.0635856359449268,0.9968197631892178,0.003959135854857544,0.015697039596831493
Chair_001_23.obj,Chair_001,M,M,,0.9827800285683745,0.015745514700898185,19.996840949246327,0.049475111565453464,0.8123093161634839,0.9998658578051226,0.9941967634242653,1.0003692061506868,2.4920245526722538e-05,4.729818780485505e-05,0.0001198141760762994,0.16984997187302928,3.2717414736792287,0.0796497752092205,0.9968107805777733,0.003959762598154742,0.01569718378864237
Chair_001_24.obj,Chair_001,M,M,,0.28933282961167284,0.7044357080292964,16.48916252700089,0.045911198192772534,0.9154154224092985,0.5808427209589844,0.44932026052331386,1.1649992558160953,1.5492993149765698e-05,3.839410547379917e-05,0.00010533063611029014,0.1351029134291408,3.754937011108275,0.10391394214890315,0.7569893997044778,0.3480962775128412,0.29649806978011434
Chair_001_25.obj,Chair_001,M,M,,0.28976577448670127,0.7040062304033535,16.48953744857752,0.045910220842760495,0.9153936297067355,0.5805614110827861,0.44847685844537943,1.1651143432115856,1.6809973667379447e-05,4.060797484093002e-05,0.00010584653803029624,0.13343460973883423,3.7300288634969068,0.10418069763830516,0.7568055507331929,0.3480526093970648,0.29600125864882054
Chair_001_26.obj,Chair_001,M,M,,0.779604064155128,0.21941254590464104,27.91023812789978,0.027516222955942353,0.44639137654822736,0.5332121765533634,0.4748043315117094,1.3640868904189771,1.5091455652717592e-05,3.3150652570829574e-05,7.576672174873775e-05,0.08962490169336466,2.9999455799992747,0.0723470385505823,0.799292762883475,0.11920150275922067,0.08626932426070635
Chair_001_27.obj,Chair_001,M,M,,0.7796043467360507,0.21941225784862697,27.911293833269838,0.027514936683934923,0.4464239291871629,0.5332106648535876,0.4748048613770509,1.363993137884804,2.2079102370215047e-05,4.420723241943488e-05,0.0001121859664976464,0.0896247458523732,2.9999434881593228,0.07238907850778342,0.7992903673693864,0.11919741624814882,0.08626814430419655
Chair_002_01.obj,Chair_002,SL,SL,,0.4664965939541327,0.5254695128901165,7.135189233706773,0.12506922222636374,0.45738567919065276,0.8688998679857235,0.8815492068159677,1.408036414156409,9.837217318580895e-05,0.0013538909431901115,3.3249620154773284e-06,5.0,2.240554053100478,0.450270020788857,0.9211035629073157,0.21435203162159813,0.4294588618099471
Chair_002_02.obj,Chair_002,M,M,,0.9979849161460865,0.0005587626127073528,10.113706739473514,0.09761105400285833,0.13134883804378164,0.9523105101119503,0.9933954458201735,1.3388471979948882,0.08669737302801445,0.17066394946860253,0.42264978175571316,5.0,1.3651826969253642,0.752149451308736,0.9949169543261615,0.0002271483631687711,0.00046616640225869435
Chair_002_03.obj,Chair_002,M,M,,0.9979849266565147,0.0005587500667312506,10.156195113636628,0.09716985489668059,0.1289150478677971,0.9523118614215298,0.9933965319932065,1.3388395874683905,0.08669783467372667,0.17066485800244002,0.4226507375706321,5.0,1.365184013066004,0.7521963381388398,0.9949177972783053,0.0002271419948891832,0.0004661566463681905
Chair_002_04.obj,Chair_002,M,M,,0.9953215756662518,0.0009359678251778608,7.643868795737559,0.12828510254003514,0.21248761246837108,0.9995732493264537,0.9990059812680797,1.039532513071774,0.11270662679031114,0.18690279614171157,0.4226503001580974,5.0,1.2350689949885187,0.7274078111297283,0.999223522002932,0.0003032932019242718,0.0008157687244409007
Chair_002_05.obj,Chair_002,M,M,,0.9953214676332272,0.0009360813942445698,7.6590545546782085,0.1279769712232743,0.2086891932672594,0.9995724942772582,0.9990047352942525,1.0395292698455338,0.11270552850941283,0.18690097482688475,0.42264883898642763,5.0,1.235067004544549,0.727391896301133,0.999222553784947,0.0003033293630954772,0.0008158672498662035
Chair_002_06.obj,Chair_002,OB,SL,x,0.5488074808972909,0.4500879904984202,11.30567760156466,0.06452253026496603,0.43113483557743,0.9439273638038507,0.9621004121381115,1.1063712600724998,2.17276073310681e-08,8.963419492661068e-08,9.549208173087438e-08,5.0,0.9925170261213175,0.67278846810642,0.9717973098191829,0.13400141222617568,0.416799529166353
Chair_002_07.obj,Chair_002,M,M,,0.9405125646632422,0.04986303276420652,11.62504255388046,0.08436920687280786,0.675285558011237,0.9503919464317153,0.963041826106525,1.0404673130828492,7.409255530149068e-09,6.360654453992515e-08,2.8796049378332355e-09,5.0,1.7072485487524407,0.562116850646782,0.9727280179291707,0.013945342331278749,0.046513711006276305
Chair_002_08.obj,Chair_002,M,M,,0.9405119870134673,0.04986358977491381,12.755668858998668,0.07693639327531666,0.7415797479416247,0.9503922675755113,0.9630422750284771,1.0404670123098128,8.590482901529816e-10,2.937138901983929e-09,6.441270983259528e-09,5.0,1.707670855880323,0.5797631326695303,0.9727281492201025,0.01394548662041528,0.0465142573299329
Chair_002_09.obj,Chair_002,M,M,,0.9802118291980885,0.016674979559830935,14.745960850616907,0.06660034219824375,0.6468871212364529,0.9092487938412872,0.9817044142185004,1.0395439056697704,0.11270850193918365,0.1869059055636181,0.42265850588501824,5.0,1.1565967251829878,0.6567801374499452,0.9859463886919451,0.005781183077581926,0.013105788633265692
Chair_002_10.obj,Chair_002,M,M,,0.9802118227069554,0.016674908581266277,14.543384572262951,0.06752026640525177,0.6369044075925436,0.9092502489118962,0.9817050229697797,1.0395324114047133,0.11270746223471018,0.18690418142540907,0.4226574658279409,5.0,1.1565957306620285,0.6569071944943035,0.9859468027256211,0.0057810980939991185,0.013105766942352113
Chair_011_01.obj,Chair_011,CA,SL,x,0.5070438785674198,0.4901495807917462,6.688359712146882,0.11374519342628343,0.20348751408461768,0.7880468194526878,0.6118348468769226,1.2920009900320153,0.007895092170282874,0.06323929800823844,1.1087002727006032e-08,0.029487099260405828,1.0031329421732484,0.32117561225879243,0.8140213070352379,0.22358454391807994,0.30840347133670837
Chair_011_02.obj,Chair_011,SL,SL,,0.6775483217497251,0.3113369472030252,2.330523688190159,0.32852707813336807,0.3481315727786277,0.9601754948297596,0.9741070830617437,1.3651657005070783,0.005587885819283486,0.06289123447715685,5.440463635153492e-10,0.1367056799877456,2.774714496579001,0.4057605686785065,0.9802724392644137,0.11224289733160141,0.2924597282965526
Chair_011_03.obj,Chair_011,SL,SL,,0.6774937593982003,0.3116120131493156,2.330516280997619,0.32852777799282473,0.3481328873151218,0.9789726256665939,0.9864032306611413,1.3883212242474121,0.006084736280437779,0.06040041315243616,2.578492974691926e-14,0.1337269367508876,2.7421142800082507,0.4046453267974616,0.9894959911687606,0.1119336333132309,0.3003755322338408
Chair_011_04.obj,Chair_011,SL,OB,x,0.3272287176185662,0.6687453820639362,10.563330286728316,0.07499049819265079,0.9212279172296975,0.9999999999906538,0.999999999934722,1.424125381780467,0.4767290743514856,0.4268076109055679,0.977542734810274,0.06973187423208749,2.1637149558653563,0.5496641771799897,0.9999999999487306,0.3492020454029676,0.4465299275379993
Chair_011_05.obj,Chair_011,SL,SL,,0.1967939299211699,0.7825302469945785,6.215585848973123,0.12881600057643058,0.8635742259512902,0.7749625733525713,0.8213155028863307,1.2182437822178998,0.0020293567382069153,0.030246937177046285,2.7581958939038026e-11,0.09449042422335588,2.5262731379913697,0.4606060672017956,0.884919033231692,0.30964819905613544,0.5499675708731712
Chair_011_06.obj,Chair_011,M,M,,0.9755868610385015,0.0009956601765682565,4.583427013755612,0.20847905174750425,0.7764587472790404,0.9812430874200354,0.9949037616563651,1.0575873225949282,0.016946520863425494,0.08616146182101501,0.007810079478588694,0.27784580453638935,2.795165297577366,0.5633319789972191,0.996021418290998,0.0002759555377319106,0.0009595875210067555
Chair_011_07.obj,Chair_011,M,M,,0.9907574598663454,0.003177585253498934,7.166031255134405,0.11731512813241382,0.10607253801761186,0.904081678589331,0.9510840877141937,1.1885370015499344,2.326434230444837e-11,4.6507724175586767e-11,1.1900206930981481e-10,0.06895341038772601,1.2174635787728183,0.28590254275090254,0.9733161913182036,0.0010411608249025223,0.0028025338762585716
Chair_011_08.obj,Chair_011,M,M,,0.9907575059894087,0.0031774121104827663,6.050917655626611,0.11627463855743175,0.09389257333721894,0.9040808262471025,0.9510839687654071,1.1885332678380651,1.0910354101649015e-10,1.38806692535392e-10,4.067405190433247e-10,0.08044564709139905,1.3769230160352672,0.47967060862870664,0.9733155339567539,0.0010411020391255786,0.0028023783562780274
Chair_011_09.obj,Chair_011,M,M,,0.9907574894544248,0.0031775209333542863,6.5612182794981155,0.12821814220351657,0.09752301691566723,0.9040809034642594,0.9510836594307062,1.188531747393425,2.4688625218279488e-11,4.876283077411771e-11,1.31373695255732e-10,0.06895349329175961,1.2174643618701162,0.47384439760135194,0.9733157722421671,0.00104113647257807,0.002802474129922734
Chair_011_10.obj,Chair_011,M,M,,0.9907574964684394,0.003177539101370138,5.527863593856116,0.12706855876950882,0.08602797764293976,0.9040815419465834,0.9510849333916208,1.1885413610029159,4.103137089354429e-11,7.88105716564175e-11,2.1886049084152107e-10,0.06895349070354825,1.2174632773230218,0.4743233322590369,0.9733166383928741,0.0010411486365923214,0.0028024939625473787
Chair_011_11.obj,Chair_011,CA,SL,x,0.5973157538569034,0.2578826494401105,2.3050654524074807,0.36317643011705003,0.8042275442017994,0.9692556204322622,0.9836684157789664,1.080081170950932,0.0027860897469363637,0.04360680341695372,9.266338807378814e-11,0.1600033425726344,3.79734215910105,0.32714769118875175,0.9874165388144313,0.07310344742848138,0.246440921932313
Chair_015_01.obj,Chair_015,CA,CA,,0.8267788678590664,0.15460524745998758,4.140831080901881,0.21422406115773923,0.37619988344094096,0.760992184022198,0.6667904768082157,1.3353389391227344,0.003819941812304052,0.024906623775476398,0.007816874582565008,0.11120772705942701,2.0957457895487903,0.2490051067161041,0.8443387801323304,0.07075346903981435,0.09752766516940332
Chair_015_02.obj,Chair_015,M,M,,0.9733274681582585,0.018993441133391516,7.076022522806856,0.13175861752184598,0.18676945388795213,0.7961449862591793,0.9475113327388538,1.1086408066325102,0.008578939955809961,0.02932836464337694,0.029645558753761514,0.07679908111147687,1.3482776031192074,0.7199474107882629,0.9612935696661972,0.006403804015216135,0.014561286396237055
Chair_015_03.obj,Chair_015,M,M,,0.9733128508580601,0.019072398742778884,7.087570287739436,0.13154775639220584,0.1870804492416691,0.7965596546312459,0.9476069188682714,1.0370454597914458,0.004101456538838784,0.009249154488335977,0.023132697259666362,0.0699156971686627,1.330245799533752,0.7227080442530844,0.9613826179332173,0.006043112863951321,0.014698148010591555
Chair_015_04.obj,Chair_015,SL,SL,,0.05132471192143439,0.9409961731065695,6.205893493211235,0.1156853543737365,0.4250487389051571,0.6245284946386345,0.2380845326205313,1.3899760972346413,0.02416944241069283,0.06396350557382688,0.09475257073220263,0.12308062130500758,1.3046774519030415,0.13336596435164919,0.7416787152683899,0.5563278912819452,0.35245646708556944
Chair_015_05.obj,Chair_015,M,M,,0.9930009500202196,0.0024572545255084053,6.001902180122548,0.12757132356503564,0.0735267970052334,0.9006460938546641,0.945815286781787,1.217843803798569,0.001259973451307652,0.0022299863927411206,0.0043168724987656445,0.05173717970172709,1.3268727149491462,0.5748110691857601,0.9632210955399607,0.0008321678806528732,0.002150224211050508
Chair_015_06.obj,Chair_015,M,M,,0.9930380495155209,0.002369656659612186,6.001288241927452,0.1275706704096245,0.07352203299808201,0.9086711327431318,0.9436539249553794,1.336630223800343,0.024725887399349868,0.12000548547850734,0.06670989865113133,0.051358206153746436,1.3263764265787923,0.5563525271553162,0.9628486341169937,0.0009070637955547593,0.002024211529943752
Chair_015_07.obj,Chair_015,M,M,,0.989877956169893,0.005631938788142621,11.502148696163788,0.08479971289222467,0.20084158631275043,0.8110863818189361,0.9476804948431611,1.231796250108486,0.019584925244292256,0.05555043822782176,0.13837920363915474,0.0721110717586204,1.791198109529342,0.6555228111165562,0.9644532239599067,0.002128508092815696,0.004279239610917914
Chair_015_08.obj,Chair_015,M,M,,0.9890784198538435,0.007764887810652748,16.638344748070036,0.05706453303864079,0.1649134288220154,0.7686595879831319,0.9636910783160922,1.1231276062976399,0.006713484317183865,0.01962033374212998,0.03284168266079285,0.038133564429362415,1.4236993599423047,0.6424266573292837,0.9733735141361418,0.0026523937717816788,0.005800450499433268
Chair_015_09.obj,Chair_015,M,M,,0.990206852224124,0.00528906272492351,11.49989404096008,0.08481491641397708,0.20078863945106679,0.8128778377130154,0.9473927044261131,1.1995770301453577,0.02588140585742087,0.07506934121062847,0.16697435266210567,0.07187781947257824,1.7903733832668631,0.6540999501942151,0.9643004985111685,0.001979265656999911,0.003988229672640568
Chair_015_10.obj,Chair_015,M,M,,0.9897327452769643,0.007117508987534613,16.63476071921412,0.0570768375362261,0.16493125922333368,0.7710720150791477,0.9639057495932304,1.113452492531672,0.0069658450039036006,0.020056715309603918,0.03558586332884526,0.03798695409590553,1.4225825643265055,0.6604758093845341,0.973546407364014,0.0024124977430437255,0.0053306321600644045
Chair_018_01.obj,Chair_018,SL,SL,,0.46225621659643157,0.5200158022636223,5.702328603781587,0.1431452784024683,0.8823290403550171,0.9881910614089184,0.9241178471276772,1.4801318294558656,0.050221397669654146,0.06930591454698834,0.18685152775232305,0.13197713962292473,1.873561680842537,0.07794363033705781,0.9553415924759006,0.2173078299736486,0.46727506444586936
Chair_018_02.obj,Chair_018,M,M,,0.9940011767253999,0.00047103931712189697,5.272000847035297,0.1811438069335859,0.20041990845234095,0.7475750674669576,0.9418207972850184,1.2481333024000267,0.06404243334528385,0.053651496674877765,0.13550149418148028,0.16133283785919175,2.3423654464135986,0.4710841162414333,0.958828434665471,0.0001883818158767187,0.0003265036579887161
Chair_018_03.obj,Chair_018,M,M,,0.9940011933566113,0.00047100110594298445,5.272001377014451,0.18114379032606936,0.20042001149722646,0.7475750452504264,0.9418208192774059,1.2481420841323683,0.0640425685584036,0.05365220964636259,0.13550130679903408,0.1613328730441436,2.3423655847064992,0.47108792935362215,0.9588284597229313,0.0001883675847110766,0.0003264771399368308
Chair_018_04.obj,Chair_018,M,M,,0.9940010782854447,0.0004711476916948345,5.272001377014451,0.18114379032606936,0.2004214203964366,0.7475674922170314,0.9418183020331193,1.2481586048536033,0.06403882215019854,0.0536496197738749,0.1354914685414424,0.16133134569814436,2.3423605105397085,0.4710938794827419,0.9588267070485892,0.00018842847395613698,0.0003265760315830296
Chair_018_05.obj,Chair_018,M,M,,0.9939906847442245,0.0004886020003545248,5.272000847035297,0.1811438069335859,0.20042250826066568,0.7488858369334342,0.9417476234274346,1.2453667490132212,0.06404777201609953,0.05362993222400055,0.13506285608646268,0.18121996561608858,2.482212794022354,0.41613669428524436,0.9589787621542059,0.00019491208316156782,0.0003392901645674985
Chair_018_06.obj,Chair_018,M,M,,0.9924948158520325,0.006994514230850175,31.984161946294197,0.031126359983035062,0.811737401303847,1.0,1.0,1.2003526503299058,0.17591267271712793,0.13569153752169655,0.3173527970166571,0.03394093193736548,0.8340376827307228,0.0,1.0,0.002487924386685563,0.006216607304864674
Chair_018_07.obj,Chair_018,M,M,,0.9924948158520325,0.006994514230850175,31.984161946294197,0.031126359983035062,0.811737401303847,1.0,1.0,1.2003526503299058,0.17591267271712793,0.13569153752169655,0.3173527970166571,0.03394093193736548,0.8340376827307228,0.0,1.0,0.002487924386685563,0.006216607304864674
Chair_018_08.obj,Chair_018,M,M,,0.9813415051377293,0.017409691752880305,17.797146920258832,0.055558074585885936,0.7092215202771012,1.0,1.0,1.2028783522298376,0.17794536123438592,0.13866367116354897,0.3370030582033265,0.04215340010246748,0.7472897327265631,0.0,1.0,0.006244100719406052,0.01539236097833523
Chair_018_09.obj,Chair_018,M,M,,0.9813415051377293,0.017409691752880305,17.797146920258832,0.055558074585885936,0.7092215202770976,0.9999999999999998,1.0,1.202878352229838,0.17794536123438598,0.13866367116354902,0.3370030582033265,0.04215340010246748,0.7472897327265631,0.0,1.0,0.006244100719406055,0.015392360978335224
Chair_019_01.obj,Chair_019,OB,OB,,0.8936432431177443,0.06307044592013632,3.2289212446123083,0.2746993820146123,0.8468418202374044,0.9885171588263874,0.9477817600565701,1.1588805078032105,0.01966216781048061,0.01908250792899632,0.05353215140920332,0.07166674164899577,2.73777057988908,0.136601667410312,0.9718100104425055,0.01969969057184474,0.059714578479383155
Chair_019_02.obj,Chair_019,OB,OB,,0.8936425669364352,0.06307084715136958,3.228893042913763,0.27470126960755714,0.8468430374901107,0.9885177899857635,0.9477867317870048,1.158870575774269,0.01966415993156743,0.019084311830600723,0.05356337983601984,0.07166703209979236,2.7377867222314944,0.1366090329931086,0.9718121102258009,0.01969979949133497,0.05971473482130033
Chair_019_03.obj,Chair_019,OB,OB,,0.9434007375805981,0.055520209209823354,27.924284052292233,0.03468067022417125,0.9895337646279541,0.997344112339033,0.9963203691467154,1.2986781404025418,0.0011592072218694432,0.007232293239133877,0.0005359026508110487,0.03155130994550382,3.106686394497312,0.1505090398341053,0.9977803881777046,0.01813804362342697,0.0552037749426628
Chair_019_04.obj,Chair_019,OB,OB,,0.8124882327541757,0.14722081021777464,3.2094233798399783,0.26406405255961996,0.8788695008437767,0.7618314586789424,0.8127425967865024,1.469371131061229,0.014261892775389936,0.03490683231787315,0.08716749426440577,0.05951168179609223,2.691817727007348,0.24620798156792367,0.8816193059176273,0.06963081279815944,0.09918678457240582
Chair_019_05.obj,Chair_019,OB,OB,,0.8483670931925028,0.1082801437907948,3.20944734864789,0.26406221798702867,0.878876052512223,0.7810706937641777,0.8311168612627704,1.572163973896811,0.008286699577356475,0.017941748454434782,0.045742712398158074,0.05492261423377823,2.5302794037977043,0.2515392403474054,0.8913282138215501,0.05250296384876549,0.07643849923038619
Chair_019_06.obj,Chair_019,OB,OB,,0.23022647475280514,0.7076601340073602,3.397693464538457,0.2073178576265253,0.9438750681477338,0.8534331001794836,0.8443573332485953,1.092914795245841,0.016694877372679894,0.01860296989139677,0.05001532610951807,0.04586629776857678,2.244447255269702,0.1361065214528288,0.9023045780906435,0.2463844805493018,0.5484477462983498
Chair_019_07.obj,Chair_019,OB,OB,,0.24924241335629946,0.6862301440943714,3.3976975966332654,0.20731773252445976,0.9438755848068713,0.9379729980364071,0.9147094115313534,1.1411667814914814,0.023998358889823157,0.03751735303483726,0.06714190980984056,0.04588734974992168,2.2451877812022887,0.13912262767158895,0.9461016491567309,0.22627362897321537,0.6024634832889034
Chair_019_08.obj,Chair_019,OB,OB,,0.8414178044079383,0.15764646044969172,28.54511459391533,0.032241774586609796,0.9862348016402218,0.97458957377233,0.9865723942713138,1.7510090396011713,0.0006545735511565129,0.004486178010310645,3.3306690738754696e-16,0.022170663001484743,2.712655154425342,0.3477390479028977,0.9899544766186876,0.07041956654634558,0.15250602365132865
Chair_019_09.obj,Chair_019,M,M,,0.9336624972277012,0.0019573104240648252,2.7714707719308227,0.3213947386546362,0.7364511551975124,0.968218753017878,0.918326812956142,1.1107700873851438,0.02143089172829427,0.026139336377718345,0.08371604515972672,0.42864130314844523,1.2016192707407014,0.18886106624132026,0.9523916804239562,0.0006171820849169243,0.0017745242539957647
Chair_019_10.obj,Chair_019,M,M,,0.9336625099371314,0.001957297738735478,2.7714707719308227,0.3213947386546362,0.7364511579179045,0.9682187529974531,0.9183268130407409,1.1107682812406166,0.021431033762112604,0.026139308534075156,0.08371604515972805,0.4286413045731128,1.2016192730472883,0.18886106603667716,0.952391680503247,0.0006171772220479791,0.0017745127144902053
Chair_019_11.obj,Chair_019,M,M,,0.9336624977626928,0.0019603106050273687,2.7714707719308227,0.3213922410347782,0.7363653069182345,0.9682187565584489,0.9183268112463668,1.110736415719594,0.021424501020071207,0.02613251209141143,0.0836713847679738,0.4286412735186924,1.2016192228337002,0.18886105601747763,0.9523916790421855,0.0006181009171967244,0.0017772641135938567
Chair_019_12.obj,Chair_019,M,M,,0.9336625104733378,0.001960297917269026,2.7714707719308227,0.3213922410347782,0.7363652080193295,0.9682187565380242,0.9183268113268835,1.110734609505447,0.02142464481061132,0.02613248744917363,0.08367115386702871,0.4286412748745982,1.2016192250289242,0.18886105582068916,0.9523916791169845,0.0006180960078136505,0.0017772526544767217
Chair_019_13.obj,Chair_019,M,M,,0.9977819879850014,0.0012727727693513107,28.666301742082563,0.03477917802807164,0.946569110632163,0.9982361185795835,0.9998390587019734,1.1408301800159917,0.008524423457137744,0.024573943165163883,0.06829699444519254,0.0565757665259624,2.1647933371306087,0.724507226967899,0.9998736216820946,0.000375105070391454,0.0012472746517253502
Chair_019_14.obj,Chair_019,M,M,,0.9977420096648566,0.0013246731670778346,28.670106161688437,0.03477456853791775,0.9465898325761353,0.9814426190969288,0.9982255901791607,1.1847237955458163,0.008547700397224888,0.02484445951995559,0.06926903958736202,0.05657366682249401,2.164789909492909,0.7134732975911335,0.9986098325429423,0.00041011181576556177,0.0012749650920564762
Chair_023_01.obj,Chair_023,SL,SL,,0.06265191604268704,0.900365078731655,2.848212813763659,0.25210379975298447,0.3153937296376741,0.8153972379316244,0.6580411266507192,1.2051463212604092,0.0053372662962733065,0.025237848937516554,0.0280822734084705,0.2679629860015269,2.468371880192803,0.1127182889643596,0.826676713178408,0.37847031600637604,0.6027228780729497
Chair_023_02.obj,Chair_023,CA,CA,,0.6127653347478528,0.3820720203749827,2.584162167225655,0.2676569462269092,0.1334638748036244,0.5703721698146079,0.36628724818811187,1.054777290920277,0.007834236580849049,0.03513432769037934,0.039173548786167134,0.22482584804644862,2.6152980319474617,0.3045277704211507,0.7511531146327033,0.18675778945950522,0.14684857915489483
Chair_023_03.obj,Chair_023,CA,CA,,0.6155116334251208,0.379307605963982,2.584158732705292,0.2676572442617854,0.1334636447426675,0.5706171305153579,0.3672279784305402,1.0321145099305506,0.008373319566271936,0.03741280898786631,0.040287239880916745,0.22482868147142698,2.6152866973553257,0.3044291995588906,0.7513242199295669,0.18328980334867415,0.14586005909281463
Chair_023_04.obj,Chair_023,SL,SL,,0.14406064232220528,0.8462388883390024,8.17086420474984,0.09133928331874232,0.5674051474625278,0.8375203807976075,0.7210312213318126,1.3429499652193981,0.004202089562321109,0.028492124014882443,0.018636862686751403,0.1730685540536188,2.227771679177137,0.1281503211244759,0.8502709892938943,0.3694257647596377,0.6049899643019208
Chair_023_05.obj,Chair_023,CA,CA,,0.4305140895418016,0.035317438827221354,1.117537228244712,0.5450156358592149,0.4484123085307723,0.7180520891232355,0.7341478249794942,1.1620554026089078,1.535941853951618e-08,1.0761580647121093e-07,4.722119302247302e-08,0.26769508637913597,2.7005623528269798,0.0829101111245945,0.8578534786769844,0.014413161569578567,0.02198878639545489
Chair_023_06.obj,Chair_023,M,M,,0.9895770381438985,0.005873227433573328,1.0931224376265642,0.5592371908492229,0.028896182408348736,0.8718057449875899,0.9037312950355039,1.0241323274563088,7.994844666769448e-09,4.6576988277264705e-08,2.2580829550644612e-08,0.36429645120933246,3.6665045559817533,0.36384471920093964,0.9484258095615814,0.0017845706002185696,0.00487385039011007
Chair_023_07.obj,Chair_023,M,M,,0.9895776491625149,0.005876478297393319,1.0933082887941525,0.5592024101452387,0.028902868686520703,0.8720411410586091,0.903808508232742,1.0235975100877164,7.887163603954958e-09,4.6483116542438587e-08,2.3798055803769813e-08,0.3642241702138513,3.6662648571077954,0.3651217312361081,0.9484729142274682,0.0017843864171975987,0.004878062648523964
Chair_023_08.obj,Chair_023,M,M,,0.9895892645790005,0.005859972811457174,1.0931207051439846,0.5592385548137182,0.028896248439244945,0.8717867781551586,0.9037287613103804,1.023502985665098,7.572576365946653e-09,4.47453601626242e-08,2.258317115533254e-08,0.36429396907406886,3.666501771239001,0.3624476650999066,0.9484242351971832,0.0017796470625392716,0.0048627388832032945
Chair_023_09.obj,Chair_023,M,M,,0.9895750419363606,0.00586923636522279,1.0929355117423674,0.5592732097821546,0.028889597259860476,0.8713516100632992,0.9036536355460943,1.024033581246117,7.755076899369027e-09,4.711488184320724e-08,1.7199284085833735e-08,0.3643762903856792,3.6667403010345225,0.36519295966035586,0.9483696425693404,0.0017838639302276036,0.004867802730839626
Chair_023_10.obj,Chair_023,CA,SL,x,0.3326261460355566,0.5203858277170742,1.2690683666433813,0.5057379901693598,0.33953413116026265,0.8087596933368533,0.59310483250658,1.217264365707266,0.005585382858098338,0.023220994950540596,0.031367602359965475,0.28336927093131414,0.5673304413351077,0.028434997884339504,0.8052439898998252,0.22787103343354148,0.33183877565975434
Chair_026_01.obj,Chair_026,SL,CA,x,0.7611462155459634,0.2298513249389545,5.144127664920655,0.17092026981837585,0.3658951232590321,0.8983228690403383,0.8415782355474674,1.1355104709178725,0.01775725164656849,0.11897763058155383,0.002490555240454037,0.19680041937166234,1.1402574014798945,0.27108118317162694,0.9065436454440541,0.0807315264186161,0.18661208157397882
Chair_026_02.obj,Chair_026,SL,SL,,0.3597933212517233,0.6209210186908077,5.489915847885692,0.13276689329463084,0.47574657634439016,0.9409523271766964,0.8339204497991549,1.0767745159313582,0.008980333557754272,0.08927477524451004,0.00011586279806210525,0.21291835107940002,0.8000891368542996,0.07243204919929334,0.9049983190037356,0.2027570316723965,0.5289076251578163
Chair_026_03.obj,Chair_026,SL,SL,,0.41322610056197695,0.5792848862842979,7.587083469643149,0.09932595868105326,0.5245029191454348,0.9540630349973251,0.8818533257204303,1.0200381022794027,0.004586960221345526,0.06051182844659808,5.060436421455711e-07,0.19417667984279463,0.7586416957897858,0.20108325788203796,0.9281661254861026,0.17197659077833644,0.5156750294357232
Chair_026_04.obj,Chair_026,M,M,,0.9982477595084823,0.00013832504920022624,6.1014448878907785,0.1594926860915249,0.0352803838932611,0.9742660427386294,0.9856713143945427,1.621939510898327,8.988114900912748e-05,0.0015168717784275415,2.1774191494294704e-08,0.14311016826465797,2.855182018224925,0.4405083852216816,0.9920345213213048,5.727742405544147e-05,0.00013377241797633257
Chair_026_05.obj,Chair_026,M,M,,0.9978187781683024,0.00024311794750303306,6.110512905881534,0.1592537229169277,0.035269728470704365,0.9921083216565789,0.9864315907005734,1.5076511884269772,0.0016929561871457243,0.027023178871854302,2.236528506838197e-08,0.14316256574240133,2.8550613488929186,0.4469686542613931,0.9927055767757058,9.322543493486138e-05,0.000238682798223025
Chair_026_06.obj,Chair_026,M,CA,x,0.8348954680929267,0.16450244884204643,5.8498610057954465,0.14670709823983644,0.15789676091950577,0.754384618939282,0.8071665365245693,1.3188539524630212,0.0020448390854822755,0.035792406920999,1.5368586714359358e-08,0.07026681349821247,2.792543359744155,0.10736557265765326,0.8865432759083365,0.07027479518484565,0.11159116686601726
Chair_026_07.obj,Chair_026,SL,SL,,0.3243834840445775,0.6748601440674764,25.7609651703553,0.02873819647455153,0.8615334030604044,0.9328190556771293,0.8267581658588187,1.0698696673448458,0.0040116417725115415,0.05306375831400097,2.2792776157437578e-05,0.09762637468207384,2.0462086290917827,0.05213165166566913,0.9079400764490919,0.2189034753424735,0.5707723986008978
Chair_026_08.obj,Chair_026,SL,SL,,0.32372938107367094,0.54811917978917,1.7634931840995125,0.37291069738422333,0.42091351504876073,0.9310482349727839,0.8140331844884237,1.099141193196588,0.013305017341316403,0.10660851937608877,0.00020071121485827227,0.1810713552947701,0.8157504163078455,0.06466990187470548,0.8954259465233475,0.18636275430435564,0.45560899145399597
Chair_027_01.obj,Chair_027,SL,SL,,0.14385302721621884,0.8356743307336004,4.166396165332343,0.20694109613072,0.32759942889897603,0.8448986105731909,0.8192249728593772,1.3119359435543996,0.005781497979863659,0.05091502613879521,4.1019248475882005e-06,0.056575501513916646,1.2825726290426211,0.6197572078778598,0.88810172086842,0.33977995165039687,0.6375032786164693
Chair_027_02.obj,Chair_027,M,M,,0.9918369824984443,0.006598414020027922,11.366674907422345,0.08714083780276215,0.24434418519814424,0.638191616363871,0.8737119330588742,1.2110275345407575,0.0008248929685294189,0.019250540734388148,6.435828355522144e-07,0.3306481596889593,4.239931902061567,0.1459828511498504,0.9194401690218144,0.0026883334040606957,0.003935086370368685
Chair_027_03.obj,Chair_027,M,M,,0.9918136611041217,0.006626509176221639,11.366674907422345,0.08714083780276215,0.24434418659117407,0.639204283719393,0.873951451799198,1.1980385230136348,2.440470863354716e-07,2.8513285222836574e-06,1.3153432144585812e-07,0.3348335523247948,4.268144485689319,0.1452995880359727,0.9195868827301911,0.0026680859691678234,0.003968739883234523
Chair_027_04.obj,Chair_027,SL,SL,,0.009747206298242399,0.9864285475118019,12.651398649171439,0.056486023957023054,0.8501053528308642,0.8421475766452134,0.65736342439334,1.2403689462733267,0.08074132005067933,0.22455220261071235,0.7852709449831043,1.0899854203505834,0.5763427521124498,0.01466466164405096,0.8311997977195336,0.5109746342698608,0.5512351973222112
Chair_027_05.obj,Chair_027,M,M,,0.9556410264080302,0.03868764557043217,5.700999089663582,0.13773106426176576,0.24559080191854155,0.7075900890233339,0.6600935497415107,1.1795739869412813,0.00029932226455639836,0.011224919320081937,2.5417588309206625e-06,0.892924392797406,3.711573811319075,0.03740486715869421,0.8450049607881531,0.016571415990863893,0.022689441853908716
Chair_027_06.obj,Chair_027,M,M,,0.9556410264080305,0.0386876455704319,5.700999089663582,0.13773106426176576,0.24559080191854113,0.7075900890233339,0.6600935497415106,1.179577883940441,0.00026462418908783917,0.010598865816755542,2.620859658986059e-06,0.8929243927974057,3.7115738113190746,0.03740486715869454,0.8450049607881528,0.01656982274596503,0.02269135765894305
Chair_027_07.obj,Chair_027,M,M,,0.9934964055634536,0.002295616266705655,10.805599734705336,0.09107774581658401,0.363185455660483,0.7684107359984037,0.9263803606370202,1.0687589520031078,0.00224626950378636,0.04321404906562471,2.293003949344061e-06,0.4007985824336472,3.3528548616229292,0.34726418919021174,0.9484692849393519,0.0007694396097193968,0.0016891980467392087
Chair_027_08.obj,Chair_027,M,M,,0.9935093850147052,0.0022916521419496425,10.805599734705336,0.09107774581658401,0.36318545566048344,0.768242908962992,0.9263462978281244,1.0687286522146637,0.0017340361850354444,0.04144436123318317,2.1919604715148192e-06,0.4007985823644,3.352854861515615,0.3472640640376378,0.9484459161242504,0.0007678340209304103,0.0016864101401871283
Chair_027_09.obj,Chair_027,M,M,,0.769598346005165,0.227841342212196,4.128623312602966,0.2127998742911443,0.23858446557137258,0.8890471682983089,0.794314380432533,1.4332700461865362,0.004782355610102794,0.04677759402022441,1.5848582972655304e-07,0.28183543985656445,2.608633395260281,0.0963786286531555,0.8934039909175179,0.09812953307832421,0.1805149784809594
Chair_027_10.obj,Chair_027,M,M,,0.7691359819408844,0.2282995005933275,9.164011573812754,0.09632771077302274,0.49473090654563096,0.8890478776321217,0.7943179067609039,1.4331377121650537,0.003518537543433207,0.03898183019336884,1.352437207446934e-07,0.28183588855834346,2.6086342541924354,0.09631567516161882,0.8934047149523309,0.09818264513616806,0.18109619109238867
Chair_027_11.obj,Chair_027,M,M,,0.7283206817022256,0.2686621950310886,12.744861625886518,0.06807448955263885,0.7432108487843899,0.8890903385179834,0.7904703912266436,1.4192839298890778,0.003936640456609806,0.04183341875662131,1.5097725081236748e-07,0.29355568950105376,2.537756492392084,0.09512486876893694,0.8920768708652941,0.11487455052639546,0.2125747883172969
Chair_027_12.obj,Chair_027,M,M,,0.7691359819927226,0.2282995005424417,9.164011573812754,0.09632771077302274,0.494730906545631,0.8890480729372056,0.7943180146248933,1.4331261664032082,0.0035784629882922143,0.03937698340311428,1.3444801933992788e-07,0.28183588855834574,2.608634254188786,0.09631567171371865,0.8934047823720028,0.0981888066160915,0.18108533766048152
Chair_028_01.obj,Chair_028,M,M,,0.9538462634428024,0.021106822836542315,5.090376709827083,0.18700167541609294,0.40822685277382953,0.723461974494489,0.6996189237262198,1.1307073930306075,0.006169212151143088,0.05770288714430693,2.667538020195702e-07,0.34138753458424476,3.474530055575822,0.21664555619559847,0.862917121558132,0.008606313549464374,0.012868968047606835
Chair_028_02.obj,Chair_028,M,M,,0.9922353057446139,0.006329366919348922,9.267775992075089,0.10624669556065244,0.16377557941048385,0.652816821539453,0.8806303098766249,1.0830450941007084,0.000310923923082361,0.004085167133879799,2.7233625898847786e-07,0.25264734969488445,3.642945388374142,0.19096195287826276,0.9222006027104372,0.00234221911828335,0.003883108724783414
Chair_028_03.obj,Chair_028,M,M,,0.9922353057446137,0.006329366919348948,9.267775992075089,0.10624669556065244,0.16377557941048385,0.6528168215394535,0.880630309876625,1.0833110763514413,0.00021183664918809767,0.0033922567763334304,2.5049320800940546e-07,0.25264734969488434,3.6429453883741423,0.19096195287826417,0.9222006027104372,0.002342310997554443,0.0038835126349486934
Chair_028_04.obj,Chair_028,M,M,,0.9566954787743145,0.03938467822578437,1.6934866050550763,0.3980269884537173,0.04256487592102211,0.6960928126500772,0.7361638620869102,1.13957150662968,0.00013345826613404504,0.0018485047150224093,5.619875056428469e-07,0.24803988699600601,3.427130476759955,0.0754698428595603,0.8682613554296479,0.01595622176571147,0.02379274841651145
Chair_028_05.obj,Chair_028,M,M,,0.9630514124226845,0.032956121355547145,1.7451044862655634,0.38795003630573416,0.041967574322988775,0.6840423090729464,0.7462307624436121,1.1127026018328874,5.7295572655607835e-05,0.0009159470931220306,3.2604206599007193e-07,0.2674648883316184,3.522805203618073,0.08129182780054639,0.8710898204644139,0.01314393581670142,0.019680520792057937
Chair_028_06.obj,Chair_028,SL,SL,,0.09403864395362388,0.8954075222402769,9.582356655808548,0.07452638037666241,0.6426774352406903,0.8507118040087011,0.6701796464019689,1.0046276798212896,0.012424498096549106,0.07485664138285213,0.00040795059011349835,0.26309984252777163,0.6434272588011423,0.02164513997497028,0.8356886196176896,0.32318910559427133,0.6287289121938919
Chair_028_07.obj,Chair_028,M,M,,0.9905731844883062,0.0017630924685498631,8.70715465043073,0.11248974488671454,0.26764722963328846,0.8626102872900591,0.9458124903667414,1.0095149129848429,0.00734090604838261,0.059385531937192475,3.1319932152773387e-07,0.29227716234012807,2.8148296703935607,0.4521231829241343,0.9615213554618017,0.0005255964659571762,0.0014667711328571168
Chair_028_08.obj,Chair_028,M,M,,0.9905731844883066,0.001763092468550086,8.70715465043073,0.11248974488671454,0.2676472296332885,0.8626102872900591,0.9458124903667415,1.0095150214261825,0.006808010893446936,0.05694053501690503,3.124588656144831e-07,0.2922771623401284,2.814829670393561,0.4521231829241138,0.9615213554618021,0.0005252448813457421,0.0014673613400755365
Chair_029_01.obj,Chair_029,SL,SL,,0.12885513837877594,0.838943109461059,2.8058120601269003,0.26084853104852623,0.36282454811912085,0.951618972535053,0.8608231426350198,1.1007035768645603,0.002098458879366026,0.011900639967935901,0.006593019530691441,0.34176282082586495,0.6936177143064659,0.06615603327881764,0.922571860237857,0.2675637537294865,0.7404407613130143
Chair_029_02.obj,Chair_029,SL,SL,,0.01714674622902984,0.9804307332026364,9.434715819905668,0.07483397226540395,0.3822578449797716,0.8890392461997179,0.7315158530676884,1.3014137988024723,0.1600893085961351,0.18196704084360177,0.41856050997013483,0.23199835262369406,1.9615026166582057,0.02526997518450692,0.8632468705821958,0.46626148044240995,0.653152569328824
Chair_029_03.obj,Chair_029,M,M,,0.9425100992173002,0.041987484448869364,3.270540475405916,0.27611744718043746,0.31548299605328295,0.9889056507650698,0.9798736974347548,1.4745512672418222,0.025509082819384122,0.09754765009021087,0.26432625463620385,0.271057318978532,1.9617363936753327,0.4750877684710564,0.9864135588307309,0.01724321003154258,0.03824616922899939
Chair_029_04.obj,Chair_029,M,M,,0.9918978524268567,0.0027235458603641124,6.1882566086402235,0.1558158635278309,0.20969154870126516,0.9935722801010035,0.9835472996020944,1.503268079567332,1.5975116075425943e-06,1.146966916412811e-05,3.1233847887167994e-06,0.3293325944126951,2.8112305494325143,0.3241237298123968,0.9903051209326277,0.001037741430294163,0.002683772565919208
Chair_029_05.obj,Chair_029,M,M,,0.9341540313663567,0.04973378159289525,1.9714996667921842,0.3421125847118315,0.09416407936491417,0.6454429508117867,0.7041208932684646,1.4158550555480443,0.0013331308446344991,0.03274318752246692,4.3628181658483497e-07,0.2953433567941772,2.6637536487144433,0.3526943992310145,0.8520522520787986,0.02454920849411795,0.027233081963403304
Chair_029_06.obj,Chair_029,M,M,,0.9425100992173002,0.041987484448869364,3.270540475405916,0.27611744718043746,0.31548299605328345,0.9889056507650698,0.9798736974347548,1.474551267241721,0.025509082819384136,0.09754765009021087,0.26432625463620385,0.271057318978532,1.9617363936753327,0.4750877684710564,0.9864135588307309,0.017243210031541514,0.03824616922899939
Chair_029_07.obj,Chair_029,M,M,,0.9918978524268567,0.0027235458603641124,6.1882566086402235,0.1558158635278309,0.2096915487012659,0.9935722801010032,0.9835472996020944,1.5032680795673319,1.597511607536858e-06,1.1469669164115739e-05,3.123384788850026e-06,0.3293325944126951,2.8112305494325143,0.32412372981239684,0.9903051209326277,0.001037741430294163,0.002683772565919207
Chair_029_08.obj,Chair_029,M,M,,0.9341540313663567,0.04973378159289525,1.9714996667921842,0.3421125847118315,0.0941640793649143,0.6454429508117867,0.7041208932684646,1.415855055548028,0.001333130844640617,0.032743187522510896,4.362818166292439e-07,0.2953433567941772,2.6637536487144438,0.3526943992310144,0.8520522520787986,0.024549208494117913,0.027233081963403124
Chair_029_09.obj,Chair_029,M,M,,0.9909078999146645,0.005110248766755532,6.728909023234089,0.14423530647928634,0.2992507208724207,0.9643568618340984,0.9525315393064882,1.7854923329092987,0.0023899910130414856,0.048794705517613675,1.1469427436128191e-07,0.3229929902298954,2.6127165311160376,0.3729449494455738,0.9734918432053369,0.002390865699487033,0.004779781597411884
Chair_029_10.obj,Chair_029,M,M,,0.9722447647461478,0.014328481623155184,2.267438908205505,0.34809141048884357,0.09862613931636648,0.6174664607527585,0.7060668031670956,1.9351409806385578,0.0009278886795104392,0.01899362406831719,2.540377646020873e-08,0.32019452201626925,2.4659430658896397,0.3062567043702814,0.8520880618746097,0.008995951168401125,0.00752794703188132
Chair_029_11.obj,Chair_029,M,M,,0.9945697272384607,0.00029335781142155967,3.7093643659205093,0.24638786246716343,0.0776426378646429,0.9840901742632214,0.9786734922945397,1.4619275713549356,0.000410424452092518,0.006812050106475491,1.2234918078668491e-08,0.2901643514791446,2.8317921842279925,0.38831746349514273,0.9870741107786247,0.00010979308723128099,0.0002853484441241273
Chair_029_12.obj,Chair_029,M,M,,0.9909078999146645,0.005110248766755532,6.728909023234089,0.14423530647928634,0.2992507208724207,0.9643568618340984,0.9525315393064882,1.785492332909292,0.0023899910130414813,0.048794705517613675,1.1469427445565087e-07,0.3229929902298954,2.612716531116037,0.3729449494455738,0.9734918432053369,0.0023908656994870246,0.004779781597411883
Chair_029_13.obj,Chair_029,M,M,,0.9722447647461478,0.014328481623155184,2.267438908205505,0.34809141048884357,0.0986261393163664,0.6174664607527587,0.7060668031670957,1.9351409806385826,0.0009278886795109373,0.018993624068327903,2.5403776471310958e-08,0.3201945220162692,2.4659430658896397,0.3062567043702814,0.8520880618746097,0.008995951168401224,0.007527947031881313
Chair_029_14.obj,Chair_029,M,M,,0.9945697272384607,0.00029335781142155967,3.7093643659205093,0.24638786246716343,0.0776426378646423,0.9840901742632215,0.9786734922945397,1.4619275713549251,0.00041042445212620594,0.006812050107034725,1.2234918189690794e-08,0.2901643514791446,2.831792184227993,0.3883174634951428,0.9870741107786245,0.00010979308723129135,0.00028534844412410565
Chair_032_01.obj,Chair_032,CA,SL,x,0.8915093175186036,0.07955693496494808,2.9007986074449392,0.30401021693591457,0.5343594431945126,0.9603218324931787,0.9130481142905417,1.1447462383051623,0.0009462726622054981,0.0026119189534504457,0.0020930807685111187,0.20071198450993433,3.073572702570511,0.2584145422726136,0.9481687105383294,0.02509186119168347,0.0730121351323041
Chair_032_02.obj,Chair_032,M,M,,0.9972411217932121,0.0015805824797758027,26.19359958289126,0.03625575374814374,0.17445571020645065,0.9523318456802696,0.9672668286782997,1.2284737844058278,5.991531371492779e-05,0.00043864648804889123,4.030688494083272e-09,0.18177757848330786,3.398463516125063,0.10234478283514477,0.9805289601036393,0.0005129233035719238,0.0014805066984145052
Chair_032_03.obj,Chair_032,M,M,,0.9972411217932128,0.001580582479775187,26.19359958289126,0.03625575374814374,0.17445571020645048,0.9523318456802743,0.9672668286783003,1.2284781969609337,4.794633755823632e-05,0.00039318266897251145,4.221596072717659e-09,0.18177757848330756,3.3984635161250627,0.10234478283513973,0.9805289601036395,0.0005129189006755,0.0014805182138217829
Chair_032_04.obj,Chair_032,SL,SL,,0.3139297084710515,0.6856359700231898,13.463854487396501,0.05341843968547628,0.432942803711318,0.8621386967065312,0.8105765658932521,1.5710048905486937,0.020815730815628177,0.0995189901772119,0.05939842406922074,0.23742692318443978,3.6470205446401844,0.033963279275977594,0.8871603223731019,0.32886125174285186,0.5201645315396385
Chair_032_05.obj,Chair_032,M,M,,0.988532638150963,0.006179158214159761,7.960089196523373,0.12310458999991053,0.2410791716225155,0.9616290898581921,0.9828774080639614,1.6011582086802751,0.00014952763910297838,0.0006917909587319103,1.2936993434298216e-06,0.1108491651717172,2.291536901511335,0.4127623925105336,0.988903265590974,0.002547377024895055,0.005890521455247096
Chair_032_06.obj,Chair_032,M,M,,0.988532638150963,0.006179158214159763,7.960089196523373,0.12310458999991053,0.24107917162251566,0.9616290898581917,0.9828774080639607,1.6011808270469534,0.00014766519162247898,0.0006832394625865744,6.423132250521484e-07,0.11084916517171688,2.291536901511335,0.4127623925104998,0.9889032655909736,0.0025474072534630602,0.005890530440146408
Chair_032_07.obj,Chair_032,M,M,,0.9029223513740666,0.011600557339428495,5.3141244921828585,0.17864814034077697,0.4179419103243854,0.8328814588316862,0.8931843938492108,1.368827360485425,0.040001886236365185,0.12221352978108271,0.24944636339883416,0.09947992862019243,1.6740553901831239,0.5306895108622212,0.9326911416819671,0.005079099455497913,0.008485845388499136
Chair_032_08.obj,Chair_032,M,M,,0.9007092397340558,0.012962993244660706,5.3141244921828585,0.17864814034077697,0.4179419103243854,0.8349592833067452,0.9008826985733072,1.3733386699057892,0.02773174603024051,0.091845247183564,0.24234101105040873,0.10114273837783924,1.675838765416506,0.5353980736935771,0.9373146610288859,0.005613159678968843,0.00962054164844231
Chair_032_09.obj,Chair_032,OB,OB,,0.9370411348832083,0.043310162360170656,7.628426813318372,0.12669169315479767,0.8719886773818422,0.9998925348353754,0.9995034371265141,1.2386198660400092,5.401495680015946e-05,0.00012455646418352043,0.0003443595821306489,0.06206355129322621,0.9525658488928869,0.7338669071105399,0.9996119833206278,0.0134199177187174,0.04329069095088601
Chair_032_10.obj,Chair_032,M,M,,0.9809039811069978,0.014177473086199967,10.442872736876895,0.09453800373239266,0.6067436366644605,0.9999999999999999,1.0,1.855113108405833,8.201010241274768e-11,2.450292850243562e-10,8.121985362041783e-10,0.022862663225822207,0.7269507739720527,0.0,1.0,0.006575204043040461,0.014177473083259272
Chair_053_01.obj,Chair_053,CA,SL,x,0.09834972486967627,0.8328458421739638,1.7389599984532953,0.39900113677309773,0.3171910786481909,0.9314039751789955,0.8629973900547538,1.4548851422173736,0.000315864466656834,0.008120797207703248,6.409287607311842e-08,0.11141657470019632,2.1968207666413195,0.1450070847151377,0.9171188476552907,0.3422648691846593,0.7218049349842048
Chair_053_02.obj,Chair_053,CA,CA,,0.655528057878795,0.32695079407448724,4.110061219575169,0.1852250174904741,0.39228739046267697,0.5387792185850299,0.2372487917847993,1.9759108792997497,0.0029461364055912045,0.04664784655849836,6.165878254194013e-07,0.12557083502384658,2.5162141915238116,0.2188265937707872,0.7316311045673519,0.24327206410568214,0.1082817245843129
Chair_053_03.obj,Chair_053,CA,CA,,0.6555280578787944,0.3269507940744877,4.1100612195751705,0.1852250174904741,0.3922873904626767,0.5387792185850299,0.23724879178479885,1.9831724780947797,0.000509241549620483,0.019819236161245396,1.9414756662339276e-07,0.12557083502384658,2.516214191523811,0.2188265937707905,0.7316311045673519,0.24324765428798442,0.10869365661411749
Chair_053_04.obj,Chair_053,SL,SL,,0.041319540223182086,0.9480758115781274,3.9385846827957085,0.18518895147436784,0.32771128818002926,0.8765841177337911,0.7090573455659601,1.310878793659366,5.2950366504491525e-08,6.346504684448496e-07,3.990249997087858e-08,0.31542033436231715,1.9152926114870559,0.03163254365213967,0.8537713485500813,0.3962754184684049,0.7101715363572494
Chair_053_05.obj,Chair_053,M,M,,0.9892521562226917,0.007936048016829232,9.398325540790518,0.10107809968328488,0.1806658858214451,0.9754229282823299,0.9552383264819314,2.0166101581046583,7.745953467704025e-07,1.0482996348588725e-05,1.83334729619844e-08,0.23882705202845622,2.2567154753256973,0.42256578395151695,0.9756398754996869,0.004089321810909475,0.007567742096513435
Chair_053_06.obj,Chair_053,M,M,,0.9857829736855086,0.0024403059839721796,5.586923222982532,0.16717549080298633,0.2481229639932515,0.9492771720240458,0.9678258394141488,1.531018387283798,0.0026781933684167604,0.028711669934578042,1.1083347583484784e-06,0.3547898733986317,3.3064391001943156,0.2731374916683593,0.9794477547040181,0.0009830456769133538,0.002270011681148915
Chair_053_07.obj,Chair_053,M,M,,0.9892682277257476,0.007924695643588421,9.374174547129826,0.10133584663598996,0.18027991724127393,0.9726194796353881,0.9548000059190477,2.021515456444189,2.6421374905666807e-05,0.0005068706693411318,3.8045337658054734e-08,0.22796039785722963,2.34289425999035,0.4179215267915053,0.9753130531213128,0.0040890885911245975,0.007533006848824373
Chair_053_08.obj,Chair_053,M,M,,0.9857735232037834,0.0026988921177722876,5.586985555790563,0.16717367872997432,0.24812340782022918,0.947641867580136,0.967606217913573,1.3541883887504012,3.1037001227704386e-06,4.010065163174224e-05,4.802103991785569e-07,0.36624772067844585,3.3642104470966028,0.27019986162238,0.9792874028990278,0.0009634707672611737,0.002516144050244591
Chair_053_09.obj,Chair_053,M,M,,0.9606944705729971,0.036397575708314735,10.179892954484846,0.09559658297730084,0.51311651348821,0.9076680999842204,0.857140469401475,1.5327505103488215,0.0015858792448545408,0.020287334951647664,7.055766071406566e-09,0.09872080753218941,2.3520075905544946,0.25620734625672403,0.9261846463224883,0.01585339955328189,0.030590790663729755
Chair_053_10.obj,Chair_053,M,M,,0.9821498216152692,0.003518063558468556,5.944009274940013,0.15910347979137465,0.2710770681327763,0.9687743414144717,0.9471825117521601,1.9653251726014362,0.005627985272046275,0.07130497488224954,6.9341875352790675e-09,0.27294838743485544,2.20071352914931,0.4053898254240257,0.9705029579888496,0.001811354583174354,0.0032853595252876682
Chair_053_11.obj,Chair_053,M,M,,0.9675978335425987,0.015150469901689603,2.133832325622338,0.3799988044209825,0.07428087426458735,0.6525636162685605,0.7720928952610818,2.0170605011846776,0.003843429547966567,0.06177435135380977,4.557079186229271e-09,0.29368736833302944,2.5110591082078773,0.3856290373613338,0.880247396909271,0.009481670551072135,0.008686491932402361
Chair_053_12.obj,Chair_053,M,M,,0.9878970963198508,0.00074206796895252,2.649181914718893,0.31930223058638807,0.10177968042218119,0.9479183974775055,0.9513403896399089,1.170170782790097,2.6771286966113405e-08,1.9549702980736641e-07,1.4311106399933347e-08,0.35165784060039323,2.9385610872890275,0.41698238984426256,0.9715540917234866,0.00023339882403761492,0.000686305789358905
Chair_053_13.obj,Chair_053,M,M,,0.9821498216152692,0.003518063558468556,5.944009274940013,0.15910347979137465,0.2710770681327771,0.9687743414144716,0.9471825117521601,1.965325172601419,0.005627985272046358,0.07130497488225196,6.934187579687988e-09,0.2729483874348555,2.20071352914931,0.4053898254240255,0.9705029579888496,0.0018113545831743394,0.0032853595252876665
Chair_053_14.obj,Chair_053,M,M,,0.9675978335425987,0.015150469901689603,2.133832325622338,0.3799988044209825,0.07428087426458738,0.6525636162685607,0.7720928952610818,2.0170414529125242,0.003852957905982583,0.06192749804834089,4.557079186229271e-09,0.29368736833302944,2.511059108207877,0.3856290373613338,0.8802473969092711,0.00948182819776763,0.008686309629235878
Chair_053_15.obj,Chair_053,M,M,,0.9878970963198508,0.00074206796895252,2.649181914718893,0.31930223058638807,0.10177968042218132,0.9479183974775055,0.9513403896399089,1.1701707827900965,2.6771286970819554e-08,1.954970298046231e-07,1.4311106288911044e-08,0.35165784060039323,2.9385610872890267,0.4169823898442626,0.9715540917234868,0.00023339882403761479,0.000686305789358905
Chair_053_16.obj,Chair_053,CA,SL,x,0.1839132436728236,0.582283438750962,1.346873103376715,0.4713482301032625,0.5280521629699657,0.9054641595574617,0.8102508302327571,1.5574682941464144,0.001353427028101439,0.03046018428132254,1.9635204195900258e-07,0.12253574095992686,2.1069712881211284,0.11724913078841749,0.8960560688164834,0.2645607207546431,0.47528535766713914
Chair_055_01.obj,Chair_055,SL,SL,,0.32439079651358005,0.6726653633837176,3.5829479160603013,0.2155980422145609,0.25368227228307766,0.9862540103849725,0.9782324523807884,1.085065008529916,2.6952868952062322e-05,0.0002778362206816419,1.5543899746212058e-05,0.12164037374284044,2.6305850162558198,0.1339232694178323,0.9849051796515843,0.18805442066325986,0.6561704863394537
Chair_055_02.obj,Chair_055,SL,SL,,0.03001408545398624,0.9654825005028763,9.117669806200475,0.07753071391954854,0.7420227518759449,0.8557549314951207,0.8849594644450067,1.2858376974093062,0.005662875298546027,0.0503128233919351,0.0015954073888065244,0.08725755347617571,2.460392411088807,0.20301797087829215,0.9212974382120156,0.369943443543421,0.7727747936099331
Chair_055_03.obj,Chair_055,M,M,,0.9972036199072821,0.00030854317325556836,17.216624778741703,0.05783231606433759,0.7531617342706121,0.9998915894076852,0.9981873905081479,1.419462035095979,2.0104780632862165e-08,1.674019450882229e-07,2.6645352591003505e-16,0.17103489442195294,2.6506650308756345,0.4779966873540918,0.9989531422482609,0.00010963036416123709,0.0003082301125462119
Chair_055_04.obj,Chair_055,M,M,,0.9972091825143553,0.0002977993487742068,17.216624778741703,0.05783231606433759,0.753161734270612,0.99988904245262,0.9981585015698315,1.4194615229418235,3.0803824298187017e-10,2.2608573129585734e-09,2.220446049250313e-16,0.17097735875824238,2.6505818140996733,0.47857773653037927,0.9989427836583205,0.00010581477325840758,0.00029749213749650366
Chair_055_05.obj,Chair_055,M,M,,0.9971340782084244,0.0002945563493702906,16.90646563084579,0.0580920195360608,0.30963993869848877,0.9982262644006904,0.9903642761037796,1.4598740022122214,3.873969702947355e-17,6.533628594169128e-17,2.220446049250313e-16,0.16556952268403252,2.6301526710849936,0.3359874638030415,0.9953169317223979,0.00010824093584715,0.00029261726962484644
Chair_055_06.obj,Chair_055,M,M,,0.9971340761510292,0.00029453603835997863,16.90646563084579,0.0580920195360608,0.3096401100753801,0.9982279136507979,0.9903639104570371,1.4598759331761715,5.102301559979443e-17,7.327470439523523e-17,2.220446049250313e-16,0.16556811154106735,2.630150292817476,0.3360641667774077,0.9953169256759997,0.0001082335335919822,0.00029259752199357317
Chair_064_01.obj,Chair_064,SL,SL,,0.7173348803548878,0.23459725775887996,2.8591740252086653,0.28806433833337997,0.5058645139622103,0.8783529148672827,0.6909061792368025,1.0949928224048802,0.023772887856532567,0.040665009373725254,0.14814975868017216,0.14588431652382483,0.2631339120779435,0.06049193327524587,0.8492777613571955,0.09066871955330849,0.16744112016935941
Chair_064_02.obj,Chair_064,SL,SL,,0.48381863711491657,0.48137571788146466,4.372270673518303,0.17187496054957466,0.5881516849044127,0.8347677825250954,0.6084384144666366,1.0985959839490251,0.017680245907515383,0.031598750974746515,0.08336316906630178,0.10229121730335228,0.1413361893821844,0.04182548885773447,0.8165478110481214,0.19534504193565938,0.31550063670709316
Chair_064_03.obj,Chair_064,M,M,,0.9326178090635887,0.06648061762184784,7.328101815379581,0.13149549622386247,0.11989611350088192,0.5415179501448593,0.7204172316133832,1.1412302244662806,3.5508594182742826e-09,1.0638617187482437e-08,1.032922647969947e-08,0.03135621981304103,1.1834382894311593,0.6197464871159418,0.8528466714497509,0.029318908537803397,0.03096789522794901
Chair_064_04.obj,Chair_064,M,M,,0.9326178090635887,0.06648061762184784,7.328101815379583,0.13149549622386247,0.11989611350088261,0.541517950144859,0.720417231613383,1.1412291887016475,3.544342207788244e-09,1.1537496265714433e-08,1.0311484371916534e-08,0.031356219813041035,1.1834382894311588,0.6197464871159335,0.852846671449751,0.02931889132681428,0.030967895224614652
Chair_064_05.obj,Chair_064,M,M,,0.9986097538380372,1.1875329337951741e-07,14.20254070410741,0.0696306181591186,0.2185169829938351,0.9999957644878108,0.9999993609636387,1.0000052380162736,3.626704822700164e-09,9.438578061819162e-09,1.204667637866308e-08,0.08118779830018859,1.4727964243846168,0.7773307998075912,0.9999994981043614,2.9688600023216283e-08,1.1875275195322873e-07
Chair_064_06.obj,Chair_064,M,M,,0.9986097538380372,1.1875329337971489e-07,14.20254070410741,0.0696306181591186,0.2185169829938352,0.999995764487811,0.9999993609636387,1.0000053486016163,3.626763081653381e-09,9.438556255655696e-09,1.2046676034493942e-08,0.08118779830016147,1.4727964243845493,0.7773307998075921,0.9999994981043615,2.9688603306359493e-08,1.1875275195342534e-07
Chair_064_07.obj,Chair_064,M,M,,0.996129363307012,0.0035020329154106466,13.169925799449327,0.05416490564742488,0.02809803927317109,0.9100052954540157,0.9877662636446083,1.483534251706057,8.857995448252609e-10,2.069396553941848e-09,6.1762138292564805e-09,0.05452316893467486,1.1754713550702622,0.7355676227754467,0.9908799646683746,0.0013730965732446894,0.0031673748381539956
Chair_064_08.obj,Chair_064,M,M,,0.9961293780339806,0.0035020172147527686,13.169925799449302,0.05416490564742498,0.02809803927317104,0.9100044202207898,0.9877661939831062,1.4835344465571592,3.205189037257784e-10,1.2299924153229076e-09,3.758811883969302e-09,0.05452318624652141,1.1754714218139133,0.7355675222957311,0.9908799115010868,0.0013730912641713928,0.0031673574827115578
Chair_066_01.obj,Chair_066,M,M,,0.9837540831030374,0.011316926731992744,14.415152681866074,0.06828323943630725,0.6233160416731669,0.8197591048647906,0.8692917385482226,1.1686755113618794,0.0048676149641978216,0.004090811352510528,0.0093797895871769,0.23633641664625232,2.7249440631642616,0.34816956854916004,0.9178813092710862,0.004094019004514209,0.008642767285089994
Chair_066_02.obj,Chair_066,M,M,,0.9964550511020414,0.00037866379469331,8.136337046220563,0.11358066045042316,0.032753860236800526,0.7190614794111275,0.9598629062729057,1.2341489548798237,0.006804605756410878,0.008638059052209662,0.028550929379401024,0.39523344052451215,4.585872013175864,0.2943452774364583,0.9743771604185598,0.0001433542771575923,0.0002646888239092114
Chair_066_03.obj,Chair_066,M,M,,0.9991011301276329,0.0001545925239802112,10.183480324960037,0.09476371953792992,0.03379797286784887,0.9307314110010222,0.9934767512870306,1.2557269393864738,0.01324001409241283,0.015348058977559677,0.03410747121870068,0.34839097173773736,1.252863016905827,0.5105094241722324,0.9949217137978679,5.179687211764688e-05,0.0001418290837579878
Chair_066_04.obj,Chair_066,M,M,,0.9991011381293722,0.00015457958776588602,10.491998935134774,0.09386682208072374,0.05695257960182375,0.9307146954238827,0.9934763768682973,1.2558061487164431,0.01324112372731865,0.015348217139654785,0.03410705821233791,0.3592815340703549,1.284895470162627,0.5059801983930757,0.9949214227004437,5.179614118238875e-05,0.0001418146231263178
Chair_066_05.obj,Chair_066,M,M,,0.9991011387881427,0.00015458874210715572,15.230578288103011,0.06512999452840809,0.1106450798100771,0.930686339262155,0.9934752826306888,1.2557024090286932,0.01323937652002812,0.015346766059823026,0.034110100556494063,0.3483936446245604,1.2538358155688745,0.5126136474128001,0.9949205710551332,5.17961305571445e-05,0.00014181860533746333
Chair_066_06.obj,Chair_066,M,M,,0.9991011325072906,0.00015459717433774828,30.314901850796417,0.03280960190259609,0.24300725480870355,0.9307003523264405,0.9934768012190518,1.2557993548091457,0.013242061446279414,0.015349662516091583,0.03411150510740597,0.3592795494728769,1.2848093731023542,0.5082184090606329,0.9949217409521686,5.1802293125159294e-05,0.00014182842488831554
Chair_066_07.obj,Chair_066,M,M,,0.9991011335322519,0.00015459681403569162,30.314901850796417,0.03280960190259609,0.24300718660447598,0.9307319057484633,0.9934782690546973,1.2557663497102647,0.013226842063179445,0.01535465089220736,0.034110600344371966,0.35927960269581927,1.2848093834340877,0.5082178721634363,0.9949228813440801,5.179968901528769e-05,0.00014183332566460906
Chair_066_08.obj,Chair_066,M,M,,0.9991011380941219,0.00015459465180579074,15.230578288103011,0.06512999452840809,0.11064379941722643,0.9307172216719443,0.9934766756258275,1.2556916310504527,0.013224913810900785,0.015352409168022477,0.034110064274356276,0.3483934516952009,1.2538354549853092,0.5128064533412664,0.9949216570195584,5.1796540082100675e-05,0.00014182909487779136
Chair_066_09.obj,Chair_066,M,M,,0.9991011314001208,0.0001545964871949611,10.491998935134774,0.09386682208072374,0.05695220252242051,0.9307149763485243,0.9934778562267769,1.2557342803918283,0.013225025060558804,0.015352986177415184,0.034107401544260486,0.359281642526842,1.2848929554767212,0.5060638888879005,0.9949225617386521,5.179879036570633e-05,0.00014183058378496347
Chair_066_10.obj,Chair_066,M,M,,0.9991011283725384,0.0001545968512831525,10.18368538487271,0.09476182849948182,0.03379865396007247,0.9307323686537735,0.9934769481792799,1.2557557575672178,0.013225926930694427,0.015353953423056692,0.03411332297959704,0.34839099076126295,1.2528635727137665,0.5107213752417922,0.9949218655489597,5.179935496381466e-05,0.00014183329377659285
Chair_066_11.obj,Chair_066,M,M,,0.9964550523232057,0.000378704192380613,8.13633704622057,0.11358066045042306,0.03275357588285382,0.7190614138410445,0.9598628701273529,1.2342515060596164,0.006771723606622,0.00858731687273388,0.028429132136500335,0.3952333162572717,4.585894608516364,0.2943173419787592,0.9743771752494838,0.00014337238307052393,0.0002647267614949772
Chair_066_12.obj,Chair_066,SL,SL,,0.0924935938198476,0.9023449451994245,16.923076916568046,0.04222337336316451,0.8787154498207,0.8274299060537771,0.647322122301222,1.0808749627411527,0.01261855914919291,0.011389904663399564,0.025417227788381357,0.2549800048156041,1.5627986160879221,0.046876941568798375,0.8271023808059833,0.3500437868656882,0.6096080370012281
Chair_066_13.obj,Chair_066,CA,M,x,0.8784287487370338,0.018454977894246515,1.2124294736203984,0.520466952898935,0.4045863842894148,0.5772954786741421,0.668305795827326,1.3220872391101126,9.152170249942084e-05,0.0008811792138047014,6.995472217052848e-08,0.11364807794145486,2.1474843716975998,0.5551968081970375,0.8316992974471187,0.009045246758257835,0.008885923021875143
Chair_066_14.obj,Chair_066,M,M,,0.9872784174891631,0.01133565700431122,3.864582570859056,0.20345579754319257,0.03717355828500018,0.8074745200553667,0.9075462225177353,1.0925997314701927,0.018321078672982185,0.11759928271562982,4.768030649146092e-05,0.21911597170957645,2.772461589788184,0.5847876988596603,0.9495422955210333,0.003877356589651645,0.008573721952103399
Chair_066_15.obj,Chair_066,M,M,,0.9872717535584918,0.011340213248896131,3.864582570859056,0.20345579754319257,0.03717311254776618,0.8071356184815874,0.9074867597422608,1.0819534939457387,0.00926350801405484,0.0663882046297356,0.00022258427317245477,0.20998614483744998,2.707388303735754,0.5941538493078938,0.949498935779101,0.003804590215001549,0.008642714939780083
Chair_066_16.obj,Chair_066,M,M,,0.987301173958,0.011313153827778017,4.494477683334385,0.20511939913286992,0.057204150776351013,0.8082917155856866,0.9076840151133777,1.0811310074702367,0.021492231615867902,0.12960738154725687,2.7081301699105582e-05,0.26476535357126746,3.080097121566845,0.5411444358745336,0.9496456808083935,0.0038465706591965148,0.008548083428075825
Chair_066_17.obj,Chair_066,M,M,,0.9872989276924534,0.011319470811207051,20.217602204865134,0.04831998163463811,0.3779185897455292,0.8085347691786421,0.9077218068319826,1.075398668583783,0.022293873284801285,0.1411236129889229,2.9009867654350422e-05,0.27389481373797164,3.1381195715176116,0.5325105127909511,0.9496757496435572,0.0038407747832049127,0.008541802773087427
Chair_066_18.obj,Chair_066,M,M,,0.9873036224181766,0.011312778647146849,4.4944776833343845,0.20511939913286995,0.05720391019982598,0.808595430300581,0.9077332284023376,1.0845582880281706,0.015108597482588118,0.10496840744105036,5.861655547811881e-05,0.2099860464366137,2.708067266730059,0.5935943090724087,0.9496835744880906,0.0038315968917342004,0.008587798148147575
Chair_066_19.obj,Chair_066,SL,SL,,0.00011479998396147576,0.46725175122894563,1.1162327039294109,0.5506242029881867,0.4105940189238738,0.776603026426069,0.49999177718320875,1.122395963410203,0.00018513731182727723,0.001243061448371193,2.895474391806374e-07,0.5106821298456335,0.3535304781163577,0.060739894131244476,0.7832306822234931,0.20226811365155356,0.27209923055872026
Chair_066_20.obj,Chair_066,SL,SL,,0.00011491928637031058,0.4672511010565302,1.1162495144097344,0.5506210704215307,0.4105894348055787,0.7766182760986943,0.5000036940301831,1.122386510120821,0.00018512630187581948,0.001243014681255495,1.6356382611104615e-07,0.5485103141951363,0.45640880997513567,0.06528389362790374,0.783238352673777,0.2022639223184601,0.27210636570823116
Chair_066_21.obj,Chair_066,SL,SL,,0.00011463387023186286,0.4672530500067956,1.3098541371326498,0.493755702117682,0.497519439179253,0.776581952192607,0.5000017365926297,1.1223905718850662,0.00018523798282233167,0.0012433102234560745,2.0607899651747888e-07,0.5295958517494559,0.408222679873279,0.07546335518277662,0.783220064281248,0.20227006911253403,0.2720944009497992
Chair_066_22.obj,Chair_066,SL,SL,,0.00011304129386974709,0.46725249434622307,1.6040717266808489,0.40336794351891986,0.7541478724286789,0.7768001729873986,0.5000123371338847,1.1223882977896478,0.00018464416931738564,0.001243209121689388,3.9405276264226255e-10,0.49177029327503813,0.2886639380093906,0.047228428507814,0.7833301130382444,0.20224067719139727,0.27217250261458464
Chair_066_23.obj,Chair_066,SL,SL,,0.00011397688700308305,0.46725693054817086,1.3098561162725146,0.49375539005940106,0.4975117742264706,0.7764628493797325,0.5000036950323603,1.122391761351097,0.00018501173993508364,0.0012432227445451451,3.702102003844132e-07,0.5295973381748446,0.4082294433097305,0.06768718802980628,0.7831600044040368,0.2022870863464612,0.27205528979702737
Chair_076_01.obj,Chair_076,OB,SL,x,0.7699371718518561,0.19346180869996865,3.0967412748208996,0.2801891946911561,0.643311999007335,0.9970342006381588,0.9693103682670324,1.0614757326460502,0.0404164106738191,0.11991878454528301,0.2120235068990647,0.03498347748384822,1.2476188961304793,0.3207768866865961,0.9807370900794984,0.05913908588757767,0.17768402651106122
Chair_076_02.obj,Chair_076,OB,OB,,0.3600385525137068,0.5748214229815721,3.851351299304039,0.2021877967491293,0.9086293605345316,0.9978573807548724,0.9728687563762022,1.0419199513315762,0.04457879981526768,0.11152624096161526,0.28172975667508876,0.020564025516046205,1.3318086121824364,0.3349850377226103,0.9826602444390414,0.17625356820398522,0.5216258155709531
Chair_076_03.obj,Chair_076,OB,OB,,0.7431561806065046,0.2098092156892855,3.987199999840498,0.21260406397786094,0.9755208923325714,0.9957731364036493,0.9726302580632795,1.1541162578499822,0.019824400140747024,0.0336000080240789,0.0852182929056307,0.03578731635885668,1.721282434529288,0.2887577362154875,0.9836614203576962,0.06468148519537313,0.20097087698060562
Chair_076_04.obj,Chair_076,OB,OB,,0.7488380089353887,0.20516787392688698,4.032053439838716,0.2108965754110845,0.9755186826551367,0.9957695509241911,0.9726173796321698,1.1543487749999717,0.01979859242721282,0.033470287540902297,0.08513053449830045,0.035587772578851574,1.7278414119996859,0.28798382871509204,0.9836699579909373,0.06325889891617202,0.19653077801770164
Chair_076_05.obj,Chair_076,OB,OB,,0.748838020342734,0.20516856763265376,4.032053439838718,0.21089657541108445,0.9755108616602439,0.9957695190645464,0.972617348288168,1.1543443116800425,0.01979541322175238,0.033466393924157095,0.08507027577158825,0.03558777946534992,1.7278417588054693,0.28797236390767117,0.9836699394856435,0.06325754339140721,0.1965340717584266
Chair_076_06.obj,Chair_076,OB,OB,,0.5435707090083985,0.4381239268184025,6.392075057736311,0.12334199471246712,0.9755254715483449,0.9954858592182338,0.9720509781290116,1.176214077333845,0.019831885540757786,0.0355582037840015,0.10551265398567568,0.028741988283729394,1.4753872770268686,0.3125024578929166,0.9830437979432045,0.13853525629220426,0.4175720661754138
Chair_076_07.obj,Chair_076,SL,SL,,0.29666226192603595,0.06147325633308815,1.19999999976,0.5076730825152632,0.7764567906341164,0.8547356447515914,0.7355809546808068,1.110914540525966,0.06775801352377409,0.11108760903430372,0.29076982179307553,0.42461321217914494,1.286541508117686,0.15516079566788343,0.8580921348637193,0.025184322263168416,0.04177119990177199
Chair_076_08.obj,Chair_076,SL,SL,,0.2897115047720739,0.03635150754464221,1.19999999976,0.5076730825152632,0.7764749943841138,0.8641766833199661,0.7747621698067744,1.077398016103211,0.06030673638155562,0.10694448458569666,0.2908714129666146,0.4332493640467783,1.3444494711465724,0.18978538059144634,0.8717400550358578,0.014198420630207657,0.025587767140338506
Chair_076_09.obj,Chair_076,SL,SL,,0.2966583358088171,0.0614772199500876,1.19999999976,0.5076730825152632,0.7764590232868951,0.8547358349143648,0.7355870038462712,1.1109153149615991,0.0706355104101591,0.1158814481843607,0.2953217251484639,0.42461303875215706,1.2865377016556054,0.15517615297556805,0.8580937479782353,0.0252477671060662,0.04168224790215415
Chair_076_10.obj,Chair_076,SL,SL,,0.28970951510520304,0.03635351919643335,1.19999999976,0.507674338614086,0.7764811802308698,0.8641785243492919,0.7747712008777803,1.0773981347734365,0.060306914831109754,0.10694447152187786,0.29086792410507767,0.4332503738102144,1.344450194421667,0.18979227626477793,0.8717427504828862,0.01419911795755896,0.025589386494674453
Chair_085_01.obj,Chair_085,CA,SL,x,0.5381601288169937,0.446865756234386,3.069224403144048,0.2589412827799443,0.4510179971889763,0.8256542132948791,0.6886206144236452,1.7524071583046332,0.00021994479712832214,0.008155926647568984,2.220446049250313e-16,0.48868758521761496,3.761906322857669,0.028109624185661382,0.8499566471525891,0.24252001079136803,0.3111842797823959
Chair_085_02.obj,Chair_085,SL,SL,,0.42070921331272265,0.5735291512836828,8.678619429285101,0.08161188757619281,0.6735786856932986,0.7876707268264485,0.4988274828317123,1.2813302200153347,6.565961074026762e-06,0.0001898946056148244,8.154976088858827e-09,0.3948748802938201,0.6163641956922178,0.025312936020044818,0.7877235336389333,0.2694601693215768,0.3385408233811582
Chair_085_03.obj,Chair_085,CA,CA,,0.5531015988840252,0.4412825314769638,1.1338645442456696,0.5516444736556737,0.091548073603659,0.6860229098519789,0.7259765841743837,1.0756089706720522,0.00011417519536589785,0.0015678546463452827,3.7206573716419555e-07,0.14454124590511166,2.564055218968362,0.40638394271947575,0.853831329751956,0.17423356417075997,0.26119594191497236
Chair_085_04.obj,Chair_085,CA,CA,,0.5528471634270005,0.4415220289439387,1.1338645442456694,0.5516445204873947,0.09154755523696617,0.68787359059814,0.7277980706560265,1.0865970171750927,0.00017398856744977987,0.002629240973327291,1.534876732378611e-07,0.11242012170626156,2.2519147858225677,0.45076434790752434,0.8548621008519345,0.1752202589514561,0.26228170849031235
Chair_095_01.obj,Chair_095,M,M,,0.9504016207813495,0.04439062217516954,12.824851711700243,0.07517935326307039,0.8054948389897434,0.946144506727254,0.9356291156101378,1.0113793531013944,0.018984482240465523,0.03138745692312516,0.08113796238456479,0.10191593616014927,2.592904694315841,0.1079354308876933,0.9548704555408185,0.012952191675530378,0.0396940098343951
Chair_095_02.obj,Chair_095,SL,SL,,0.11296494573096663,0.8858550711639991,3.4348274364307616,0.21867526978396085,0.12234414257009167,0.655197309807848,0.45617611079685594,1.024083211714877,0.024201817782105103,0.025335279739321787,0.07673623620007963,0.2520082106891801,2.0912116919052064,0.04014156496762643,0.7630153736958174,0.40171521542891697,0.41297579686137753
Chair_095_03.obj,Chair_095,SL,SL,,0.11296495252725308,0.8858550627372214,3.4348274364307616,0.21867526978396085,0.12234417550477496,0.6551972771560617,0.4561760030406905,1.024078356063977,0.024261123939943875,0.025484650640379115,0.07762521912701736,0.25200820844988625,2.0912116193310384,0.04014137686133434,0.763015370588483,0.4018057747941044,0.41288833063699587
Chair_095_04.obj,Chair_095,M,M,,0.9994776214185985,0.0004799066731585105,113.98730595323266,0.008767008099790159,0.9197393480005768,0.9667235698165669,0.9562543142011981,1.132044368505806,0.023960957173001347,0.021925577821377946,0.050183496134488324,0.24007086553025114,4.606108906443413,0.2043497655236209,0.9783230282671779,0.00014779448680472167,0.0004460884059104846
Chair_138_01.obj,Chair_138,SL,SL,,0.16582615198051304,0.8309296976151499,3.8587531996262845,0.19291586579769293,0.4410803543208743,0.7438107602101317,0.7797784534970877,1.496033666987746,0.011908985136033695,0.07182741166893013,0.007996530545112915,0.028141474986062558,1.4878342872361006,0.6943613078761717,0.8641699413484911,0.40298836292019075,0.5430360039670098
Chair_138_02.obj,Chair_138,OB,OB,,0.1364457867680685,0.8526720595087741,4.530925599493701,0.15484196683819773,0.9749353875994548,0.8119521083563569,0.8510720352468774,1.354312961000456,0.007293853965026047,0.057339265045500666,8.079425232121399e-07,0.015449691349607025,0.8656870480825928,0.4404762768334827,0.9010326108429958,0.35607083727066874,0.6353646082119885
Chair_138_03.obj,Chair_138,M,M,,0.9900746586027859,0.004242080679623043,12.504724133619058,0.07911234608016908,0.8192298853563044,0.820352213339647,0.9716149788702553,1.1203252448706562,4.483592984063132e-17,7.086503251458889e-17,2.220446049250313e-16,0.17257537282500834,2.702883389096146,0.6222526804120824,0.9784357905865385,0.0013723268999031326,0.0034306103340297624
Chair_138_04.obj,Chair_138,M,M,,0.9900406193210426,0.004311783659518902,12.50472413361906,0.07911234608016907,0.8192098237547741,0.8202063021315777,0.9716122792091338,1.1404193304116017,4.127752271042249e-17,6.186308961422798e-17,1.1102230246251565e-16,0.034532106578164114,0.8154050553660924,0.031178218582493446,0.9784337872343803,0.0014166652473433985,0.0034863548037372665
Chair_138_05.obj,Chair_138,M,M,,0.9883585989801026,0.006053351910776531,12.504724133619058,0.0785096451663769,0.615103657165939,0.8002574514728055,0.9614457059060263,1.0259602297854085,2.898915675410131e-17,5.656679087219353e-17,1.1102230246251565e-16,0.18379636309326583,2.835242984918354,0.5915164378012453,0.9711274804428818,0.0018556707015840125,0.0047508568466959195
Chair_138_06.obj,Chair_138,M,M,,0.9884851152656673,0.0058428663481528125,12.50472413361906,0.0785096451663769,0.6151460010775771,0.801158947926075,0.9614378073980141,1.022665482758366,5.329070518200751e-17,8.122966207056761e-17,2.220446049250313e-16,0.183244492479792,2.8337720029548943,0.6053437982478882,0.9711211093857829,0.0017852921573564239,0.004590808597928346
Chair_171_01.obj,Chair_171,M,M,,0.9919022917282737,0.006997921248935529,27.184042537474454,0.036707548236792856,0.7616968415447156,1.0,1.0,1.0086631483819568,1.2756937953725245e-07,1.0887083063685124e-06,2.220446049250313e-16,0.0365308722562385,0.8971100429919789,0.0,1.0,0.001764636874051555,0.006997920140372572
Chair_171_02.obj,Chair_171,M,M,,0.9919022917282737,0.0069979212489355205,27.184042537474454,0.036707548236792856,0.7616968415447154,1.0,1.0,1.0086631483819568,1.2756937953224016e-07,1.0887083063690998e-06,2.220446049250313e-16,0.0365308722562385,0.8971100429919789,0.0,1.0,0.001764636874051553,0.006997920140372564
Chair_171_03.obj,Chair_171,M,M,,0.9919022917282737,0.0069979212489355205,27.184042537474454,0.036707548236792856,0.7616968415447154,1.0,1.0,1.0086631483819568,1.2756937953399447e-07,1.0887083063688942e-06,2.220446049250313e-16,0.0365308722562385,0.8971100429919789,0.0,1.0,0.001764636874051553,0.006997920140372564
Chair_171_04.obj,Chair_171,M,M,,0.997456568078917,0.00026176227475219725,25.37464979734003,0.03933210808445226,0.7991124236252873,0.9178389383189406,0.9839394932604071,1.0033857974548666,5.383488838561027e-08,7.563099611478503e-07,2.5470585035547445e-08,0.2397176331524714,2.9836615885342495,0.44475499612624025,0.9877396313601999,7.10754852667461e-05,0.00023832626895151034
Chair_171_05.obj,Chair_171,M,M,,0.997456567933848,0.0002617663967201475,25.37457054613822,0.03933223073853157,0.7991134025288482,0.9178387363725816,0.9839394709477761,1.0033854415086512,5.660804003732823e-08,7.562394392014055e-07,2.835762453745616e-08,0.2397175895933885,2.9836615702181932,0.44485091865693127,0.987739614487502,7.107659344712125e-05,0.0002383299665030623
Chair_171_06.obj,Chair_171,OB,OB,,0.159947602385488,0.8383679851257191,15.981566661339478,0.04605842671181763,0.9983867830185985,0.9999999943506278,0.9999999962368963,1.1310682397844063,5.578458535777567e-09,1.3428239159041644e-08,3.779736993392291e-08,0.017420434923927003,0.9670702738043866,0.7853981553109514,0.9999999970444651,0.2370628563807343,0.8383679702487467
Chair_171_07.obj,Chair_171,M,M,,0.9960194502983439,2.9636671046760136e-05,10.645785894297168,0.09311586079290247,0.7320079141902307,0.86865427633313,0.9754742700431871,1.0099167867563599,3.675634733536677e-06,6.474100267887617e-05,8.46611336591252e-10,0.3984390602180809,4.418019716129775,0.1927354454800697,0.9824879826852098,8.44818118611743e-06,2.5428103444384963e-05
Chair_171_08.obj,Chair_171,M,M,,0.9960194232289158,2.9662515766918837e-05,10.645785894297168,0.09311585877053387,0.7320060416904656,0.8686602422971882,0.9754763111626203,1.0099165398712948,3.898584292136028e-06,6.852904359898282e-05,1.288148483435947e-07,0.3984584637623675,4.418056325654025,0.19270288608721003,0.9824895232623017,8.455503260651786e-06,2.5450465469121863e-05
Chair_171_09.obj,Chair_171,M,M,,0.9851461057013943,0.013810090748006225,22.1999999889,0.04459488939643664,0.9791453842174302,0.9991925096846892,0.9866426410112373,1.0068057935010821,6.477306985507143e-08,9.393580806573288e-07,3.486015872078418e-08,0.17161938296588397,3.0616076911034145,0.22259244905117723,0.9919160964572975,0.003522666950771948,0.013706778680589546
Chair_171_10.obj,Chair_171,M,M,,0.982791334496754,0.015999388888333937,20.649999989675,0.04786812689011169,0.9789254200488067,0.999131899030631,0.9857596053391319,1.006805788794812,6.477354798456625e-08,9.393580477805662e-07,3.486015875964199e-08,0.19065982549199095,3.1444995958886595,0.2205058909617526,0.9913862845922345,0.004084696009467681,0.015871677736087317
Chair_171_11.obj,Chair_171,M,M,,0.9861432925811626,0.012879194924747428,22.9999999885,0.043073049224467155,0.9792422342615358,0.9992053520725925,0.9870536780413385,1.014848904506968,2.4797078682761346e-07,1.6098450791828852e-06,4.351606197605662e-08,0.18064822058420624,3.1971759045475467,0.22202320225589184,0.9921625113458166,0.0033098095437479914,0.012785654407271394
Chair_171_12.obj,Chair_171,M,M,,0.9828073553934175,0.01597901910343888,20.649999989675,0.04786812689011169,0.978920272607685,0.9991318990314754,0.9857596053457862,1.0000033213568444,7.777353807002032e-09,1.1617695562603068e-08,4.3418627027058676e-08,0.17794917049498538,3.0268827522902826,0.2225924490511742,0.9913862845971613,0.004052320355292037,0.015851472517244197
Chair_244_01.obj,Chair_244,SL,OB,x,0.790259087711617,0.1714855715295771,3.2619040117441176,0.26077489478569976,0.6559462168240344,0.9750709262492686,0.9242359387697203,1.0446820044409648,0.15341087866077338,0.21095630937527238,0.6203857090958762,0.06195912408631798,1.4690043921036005,0.17997214810596315,0.9538617742433232,0.0639792862571287,0.13235397911452593
Chair_244_02.obj,Chair_244,OB,OB,,0.25855736879704677,0.7114478816522227,4.497140016271938,0.16931035340178438,0.918078196691252,0.9915605063638913,0.9658526927935319,1.1288314584314907,0.18466549480706798,0.23938409666478844,0.7399107624495441,0.04245222651829221,1.281248588612742,0.23071418600927598,0.9790750581604504,0.2826350599790542,0.5476316307930151
Chair_244_03.obj,Chair_244,M,M,,0.8610350022987355,0.1380052798732976,9.1549260592688,0.09144780652336867,0.3502949982682671,0.9825559621371334,0.9193099783328436,1.0452832658780506,2.144434825436262e-09,1.247509655471344e-08,7.22434773114955e-09,0.045631163749842364,1.884255259561754,0.39920066139126004,0.9581672804660872,0.03908144429081205,0.13012721093615773
Chair_244_04.obj,Chair_244,M,M,,0.6698344214730806,0.3292714106197474,23.40822139956032,0.031028828056564026,0.8482914308036128,0.8122210975862536,0.7989538251650362,1.0229779207224992,0.013207617796033373,0.05059549722326495,0.10993796344590621,0.06701602346247873,2.5742658638624207,0.09614343955670838,0.883561121039275,0.11729790225015412,0.23319050315069986
Chair_244_05.obj,Chair_244,M,M,,0.9827569220014089,0.012068105415177508,11.120498239792479,0.08841996988928805,0.9961969134396758,0.9927986645673833,0.9915234095894938,1.208543649375986,0.019143111284595254,0.028793211186290548,0.07575887429747023,0.11189263981742362,1.809548239405346,0.49253466518420824,0.9958334117388649,0.003819834639142491,0.011666745239066531
Chair_244_06.obj,Chair_244,M,SL,x,0.3491405140718972,0.6499206722564072,23.362407672318227,0.03108962390602109,0.8468064583323146,0.627071879551612,0.5219684817847184,1.0184851039375968,0.0016667557484721,0.026220389842431545,5.650328637862838e-07,0.06701613336633742,2.5742656962845842,0.0961843625418235,0.7762078770601509,0.2835377189310159,0.30902984228786984
Chair_244_07.obj,Chair_244,M,M,,0.9823485500033176,0.01249313889726069,11.120485700083407,0.08842006628623077,0.9961969560490848,0.959531096949732,0.9839970794789608,1.2235776130555607,0.06690210992095802,0.12858590695773098,0.42264973081037416,0.11140484410811238,1.8072169708068235,0.5244410963585765,0.9900205716893212,0.00467294695437098,0.010556075004508662
Chair_244_08.obj,Chair_244,M,OB,x,0.7306699167578256,0.2685792234071573,29.942340412790493,0.025666019316092928,0.9430901349885021,0.9559543178290186,0.9411353929772119,1.047787017154313,2.406167657984686e-09,1.4617804397621686e-08,6.242583244775446e-09,0.03984061752929844,2.095856567104065,0.39845504934675563,0.9629478939303304,0.07658359277994364,0.24919273914659967
Chair_244_09.obj,Chair_244,M,M,,0.9994603701661533,4.955163589938471e-13,30.439818167981898,0.03281630998333976,0.7500173646693973,1.0,1.0,1.000012781211106,3.918434204559376e-17,6.342988132266114e-17,1.1102230246251565e-16,0.033530033067721995,0.9384844555164495,0.0,1.0,1.2388067307325945e-13,4.955163589938471e-13
Chair_244_10.obj,Chair_244,M,M,,0.9989130605689451,2.808429073242038e-09,21.778609595870627,0.04581861571127389,0.7814143860432393,0.9999977403695509,0.9999998636819305,1.0000001191477694,7.823444171697393e-12,3.670868597807932e-11,1.1978085190378351e-11,0.19636985256873005,2.851696856677711,0.6283184684125035,0.9999998929360566,7.021087237072919e-10,2.808422535787348e-09
Chair_267_01.obj,Chair_267,CA,SL,x,0.11343630323301451,0.784320389853894,2.1998281595330753,0.33045947570706685,0.4769622060171702,0.9032691812937752,0.8286230913502896,1.6599806363281888,0.004963898624886291,0.055612631295031134,3.5755114075053374e-07,0.08725291408249622,1.7744425684373066,0.22513751417860683,0.8956401025495919,0.3761694787238032,0.642680651069248
Chair_267_02.obj,Chair_267,SL,SL,,0.3714478621452525,0.6045191982831961,3.2415612979314727,0.23624659881203572,0.43191568214132675,0.7926583163334909,0.7801650011827779,1.1717086160947356,0.011931938086996913,0.08941978934186899,2.864060099083683e-08,0.08197305252536538,1.465178402567324,0.39828658098353387,0.8681648660096997,0.23804684142932814,0.4208493529290812
Chair_267_03.obj,Chair_267,SL,SL,,0.367488423240671,0.6082996887882575,3.2467766764160313,0.23602832590404735,0.4339163457308196,0.7903259032106602,0.7773696141117318,1.1676832472247385,0.012024759433699813,0.08580156776599722,4.2036144548562835e-08,0.09751417584826702,1.6895841807601666,0.34063484379124875,0.8668699848642956,0.23944771948822952,0.42175837806050365
Chair_267_04.obj,Chair_267,SL,SL,,0.015564651183122093,0.9690873378708823,9.369082544458916,0.07759427632056358,0.6483130986948594,0.7524997927832795,0.6359866471971974,1.150725676670267,2.316095854623124e-09,1.9622824991832727e-08,2.220446049250313e-16,0.03809059321419893,0.8272794829906749,0.2721808238703289,0.8224558478702679,0.40548076354161156,0.5965118307355755
Chair_267_05.obj,Chair_267,M,M,,0.9978789610600831,2.4178878040778517e-08,5.804526066204342,0.1669014319400546,0.09178659965851887,0.7097729404048955,0.9705560325069973,1.0326203489111854,6.039733687538492e-09,1.2319359984295716e-08,2.5403373071775093e-08,0.0770065184582509,1.6040628745906549,0.7852853930567006,0.9776704413047996,7.833147264438277e-09,1.6908861712085168e-08
Chair_267_06.obj,Chair_267,M,M,,0.997878970566444,2.520115434370128e-08,5.804526066204342,0.1669014319400546,0.09178612120044759,0.7097743798547123,0.9704119600447177,1.032620712042306,9.441253869158235e-09,1.514490392049181e-08,4.090247468502284e-08,0.06720463552736847,1.4579624936243576,0.7774727418933602,0.9775650916843677,8.16526851529643e-09,1.7622510876044717e-08
Chair_267_07.obj,Chair_267,M,M,,0.9978789652879135,3.371791524665301e-08,5.155790783445419,0.1805477695374475,0.048695303024977404,0.7097635880387073,0.9704637882733884,1.0326211335184554,1.2262633893354536e-08,2.2310899631872283e-08,6.245462622067599e-08,0.096099958287723,1.860336751956282,0.7694963991772236,0.9776029796392236,1.092435365495127e-08,2.3578321500339355e-08
Chair_267_08.obj,Chair_267,M,M,,0.9978789599873946,2.685022951414798e-08,5.15572627800574,0.18054995480972458,0.04869485880966085,0.7097753425934226,0.97068920025272,1.0326211920947723,1.1563646252794204e-08,2.17225593146281e-08,3.688652683297988e-08,0.07719018406659467,1.6044769695468208,0.7850567157440508,0.9777678890260234,8.697639744701918e-09,1.877833342381119e-08
Chair_267_09.obj,Chair_267,CA,CA,,0.09767393536439942,0.41548245201343975,1.376326722814315,0.48093698586759187,0.5693320378772425,0.8155333175861873,0.7089068468363027,1.550847652079713,0.008070055187004769,0.07130659894098938,3.9211330630783995e-07,0.060267009496338064,1.5423480100918807,0.21234434332938298,0.8456534321495928,0.20632195420797664,0.28653329716439885
Sofa_01_01.obj,Sofa_01,OB,OB,,0.8974358974086847,1.0601839487549844e-14,2.1213203423406775,0.3922322701911752,0.4999999999995721,1.0,1.0,1.0000000000000635,0.0,0.0,0.0,0.1557375660025268,0.3592455178320729,0.0,1.0,2.6504598718876295e-15,1.0601839487549844e-14
Sofa_01_02.obj,Sofa_01,OB,OB,,0.8974358974086847,1.324214434077107e-14,2.1213203423407045,0.39223227019117096,0.4999999999995693,1.0,1.0,1.0000000000000042,0.0,0.0,0.0,0.1557375660025268,0.3592455178320729,0.0,1.0,3.3105360851927813e-15,1.324214434077107e-14
Sofa_01_03.obj,Sofa_01,OB,CA,x,0.4751521462016279,0.4399842877053475,5.395760548925132,0.15932879661448168,0.48179740208699456,0.4757347224244569,0.5065779930538984,1.219277670285375,0.015174047517868001,0.06568499257629251,0.0494966652641791,0.01750904171856863,1.2309312582351524,0.3987662162905985,0.7778598412573707,0.23204309599109554,0.15440109825983556
Sofa_01_04.obj,Sofa_01,CA,CA,,0.5237250962254923,0.3854663850131209,2.279494144822652,0.2982719072778325,0.4481825608998061,0.5655151390351272,0.2077098239262828,1.8645115379003085,2.148939486661913e-05,0.0001887265821775831,5.798399853564887e-05,0.05991017794100705,1.288682006577684,0.4223186436592015,0.7254743866051414,0.2748632428221996,0.13162743991642947
Sofa_01_05.obj,Sofa_01,CA,CA,,0.4989040469874842,0.42310992974758277,2.0241986886364844,0.33082790462572226,0.35106276207428233,0.7137102731426246,0.7177725984870418,1.663171483729375,3.4420623054222506e-05,0.0001507285573971031,0.00014587824098977737,0.08202467594360836,1.6815943227947452,0.3861224148602897,0.8378798861092339,0.22836510705670346,0.25935066786346034
Sofa_01_06.obj,Sofa_01,CA,CA,,0.4087550994829959,0.4283920112463815,2.0338052819636796,0.3283948979782309,0.3454718002450286,0.5675746312953177,0.41683667658595147,1.3925344445110983,0.0007256521014429168,0.012510380783040245,1.612761352501324e-05,0.06815381474813126,1.4861391545569598,0.5328140793461505,0.7471291224428634,0.24027257911481423,0.17195618843104857
Sofa_01_07.obj,Sofa_01,CA,CA,,0.4419502146707434,0.3019129546774501,2.279499537357444,0.29627575997535754,0.3394660635058566,0.663189980173029,0.5807693746908696,1.5591218060488778,0.00017723548652990765,0.0008993236875501778,0.0007766997747271297,0.05406297021036297,1.3597950564527863,0.43711780186294225,0.7931027489094925,0.16641774852940536,0.1582080027605491
Sofa_01_08.obj,Sofa_01,OB,OB,,0.5898769661558932,0.40545942407374547,20.859616209092554,0.03898592134361471,0.5467428367266257,0.5802219061883077,0.4371834134113647,1.2469134192331666,4.625929269271485e-18,3.1713773276010904e-17,0.0,0.009614569339220063,0.4372357645193878,0.3932293114570363,0.7666052042193906,0.20885850731961805,0.1690533266742374
Sofa_01_09.obj,Sofa_01,OB,OB,,0.5115002873922039,0.47184964232324145,1.1422477448855008,0.5263551712116095,0.20245248147821285,0.9999999999999997,0.9999999999999999,1.0000019228374153,3.7007434154171884e-18,1.9929113200939384e-17,0.0,0.020629271957698623,0.1772140385934611,0.0,1.0,0.11796263740334705,0.4718496423232413
Sofa_01_10.obj,Sofa_01,OB,OB,,0.5115030144168337,0.47184753648330435,1.1422492509661957,0.5263549203436433,0.20244956808578782,0.9999999999999998,0.9999999999999999,1.0000067298850683,1.4802973661668754e-17,3.774032578002451e-17,1.1102230246251565e-16,0.020629246731731967,0.1772152230152632,0.0,1.0,0.1179626779907487,0.47184753648330424
Sofa_01_11.obj,Sofa_01,OB,M,x,0.8888903196488592,7.691026278500609e-06,2.121407425625895,0.39221903461804236,0.49999999999957123,0.9999999999999998,1.0,1.000020767271168,5.551115123125783e-17,8.479468414379336e-17,2.220446049250313e-16,0.155738071085585,0.3592483216541256,0.0,1.0,1.9227965000322246e-06,7.691026278500605e-06
Sofa_01_12.obj,Sofa_01,OB,OB,,5.154687473723976e-14,0.9999999997426939,1763451337.600054,0.0,0.5,0.5,7.239653321278183e-12,0.0,0.0,0.0,0.0,0.32078312139049525,5.687115696547576e-12,8.042439871916291e-12,0.7071067811865476,0.2939339827453009,0.24999999993748337
Sofa_01_13.obj,Sofa_01,OB,OB,,1.2904997717905702e-13,0.9999999997426164,1763451337.5999858,0.0,0.5,0.5,6.572520305780927e-14,1.232595164407831e-32,1.1102230246251565e-16,7.021666937153402e-17,1.9984014443252816e-16,0.3207831213905139,5.197498979543581e-14,9.75104527835277e-14,0.7071067811865476,0.2939339827463543,0.2499999999356705
Sofa_01_14.obj,Sofa_01,OB,OB,,1.2904997717904705e-13,0.9999999997426164,1763451337.600054,0.0,0.5,0.5,4.0967229608668276e-14,0.0,0.0,0.0,0.0,0.32078312139050147,6.410534531019504e-15,6.481382747316823e-14,0.7071067811865476,0.29393398274635796,0.24999999993566432
Sofa_01_15.obj,Sofa_01,OB,OB,,0.8538509375703001,0.05003109441744631,2.1213203423648563,0.3922322701873958,0.2499999999997937,0.9999999999827707,0.9999999999893477,0.5,2.2204460492503132e-17,4.440892098500627e-17,1.1102230246251565e-16,0.22775151512408248,0.7237209601102245,0.6283185305819213,0.9999999999916338,0.006253886802495918,0.05003109441631783
Sofa_02_01.obj,Sofa_02,OB,OB,,0.84084563256644,0.15456178420339667,11.666666664946398,0.07833772312880741,0.9942851498317662,0.9478538467165479,0.9688741057238424,2.5098101304158424,1.1942264032496325e-07,7.750895125034135e-07,3.5925151742333127e-13,0.03361219696145645,1.903752069164844,0.5707491436324079,0.9767708705060905,0.08015304312056022,0.14422196212832813
Sofa_02_02.obj,Sofa_02,OB,OB,,0.910605706205506,0.08701658312528307,13.824423617912798,0.06898293757513282,0.9856688573859974,0.9795870895630306,0.9886220597712753,1.9864834996282954,0.06727882582952407,0.20272255120206115,0.7096446407477761,0.03523479729135151,1.8729853151371778,0.6166893032944513,0.9914889940549677,0.051618961062264976,0.06958052863508045
Sofa_02_03.obj,Sofa_02,OB,M,x,0.8303435114494753,0.16965648855046078,87453885346.99995,0.0,0.5,0.9999999999999998,1.0,0.0,0.0,0.0,0.0,0.006914994735844088,0.3913043478188926,0.0,1.0,7.534261594631033e-18,0.16965648855046075
Sofa_02_04.obj,Sofa_02,OB,OB,,0.8931623931540739,8.694812951056285e-15,2.999999998627947,0.301511344536174,0.9999999999996789,0.9999999999999997,0.9999999999999996,1.0816000000000001,9.083642928751281e-17,6.943862131941688e-17,2.220446049250313e-16,0.10562550500009325,0.49998022958840793,1.4043333874306805e-15,0.9999999999999999,2.3510774219656213e-15,8.694812951056278e-15
Sofa_02_05.obj,Sofa_02,OB,OB,,0.8931623931540825,9.773009459329506e-12,2.9999999987651607,0.3015113445236383,0.9999999999996789,0.999999999999996,0.9999999999999987,1.0816000000000001,5.3828995133340925e-17,6.762183823749974e-17,1.5543122344752176e-16,0.10562828640525858,0.4999999791170025,0.0,0.9999999999999987,2.642621757802711e-12,9.773009459329461e-12
Sofa_02_06.obj,Sofa_02,OB,OB,,0.8931623931540738,8.800685863702325e-15,2.999999998627947,0.301511344536174,0.9999999999996789,0.9999999999999997,0.9999999999999996,1.0816000000000001,1.0092936587501423e-16,6.89478828640529e-17,2.220446049250313e-16,0.10562333004392194,0.49996478546138046,1.4043333874306805e-15,0.9999999999999997,2.379705457545111e-15,8.800685863702319e-15
Sofa_02_07.obj,Sofa_02,OB,OB,,0.8931623931540826,9.773181502812552e-12,2.9999999987651607,0.3015113445236383,0.9999999999996789,0.999999999999996,0.9999999999999986,1.0816000000000001,6.392193172084235e-17,6.711781751004994e-17,1.5543122344752176e-16,0.10562828770369814,0.4999999883364051,6.280369834735101e-16,0.9999999999999987,2.642668278360526e-12,9.773181502812506e-12
Sofa_02_08.obj,Sofa_02,OB,OB,,0.7149224273557989,0.27451055155588927,7.099999998697509,0.1196083259836485,0.9863794326725738,0.6756754668665451,0.6894331577836228,2.0730973416328693,4.531084297793192e-17,7.578279699417892e-17,2.220446049250313e-16,0.099433941723531,2.392478081390205,0.3836064065394127,0.8265752545711043,0.17499049672359596,0.1566780691346348
Sofa_02_09.obj,Sofa_02,OB,OB,,0.714922427355799,0.27451055155588916,7.099999998697509,0.1196083259836485,0.9863794326725738,0.6756754668665451,0.6894331577836228,2.0730973416328693,4.0371746350005693e-17,7.366917018414284e-17,2.220446049250313e-16,0.09943394172353102,2.392478081390205,0.38360640653941297,0.8265752545711044,0.1749904967235959,0.15667806913463475
Sofa_02_10.obj,Sofa_02,OB,OB,,0.1708606126763664,0.8130772407013585,6.983102127395132,0.10509803114843995,0.9908748774338649,0.8769174239443078,0.8875371728140835,1.0017946920009675,6.472461140036875e-05,0.0036233298624222966,1.0661264365774414e-07,0.1366053513354793,3.2297131646394335,0.04047576550029769,0.9257181684559428,0.24661366041262978,0.6725961041151806
Sofa_02_11.obj,Sofa_02,OB,OB,,0.17086060144523527,0.8130773786063415,6.9829589607172196,0.1051000907575635,0.9908726590948125,0.8769180042825481,0.8875374708592345,1.0017879877948246,9.403227216715712e-05,0.005279454467898663,1.1950213327227566e-07,0.1366052890955477,3.229709695883124,0.04047851892916712,0.9257182419665795,0.24669844575431443,0.6724540138578912
Sofa_02_12.obj,Sofa_02,OB,OB,,0.7989538630167128,0.18438259807891377,3.965789923523064,0.22440196097531018,0.6381033373911745,0.9934838600640482,0.9473428225615564,1.012495156128414,0.0012315256852209547,0.008621854312219943,0.0008342424613561772,0.21718067944822855,3.283675671933831,0.15679551775975192,0.967192895558157,0.04941024163450878,0.17809781412410552
Sofa_02_13.obj,Sofa_02,OB,OB,,0.7989535102827959,0.18438291375827837,3.965798949449533,0.2244015164025374,0.6381042235082893,0.9934838596942084,0.9473450872038,1.0130962735865516,0.0012313253531034977,0.008621551554825408,0.00082613726837375,0.2094239456856152,3.2189604749083744,0.15832964090271037,0.9671934664083092,0.0494378006005975,0.178098628223697
Sofa_03_01.obj,Sofa_03,OB,OB,,0.0,9.8221945056076e-08,1.00000004859601,0.5773502501151475,0.9999999999986342,1.0,1.0,1.0,0.0,0.0,0.0,0.20598635254371644,0.0,0.0,1.0,2.4555486264019e-08,9.8221945056076e-08
Sofa_03_02.obj,Sofa_03,OB,OB,,0.0,9.8221945056076e-08,1.00000004859601,0.5773502501151475,0.9999999999986342,1.0,1.0,1.0,0.0,0.0,0.0,0.20598635254371644,0.0,0.0,1.0,2.4555486264019e-08,9.8221945056076e-08
Sofa_03_03.obj,Sofa_03,OB,OB,,0.0,9.8221945056076e-08,1.00000004859601,0.5773502501151475,0.9999999999986355,1.0,1.0,1.0,0.0,0.0,0.0,0.20598635254371644,0.0,0.0,1.0,2.4555486264019e-08,9.8221945056076e-08
Sofa_03_04.obj,Sofa_03,OB,OB,,0.0,9.8221945056076e-08,1.00000004859601,0.5773502501151475,0.9999999999986342,1.0,1.0,1.0,0.0,0.0,0.0,0.20598635254371644,0.0,0.0,1.0,2.4555486264019e-08,9.8221945056076e-08
Sofa_03_05.obj,Sofa_03,OB,OB,,0.0,9.8221945056076e-08,1.00000004859601,0.5773502501151475,0.9999999999986342,1.0,1.0,1.0,0.0,0.0,0.0,0.20598635254371644,0.0,0.0,1.0,2.4555486264019e-08,9.8221945056076e-08
Sofa_03_06.obj,Sofa_03,OB,OB,,0.0,9.8221945056076e-08,1.00000004859601,0.5773502501151475,0.9999999999986342,1.0,1.0,1.0,0.0,0.0,0.0,0.20598635254371644,0.0,0.0,1.0,2.4555486264019e-08,9.8221945056076e-08
Sofa_03_07.obj,Sofa_03,CA,CA,,0.7064087918422832,0.18913077476265822,5.418515695073172,0.157865562465775,0.5929019582881274,0.5652870356985298,0.6943058794921071,1.1100885005606522,0.0033754519807208208,0.002367124522265048,0.007637468050155356,0.24151338095974362,4.998191018927315,0.22151414376116318,0.8335700352853341,0.08255376278502703,0.09035316217442554
Sofa_03_08.obj,Sofa_03,OB,OB,,0.5727798880818947,0.3707128086833836,4.941428069080073,0.17674263327349723,0.9841009879656778,0.9999999994161215,0.9999999996859045,1.0555992799847962,0.021151647662328084,0.032627838785042364,0.08798402976494724,0.13456337665010248,2.2469579493706027,0.5854012261074549,0.9999999997533098,0.10253480043288168,0.3613052946625278
Sofa_03_09.obj,Sofa_03,SL,SL,,0.4436249121768134,0.5014472684954864,2.961757421420747,0.26126199390865584,0.4604947966663735,0.9876232327154839,0.9766717299322293,1.0071588797152629,0.0029297183361654488,0.00758576408335292,0.0157389340147972,0.18386532884887094,2.117263393415398,0.16793347867613048,0.984777615173181,0.13155570663692837,0.4872086161971382
Sofa_03_10.obj,Sofa_03,SL,OB,x,0.7542787366834307,0.24091495230057994,9.407208551135456,0.0948070399227352,0.7793758690519068,0.998575232333188,0.977114903936829,1.280509555987307,0.013515540490313529,0.020198853506717726,0.05642728169535853,0.140914707283869,2.3195938082184657,0.20839250350032762,0.986243546513067,0.08046471262546473,0.2339721029818003
Sofa_03_11.obj,Sofa_03,SL,SL,,0.00035176108145339944,0.9800951071548215,4.664680913818116,0.14988588968596836,0.779375810900447,0.9985609826534392,0.9758094172010094,1.2776055498834453,0.012910878419213703,0.01754801587365616,0.04782933521386756,0.20012718024357523,1.746466458949861,0.19577374607385575,0.9851824984892988,0.32593042202692246,0.9532932442871557
Sofa_03_12.obj,Sofa_03,SL,SL,,0.00035174044778577533,0.9800951277884891,4.664680557983167,0.14988589527520887,0.7793758645563318,0.9985605858029196,0.9758092180802239,1.2776057018070535,0.01291087859641907,0.017548034928109645,0.04782961498067908,0.20012718681459213,1.7464664519647568,0.19577380227868896,0.9851823365350054,0.3259306255891867,0.9532927329930677
Sofa_03_13.obj,Sofa_03,SL,SL,,0.44362492042509405,0.5014472610614421,2.9617573057393938,0.26126200001866084,0.4604948161741827,0.9876232631152934,0.976671773516441,1.0071588712995645,0.002929720361159872,0.007585770871326542,0.015738663803646802,0.18386532962312116,2.1172634005688162,0.1679365024564796,0.9847776432932172,0.13155568194134354,0.48720866057643564
Sofa_03_14.obj,Sofa_03,SL,SL,,0.44362494545319137,0.5014472385043093,2.9617573057393938,0.26126200001866084,0.4604948271157732,0.9876232643642517,0.9766717624159781,1.007158866681642,0.002929720781346436,0.007585771319219346,0.01573861885327313,0.18386532952314488,2.1172632972394188,0.16794043353682697,0.9847776655904011,0.1315556722555313,0.48720864087683424
Sofa_03_15.obj,Sofa_03,SL,SL,,0.3486069723034518,0.5497119682306817,1.6107367248989195,0.43594515449618126,0.30980490255829607,0.9862872083167661,0.9758154864809109,1.0016989626870114,0.002858378536252094,0.0073818607778542095,0.013540519344046209,0.28975352889230027,2.1020823132085216,0.17053195371580152,0.9840588306395324,0.14361317400440887,0.53340511146073
Sofa_03_16.obj,Sofa_03,SL,SL,,0.3486069697551494,0.5497119715510422,1.452923638050474,0.45909991925992266,0.31728171113705744,0.9862871409170243,0.975815450138972,1.0016989746341212,0.002858375544473614,0.007381849378007281,0.013540217593246306,0.2897535333485979,2.102082422945767,0.17053024129327551,0.9840588078946937,0.14361317167275012,0.5334051017885427
Sofa_03_17.obj,Sofa_03,SL,SL,,0.34860696917709433,0.5497119715441885,1.4539770201050999,0.46180042495188867,0.32382709032585555,0.9862871490534387,0.9758153815102634,1.0016989704377877,0.002858375361469734,0.007381847964150338,0.013540729101535781,0.28975352567547463,2.1020823715112895,0.17053044208654922,0.9840587882619429,0.14361320553833082,0.5334050329719808
Sofa_03_18.obj,Sofa_03,SL,SL,,0.34860696900693405,0.5497119724777726,1.2265466861893304,0.5101946918078806,0.24052393468947905,0.9862871175580118,0.9758154210535639,1.0016989714935773,0.002858376020394401,0.0073818476095020265,0.013541177718863512,0.2897535401321137,2.1020823798845463,0.1705368821412848,0.9840588231931331,0.14361322792962225,0.5334049794243665
Sofa_03_19.obj,Sofa_03,SL,SL,,0.34860696810393244,0.5497119720293152,1.0342018512500868,0.5704414486934744,0.23014196580025292,0.9862870794378328,0.9758153178830591,1.0016989830653587,0.0028583749976165804,0.007381850608353772,0.013541324793629406,0.2897535221354905,2.1020824393784405,0.17053480176429722,0.9840587376246891,0.1436132572952934,0.5334049146602999
Sofa_03_20.obj,Sofa_03,OB,OB,,0.6595659655918756,0.33752549065242476,23.9999999904,0.03464794643328166,0.833333333333332,0.6567222015874083,0.662531774576545,1.0701545778834722,0.0,0.0,0.0,0.011180339887248949,0.4150480602226029,0.4352624882966131,0.81619897729653,0.13986536252178236,0.18425879833803685
Sofa_04_01.obj,Sofa_04,M,M,,0.9864105686523035,0.00038386102686341464,3.005361926105875,0.3008988908644167,0.18749290939316357,0.8946928443876254,0.9019758307655539,2.308540662939235,0.03607757486339682,0.039797128491830244,0.10492338372256715,0.3487551459773788,2.153148825247098,0.294489576323575,0.9463154235827064,0.00021494459024464814,0.00031606462359152565
Sofa_04_02.obj,Sofa_04,M,M,,0.9864105548691258,0.0003838806394410782,3.0053657619905736,0.30089847160382743,0.18749298253764907,0.894694271438979,0.9019754416173636,2.308541665269627,0.03607681517011623,0.03979681325095872,0.1049264233234627,0.348754487991532,2.1531479167918484,0.29449182078221736,0.9463154379341465,0.00021495556801099075,0.00031608106947077176
Sofa_04_03.obj,Sofa_04,M,M,,0.986410589818914,0.0003838216744185133,3.0053657619905736,0.30089850659466544,0.1874930588245165,0.8946939719698151,0.9019731678844812,2.308533852116464,0.03607955335410496,0.03979867467192524,0.10492477353370411,0.34875310633661355,2.1531471009312684,0.2944824841776587,0.9463146639387907,0.00021492282204751544,0.00031603191032771933
Sofa_04_04.obj,Sofa_04,M,M,,0.9864105638280172,0.0003838529242173951,3.0053619261058753,0.30089885587357806,0.18749290060998502,0.8946925944334961,0.9019750476815518,2.308530410142775,0.036080011066729235,0.03979917790022251,0.10492684409742127,0.3487546952204775,2.1531483332016847,0.2944866501411375,0.9463151814476846,0.00021494039517272833,0.00031605728464752675
Sofa_04_05.obj,Sofa_04,OB,OB,,0.846863455826406,0.14150868409223655,8.344638304098847,0.11077031192110008,0.8969375512738205,0.9971510395003339,0.9722767916379931,1.087781047733979,0.0009986341780333452,0.003724343223533093,0.003611995901033227,0.5450352339642076,5.0,0.022377221484301324,0.9837044424637602,0.03959401949595796,0.1389599628539588
Sofa_04_06.obj,Sofa_04,OB,OB,,0.8614747941295163,0.13529865432519395,16.595118967895985,0.05695543027208689,0.884325918023446,0.9859526985716314,0.9675685720416856,1.0111882264346495,0.01318676174518952,0.020835864203479024,0.062248614280466526,0.12336398553987463,1.6799687420389073,0.24580920488410118,0.977774279660904,0.036866993686405274,0.12895644205896697
Sofa_04_08.obj,Sofa_04,OB,OB,,0.7149221782432116,0.2745104559035043,7.0999987010262755,0.1196083233689068,0.9863774541593648,0.6756754668665472,0.6894331577836255,2.073097341632872,4.4451869651336055e-17,7.534645513508598e-17,2.220446049250313e-16,5.0,2.3924774972976692,0.3836064065394114,0.8265752545711054,0.1749904357486778,0.15667801454062852
Sofa_04_09.obj,Sofa_04,OB,OB,,0.7149221782432118,0.2745104559035041,7.099998701026305,0.11960832336890631,0.986377454159362,0.675675466866547,0.6894331577836252,2.073097341632872,3.4358933063834634e-17,6.523250660254303e-17,2.220446049250313e-16,5.0,2.3924774972976697,0.3836064065394122,0.8265752545711051,0.17499043574867768,0.15667801454062832
Sofa_04_10.obj,Sofa_04,OB,OB,,0.7986538353623985,0.1846572709478736,3.965798538801587,0.22440151118830204,0.6381032109098761,0.9927689498599553,0.9470456531373388,1.0153855577002127,0.0012205831705749332,0.008620809911520779,0.0008260668800320059,5.0,3.2188608369017717,0.15843917171626612,0.966961787874748,0.049657976361674724,0.17820823244567047
Sofa_04_11.obj,Sofa_04,OB,OB,,0.7986497301267889,0.18465895161126178,3.96578951287655,0.22440195576105873,0.6381023247941515,0.9908843049350189,0.9461059847651996,1.0153851225154706,0.001162375613110834,0.008216020851135401,0.0008342412128434673,5.0,3.2188785778710747,0.13554180078910005,0.9662818222635154,0.04976741223650048,0.17779623415347753
Sofa_04_12.obj,Sofa_04,OB,OB,,0.17086055177375703,0.8130771422338009,6.982957688838441,0.10510008874563566,0.9908713121880555,0.8769180042825505,0.8875374708592345,1.0017879877948388,9.403227220374306e-05,0.0052794544699620565,1.1950213318900893e-07,5.0,3.229708582054813,0.040478518929052985,0.9257182419665795,0.24669837403586478,0.67245381836628
Sofa_04_13.obj,Sofa_04,OB,OB,,0.17086056300488603,0.8130770043288651,6.983100855464963,0.10509802913655063,0.9908735304967498,0.8769174239443123,0.8875371728140864,1.0017946920009226,6.472461129502983e-05,0.0036233298564746445,1.0661264357447742e-07,5.0,3.229712050809696,0.04047576550024117,0.9257181684559437,0.24661358871840058,0.6725959085829607
Sofa_05_01.obj,Sofa_05,OB,OB,,1.54304475854543e-11,0.884110457174542,2.9374999977013805,0.23403220720873635,0.9999999999995105,1.0,1.0,1.0,0.0,0.0,0.0,0.10220671954646031,3.857602724658986e-12,0.0,1.0,0.2210276142936355,0.884110457174542
Sofa_05_02.obj,Sofa_05,CA,CA,,0.6984847458441875,0.11237985024242705,3.6001236392268847,0.24374271460211017,0.5277969026940708,0.9045265033599397,0.9178155156781926,1.6130546880403727,0.0025712582737984894,0.016368928767704426,0.0024378641533456587,0.04167532862445519,1.9387733899746462,0.49600688588465863,0.9466419831546151,0.049917058999805135,0.097182676139568
Sofa_05_03.obj,Sofa_05,OB,OB,,0.906039707300204,0.07429457731591978,4.543175615438285,0.19052502067572455,0.8426487117523518,0.9999995541256689,0.9999997548051284,1.5256147204066748,1.242172302951125e-08,2.981819321122608e-08,5.5687535971404856e-08,0.09419861345724224,1.8316975700661577,0.6663042948217311,0.9999998074244539,0.02833623733663113,0.07429453381568062
Sofa_05_04.obj,Sofa_05,CA,OB,x,0.5872739133504421,0.35523833934281207,8.142856824982706,0.11140084206027227,0.8110117491242482,0.5892069796510099,0.6590880296765822,1.1488319889187801,2.2834374265340098e-17,5.454645013720771e-17,1.1102230246251565e-16,0.04153438700860659,1.7952036784469025,0.5114568709552041,0.8205677959113639,0.15894010811505718,0.17363095269703907
Sofa_05_05.obj,Sofa_05,M,M,,0.9798333762509266,0.016637837349030248,28.5000131311212,0.03443223250590258,0.39114148233652185,0.47570672394833735,0.8122117160224033,1.1396476275083247,2.709467131298719e-10,7.233269672781908e-10,1.6276431702433324e-09,0.0571529137086052,1.5890846930188096,0.5570252971337569,0.8840648082150765,0.007242934487627983,0.0071715842099668746
Sofa_05_06.obj,Sofa_05,SL,SL,,0.5781862930982649,0.41290661299110804,3.6318087769996716,0.20397586964891673,0.4236989057738293,0.9999998452513787,0.9999998785875694,1.6116733108123544,3.151904349571419e-17,6.215955680843222e-17,1.1102230246251565e-16,0.16275707707036105,2.109786896592918,0.549663126664437,0.9999999046429225,0.16636766820910395,0.4129065240283851
Sofa_05_07.obj,Sofa_05,SL,SL,,0.7075194531839518,0.28630447511686796,4.3614888711781035,0.1829788560408006,0.4236988435079124,0.9999998764465258,0.9999998955886109,1.6116733108123948,6.774242184153498e-17,8.795974037661682e-17,2.220446049250313e-16,0.1485196634120409,2.2067995419062116,0.5496629120068022,0.9999999179955087,0.11535733540853953,0.2863044247962332
Sofa_05_08.obj,Sofa_05,SL,SL,,0.7915058863974516,0.2040915144947293,5.165789503979614,0.16323345945624423,0.4236992091247019,1.0,1.0,1.611673310812409,4.233901365095936e-17,7.56857157612855e-17,2.220446049250313e-16,0.019495533591079268,0.2302369864456888,0.0,1.0,0.0822322117186098,0.20409151449472926
Sofa_05_09.obj,Sofa_05,SL,SL,,0.7401031336429383,0.25440883750014237,1.2728842150591726,0.48702697124859706,0.12384127841354155,0.9999999999999929,0.9999999999999861,1.6116733108124963,3.387121092076749e-17,6.384044123356103e-17,2.220446049250313e-16,0.05664931090574592,1.2396840626512315,0.7556248074542997,0.9999999999999889,0.10250598335845454,0.2544088375001387
Sofa_05_10.obj,Sofa_05,SL,SL,,0.7021100851011771,0.29159961801273465,4.32171082946344,0.1840460962469431,0.4236992091246881,1.0,1.0,1.6116733108124188,4.375031410599134e-17,6.397030570258519e-17,1.1102230246251565e-16,0.021314523436310306,0.14422376171864906,0.0,0.9999999999999999,0.11749083044855517,0.29159961801273465
Sofa_05_11.obj,Sofa_05,OB,OB,,0.04167762847090115,0.8560673784411965,2.9999999975981786,0.22941573384193284,0.9895833333417405,0.9999999999999997,0.9999999999999998,1.0743801652892562,1.5313421029312504e-17,3.828355257328126e-17,1.1102230246251565e-16,0.09965885255994564,0.0041911116366850475,0.0,0.9999999999999998,0.22993545288709838,0.8560673784411961
Sofa_05_12.obj,Sofa_05,OB,OB,,4.5994641443623123e-14,0.8744529952893698,2.937499997701449,0.2340322072078804,0.9999999999995097,1.0,1.0,1.0,2.4671622769447922e-17,4.6156379789502494e-17,1.1102230246251565e-16,0.10220671954606483,1.143800313379388e-14,0.0,1.0,0.21861324882234245,0.8744529952893698
Sofa_05_13.obj,Sofa_05,CA,M,x,0.9519485360523493,0.044532273415414825,7.75171199953776,0.12319402745441135,0.5884599073486889,0.9540969520749993,0.975705850830908,1.1720211327600383,5.681074340055149e-17,8.607154244075229e-17,2.220446049250313e-16,0.3103693625607678,3.300631470175713,0.41728556283836854,0.9819521568971759,0.013739862575858915,0.041972000138015074
Sofa_06_01.obj,Sofa_06,SL,CA,x,0.8432605248450439,0.14145935514491545,3.47260704095561,0.2636369563015464,0.5436470100060959,0.9981614579027906,0.9861273892507153,2.070910034677429,1.1886048747499194e-10,3.8249434496431554e-10,7.200350149449968e-10,0.1121403880800548,2.444428498044748,0.4064007109687952,0.9926265048985632,0.07123251244833939,0.14021987483746204
Sofa_06_02.obj,Sofa_06,SL,CA,x,0.8432605042624044,0.14145945196259907,3.47260704095561,0.26363672222299245,0.5436418411492179,0.9981629145429937,0.9861264988808179,2.0709188988133964,4.934004894990127e-09,1.6925468562067712e-08,2.2180698411311538e-08,0.11214025844956794,2.444428253927519,0.4063953914855195,0.9926265366035091,0.07123253871960955,0.14022011156319636
Sofa_06_03.obj,Sofa_06,SL,SL,,0.6805486410222652,0.30117033990436687,3.2482841721705302,0.2446093092772246,0.5892538775722259,0.9993019438781132,0.9781008756052877,1.4256407784208687,2.1677469959306518e-10,8.764357798594284e-10,8.250027327960652e-10,0.05018159994997861,1.6653436572178695,0.13344269250854582,0.988352195250211,0.108897727269571,0.29766472461113036
Sofa_06_04.obj,Sofa_06,SL,OB,x,0.8492019568568299,0.12295874960379041,4.599999999384804,0.18342449503002728,0.9491949376651091,1.0,1.0,1.087651767334102,2.0655312086049424e-17,4.320368489495931e-17,1.1102230246251565e-16,0.013946029710906882,0.24001715397797313,0.0,1.0,0.03343407532893849,0.12295874960379041
Sofa_06_05.obj,Sofa_06,SL,SL,,0.8492019019303535,0.12295854765739342,4.599999999384804,0.18342449503002728,0.949195428727598,0.9999999999999998,1.0,1.0876515006912975,4.7335090197196594e-17,7.543235574898275e-17,2.220446049250313e-16,0.013946027625683316,0.24001701307064843,0.0,1.0,0.0334340122205966,0.12295854765739338
Sofa_06_06.obj,Sofa_06,OB,OB,,0.8399999999999359,0.14999999999993122,9.999999998577044,0.09245003270326821,0.9999999999999992,1.0,1.0,1.0,7.401486830834377e-17,6.62009107532606e-17,1.7208456881689895e-16,0.008823156061749706,0.42857142856288916,0.0,1.0,0.03749999999998281,0.1499999999999312
Sofa_06_07.obj,Sofa_06,SL,SL,,0.6805488301346817,0.3011701616141541,3.2482841721705302,0.2446093092772246,0.5892539523032196,0.9993019732752886,0.9781007178101855,1.425636407498244,2.16773468107817e-10,8.764352657578623e-10,8.249909366764285e-10,0.09409049847972298,2.240961042645396,0.21881792060642083,0.9883524619914191,0.10889732701279028,0.29766453340781956
Sofa_06_08.obj,Sofa_06,OB,OB,,0.5105613967180457,0.4583147954640872,4.999999999301776,0.16086825121218962,0.9855206909623653,0.9984374978142243,0.965791832473668,1.0000040714235354,1.4157650786072495e-10,3.9271423833342033e-10,7.007836533290401e-10,0.05298034350221592,1.6265638912151068,0.13089894808461094,0.9825810613987764,0.11827160897520293,0.4497718713866516
Sofa_06_09.obj,Sofa_06,OB,OB,,0.510561223896411,0.4583149572958504,4.999999999301776,0.16086825121218962,0.9855205100848793,0.9984374527083888,0.9657920148315996,1.0000000419462505,2.344186171273177e-10,5.280061582225745e-10,1.66462197359607e-09,0.0529803446989472,1.6265645402309945,0.13088340364178663,0.9825807703239569,0.11827120070498429,0.44977205150457295
Sofa_06_10.obj,Sofa_06,OB,OB,,0.8426294465358558,0.14967444026119975,8.99999999892013,0.10162764314319775,0.7126623376600709,1.0,1.0,1.2762227194027127,2.2773805633336544e-17,4.483028121952662e-17,1.1102230246251565e-16,0.00842413101258515,0.3900559788813491,0.0,1.0,0.0477544802938068,0.14967444026119975
Sofa_06_11.obj,Sofa_06,OB,OB,,3.5425874353467497e-09,0.5244121913976743,1.5624999994977622,0.4122944575732859,0.857500000010751,0.9999999960929982,0.9999999975127254,1.161208873387829,3.7007434154171884e-18,1.9929113200939387e-17,0.0,0.08035565565221754,8.031764341704151e-10,0.0,0.9999999980464991,0.1522380232500294,0.5244121886966163
Sofa_06_12.obj,Sofa_06,OB,OB,,3.5623440817499766e-09,0.5244121913779176,1.5624999994977908,0.4122944575732796,0.8575000000017101,0.9999995006373288,0.9999996820956915,1.1612088733988801,1.1102230246251566e-17,3.3306690738754695e-17,1.1102230246251565e-16,0.08035565565221607,8.031947763013248e-10,8.881784197001252e-16,0.9999997503186335,0.15223811950834906,0.5244118461496389
Sofa_06_13.obj,Sofa_06,OB,OB,,1.975941658445958e-11,0.5244121915508908,1.5624999994977908,0.4122944575732796,0.8575000000017012,1.0,1.0,1.1612088738699153,4.810966440042345e-17,7.410732914178074e-17,2.220446049250313e-16,0.08035565558767556,9.13538037681014e-15,0.0,1.0,0.1522380225986161,0.5244121915508907
Sofa_06_14.obj,Sofa_06,OB,OB,,2.7701112433729595e-15,0.5244121915706474,1.5624999994977622,0.4122944575732859,0.8575000000107441,1.0,1.0,1.1612088738588644,1.295260195396016e-16,1.5459188428790554e-16,3.9412917374193026e-16,0.08035565558767703,9.135380376810307e-15,0.0,1.0,0.15223802260290267,0.5244121915706473
Sofa_07_01.obj,Sofa_07,OB,OB,,4.241706108271762e-11,0.43749999994179023,1.33333333294739,0.46852128561028816,0.9999999999998735,1.0,1.0,1.0,0.0,0.0,0.0,0.0847191112811398,1.0604224089608456e-11,0.0,1.0,0.10937499998544756,0.43749999994179023
Sofa_07_02.obj,Sofa_07,OB,OB,,0.707985829419405,0.2650201483969421,7.5999999987867595,0.10822003815672644,0.9763342211685291,0.6452345371753623,0.6368732780835893,1.5835759917334982,1.3392406915709148e-06,1.792817571034731e-05,5.480743923980121e-07,0.15329142602636,3.350844750854277,0.08551148606960617,0.8067265429676754,0.14584281644056948,0.13995242854905687
Sofa_07_03.obj,Sofa_07,OB,OB,,3.875846589422823e-14,0.43749999998416844,1.33333333294739,0.46852128560641404,0.9999999999998732,1.0,1.0,1.0,0.0,0.0,0.0,0.08471911128024225,9.63144785603643e-15,0.0,1.0,0.10937499999604211,0.43749999998416844
Sofa_07_04.obj,Sofa_07,OB,OB,,0.7079858293145335,0.26502111430408626,7.5999992387683735,0.10822004885224734,0.9763335514550121,0.6452345209866756,0.6368733324473052,1.5838110364550373,1.2682009809982077e-06,1.7879779247984274e-05,3.548506619488467e-07,0.15329143985300006,3.350844933800616,0.08551477905124183,0.8067265624149742,0.14585891129491296,0.13995294775919567
Sofa_07_05.obj,Sofa_07,OB,OB,,2.500484432117324e-07,0.43749989056415367,1.3333334996181054,0.46852126275503636,0.9999999999998724,1.0,1.0,1.0,0.0,0.0,0.0,0.08471910598606719,6.251211839870315e-08,0.0,1.0,0.10937497264103842,0.43749989056415367
Sofa_07_06.obj,Sofa_07,OB,OB,,2.500060647157185e-07,0.43749989060653166,1.3333334996181054,0.4685212627511621,0.9999999999998735,1.0,1.0,1.0,0.0,0.0,0.0,0.08471910598516966,6.250152395655279e-08,0.0,1.0,0.10937497265163292,0.43749989060653166
Sofa_07_07.obj,Sofa_07,OB,OB,,0.8332510666765554,0.1640340952739414,14.69043475578893,0.06285307841994289,0.7840925762939074,0.9999697606413603,0.9961946705889029,1.0253265818967832,4.805242818698582e-07,2.9243836374784882e-06,1.2125918219973996e-06,0.0857169021321953,3.154758092161427,0.08589005690515482,0.9978132269243822,0.042195614747898444,0.1637169292242098
Sofa_07_08.obj,Sofa_07,OB,OB,,0.9585910502197055,0.03494375134978477,7.065981431660202,0.13486310935969265,0.773243972800615,0.9995429714106546,0.991188478606074,1.6034880484594678,0.0027299161775202387,0.043239841571805666,1.0814773181211412e-06,0.13891302540053993,3.344732119347087,0.10016548864857665,0.9949870170553824,0.014186413832843418,0.03456932514252057
Sofa_07_09.obj,Sofa_07,OB,OB,,0.790152801677887,0.2050902027702251,9.750022498613987,0.08800741212929676,0.9959595909503818,0.9982215546635933,0.9921961834291594,1.6840992382586568,1.5850695621599796e-08,1.501764387887101e-07,3.305682103049706e-08,0.09409322586080486,3.4263835181128517,0.10204858712889571,0.9953449822334106,0.08680429252431814,0.20392663534081473
Sofa_07_10.obj,Sofa_07,OB,OB,,0.8231311049941004,0.16352520795711228,5.571423060762145,0.15390101511972834,0.9968105763598895,0.999923207310686,0.9933386567825391,1.6412875612314912,5.045961610116859e-09,1.3285395988304462e-08,3.579642018358695e-08,0.09093394519309753,3.339679952855678,0.1062527199499177,0.9961607069119427,0.06735805255372224,0.16296804189293249
Sofa_07_11.obj,Sofa_07,OB,OB,,0.5115039674774139,0.4718459474310475,1.1422503485878406,0.5263545082777832,0.20244875722761227,0.9999999999999997,0.9999999999999999,1.0000000000000002,1.4802973661668754e-17,3.774032578002451e-17,1.1102230246251565e-16,5.0,0.1772156021609417,0.0,0.9999999999999997,0.11796148685776196,0.47184594743104735
Sofa_07_12.obj,Sofa_07,OB,OB,,0.8888620125999247,3.004367709701877e-06,2.1213337961685648,0.39222949117730904,0.49957056221487145,1.0,1.0,1.0000045066157106,3.700743415417188e-17,5.233641528945916e-17,1.1102230246251565e-16,5.0,0.35924250838847027,0.0,1.0,7.510953123081495e-07,3.004367709701877e-06
Sofa_07_13.obj,Sofa_07,OB,OB,,5.0366230740734434e-14,0.9997428116349858,1763451.3376000084,0.0,0.5,0.5,1.609823385706477e-14,1.232595164407831e-32,1.3322676295501878e-16,4.440892098500627e-17,1.9984014443252816e-16,5.0,1.2590316070294614e-14,3.082103893942946e-14,0.7071067811865476,0.2938583864215514,0.24993570290875042
Sofa_07_14.obj,Sofa_07,OB,OB,,0.0,0.9997428116350362,1763451.3376000084,0.0,0.5,0.5,1.609823385706477e-14,1.0477058897466559e-32,6.661338147750939e-17,5.438959822042074e-17,1.1102230246251565e-16,5.0,1.7805124000566136e-14,2.4868995751603507e-14,0.7071067811865476,0.2938583864215662,0.24993570290876305
Sofa_07_15.obj,Sofa_07,OB,OB,,0.0,0.9997428116350362,1763451.3376000084,0.0,0.5,0.5,7.230549492476257e-12,1.0477058897466559e-32,4.4408920985006264e-17,5.438959822042074e-17,1.1102230246251565e-16,5.0,5.678751171952272e-12,8.031356196317243e-12,0.7071067811865477,0.29385838642048423,0.24993570291056624
Sofa_08_01.obj,Sofa_08,OB,OB,,0.5303839588437186,0.41145665823539435,3.47469282347651,0.2241472889707529,0.6483813278812963,0.9998748373385369,0.990551483376525,1.0003509625919966,0.00045096907489819893,0.018195086428713942,0.00012871370675493488,0.3619519024054392,3.4635854203638976,0.036424891932077784,0.9948844026355774,0.10429887868279543,0.408487446186497
Sofa_08_02.obj,Sofa_08,OB,OB,,0.5303839588437183,0.4114566582353947,3.47469282347651,0.2241472889707529,0.6483813278812959,0.9998748373385367,0.990551483376525,1.000350962592,0.000450969074899361,0.018195086428712967,0.0001287137067550459,0.3619519024054392,3.4635854203638976,0.0364248919322345,0.9948844026355772,0.1042988786827959,0.4084874461864972
Sofa_08_03.obj,Sofa_08,OB,OB,,0.5303839588437183,0.4114566582353946,3.47469282347651,0.2241472889707529,0.6483813278812949,0.999874837338537,0.9905514833765252,1.0003509625919842,0.00045096907489991316,0.018195086428726397,0.00012871370675462956,0.3619519024054392,3.4635854203638976,0.03642489193277183,0.9948844026355774,0.10429887868279454,0.4084874461864967
Sofa_08_04.obj,Sofa_08,OB,OB,,0.5303839588437187,0.4114566582353941,3.47469282347651,0.2241472889707529,0.6483813278812951,0.999874837338537,0.990551483376525,1.000350962591991,0.00045096907489992715,0.0181950864287267,0.00012871370675451854,0.3619519024054391,3.4635854203638865,0.03642489193211585,0.9948844026355776,0.10429887868279512,0.40848744618649613
Sofa_08_05.obj,Sofa_08,OB,OB,,0.5303839588437185,0.41145665823539446,3.474692823476512,0.22414728897075284,0.6483813278812925,0.9998748373385365,0.990551483376526,1.0003509625919964,0.00045096907490538063,0.01819508642871911,0.00012871370678563254,0.3619519024054393,3.4635854203639025,0.0364248919319958,0.9948844026355763,0.10429887868279711,0.40848744618649385
Sofa_08_06.obj,Sofa_08,OB,OB,,0.5303839588437183,0.4114566582353946,3.474692823476512,0.22414728897075284,0.6483813278812932,0.999874837338537,0.9905514833765264,1.0003509625919813,0.00045096907490427187,0.018195086428713352,0.0001287137067605415,0.3619519024054391,3.4635854203639034,0.03642489193196673,0.994884402635576,0.10429887868279433,0.40848744618649674
Sofa_08_07.obj,Sofa_08,OB,OB,,0.624826574724298,0.3306985655264917,4.880998654823057,0.17402459368955084,0.9849384385095802,0.99600884285457,0.9845673575776821,1.0021911266820487,0.0076323843559945445,0.010140018808875963,0.0201735304849279,0.3596995043263269,4.058583514621543,0.02830487899846713,0.9911305914499161,0.08542283198001388,0.3246675996961105
Sofa_08_08.obj,Sofa_08,OB,OB,,0.6247780056764036,0.3307344534405772,4.880998654823057,0.17402459368955084,0.9849384212858802,0.9960446752052838,0.9845920649006804,1.0007582234861268,0.007665437921483633,0.01017900529376549,0.02017869499542947,0.37018794687724726,4.115877610987467,0.025294757705975866,0.9911527475050841,0.08531086272379415,0.324714735699071
Sofa_08_09.obj,Sofa_08,OB,OB,,0.7523354989791979,0.23856613764424603,9.941176469302501,0.08950468150233883,0.9991355751025591,1.0,1.0,1.111111118653801,4.469729060179202e-17,6.98961791391585e-17,2.220446049250313e-16,0.0075915160639129075,0.3307086614127937,0.0,1.0,0.06626837201770373,0.238566137644246
Sofa_08_10.obj,Sofa_08,OB,OB,,0.27777500002418803,2.77779169872396e-06,1.000001666491381,0.5773499483662503,0.7037039197619032,0.8333336110893219,0.8845915359427559,1.1236201953850156,2.2204460492503132e-17,4.440892098500627e-17,1.1102230246251565e-16,0.12458952559884662,0.16070979113632636,0.1651486774086286,0.923563607876692,9.528243724704332e-07,2.181251862038022e-06
Sofa_08_11.obj,Sofa_08,OB,OB,,0.2777736111357499,1.3888884378527399e-06,1.0000024997844468,0.5773494672614183,0.7037042438295033,0.8333337499782237,0.8845915880081083,1.1236201953826648,4.810966440042345e-17,6.83386137035498e-17,1.7208456881689895e-16,0.12458946330198697,0.1607094443751252,0.16514867741018047,0.9235636397076188,4.7640958791652644e-07,1.090620323055971e-06
Sofa_08_12.obj,Sofa_08,OB,OB,,0.2777736111357502,4.166661198181815e-06,1.0000024998033907,0.5773497879989272,0.7037040277809269,0.8333337499828529,0.8845915880089662,1.1236201953826666,3.700743415417188e-17,5.967269455082413e-17,1.1102230246251565e-16,0.12458946330229188,0.1607094443736963,0.16514867740938666,0.9235636397094933,1.429227352108118e-06,3.271857737601065e-06
Sofa_08_13.obj,Sofa_08,OB,OB,,0.2777777777779873,3.7899502279952005e-11,0.9999999998483539,0.5773502691118504,0.7037037037085705,0.8333333333301493,0.8845914113372138,1.1236201953816678,2.590520390792032e-17,5.5015506029778206e-17,1.1102230246251565e-16,0.12458962982109319,0.7339900112636258,0.7526579509556155,0.9235635339195195,1.3000103095302104e-11,2.976044853769991e-11
Sofa_08_14.obj,Sofa_08,OB,OB,,0.9587295620553259,0.03970445953729783,11.26668666515866,0.08467934633385146,0.7264298376429571,0.9999293562448117,0.9957465349312885,1.1386856747844494,1.7572686937651083e-08,4.61125438740297e-08,1.0754103962895556e-07,0.09974425474957953,3.443465962179134,0.3263092297304362,0.9976736012497144,0.01134247389244866,0.03961721866225078
Sofa_08_15.obj,Sofa_08,OB,OB,,0.32802120199367024,0.6152643930941539,3.777779443969672,0.2001977734600269,0.954261266260708,0.9930994592316595,0.9706802745471963,1.0456066712112384,0.0013747723539451328,0.035158256110150665,7.150783126741445e-08,0.19911605261117613,3.36027182549898,0.027528167308845233,0.9833020808728011,0.16735321521037472,0.599270501542372
Sofa_08_16.obj,Sofa_08,OB,OB,,0.3280225193205596,0.6152630757744191,3.777779443969672,0.20019777346002776,0.9542619456582291,0.9930990764890333,0.9706719465780853,1.045058307459533,0.0003053960498422663,0.008695270969467967,2.685935872936973e-06,0.19911609255049675,3.3602581889977183,0.027661004981576996,0.9832990138902088,0.16619459296156708,0.6013703386372744
Sofa_08_17.obj,Sofa_08,OB,OB,,0.3280216399062556,0.6152639552082728,3.777779443969672,0.20019777346034306,0.9542614999446024,0.9930993305789818,0.9706766857933207,1.0457578879176395,0.0011651433809671005,0.03369070665248059,1.8436912964381325e-06,0.19911606775119847,3.3602651666918444,0.02761095057630842,0.9833008870004548,0.16730920326201593,0.5994012233459612
Sofa_09_01.obj,Sofa_09,OB,OB,,0.9441297736727207,0.05488685660458425,26.489448844524503,0.03495517623281285,0.9873254847099555,0.9892760952188548,0.9949599741298303,1.1239052957516669,0.006392874116465865,0.065543136371527,4.369871131615355e-09,0.026868231232768467,1.7611762123104435,0.6621055269069283,0.9960765577283598,0.015868967461023734,0.05365709088445695
Sofa_09_02.obj,Sofa_09,OB,OB,,0.9563508028332384,0.04141559438868137,16.426365704509873,0.05925214798394402,0.9210638598743474,0.9631472040680649,0.9888476302982832,1.286166180955096,0.004057950540679183,0.051579697464145,2.101096119311281e-09,0.035781235605134624,1.957060499074784,0.6880012457568394,0.9913639748082682,0.013893240737826216,0.0393829639084269
Sofa_09_03.obj,Sofa_09,OB,OB,,0.7784378702333828,0.21056661037147312,7.923460877819157,0.11258383630292995,0.9697402218201212,0.9121626777384804,0.9284956937347373,1.612698203267918,0.009691308314472853,0.08605485839394317,6.07956803677645e-08,0.1126169884035743,2.592957578050351,0.06896256750990999,0.9523609002196581,0.0936684405099268,0.18289773326582814
Sofa_09_04.obj,Sofa_09,OB,OB,,0.7772045663888544,0.21514092112379385,9.147795537346953,0.09767041866406938,0.9651953798138903,0.9192400061932505,0.9327383009699883,1.3434919660332814,0.00454739175239567,0.05086719307950484,3.6116352089752466e-05,0.11260357534044617,2.592751673905225,0.0658156775503588,0.9552741544416973,0.08011930300309009,0.18974644360104725
Sofa_09_05.obj,Sofa_09,OB,OB,,0.8661726177276454,0.12595443491986227,8.300725770076308,0.11198458441392203,0.9540115409306663,0.9979428646566736,0.9658431239789077,1.0000161324630155,1.1979157112629428e-08,2.5253304061784878e-08,5.743597080165585e-08,0.17547425085632345,2.6651647455024654,0.07995372484545869,0.9814386348695626,0.0325369532781091,0.12354864763711848
Sofa_09_06.obj,Sofa_09,OB,OB,,0.830754479021351,0.15906003693023768,8.279065114676808,0.11073582622398952,0.9896883683931057,0.9898044316982939,0.9736697088686398,1.0132306930943122,0.00021824879073309057,0.002026785968124207,9.649935388544861e-08,0.11110681757017737,2.6733809155771264,0.07874016380829553,0.9846619010932475,0.041632823566884865,0.15532033236287707
Sofa_09_07.obj,Sofa_09,M,M,,0.9401227850180867,1.3296049785603536e-06,2.8798076914022666,0.3116899836445403,0.7764546212966479,0.9999998483758077,0.9999999348718319,1.0138406658896,4.221974882377356e-17,7.839293537953861e-17,2.220446049250313e-16,0.5025229716071178,2.5001079171072913,0.5667451139384925,0.9999999488484608,3.37001962719407e-07,1.3296047336627106e-06
Sofa_09_08.obj,Sofa_09,M,M,,0.930556572410426,6.321110987686255e-07,2.6741071420226357,0.33057446608205276,0.7764600479927519,0.9999998516100768,0.9999999374182645,1.0138406658760424,3.909236002201255e-17,6.56999806945971e-17,1.1102230246251565e-16,0.48424325386670325,2.44641057717757,0.5667452030538728,0.9999999508484234,1.6021501367476847e-07,6.321109851904062e-07
Sofa_09_09.obj,Sofa_09,M,M,,0.9213374489453503,0.0018843795900628148,2.535763149690182,0.3444163594716012,0.776456540873426,0.9723297207555877,0.9876328664891929,1.0410241563277955,0.00916532618668742,0.09524864635047088,2.9052589223250833e-10,0.4715514208277232,2.4068117655923884,0.566732749281913,0.9904267340737177,0.0005197800325807858,0.00179630801532164
Sofa_09_10.obj,Sofa_09,M,M,,0.9471961004878944,0.003648153802154344,3.1197916655663844,0.29194000631579364,0.7764626096950855,0.9999111017439213,0.999961518806967,1.0318371559799981,0.0012335796715985962,0.0030048076220127225,0.008556314960159184,0.5237379496552884,2.557924523475382,0.5665969934630634,0.9999697786691389,0.0009453779950060622,0.0036393594585619575
Sofa_09_11.obj,Sofa_09,OB,OB,,0.8307927420757787,0.15900835883218292,8.279069765815489,0.11073577393574802,0.9896888059840002,0.9991740227353412,0.9780244357348965,1.0000236961429814,1.7374845035745686e-08,3.245626405628835e-08,7.263456033301808e-08,0.10371868355771807,2.570095333949625,0.05914274988397672,0.9879772116255937,0.040590204194776956,0.15713131204642186
Sofa_09_12.obj,Sofa_09,OB,OB,,0.8661726135781783,0.12595441480179934,8.300638712662082,0.11198574418346,0.9539977161417686,0.9979428630435312,0.9658431118555628,1.000015433280568,3.771826597625703e-09,1.341625233373565e-08,2.0896254099289634e-08,0.1754742506978472,2.6651648350324817,0.07995358755141646,0.9814386269388857,0.03253692584051797,0.12354862820482716
Sofa_09_13.obj,Sofa_09,OB,OB,,0.3354565249763527,0.6527904778417606,8.19640232397204,0.09395092676303733,0.9932625792002431,0.9995695655653163,0.9827399246876022,1.0000129199557877,1.059383013256097e-08,2.3392976602816972e-08,6.823365249486457e-08,0.07485819902751047,2.365728985057483,0.05914578388557511,0.9905317709973284,0.16587312806214582,0.6468783009156837
Sofa_09_14.obj,Sofa_09,OB,OB,,0.33545747500270856,0.6527896305060258,8.196418603020511,0.09395077207153635,0.9932616724226342,0.9995694486493155,0.9827356408618104,1.0000023650205818,3.309797431168362e-08,5.7858091331047905e-08,1.576882100784438e-07,0.07485808500300646,2.3657332097790613,0.058998158669538614,0.9905304336814693,0.16587176442611176,0.6468759710671111
Sofa_10_01.obj,Sofa_10,OB,OB,,0.6656885239385864,0.32214238539138934,10.499989863531141,0.0789952939081751,0.8392881192331998,0.6633531428208901,0.6646572262599101,1.2468025678233505,1.7831569554260795e-13,6.825675946452557e-13,1.268796179232366e-12,0.013255163966227265,0.8011414858546382,0.3936872899690253,0.8189562544670994,0.14705413041436277,0.1778637669772322
Sofa_10_02.obj,Sofa_10,OB,OB,,0.4943209876568951,0.47790141474889564,6.0000194587761335,0.13458962872987473,0.9999999999999976,0.9999999999999996,0.9999999999999998,1.0,0.0,0.0,0.0,0.01567707618573688,0.16883116882598675,0.0,0.9999999999999998,0.11947535368722402,0.47790141474889536
Sofa_10_03.obj,Sofa_10,OB,OB,,0.6569809313633165,0.3308361131486684,10.499984998440187,0.07873642065132551,0.8430507517250277,0.6621771241382769,0.6595851817634499,1.2469135802469138,6.938893903907228e-18,2.6874220530932865e-17,7.216449660063502e-17,0.009396625240956677,0.4084269253775206,0.4471107758774972,0.817175854138632,0.15144976378636793,0.18178441039933574
Sofa_10_04.obj,Sofa_10,OB,OB,,0.829510926120023,0.16112389009174,10.333366845687523,0.08909307943940091,0.9999999999999983,0.9999999999999999,1.0,1.0,0.0,0.0,0.0,0.011945943999582776,0.415525114145806,0.0,1.0,0.040280972522935,0.16112389009173997
Sofa_10_05.obj,Sofa_10,OB,OB,,0.8951471898744214,0.0997507953475356,14.000035721995072,0.06779820634323434,0.9999999999999987,1.0,1.0,1.0,0.0,0.0,0.0,0.00995663109914379,0.5107910101953196,0.0,1.0,0.0249376988368839,0.0997507953475356
Sofa_10_06.obj,Sofa_10,OB,OB,,5.821019937845242e-16,0.27777777774939066,1.199999999286165,0.5076730824134685,0.9999999999985354,1.0,1.0,1.0816000000000001,0.0,0.0,0.0,0.19830107110031278,4.755421762777386e-15,0.0,1.0,0.07511111110343524,0.27777777774939066
Sofa_10_07.obj,Sofa_10,OB,OB,,4.4547537956837403e-11,0.27777777770484324,1.199999999286165,0.5076730824176653,0.999999999998537,1.0,1.0,1.0816000000000001,2.0185873175002847e-17,5.0800000134214866e-17,1.1102230246251565e-16,0.1983010711025204,1.1127863051754919e-11,0.0,1.0,0.07511111109138963,0.27777777770484324
Sofa_10_08.obj,Sofa_10,OB,OB,,9.901482151527316e-11,0.27777777765024586,1.1999999992860568,0.5076730824228305,0.9999999999985385,0.9999998966425273,0.9999999342005825,1.0816000000000001,2.6914497566670462e-17,4.757855935405379e-17,1.1102230246251565e-16,0.19830107110523937,2.474888805821862e-11,0.0,0.9999999483212624,0.07511112171363142,0.27777773980102977
Sofa_10_09.obj,Sofa_10,OB,OB,,9.022580903660936e-14,0.2777777777492356,1.1999999992861108,0.5076730824134941,0.9999999999985374,0.9999077022022298,0.9999412359731198,1.0816000000000001,9.420074148334662e-17,4.82869639707596e-17,1.1102230246251565e-16,0.1983010711003267,2.4657742473662252e-14,0.0,0.9999538500362053,0.07512061017510213,0.2777439785549849
Sofa_10_10.obj,Sofa_10,OB,OB,,8.949818154437061e-14,0.2777777777493015,1.199999999286165,0.5076730824134771,0.999999999998538,0.9999918653397052,0.9999948212722877,1.0816000000000001,3.700743415417188e-17,5.233641528945917e-17,1.1102230246251565e-16,0.2974516066504753,2.2632456385039184e-14,0.0,0.9999959326615743,0.07511194828173873,0.2777747988595553
Sofa_10_11.obj,Sofa_10,OB,OB,,0.6013404071018749,0.34968036181785483,4.666666665754422,0.17739371879037488,0.9975081363471603,0.9958537507241979,0.9570014951611923,1.0057247063145789,4.4937598615780146e-17,7.106822580544355e-17,2.220446049250313e-16,0.27593460105058293,3.2503378341572233,0.0262641614783888,0.9767656673456867,0.09168456557452201,0.3407438044540455
Sofa_10_12.obj,Sofa_10,OB,OB,,0.6013403939395513,0.3496803733700675,4.666666665714762,0.17739371879140803,0.9975081357876291,0.995853861690592,0.9570015663726812,1.0057245554629854,5.070499095149525e-17,7.131643891407299e-17,2.220446049250313e-16,0.2759346011291453,3.2503370379950054,0.026263924759929367,0.9767657142930637,0.09168454145776864,0.3407438660785732
Sofa_10_13.obj,Sofa_10,OB,OB,,0.6013405279102094,0.34968025585202483,4.666646665742936,0.1773942398083698,0.9975088431233436,0.9958544606131314,0.9570094308035941,1.0057350614145193,4.5658522657744534e-17,7.86508709601537e-17,2.220446049250313e-16,0.2759350945855008,3.250323092196316,0.026461442690566318,0.9767689528913364,0.09168480481325793,0.3407453258105383
Sofa_10_14.obj,Sofa_10,M,M,,0.9971864488389859,0.00257827312313969,65.21416554746112,0.015310752529495781,0.9999157781831177,1.0,1.0,1.0,7.401486830834377e-17,6.62009107532606e-17,1.7208456881689895e-16,5.0,0.8992602365367907,0.0,1.0,0.0006445682807849226,0.0025782731231396897
Sofa_11_01.obj,Sofa_11,CA,CA,,0.6058981922270048,0.3214574270610907,1.7212121211736124,0.42906960931374516,0.772919796413868,0.9618349635943371,0.9710876722264471,1.62863783091141,5.3524457388787497e-11,5.193006841744668e-10,2.220446049250313e-16,0.02231853769923207,1.4396512240640105,0.6278550059275158,0.9781241375848158,0.1357870547195288,0.3047193058819993
Sofa_11_02.obj,Sofa_11,OB,OB,,7.926677950202506e-11,0.15395251975577015,1.065217390893009,0.5530540191005314,0.999999999999337,1.0,1.0,1.04,0.0,0.0,0.0,0.15860787534685722,1.9816688500814518e-11,0.0,1.0,0.040027655136500244,0.15395251975577015
Sofa_11_03.obj,Sofa_11,OB,OB,,7.919528054767707e-11,0.15395251975578153,1.0652173908929705,0.5530540191005383,0.999999999999337,1.0,1.0,1.04,6.217248937900877e-17,6.342862616064738e-17,1.1102230246251565e-16,0.15860787534685994,1.9797882076397326e-11,0.0,1.0,0.0400276551365032,0.15395251975578153
Sofa_11_04.obj,Sofa_11,OB,OB,,7.926695824941095e-11,0.15395251975576996,1.065217390893009,0.5530540191005314,0.999999999999337,0.9999999999999998,1.0,1.04,0.0,0.0,0.0,0.1586078753468572,1.9816477192551217e-11,0.0,1.0,0.040027655136500195,0.15395251975576993
Sofa_11_05.obj,Sofa_11,OB,OB,,7.91949230529053e-11,0.15395251975578136,1.0652173908929705,0.5530540191005383,0.999999999999337,1.0,1.0,1.04,6.217248937900877e-17,6.342862616064738e-17,1.1102230246251565e-16,0.15860787534686008,1.9798727308949808e-11,0.0,1.0,0.04002765513650316,0.15395251975578136
Sofa_11_06.obj,Sofa_11,M,M,,0.913778311724315,3.2031810540543703e-16,2.399999009974158,0.35897902614889204,0.7762291302734996,0.9999999999998227,0.999999999999917,1.0138406658739596,2.3455416013207532e-17,5.666819303812745e-17,1.1102230246251565e-16,5.0,1.0819950046416065,0.785398163397354,0.9999999999999347,8.118788031895184e-17,3.203181054053669e-16
Sofa_11_07.obj,Sofa_11,M,M,,0.9131662080889547,0.00012461681945707712,2.414874631601206,0.3573333622803918,0.7858727801463596,0.9992192667146901,0.9968380387499951,1.040997218912394,0.009174253008081673,0.09534163374202276,3.835609607704942e-12,5.0,2.4220495295580853,0.48606962029275147,0.9976073194395838,3.339733838291163e-05,0.0001226414239359892
Sofa_11_08.obj,Sofa_11,CA,SL,x,0.7902207510913505,0.19842491868146792,3.699999809210925,0.22818430662088246,0.7212791909451485,0.9964215175404629,0.9974361483292811,1.5164429636115206,0.004185660074224438,0.06453660269614597,1.664059985806432e-07,5.0,2.5491901168802187,0.49929942813942374,0.9979942197656959,0.0763760691500258,0.1957238216165984
Sofa_12_01.obj,Sofa_12,OB,OB,,0.8122547420784448,0.13935466842883687,4.117640480924806,0.21785952973467917,0.9039214479967274,0.7452564113612622,0.8399209470832132,1.568384923569728,0.006423028100763772,0.0362295106872172,1.34710020915918e-12,0.015918942701410234,0.9618358184375108,0.6865034927759854,0.8949394483553158,0.0676765145400177,0.09500238362731282
Sofa_12_02.obj,Sofa_12,OB,OB,,0.9001913476506064,0.059784537949042746,4.374997706707546,0.20856767414478247,0.9953429781775606,0.9461183882200881,0.9614494253769942,1.3575566864352169,2.3637006330729138e-17,5.042479955248723e-17,1.1102230246251565e-16,0.027439081226003324,1.5224292937382968,0.5207926630065276,0.9729477697375121,0.02152278726911915,0.055472977776608326
Sofa_12_03.obj,Sofa_12,OB,OB,,0.4417672702533872,0.5257812186631292,4.399997998547908,0.18455343402582405,0.9962515384604588,0.8698237441503155,0.91011995360824,1.7239264280989963,0.0019715448774821707,0.034313092694950524,2.220446049250313e-16,0.05150080251356827,1.8438978690266907,0.6386313407766333,0.9362964047775175,0.2536218661312024,0.43476012658328217
Sofa_12_04.obj,Sofa_12,OB,OB,,0.7852200382936378,0.16796151837450884,4.399997998547908,0.18455343402582405,0.9962517092180104,0.8715477128648584,0.9072282417396302,1.5481990237337866,3.708025079538967e-10,2.1557836978606104e-09,2.3665869264277717e-10,0.051599750661251026,1.8517415460223636,0.49765738539775667,0.9354202474296479,0.07328882276394681,0.13959621169816439
Sofa_12_05.obj,Sofa_12,M,M,,0.8465383498251888,0.002108338619370702,1.8013798562334258,0.43664502969013813,0.7776503447088321,0.9871971023742859,0.9903814374622274,1.1377777777778646,5.320884541982317e-17,7.617522616961595e-17,2.220446049250313e-16,0.8121035658681927,2.131796894818931,0.5373144082881218,0.9925611645389968,0.0006104981916305602,0.0020713359986126085
Sofa_12_06.obj,Sofa_12,M,M,,0.8467347621903706,7.673272472141274e-07,1.8146624719231623,0.4346588845279313,0.7891580660504245,0.999999972397143,0.9999999742404483,1.0138406658754253,6.828132217178193e-17,1.0218264006321027e-16,2.220446049250313e-16,0.813355064562504,2.131476682451565,0.5667451107701817,0.9999999797684962,1.9448690134459542e-07,7.673272161507003e-07
Sofa_12_07.obj,Sofa_12,M,M,,0.8467096024852238,4.014818122945057e-05,1.8065578040764205,0.4358669789229461,0.7821337936252485,0.9999999538397495,0.9999999651055064,1.0138406658773202,6.723885923786159e-17,8.081945598528259e-17,2.220446049250313e-16,0.8154560224466533,2.1362698810201284,0.5667449229886631,0.9999999725939308,1.0175965443695541e-05,4.0148178675725266e-05
Sofa_12_08.obj,Sofa_12,M,M,,0.8467055172357602,2.9134096539390376e-05,1.803101333529235,0.43637698360446103,0.7791223259687254,0.999999999999966,0.9999999999999409,1.0963139120253067,2.866773068280921e-17,4.976600566083609e-17,1.1102230246251565e-16,0.6883382948659853,1.94190091833336,0.6058476733847972,0.9999999999999538,7.985028837606162e-06,2.9134096539388526e-05
Sofa_13_01.obj,Sofa_13,OB,OB,,0.4970510538415085,0.4646366018858559,4.249999866207917,0.18877167697485103,0.9963715829829621,0.8156904838337982,0.8602430625611831,1.4945975823426574,2.077439374098218e-06,3.276595124591233e-05,2.0996271388184534e-11,0.11589065529203034,2.442502395912851,0.48128847931290314,0.9063198815547403,0.20700912095599577,0.3525141671171575
Sofa_13_02.obj,Sofa_13,OB,OB,,0.49705105384150733,0.4646366018858569,4.249999866208021,0.18877167697484656,0.9963715829829899,0.8156904838337984,0.8602430625611831,1.4945975875971924,2.0774393729345826e-06,3.276595123193754e-05,2.0996471228328965e-11,0.11589065529203035,2.4425023959128507,0.48128847931298335,0.9063198815547403,0.20700912156635815,0.352514167117159
Sofa_13_03.obj,Sofa_13,OB,OB,,0.8429580980202032,0.13859861921535485,6.303025123127068,0.1506976213865133,0.911363881425268,0.9752929917445108,0.9911642082629167,1.1688830059276942,3.928745455001034e-09,2.734317882781774e-08,2.5659683822176284e-09,0.021356051790756957,1.3530130278664683,0.7772551111905992,0.9931323009478064,0.041512736748404104,0.13457707555107906
Sofa_13_04.obj,Sofa_13,OB,OB,,0.9436529109827813,0.020525740659811935,6.303030302535441,0.15212543556029112,0.9979781140968881,0.9982023195447193,0.9993797296609264,1.4019263353213551,3.771965269827104e-15,4.540621176964401e-14,2.220446049250313e-16,0.04570554025952247,2.202562746909159,0.6501593605362188,0.9995132307034481,0.007204682261573744,0.020482487626529756
Sofa_13_05.obj,Sofa_13,M,OB,x,0.8518496969916531,2.1140805355688347e-06,1.8749999989743258,0.42579703622426446,0.7764628888124582,0.9999999999999994,0.9999999999999999,1.0400000000053615,2.6914497566670462e-17,5.621523065014746e-17,1.1102230246251565e-16,0.1639467647436809,0.30434782597457766,0.0,0.9999999999999999,5.496609392507309e-07,2.1140805355688335e-06
Sofa_13_06.obj,Sofa_13,M,OB,x,0.8518518110721945,4.205775536517723e-12,1.8749999989743737,0.4257970362242634,0.7764573488793444,1.0,1.0,1.0400000000053802,3.700743415417188e-17,6.842054905880637e-17,2.220446049250313e-16,0.163946764743683,0.30434782597458915,0.0,1.0,1.0935016395002652e-12,4.205775536517722e-12
Sofa_13_07.obj,Sofa_13,M,M,,0.8518496969916536,2.1140805426511406e-06,1.8749999989743737,0.4257970362242555,0.776462888812459,0.9999999999999998,1.0,1.0400000000053857,9.083642928751281e-17,8.921455651791686e-17,2.220446049250313e-16,0.163946764743683,0.30434782597458926,0.0,1.0,5.496609410921433e-07,2.11408054265114e-06
Sofa_13_08.obj,Sofa_13,M,M,,0.8518518110721962,4.205218501235127e-12,1.8749999989743737,0.4257970362242555,0.7764573488792593,1.0,1.0,1.0400000000053826,7.805204294334434e-17,9.000777003886718e-17,2.220446049250313e-16,0.16394676474367462,0.3043478259745429,0.0,1.0,1.093356810326792e-12,4.205218501235126e-12
Sofa_14_01.obj,Sofa_14,SL,OB,x,0.6358761012513742,0.33572312614332733,5.666666665942524,0.14655959061939733,0.9976807902236946,0.9935331191233135,0.9690441719292199,1.110831218836033,5.2795931877555e-17,6.939615301501391e-17,2.220446049250313e-16,0.09052806651295874,2.4576901984914983,0.3568738055542082,0.9827395278665615,0.09609524769951625,0.32838935480513937
Sofa_14_02.obj,Sofa_14,M,M,,0.9137238256222433,0.0001266758380468003,2.409638553230304,0.35790533490067006,0.7825653001827553,0.9986162682210558,0.9966235785176313,1.0270453201641514,0.00904130464071892,0.09461015577029061,1.866758969626403e-10,0.7472948873836122,2.4745559782350637,0.4549055146085367,0.9975013537456136,3.35214144560717e-05,0.0001245936742008987
Sofa_14_03.obj,Sofa_14,M,M,,0.9137826441108498,5.70192698842037e-06,2.399999999018212,0.3589790792547931,0.7764887279964996,0.9999999999999929,0.9999999999999759,1.0138406658739596,6.723885923786159e-17,9.343864582556119e-17,2.220446049250313e-16,0.4792983905748603,1.9217898607150528,0.6530424088074595,0.999999999999981,1.4452113636762476e-06,5.70192698842026e-06
Sofa_14_04.obj,Sofa_14,OB,OB,,0.6570886155578678,0.331724982449721,9.866666665254229,0.08755029506679733,0.9999999999999997,1.0,1.0,1.1302300623697874,0.15134830470336313,0.230711508317518,0.5,0.007355404143009419,0.27043369180300897,0.0,1.0,0.11949396041453367,0.280199835422536
Sofa_14_05.obj,Sofa_14,SL,OB,x,0.5455294028160667,0.4300629610501701,5.666666665942524,0.14655959061939733,0.9976807902236934,0.9500026014042401,0.9418615213345938,1.2862927218366287,0.003914690737806093,0.03568729075909802,2.220446049250313e-16,0.090582528699333,2.4590849682305853,0.30848407462328825,0.9628589425565185,0.14985009812991992,0.3946430455090327
Sofa_14_06.obj,Sofa_14,M,M,,0.9137891105554301,2.2839965597665925e-15,2.3999999990182346,0.3589790792547917,0.7764561669153647,0.999999999999941,0.9999999999999555,1.0138406658739596,3.961359148897272e-17,7.409924502881487e-17,1.1102230246251565e-16,0.42604341661882705,1.772440034615827,0.6801747615875458,0.9999999999999651,5.789021482519528e-16,2.283996559766407e-15
Sofa_14_07.obj,Sofa_14,M,M,,0.9131770063623854,0.00012461829306237713,2.4148756329438075,0.3573334152266529,0.7861054937780874,0.9992192667149524,0.9968380387500805,1.0409972189127052,0.009174253007978072,0.09534163374094602,3.835548545438587e-12,0.7201259016312245,2.422053499476305,0.4860696202674424,0.9976073194396914,3.3397733309485914e-05,0.00012264287418211272
Sofa_14_08.obj,Sofa_14,CA,CA,,0.7896889011238263,0.19873759805021465,3.699999999808027,0.2281843093030514,0.721279316718908,0.9913641312285189,0.9948466502902794,1.4538704893068775,0.011775521867759164,0.10768281286444059,2.5773194869860295e-05,0.05481676143775264,2.5492391350723804,0.5121496703957557,0.9959773815357189,0.07439430016534558,0.19346255141396837
Sofa_15_01.obj,Sofa_15,SL,SL,,2.0167985337509856e-05,0.7946787463051774,2.1220665380308152,0.32170734769564147,0.4396130580452789,0.7071287722684867,0.5000456976434962,1.041230374749004,2.046087293153696e-10,2.650402389688331e-10,8.788695327055493e-10,0.5284842170477019,0.4999888016988423,0.19246503587572134,0.7653784844814476,0.3409713888211001,0.4214679942354477
Sofa_15_02.obj,Sofa_15,SL,SL,,1.171182382093372e-05,0.7946625558433243,3.1526874007584795,0.2188528921589652,0.7071205420375087,0.707120552737119,0.5000299208797825,1.0412328196766614,6.918781167953874e-17,1.019666124016012e-16,3.3306690738754696e-16,0.5284951438873213,0.4999999415658451,0.19237956773173065,0.7653743166799948,0.34096861136509543,0.42145007589924893
Sofa_15_03.obj,Sofa_15,SL,SL,,6.825319291065639e-05,0.7946176240082189,3.152776535139723,0.21884700106651764,0.7071005498332348,0.7071005605321582,0.4999864678070499,1.0412328196766614,1.12631321338784e-17,3.8482134525977694e-17,1.1102230246251565e-16,0.5284876731433233,0.49999994071838466,0.19237956124594469,0.7653634967640841,0.3409589784798727,0.421402123811178
Sofa_15_04.obj,Sofa_15,SL,SL,,3.6374779568542865e-05,0.794670007292684,2.1220665380308152,0.3216995173048805,0.4396006292757409,0.707108780176043,0.500002245205052,1.0412303747490328,2.0461769959560482e-10,2.6502717549483427e-10,8.788042293872409e-10,0.5284767463182883,0.4999888016669816,0.1924093073059458,0.7653676642196231,0.3409772859449525,0.4214392353320105
Sofa_15_05.obj,Sofa_15,M,M,,0.841290060559119,0.15777406628904678,24.79513131850587,0.03749238419182886,0.9345527604879313,0.9259760442899001,0.9434967930830824,1.3141454952350158,1.589517589188554e-10,5.31728184720352e-10,9.844780435308563e-10,0.017471133164821233,0.8401071659694577,0.6807702102019522,0.9606091682637607,0.05643977060335028,0.14196758758157665
Sofa_15_06.obj,Sofa_15,M,M,,0.841290060559119,0.15777401336988567,24.793729315923255,0.03749450128054381,0.9345509810461441,0.9259760442899,0.9434967930830824,1.3141454957833065,1.5894976782150993e-10,5.3172403864409e-10,9.84426506978053e-10,0.01747113316482124,0.8401071659694576,0.6807702102019522,0.9606091682637607,0.05643975169445466,0.14196753996408434
Sofa_15_07.obj,Sofa_15,OB,SL,x,0.11498095697539433,0.8349483402791292,4.187398402947135,0.17108257733541604,0.8210439834696664,0.9996827146071904,0.9996774791643335,1.4088341117506147,1.4995383566490565e-07,3.511347517460482e-07,7.854867962620024e-07,0.0376258400583029,1.3609842329974875,0.6847770531075512,0.9997478297013147,0.29420097969056863,0.8345486323339302
Sofa_15_08.obj,Sofa_15,OB,OB,,0.17341396746256865,0.7885520352588508,4.768994691724069,0.15079070561987318,0.9967350575693555,0.9907026315922477,0.99405132485301,1.5722355113550122,2.5232341468753557e-17,5.396025354605032e-17,1.1102230246251565e-16,0.025078328819959188,1.2003535740164597,0.7691475499738745,0.9953605752614302,0.31266606000954794,0.7788969627645593
Sofa_15_09.obj,Sofa_15,OB,OB,,0.3729798837630675,0.60192791169229,5.783668448883572,0.13330599094694096,0.9890336407566226,0.874816889086428,0.8942996819827753,1.2044989640209651,6.925503671588058e-12,1.1505442320342294e-10,2.220446049250313e-16,0.03931995477052932,1.3623982283082219,0.28361894869865534,0.9279571388350059,0.21237391532253513,0.4987470406608754
Sofa_15_10.obj,Sofa_15,OB,OB,,0.3926201320927036,0.580310354399291,5.766977497049942,0.13368492353694536,0.9891402173586882,0.9174970781067436,0.929967530143337,1.2329778095700616,0.0030281121908747608,0.03766373320689121,1.5582812817882539e-12,0.034985871463935586,1.3313512031479393,0.3313911310997565,0.9507450575565604,0.20035626527722633,0.5110980839497063
Sofa_15_11.obj,Sofa_15,M,M,,0.9971865927163913,0.0025782734951416038,65.21424623904585,0.015310752819550143,0.9999999999999156,1.0,1.0,1.0,1.1842378929335003e-16,9.47852794391113e-17,2.220446049250313e-16,0.03298603957804141,0.8992602689419151,0.0,1.0,0.000644568373785401,0.0025782734951416033
Sofa_15_12.obj,Sofa_15,M,M,,0.9971864645385705,0.0025784016729624155,65.21424623904585,0.01531075184128306,0.9999999999999158,1.0,1.0,1.0,4.4408920985006264e-17,6.783574731503468e-17,1.7208456881689895e-16,0.03298566388072367,0.8992580897267608,0.0,1.0,0.0006446004182406039,0.0025784016729624155
Sofa_15_13.obj,Sofa_15,M,M,,0.9971864645385701,0.0025783646162988155,65.20910802216336,0.015311957984445485,0.9999999999999123,0.9999999999999999,1.0,1.0,7.401486830834377e-17,6.62009107532606e-17,1.7208456881689895e-16,0.0329856638807226,0.8992580897267546,0.0,1.0,0.000644591154074704,0.0025783646162988146
Sofa_15_14.obj,Sofa_15,OB,OB,,0.10308036850059797,0.8645118234588343,5.572980812718386,0.13000363020383499,0.9937370636916014,0.9985441627499726,0.9749561866610171,1.1697491324341578,1.402138805550382e-07,7.632184070530497e-07,6.004042116647402e-07,0.07608999950539347,2.0197288868962544,0.20881307907277358,0.9851660537417336,0.2582385295206889,0.8524434538990443
Sofa_17_01.obj,Sofa_17,CA,OB,x,0.08547678946850268,0.7815217609633042,2.181871456239763,0.3563173722137794,0.6979114366094193,0.9149915554096849,0.9405301545055896,1.5028789411428154,0.01306507779900594,0.09725810414301009,9.672860183185035e-06,0.026320570477154154,1.3420863067358677,0.6870428395105886,0.9564018839794992,0.3246475872134868,0.6838001133554349
Sofa_17_02.obj,Sofa_17,OB,OB,,0.6687272292498856,0.2949272087828589,2.662191909003039,0.2803603287090752,0.49818593799599437,0.7909728752406946,0.830106652723572,1.86128835958606,0.020289999668749035,0.10494180718913836,0.11527228727951974,0.04555990890868108,1.3493024676406338,0.6407858531614661,0.8899306008571704,0.16780868407682525,0.20498373042958407
Sofa_17_03.obj,Sofa_17,OB,OB,,0.7578665925378706,0.18971585014972162,3.918816380737293,0.22040965788020547,0.9411183568923908,0.7752267437958145,0.8396422186041506,1.2053184243198396,1.3592270343888911e-06,1.0283946842695814e-05,3.5148439714304352e-12,0.022241407602045807,0.8628032207491998,0.707381115906668,0.8948469472875276,0.07325149881625717,0.13528046066041544
Sofa_17_04.obj,Sofa_17,OB,OB,,4.498535380523811e-11,0.9583997886040518,5.069749628274012,0.13813851605127028,0.9726683341399708,0.9999428413938948,0.9999636096211493,1.0816000000000001,1.0092936587501423e-17,3.1916667896151826e-17,1.1102230246251565e-16,0.09004402977121134,1.1246427471564523e-11,1.7763568394002505e-15,0.9999714202885474,0.2591715990958591,0.9583275705390918
Sofa_17_05.obj,Sofa_17,OB,OB,,4.064034873570992e-06,0.9583958936770024,5.069759787250831,0.13813837838070092,0.9726683341399355,0.9999999995263366,0.9999999996984567,1.0816000000000001,2.3550185370836655e-17,4.538705291477482e-17,1.1102230246251565e-16,0.09004393828656485,1.016010782705657e-06,1.1356881526353765e-14,0.9999999997631683,0.2591502498184493,0.9583958930785464
Sofa_17_06.obj,Sofa_17,OB,OB,,0.6687272292498859,0.2949272087828583,2.738213516520292,0.2729703812976947,0.5144107419199171,0.7909728752406968,0.8301066527235732,1.8612883601127455,0.020289999541568998,0.10494180675042226,0.11527228739062437,0.045559908908681064,1.349302467640634,0.6407858531338235,0.8899306008571711,0.1678086841075661,0.20498373044129817
Sofa_17_07.obj,Sofa_17,OB,OB,,0.7514323453925078,0.1960215460545606,4.130442289966344,0.20948926975527346,0.9982106091158043,0.7933576663672952,0.8561437205588031,1.178926886516346,1.3363185843059736e-06,1.0198417099756419e-05,2.590483383357976e-13,0.02227026293997712,0.8650798903512232,0.7026375831631722,0.9039458821968295,0.07292932660094872,0.14432905982134453
Sofa_17_08.obj,Sofa_17,OB,OB,,4.495954919686738e-11,0.9583997886040776,4.999987294256789,0.1400283570835023,0.9999999999994298,1.0,1.0,1.0816000000000001,4.0371746350005693e-17,6.592678572172209e-17,1.5543122344752176e-16,0.09004402977121097,1.1240029458439227e-11,0.0,1.0,0.2591513028385426,0.9583997886040776
Sofa_17_09.obj,Sofa_17,OB,OB,,4.0640348688901506e-06,0.9583958936770074,4.999997454236711,0.14002821760427783,0.9999999999994293,1.0,1.0,1.0816000000000001,1.3457248783335231e-17,3.623475127443525e-17,1.1102230246251565e-16,0.09004393828656447,1.0160107815860015e-06,0.0,1.0,0.25915024965026284,0.9583958936770074
Sofa_17_10.obj,Sofa_17,OB,OB,,0.18828832317905517,0.776171520206809,3.605385780005857,0.19768313700461676,0.7147196107966183,0.9756022958506113,0.9812963192835438,2.0788876777098335,0.012881664589016496,0.08248088679201218,0.0290697135749185,0.03647438596935726,1.1567929944204474,0.6262542601283433,0.9860178713300861,0.40281096381850995,0.7363666050747679
Sofa_17_11.obj,Sofa_17,M,M,,0.9940212677405227,0.005978732239319954,920.9720200752574,0.0010825816593996074,0.9999999992286828,0.584203735014424,0.9066415576988514,1.550010264946126e-25,4.0371746350005693e-17,5.340680041774733e-17,1.1102230246251565e-16,0.43375115769080325,1.0117768442395505,0.8141516596638703,0.9487845469130364,0.0006268421982897638,0.0033297566283624026
Sofa_17_12.obj,Sofa_17,OB,OB,,0.18988970161265312,0.7740950404017944,3.558246194922056,0.199663167697985,0.729472804470036,0.9225042223652216,0.9433482963076912,2.0709925681822026,0.012851845834496648,0.08238769308217368,0.02871628475480143,0.03647236332209119,1.1568801628840955,0.6206663893136827,0.9587200038457656,0.4174960116312335,0.6811867010349051
Sofa_17_13.obj,Sofa_17,M,M,,0.9940212677405228,0.005978732239319844,5366268119.300001,0.0,0.5,0.5842037350144857,0.9066415576988799,1.232595164407831e-32,6.055761952500853e-17,5.528129040443743e-17,1.1102230246251565e-16,0.43375115769083983,1.0117768442395643,0.8141516596638741,0.9487845469130475,0.000626842198289643,0.0033297566283627435
Sofa_17_14.obj,Sofa_17,OB,OB,,0.277769618823614,4.166601344426041e-06,1.0000023104354274,0.5773497248765118,0.7036561008465169,0.8333337499827786,0.8845915880089473,1.1236201953826606,3.3306690738754695e-17,5.839674609823449e-17,1.1102230246251565e-16,5.0,0.16070941142187092,0.1651486774093991,0.9235636397094594,1.4292068213712904e-06,3.271810737625307e-06
Sofa_17_15.obj,Sofa_17,OB,OB,,0.27776961882361334,1.3888685096209736e-06,1.0000023104164764,0.5773494041390772,0.7036563169602515,0.8333337499821494,0.8845915880089473,1.1236201953826592,1.1102230246251566e-17,3.33066907387547e-17,1.1102230246251565e-16,5.0,0.16070941142187084,0.1651486774093991,0.9235636397091103,4.7640275223223646e-07,1.090604674479624e-06
Sofa_17_16.obj,Sofa_17,OB,OB,,0.27777100769212343,2.777751781096266e-06,1.0000014771235433,0.5773498852438057,0.7036559927949187,0.8333336110893329,0.8845915359428701,1.1236201953850131,5.181040781584064e-17,9.391433956765797e-17,2.220446049250313e-16,5.0,0.1607097581844042,0.16514867740847672,0.923563607877118,9.528106801229392e-07,2.1812205168513654e-06
Sofa_17_17.obj,Sofa_17,OB,OB,,0.7523354444611429,0.23856612035653163,9.941175140453527,0.08950468043148685,0.9991350935611064,1.0,1.0,1.1111111186537965,3.700743415417188e-17,6.826439697454308e-17,2.220446049250313e-16,5.0,0.3307086554954259,0.0,1.0,0.06626836721556054,0.2385661203565316
Sofa_18_01.obj,Sofa_18,OB,OB,,0.8931623931540745,1.8527772090625102e-16,2.9999999986278314,0.3015113445361846,0.9999999999996809,0.9999999999999992,0.9999999999999998,1.0816000000000001,2.0185873175002847e-17,4.2820703418648414e-17,1.1102230246251565e-16,0.10547344863662263,0.49889870926479307,0.0,0.9999999999999997,5.0099095733050333e-17,1.8527772090625084e-16
Sofa_18_02.obj,Sofa_18,OB,OB,,0.8931623931540744,9.263886045312555e-17,2.9999999986278314,0.3015113445361846,0.9999999999996809,0.999999999999999,0.9999999999999998,1.0816000000000001,1.0092936587501423e-17,3.1916667896151826e-17,1.1102230246251565e-16,0.10244846199389436,0.47672652726626397,0.0,0.9999999999999996,2.5049547866525182e-17,9.263886045312543e-17
Sofa_18_03.obj,Sofa_18,OB,OB,,0.8931623931540744,7.940473753125048e-17,2.9999999986278314,0.3015113445361846,0.9999999999996809,0.9999999999999992,0.9999999999999998,1.0816000000000001,0.0,0.0,0.0,0.1036597730148962,0.48575839191930464,0.0,0.9999999999999999,2.147104102845015e-17,7.940473753125041e-17
Sofa_18_04.obj,Sofa_18,OB,OB,,0.8931623931540744,9.263886045312558e-17,2.9999999986278314,0.3015113445361846,0.9999999999996809,0.9999999999999993,0.9999999999999999,1.0816000000000001,0.0,0.0,0.0,0.10049710489559047,0.46173053313581797,0.0,0.9999999999999997,2.5049547866525176e-17,9.263886045312552e-17
Sofa_18_05.obj,Sofa_18,OB,OB,,0.7937444612692519,0.19451147059889962,6.999999998719319,0.12352470488002296,0.9911690715789393,0.8930436873484718,0.9199869253404702,2.533191029645078,3.492096160542035e-17,6.806328163685229e-17,2.220446049250313e-16,0.06271755477192979,1.8245100485729282,0.4392227563244494,0.9438144402893659,0.10539041073192205,0.16675781571629
Sofa_18_06.obj,Sofa_18,OB,OB,,0.7937444612692519,0.19451147059889953,6.999999998719319,0.12352470488002296,0.9911690715789397,0.8930436873484723,0.9199869253404702,2.533191029645079,4.0521493183648147e-17,7.260015604403342e-17,2.220446049250313e-16,0.0627175547719298,1.824510048572928,0.4392227563244489,0.9438144402893661,0.10539041073192199,0.16675781571629003
Sofa_18_07.obj,Sofa_18,OB,OB,,0.17086085048776528,0.8130770315149345,6.983019325623345,0.10509944459684183,0.9908696181579604,0.8769220635346908,0.8875347123927355,1.0015940946095243,0.0003465840992748486,0.013819483640759899,5.711712808276204e-07,0.13660518920989548,3.2297143216614597,0.040366645633089386,0.9257191894589826,0.24711047437068417,0.6717077207338429
Sofa_18_08.obj,Sofa_18,OB,OB,,0.17086036174591288,0.8130774875655382,6.982948703582649,0.1050999589447687,0.9908772842994975,0.8769190588435276,0.8875352134479407,1.0018076184385567,0.0001934955498036581,0.008396398206879912,1.3204379728237736e-06,0.13660529397780694,3.229709934634086,0.04047486654901663,0.9257181936314928,0.2468681475349022,0.6721800565483366
Sofa_18_09.obj,Sofa_18,OB,OB,,0.8002980193313257,0.18321024811785275,3.965779976126029,0.22440237729307447,0.6381036599407658,0.9931960506871589,0.9472275869853118,1.0114050606198572,0.0015596040841209043,0.01020508335744745,0.0008326782767658969,0.2055456241348588,3.1860699838341495,0.15911983314305664,0.9671029070884336,0.04908569550206804,0.17685851175994574
Sofa_18_10.obj,Sofa_18,OB,OB,,0.8002982413129001,0.1832100403647995,3.9658110503301915,0.2244007377222642,0.6381039014235221,0.9931953153647184,0.9472278733376731,1.026985657068935,0.0015584578365118273,0.0102039335273588,0.00083124807490369,0.20942356859345534,3.218914081630882,0.15835565590960674,0.96710199916471,0.04979925654799081,0.17685831795516604
Sofa_19_01.obj,Sofa_19,CA,OB,x,0.5056684088007041,0.4566617609842332,2.7289835048384994,0.2942165967654761,0.6806889546900907,0.9923306252132125,0.9943337756081406,1.7041785847378093,0.00938499083845156,0.07299802680302615,1.5485235316248045e-10,0.011781285470223477,0.7715584862991978,0.7669249166450384,0.995586612536896,0.19840767395622058,0.447010197356981
Sofa_19_02.obj,Sofa_19,OB,OB,,0.8931623931561856,1.345523268084024e-14,2.999999998814681,0.30151134454181966,0.9999999999997949,0.9999999999999996,0.9999999999999999,1.0816000000000001,8.7472117091679e-17,6.558251816904956e-17,2.220446049250313e-16,0.0912611354611148,0.49999310270862213,0.0,0.9999999999999999,3.638294916899203e-15,1.3455232680840232e-14
Sofa_19_03.obj,Sofa_19,OB,OB,,0.8931623931561837,1.8770148380026768e-15,2.9999999988144923,0.30151134454183665,0.9999999999997963,0.9999999999999967,0.9999999999999988,1.0816000000000001,6.728624391667616e-17,6.66099830956753e-17,1.5543122344752176e-16,0.09124539573713385,0.49986372739771184,0.0,0.999999999999999,5.075448121959258e-16,1.8770148380026693e-15
Sofa_19_04.obj,Sofa_19,OB,OB,,0.8931623931561847,1.45616835327155e-14,2.999999998814681,0.30151134454181955,0.9999999999997936,0.9999999999999998,0.9999999999999999,1.0816000000000001,4.0371746350005693e-17,6.592678572172209e-17,1.5543122344752176e-16,0.09125951306511038,0.49997976921436954,0.0,1.0,3.937479227246272e-15,1.4561683532715497e-14
Sofa_19_05.obj,Sofa_19,OB,OB,,0.893162393156184,7.705639861274143e-16,2.999999998814479,0.3015113445418379,0.9999999999997983,0.9999999999999964,0.9999999999999987,1.0816000000000001,5.0464682937507114e-17,6.745424978099238e-17,1.5543122344752176e-16,0.09120313608083865,0.4995161461858796,3.8459253727671276e-16,0.9999999999999989,2.083605018488537e-16,7.70563986127411e-16
Sofa_19_06.obj,Sofa_19,OB,OB,,0.7510966181628663,0.23817612448433242,7.099999998901422,0.1216812480887685,0.9863782896672052,0.6897203176594072,0.7200294601107164,2.043157034250672,4.274996704016407e-17,7.201028933930297e-17,2.220446049250313e-16,0.0858816343981158,2.368205229149704,0.4087415673292351,0.8387771381558369,0.14963056487732834,0.14127884430342064
Sofa_19_07.obj,Sofa_19,OB,OB,,0.7459529919388321,0.24373906979046223,7.099999998901397,0.12156581378709552,0.9863779202167523,0.6947868842437173,0.7253564532668455,2.1004193421500297,4.253310212218183e-17,7.596412261355085e-17,2.220446049250313e-16,0.08872706770649841,2.4167229382265476,0.39687785244571655,0.8410482361069654,0.1526006247313182,0.1460917184926056
Sofa_19_08.obj,Sofa_19,OB,OB,,0.6771648963212858,0.29597455388711147,3.132981807851092,0.2677719659279939,0.6381053997930326,0.9934795646707866,0.944724192835201,1.0232520797238884,0.0017345794364131335,0.008784864279650615,0.004697540610572203,0.20734412706115843,3.0976378908299997,0.15471707347391772,0.9660047931330576,0.08040987633493375,0.28524851099004794
Sofa_19_09.obj,Sofa_19,OB,OB,,0.6771649028016848,0.2959745531238603,3.1329767536596966,0.2677726896799002,0.6381020558510816,0.9934783247279642,0.9447205427383265,1.012998204865093,0.001734244995931206,0.008786369031267135,0.004688626457987177,0.20357407163996297,3.066373516505284,0.15543194057618998,0.9660022885467693,0.07965125660105443,0.2852480915487131
Sofa_19_10.obj,Sofa_19,OB,OB,,0.2613345844127705,0.7193257086081907,6.3850548095367685,0.11806976698798462,0.9908702428775978,0.9194830789660924,0.9225728848186777,1.0022057671924722,0.00016251260913134006,0.007029123457078117,1.0218085553237444e-06,0.13330360977670613,3.2339386699174844,0.045642447920359326,0.9482224257059775,0.20607902642471673,0.6352255140698237
Sofa_19_11.obj,Sofa_19,OB,OB,,0.261334993061714,0.7193253288954723,6.3850469626331545,0.11806984945481475,0.9908732715492194,0.9194860998922075,0.9225715582548135,1.0020001907453897,0.0003041354799505762,0.0121120057647411,3.953220639729693e-08,0.13330346308453062,3.233929697188685,0.04568656733614794,0.9482235097386065,0.20627889871481841,0.6348072301920954
Sofa_19_12.obj,Sofa_19,SL,SL,,0.6805484349617242,0.301170248714228,3.2482838875560476,0.24460930403459707,0.5892533388474072,0.9993019438781128,0.9781008756052885,1.4256407784208942,2.1677468917349636e-10,8.764357768759258e-10,8.25002544058151e-10,5.0,1.665343448451416,0.1334426925085608,0.9883521952502113,0.10889769429687422,0.2976646344824424
Sofa_19_13.obj,Sofa_19,CA,SL,x,0.843260063016749,0.1414593779423314,3.472606719133877,0.26363671578172293,0.5436407568657442,0.9981629145429941,0.9861264988808212,2.070918898813433,4.934004879543546e-09,1.6925468554840824e-08,2.2180698300289235e-08,5.0,2.444427626783675,0.40639539148542514,0.9926265366035107,0.07123250144637311,0.14022003819142792
Sofa_19_14.obj,Sofa_19,CA,SL,x,0.8432600835993783,0.14145928112469888,3.472606719133877,0.2636369498602653,0.5436459257018853,0.9981614579027911,0.9861273892507186,2.070910034677476,1.188604855441693e-10,3.8249433284193776e-10,7.20034976087191e-10,5.0,2.444427870900706,0.40640071096868635,0.9926265048985656,0.0712324751751169,0.14021980146581792
Sofa_20_01.obj,Sofa_20,OB,OB,,0.7773237120238969,0.20283352104275543,4.480514285415949,0.19723495148070372,0.9572660227816878,0.9999999659505323,0.9999999830808332,1.0201936668588971,1.193144820252624e-05,7.593127140008642e-05,2.220446049250313e-16,0.008374674171703933,0.35108729364868435,0.0,0.9999999867117176,0.051733545045455,0.20283116372761412
Sofa_20_02.obj,Sofa_20,SL,SL,,0.881787440135936,0.08131530399488576,3.527054107915339,0.22532730026162207,0.8758393929576495,0.9871792464668171,0.9920312137929933,1.297388952705837,4.5231308410654523e-17,7.314164153139603e-17,1.1102230246251565e-16,0.04592934564286253,1.5326847117483768,0.6864748574953935,0.9938002315816608,0.02675571701539848,0.07995294221077306
Sofa_20_03.obj,Sofa_20,SL,OB,x,0.8868479684619249,0.07688688070433732,3.527195478450372,0.22531872761597413,0.8758713216629251,0.994155973076986,0.9962100821104146,1.3840583893636393,3.5626559745434126e-17,5.690342006445795e-17,1.1102230246251565e-16,0.04604102043913914,1.5367351011164614,0.6336759614990292,0.9970577898319548,0.02677149071691039,0.07629270568115605
Sofa_20_04.obj,Sofa_20,OB,OB,,0.9586690117723998,0.03183550054754252,7.900348604688338,0.11502457885923073,0.9896278896492855,0.9992347324357599,0.9868171859278666,1.383023156539105,0.0023468914886118227,0.038958326794755374,3.779091149236357e-07,0.15114247534510092,4.175836701966829,0.26041618892755575,0.9927913629492688,0.011193611790945445,0.03143458392687098
Sofa_20_05.obj,Sofa_20,SL,SL,,0.8221127804611058,0.13391079277121826,4.199781496279264,0.20954945882718345,0.8003253969987348,0.9452278843953733,0.9046822365437699,1.36474271283563,2.8032601266029948e-05,0.00022926566608441994,3.397717893607877e-05,0.21744371115906508,3.4146090059308465,0.03134379692919536,0.9454993454054805,0.050167407881779084,0.12053886940526104
Sofa_20_06.obj,Sofa_20,SL,SL,,0.8217708258958364,0.13432863567712625,4.199831156080671,0.20954753977005533,0.8003212267952071,0.9471127260151606,0.9055891842529071,1.359606082447279,2.5213418290510282e-05,0.00018698953970916954,5.042471570686464e-05,0.21730652156315347,3.4130979277615507,0.032502442671719534,0.9461557457873254,0.05006914137095959,0.12121409182703348
Sofa_20_07.obj,Sofa_20,OB,OB,,0.1573061736992568,0.8317150957311135,6.520991051726836,0.11209722721679831,0.9440779733450629,0.9409938569027722,0.9601894082056439,1.0754884588802929,5.016783186140413e-17,7.737000617385572e-17,2.220446049250313e-16,0.012512755527603746,0.04120879307852665,4.323723068466734e-08,0.9701454301569342,0.24213149161185835,0.7670601389657408
Sofa_20_08.obj,Sofa_20,OB,OB,,0.15730977252294281,0.8317115412064411,6.520991051709646,0.1120972272169565,0.9440823487784167,0.9409962298678441,0.9601911118198668,1.0755157838659275,4.437923587739596e-17,7.232985261036143e-17,2.220446049250313e-16,0.012512755527428886,0.04120879306603973,4.320845992111799e-08,0.9701466494912687,0.24213537905203825,0.7670594617518351
Sofa_20_09.obj,Sofa_20,SL,SL,,0.7401025851421533,0.25440864895419524,1.2728841343458746,0.48702695620810216,0.12384108145625818,0.9999999999999976,0.9999999999999897,1.6116733108124537,5.69224516862898e-17,8.457734695313164e-17,2.220446049250313e-16,5.0,1.0925766626916322,0.7695298980917203,0.9999999999999916,0.10250590738983364,0.2544086489541933
Sofa_20_10.obj,Sofa_20,SL,SL,,0.7021094886911587,0.2915993703123534,4.321709969624623,0.18404608950764284,0.42369674091510673,1.0,1.0,1.6116733108124057,3.5282511375799465e-17,6.181682158739166e-17,1.1102230246251565e-16,5.0,0.1442237541214505,0.0,1.0,0.11749073064553082,0.2915993703123534
Sofa_20_11.obj,Sofa_20,SL,OB,x,0.04167658494347403,0.8560459441667595,2.9999977481098017,0.22941569437720322,0.9891186063882611,0.9999999999999992,0.9999999999999994,1.0743801652892562,6.125368411725002e-17,9.027128563850975e-17,2.220446049250313e-16,5.0,0.004191110593557734,0.0,0.9999999999999994,0.22992969574727048,0.8560459441667585
Sofa_20_12.obj,Sofa_20,SL,OB,x,4.524296100898677e-14,0.874428256140024,2.937497795077381,0.23403216613889608,0.9995101947028722,1.0,1.0,1.0,0.0,0.0,0.0,5.0,1.134722243463837e-14,0.0,1.0,0.218607064035006,0.874428256140024
Sofa_22_01.obj,Sofa_22,OB,SL,x,0.3038567042479744,0.5941212641133543,1.746622344541878,0.4051416079495871,0.5321201973147103,0.9317285366861484,0.878979268882903,1.0679789859665592,0.043997776059886154,0.04824909847572907,0.13409672268153602,0.05656784577046088,1.2256120614562256,0.2770323088876325,0.9281801632188424,0.1959710003648471,0.498975005493495
Sofa_22_02.obj,Sofa_22,OB,SL,x,0.3377622544932427,0.5332960988616466,1.833592224237256,0.39604631964151665,0.4685059083383762,0.8358046802516079,0.7877751286770729,1.09105764914522,0.04528384583310734,0.049510347730657885,0.1433028338482993,0.052361716479307714,1.2299473067189333,0.294120625152841,0.8796665271257074,0.2009855643500589,0.3813911157281293
Sofa_22_03.obj,Sofa_22,SL,OB,x,0.3732105732423439,0.5363757756264194,1.8356432671370486,0.4018520021740233,0.4864549666353458,0.9115640953241849,0.8590282434974311,1.109936406569626,0.05095099228855156,0.054426723864666,0.1672972992108386,0.0447936903618426,1.1456299000670822,0.2808096195871726,0.9209403280392544,0.18921492705316725,0.4321266207180624
Sofa_22_04.obj,Sofa_22,SL,SL,,0.9239791664459475,0.04835649957325777,4.104999855787672,0.22440577370918458,0.7736065476863863,0.9511539613935218,0.9648670167293928,1.6140875219902087,0.0202857531626878,0.03395919868866444,0.0849699537739283,0.08489997862830932,2.4635556544879176,0.32116131803771775,0.9748924679378815,0.021021615552318365,0.04406639067531212
Sofa_22_05.obj,Sofa_22,SL,SL,,0.9239070226137568,0.04848343060468662,4.104999855787703,0.22440577370918294,0.7736065476863943,0.9459602472427547,0.9626210312003439,1.6128772136510212,0.02102713477038778,0.03612840545084557,0.09226065263579177,0.08819059426299623,2.4995316374957257,0.3164772022732508,0.9732543793101587,0.02118580017615446,0.043806911756877884
Sofa_22_06.obj,Sofa_22,OB,OB,,0.9090966633955307,0.08650535537741733,13.425575872835134,0.07099530743678024,0.9668517830889191,0.9464237161312022,0.9688707635263004,1.0457806075920428,0.024567685464541487,0.036857570973561245,0.08103372638958481,0.035432793834663655,1.3447635470620274,0.4074798200411505,0.977992484931126,0.02531904179945285,0.07857239207007616
Sofa_22_07.obj,Sofa_22,CA,CA,,0.535082717315559,0.4093749687508165,3.6401234778257967,0.22061497493815435,0.8179672153848607,0.9431505707338698,0.8674733290249663,1.1749902238413479,0.027039779790632355,0.03055628146547766,0.08860337676866735,0.055635331805516344,0.8431152240312318,0.20845984449185231,0.9208453140233984,0.14328358533665247,0.3510462274588064
Sofa_22_08.obj,Sofa_22,CA,CA,,0.5417266928083405,0.3993352571567678,3.534998049191908,0.22724022228072743,0.8251531432016637,0.949036876076347,0.8760439646623306,1.1887628788543672,0.028789993578605483,0.032108841919815626,0.0904218990748714,0.052837772657035,0.7990771297794782,0.2601914760113964,0.9255840491122654,0.14004977361834042,0.34584841372422115
Sofa_22_09.obj,Sofa_22,CA,CA,,0.5396627039998086,0.399513881722941,3.575514158735939,0.2255685874713567,0.8176698389315372,0.9482755282855166,0.8725211421520522,1.2334164612502525,0.027965949431539305,0.031957994986094154,0.09131708029475522,0.05562440503530898,0.8578629686469286,0.24007315473530383,0.9241220144781714,0.14493510245375257,0.34507067201194047
Sofa_22_10.obj,Sofa_22,OB,OB,,0.7509057884966303,0.23655881973765905,8.629013043260397,0.10319133107422854,0.9958273085345611,0.9991026128547517,0.9991749908689714,1.0854188585722206,0.03406482695210828,0.03921123454874739,0.11457788555063342,0.007042044674255393,0.6242449712505606,0.4269720836254532,0.9994008783304655,0.06827962208302348,0.2282689437150461
Table_01_01.obj,Table_01,SL,SL,,0.0028072592801474225,0.996049937580315,42.51778763324172,0.016724163232264055,0.7764573843352461,0.7890676564856623,0.5003079185216285,1.1096829968045638,0.00021536912908778964,0.001324709818565748,2.220446049250313e-16,0.03348576227818286,0.28860716733365194,0.04669948061756286,0.7894993345027496,0.4245541033191844,0.5894642472269442
Table_01_02.obj,Table_01,M,M,,0.9791634012936382,0.016478780154633027,12.625062509763119,0.07743134354451948,0.8166666666704195,0.8105362979233742,0.9495982000768807,1.9046834584048542,3.23815048849004e-17,5.803651850789495e-17,1.1102230246251565e-16,0.03348450425737612,1.129849914482478,0.3456247091465066,0.9629515031697093,0.008687302264764179,0.013020049873945441
Table_01_03.obj,Table_01,M,M,,0.9754158607707768,0.01952801492015335,12.479731634890998,0.07836174585935049,0.8166595227892314,0.8124938432850013,0.9504244453420733,1.4268363852334374,2.0371064672021222e-17,4.552830414125917e-17,1.1102230246251565e-16,0.03348783536906863,1.1294849186229463,0.5996420686970919,0.9633972742486145,0.007950578771898212,0.01547309930491469
Table_01_04.obj,Table_01,M,M,,0.9959660306550866,0.0014707175964054763,19.751694908542778,0.05046238440535254,0.9999999999999841,1.0,1.0,1.0,4.4408920985006264e-17,6.783574731503468e-17,1.7208456881689895e-16,0.027201900654836776,0.880559044096398,0.0,1.0,0.0003676793991013691,0.0014707175964054763
Table_01_05.obj,Table_01,M,M,,0.9960580615499263,0.0014945691105744557,20.213906028697455,0.04931360480231731,0.9999999999999843,0.9999999999999977,0.9999999999999999,1.0,0.0,0.0,0.0,0.027045409495611145,0.8818484137009456,0.0,0.9999999999999998,0.0003736422776436147,0.0014945691105744522
Table_01_06.obj,Table_01,SL,SL,,0.004699734816890597,0.9941814703546978,42.472798643619136,0.01674188993579055,0.77645948857478,0.7867524785411186,0.5000009027310924,1.0137916831625837,1.1420409789193018e-11,8.528821201291704e-11,3.3306690738754696e-16,0.052211589766648345,0.3287928554928566,0.06858981412719145,0.7883431473504512,0.4005018472444655,0.5866314049802096
Table_01_07.obj,Table_01,M,M,,0.9805347147919502,0.015137465769797598,12.479731634855137,0.07836182984161581,0.8166685717582173,0.812422233580944,0.9499078873858238,1.9227267296131831,3.293034395074617e-17,5.2730536581997386e-17,1.1102230246251565e-16,0.03347656520099454,1.12928772831285,0.5769997155874511,0.963087507940998,0.008041747300975571,0.011989997006569787
Table_01_08.obj,Table_01,M,M,,0.9748460295528787,0.020213682345229078,12.625062509762463,0.07743125965859601,0.816671845425733,0.8122407612211296,0.9498253499356569,1.4276607847400302,4.0742129344042444e-17,5.95134997674033e-17,1.1102230246251565e-16,0.03330775562055703,1.127046126625124,0.5970077138753571,0.9629824344065652,0.008238002884422935,0.0160064835815151
Table_02_01.obj,Table_02,M,M,,0.998468383629834,2.1568329805512157e-09,17.93276224421006,0.054087446273160276,0.17833613611023108,0.9999865076181302,0.9999984834384099,1.0000052776053852,5.770348832619055e-09,2.138798149136537e-08,1.959655525074487e-08,0.0837073905657095,1.9866295942180796,0.7554516545896093,0.9999988089755811,5.392177951993935e-10,2.156802227876705e-09
Table_02_02.obj,Table_02,M,M,,0.9984683836298341,2.1568328896408334e-09,17.93276224421006,0.054087446273160276,0.178336136110231,0.9999865076181302,0.9999984834384096,1.000005277605385,5.770348826274923e-09,2.138798150004524e-08,1.959655525074487e-08,0.08370739056570951,1.9866295942176977,0.7554516545891441,0.9999988089755816,5.392177724713952e-10,2.1568021369676178e-09
Table_02_03.obj,Table_02,M,M,,0.998468383629834,2.1568330545183815e-09,17.93276224421006,0.054087446273160276,0.178336136110231,0.9999865076181298,0.9999984834384096,1.0000102346136506,6.504935424703074e-09,2.8491688983395297e-08,2.0366810044025734e-08,0.08370739056570953,1.9866295942177432,0.7554516545891524,0.9999988089755814,5.392204878136912e-10,2.1568022993181324e-09
Table_02_04.obj,Table_02,SL,SL,,0.0008163263591408817,0.9990056743900976,105.99999985431022,0.006670670270750335,0.7764572938724947,0.7764556116594504,0.4999982432111064,1.0397692800288116,0.0004935495177656713,0.0019946566285828048,0.008554858307937674,0.03324552542224501,1.9014902537930581e-06,9.795061810655929e-06,0.783156384932303,0.4127904842313766,0.5805713124474393
Table_02_05.obj,Table_02,M,M,,0.998468383629834,2.156833054154009e-09,17.93276224421006,0.054087446273160276,0.17833613611023108,0.9999865076181305,0.9999984834384096,1.0000102346136504,6.504935422059686e-09,2.849168898476523e-08,2.0366810044025734e-08,0.08370739056570951,1.986629594217771,0.7554516545891838,0.9999988089755816,5.392204877225955e-10,2.156802298953767e-09
Table_02_06.obj,Table_02,SL,SL,,0.11814089099685732,0.8801434936785802,25.33333332260862,0.027910617393594885,0.7633885727522705,0.7794405395069741,0.49999349968017004,1.0171954163247223,2.3726394227703165e-05,0.0004498763569306614,2.1988843079689957e-08,0.05023290345282953,0.2630865308322544,0.05956520276963376,0.7846399281051197,0.35711463821327016,0.5144813380436157
Table_03_01.obj,Table_03,M,M,,0.8872368183399583,0.11210195273764319,57.06773605406325,0.01548875946384359,0.7730101515658994,0.6069897850967924,0.5818297416515781,1.4165491829007055,0.00022787864966586715,0.005453024071173569,2.220446049250313e-16,0.07764368223630962,2.479417489953469,0.304544682981034,0.7920411517862987,0.059079910381102343,0.05377876714591663
Table_03_02.obj,Table_03,M,M,,0.887236818339958,0.11210195273764334,57.06773605406109,0.015488759463844181,0.773010151565884,0.6069897850967932,0.5818297416515782,1.4165491829007795,0.00022787864948126458,0.005453024066755928,2.220446049250313e-16,0.07764368223630959,2.4794174899534696,0.3045446829760301,0.792041151786299,0.059079910381071694,0.05377876714594825
Table_03_03.obj,Table_03,M,M,,0.8872368183399586,0.1121019527376428,57.06773605406325,0.015488759463843586,0.7730101515658865,0.6069897850967927,0.5818297416515771,1.4165491829006762,0.00022787864941973954,0.005453024065283582,2.220446049250313e-16,0.07764368223630953,2.4794174899534687,0.30454468297588694,0.7920411517862985,0.05907991038105765,0.05377876714595838
Table_03_04.obj,Table_03,M,M,,0.8872368183399583,0.11210195273764315,57.06773605406541,0.015488759463843003,0.773010151565924,0.6069897850967925,0.5818297416515772,1.4165491829005261,0.0002278786495427937,0.005453024068228319,2.220446049250313e-16,0.07764368223630962,2.4794174899534696,0.3045446829825765,0.7920411517862987,0.05907991038107547,0.05377876714593756
Table_03_05.obj,Table_03,SL,SL,,5.660474702908546e-13,0.999421464368296,58.79626916391981,0.012025518971565924,0.7764577514342486,0.7764577514342571,0.49999868399256275,1.0000000000000562,2.6962559169468087e-17,5.23070345645846e-17,1.1102230246251565e-16,0.03860302258890634,5.316546092751901e-06,2.163106219591095e-05,0.7831574640923825,0.4020023202046924,0.5820058966023978
Table_04_01.obj,Table_04,M,M,,0.9982638888882831,2.0797981581558582e-13,23.99999998196054,0.041594516539188595,0.9999999999998244,1.0,1.0,1.0,0.0,0.0,0.0,0.06116693005201072,0.9199999999400691,0.0,1.0,5.1994953953896456e-14,2.0797981581558582e-13
Table_04_02.obj,Table_04,M,M,,0.998263888888283,2.082658728686948e-13,23.99999998196054,0.04159451653918859,0.999999999999824,1.0,1.0,1.0,0.0,0.0,0.0,0.061166930052010474,0.9199999999400684,0.0,1.0,5.20664682171737e-14,2.082658728686948e-13
Table_04_03.obj,Table_04,M,M,,0.9962515618485971,3.747926895158258e-13,16.333333325426594,0.06099627594937017,0.9999999999999234,1.0,1.0,1.0,0.0,0.0,0.0,0.04943034402958647,0.8846153845606398,0.0,1.0,9.369817237895646e-14,3.747926895158258e-13
Table_04_04.obj,Table_04,M,M,,0.9962515618485971,3.748357379806104e-13,16.333333325426594,0.06099627594937017,0.999999999999925,1.0,1.0,1.0,0.0,0.0,0.0,0.04943034402958633,0.8846153845606393,0.0,1.0,9.37089344951526e-14,3.748357379806104e-13
Table_04_05.obj,Table_04,M,M,,0.9871999999971248,0.0006599269119585227,6.93863749382074,0.10138350012503254,0.17879372940336086,1.0,1.0,1.000000000000008,0.0,0.0,0.0,0.10079170624476977,0.7967238957662545,0.0,1.0,0.000164981727989632,0.0006599269119585227
Table_04_06.obj,Table_04,M,M,,0.9871999999971249,0.0006599269119584035,6.93863749382074,0.10138350012503243,0.17879372940336144,0.9999999999999994,1.0,1.0000000000000084,1.4802973661668754e-17,3.774032578002451e-17,1.1102230246251565e-16,0.15118755936714479,0.7967238957660652,0.0,0.9999999999990559,0.00016498172798969579,0.0006599269119584031
Table_04_07.obj,Table_04,M,M,,0.9871999999971248,0.0006599269119585227,6.93863749382074,0.10138350012503254,0.17879372940336086,1.0,1.0,1.0000000000000082,1.1102230246251566e-17,3.3306690738754695e-17,1.1102230246251565e-16,0.10079170624476977,0.7967238957662545,0.0,1.0,0.00016498172798963204,0.0006599269119585227
Table_04_08.obj,Table_04,M,M,,0.9871999999971249,0.0006599269119584035,6.93863749382074,0.10138350012503243,0.17879372940336144,0.9999999999999992,1.0,1.0000000000000084,1.1102230246251566e-17,3.3306690738754695e-17,1.1102230246251565e-16,0.15118755936714479,0.7967238957660652,0.0,0.9999999999990559,0.0001649817279896958,0.0006599269119584029
Table_04_09.obj,Table_04,M,M,,0.999527410207781,5.675527887534606e-14,45.99999996574925,0.02172886402032834,0.9999999999999085,1.0,1.0,1.0,0.0,0.0,0.0,0.04418177675038858,0.9574467677912398,0.0,1.0,1.4188819718836515e-14,5.675527887534606e-14
Table_04_10.obj,Table_04,M,M,,0.999527410207781,5.675527887534606e-14,45.99999996574925,0.02172886402032834,0.9999999999999085,1.0,1.0,1.0,0.0,0.0,0.0,0.04418177675038858,0.9574467677912398,0.0,1.0,1.4188819718836515e-14,5.675527887534606e-14
Table_04_11.obj,Table_04,M,M,,0.9962515618485971,3.747926895158258e-13,16.333333325426594,0.06099627594937017,0.9999999999999234,1.0,1.0,1.0,0.0,0.0,0.0,0.04943034402958647,0.8846153845606398,0.0,1.0,9.369817237895646e-14,3.747926895158258e-13
Table_04_12.obj,Table_04,M,M,,0.9961675541118373,3.832374173828475e-13,16.15332697117327,0.06167085251462791,0.9999999999999221,1.0,1.0,1.0,0.0,0.0,0.0,0.04970499719734443,0.883404542839007,0.0,1.0,9.580935434571188e-14,3.832374173828475e-13
Table_04_13.obj,Table_04,OB,OB,,0.5739743891486362,0.4260227361828523,589.9999956789663,0.001413929390870903,0.9999999999999817,0.8009947695936855,0.8531836708424332,1.2078580071863327,0.06059859699588678,0.11864538832940195,0.29289321881345604,0.006246891969401312,0.20408163265109677,0.0,0.9021906565383621,0.17912826096681653,0.2896274553454816
Table_05_01.obj,Table_05,M,M,,0.9995659744729237,1.8804713058259967e-17,48.000124428423476,0.02082424302194374,0.9999999999999523,1.0,1.0,1.0,0.0,0.0,0.0,0.037029228180202496,0.9591204051671194,0.0,1.0,4.701178264564992e-18,1.8804713058259967e-17
Table_05_02.obj,Table_05,M,M,,0.9995659744729237,1.6975065301240078e-17,48.000124428423035,0.020824243021943932,0.9999999999999448,1.0,1.0,1.0,0.0,0.0,0.0,0.036999394642646094,0.9590558042653071,0.0,1.0,4.2437663253100196e-18,1.6975065301240078e-17
Table_05_03.obj,Table_05,M,M,,0.9960937289154601,1.9843464158896995e-08,15.999997449321171,0.06225728982937767,0.9999999999998367,1.0,1.0,1.0,4.4408920985006264e-17,6.783574731503468e-17,1.7208456881689895e-16,0.0641873198698351,0.8823526422879784,0.0,1.0,4.960866039724249e-09,1.9843464158896995e-08
Table_05_04.obj,Table_05,M,M,,0.9992283965859854,3.91966769977736e-09,36.00012697640521,0.027756271261152883,0.9999999999999241,1.0,1.0,1.0,0.0,0.0,0.0,0.042791467706014406,0.9459459978646978,0.0,1.0,9.7991692494434e-10,3.91966769977736e-09
Table_05_05.obj,Table_05,M,M,,0.9992283965858862,9.918804627853845e-14,36.0000355377779,0.027756341706638613,0.9999999999999256,1.0,1.0,1.0,0.0,0.0,0.0,0.04279146770463923,0.9459459978613174,0.0,1.0,2.479701156963461e-14,9.918804627853845e-14
Table_05_06.obj,Table_05,M,M,,0.9992283965858862,3.919865985155699e-09,36.00012697871699,0.027756271259370482,0.999999999999925,0.9999999999999998,1.0,1.0,4.4408920985006264e-17,6.78357473150347e-17,1.7208456881689895e-16,0.042791467704639215,0.9459459978613174,0.0,1.0,9.79966496288925e-10,3.919865985155698e-09
Table_05_07.obj,Table_05,OB,OB,,7.1277042024744825e-12,0.9969135802395427,17.999999989216494,0.039253433596346726,0.9999999999999918,1.0,1.0,1.0,0.0,0.0,0.0,0.014263865844484405,1.7820522199172087e-12,0.0,1.0,0.24922839505988567,0.9969135802395427
Table_05_08.obj,Table_05,OB,OB,,0.8796341217320135,0.12035936067470283,391.7025259562722,0.002411917372200001,0.9999999999999746,1.0,1.0,1.0,2.960594732333751e-17,4.909590941726863e-17,1.1102230246251565e-16,0.008895834794316838,0.4848494947754013,0.0,1.0,0.03008984016867571,0.12035936067470283
Table_05_09.obj,Table_05,M,M,,0.9995659722680507,2.2048730157000636e-09,48.000124428423476,0.020824242999006246,0.9999999999999523,1.0,1.0,1.0,0.0,0.0,0.0,0.037058515419990376,0.9591836755579121,0.0,1.0,5.512182539250159e-10,2.2048730157000636e-09
Table_05_10.obj,Table_05,M,M,,0.9960937487589244,5.014241310809488e-13,15.999997450348305,0.06225729043830828,0.9999999999998441,0.9999999999999993,1.0,1.0,4.4408920985006264e-17,6.783574731503468e-17,1.7208456881689895e-16,0.06418740138637613,0.8823529235291535,0.0,1.0,1.2535603277023724e-13,5.014241310809485e-13
Table_05_11.obj,Table_05,M,M,,0.9960937289154601,1.9843464235742633e-08,15.999997449321317,0.06225728982937711,0.9999999999998458,1.0,1.0,1.0,0.0,0.0,0.0,0.0641873198698351,0.8823526422879784,0.0,1.0,4.960866058935658e-09,1.9843464235742633e-08
Table_05_12.obj,Table_05,M,M,,0.9960937487589242,5.016478067502051e-13,15.999997450348305,0.06225729043830828,0.999999999999835,0.9999999999999973,0.9999999999999999,1.0,0.0,0.0,0.0,0.06418740138637605,0.8823529235291534,0.0,0.9999999999999998,1.2541195168755158e-13,5.016478067502038e-13
Table_05_13.obj,Table_05,M,M,,0.9992284005056533,9.909724170778409e-14,36.00012697871699,0.027756271313685726,0.9999999999999256,1.0,1.0,1.0,0.0,0.0,0.0,0.04279152205027443,0.9459461314486652,0.0,1.0,2.4774310426946023e-14,9.909724170778409e-14
Table_05_14.obj,Table_05,OB,OB,,0.9600018287269121,2.0319695919131123e-07,5.000126997266578,0.19244554554639484,0.9999999999994701,1.0,1.0,1.0,0.0,0.0,0.0,0.11482030107396216,0.6666730163889935,0.0,1.0,5.079923979782781e-08,2.0319695919131123e-07
Table_05_15.obj,Table_05,OB,OB,,0.960002031918739,5.1323160276112745e-12,5.000126997266578,0.19244556364987042,0.9999999999994709,1.0,1.0,1.0,0.0,0.0,0.0,0.11482044689700896,0.6666737219388691,0.0,1.0,1.2830790069028186e-12,5.1323160276112745e-12
Table_07_01.obj,Table_07,M,M,,0.9945328013414528,0.004281902187974263,23.874589895233758,0.041621682992783744,0.8166658905498105,0.8169748866825854,0.9744305327566966,1.9311602994211725,3.8575545770874085e-17,6.524625829292867e-17,2.220446049250313e-16,0.030173854803682818,1.249007446650497,0.65115604909618,0.9805632007438816,0.002252905869138217,0.003453482915849474
Table_07_02.obj,Table_07,SL,SL,,0.026344196278158743,0.969652919892789,22.202794231715878,0.031831570060924755,0.7764580074335786,0.7793175529314414,0.500021617866568,1.013792297924925,5.743686938317657e-13,4.641631443324885e-12,2.220446049250313e-16,0.0650601241008412,0.3289615578913176,0.06908018340304438,0.7845981840750358,0.3926043159782046,0.5667588235024033
Table_07_03.obj,Table_07,SL,SL,,0.05288074765116747,0.9430864848719581,22.22416971697921,0.03180095808374486,0.776457416774305,0.7768054200983967,0.5000482982438763,1.1113827936643856,0.00044250323859938663,0.001894685672467579,0.0038497160140942258,0.04172434041581685,0.288317585608987,0.047480658844395944,0.7833321420805381,0.4060172698347549,0.5488679734361788
Table_07_04.obj,Table_07,M,M,,0.9855723452952204,0.011922853540705448,19.980822953160867,0.04962957704628659,0.9999999999999839,0.9999999999999992,0.9999999999999999,1.0,0.0,0.0,0.0,0.024506723860234794,0.7855306746772087,0.0,1.0,0.002980713385176364,0.01192285354070544
Table_07_05.obj,Table_07,M,M,,0.9855722352501479,0.01192294448073074,19.980746753023663,0.04962976316603739,0.999999999999984,1.0,1.0,1.0,0.0,0.0,0.0,0.024506770590568817,0.7855299444695799,0.0,1.0,0.002980736120182685,0.01192294448073074
Table_07_06.obj,Table_07,M,M,,0.9948045681906615,0.004039155388380332,23.877116841669856,0.04161728193045363,0.8166653261168446,0.8151802441254362,0.9743018168084522,1.9505767460330266,5.16827959739297e-17,6.74866391268592e-17,2.220446049250313e-16,0.03034483135218719,1.250810139456758,0.4383580356021397,0.9804996626646971,0.0021463583632710726,0.0032503322467772942
Table_07_07.obj,Table_07,M,M,,0.9942817989209554,0.004496894722051827,23.874589895318973,0.04162168108496406,0.8166751333558848,0.8152638486913558,0.9745227215582732,1.9131252060377897,4.810966440042345e-17,6.681866203031678e-17,1.1102230246251565e-16,0.03034563845501483,1.250817865830639,0.43393623499834033,0.9806416170558793,0.002347171652529172,0.0036194538634921726
Table_07_08.obj,Table_07,M,M,,0.9945325720811599,0.004282124464605572,23.874589895233758,0.041621681085112355,0.8166751333488173,0.8169846510790953,0.9744315428612903,1.931160738166615,3.575294486081012e-17,5.760073346736623e-17,1.1102230246251565e-16,0.030173558463708804,1.2490044309218007,0.6511944880067099,0.9805639591801327,0.0022530137903586174,0.0034537052333301565
Table_08_01.obj,Table_08,M,M,,0.9954141622468818,7.717321741715667e-05,14.892789062076485,0.0668433244682962,0.9999999999999735,0.9999999999999991,1.0,1.0,0.0,0.0,0.0,0.036151781797192854,0.8731523449482492,0.0,0.9999999999999999,1.929330435428918e-05,7.71732174171566e-05
Table_08_02.obj,Table_08,M,M,,0.995414162246882,7.730962962358653e-05,14.893014362085268,0.06684231778723723,0.9999999999999734,0.9999999999999997,0.9999999999999999,1.0,0.0,0.0,0.0,0.03615178179719283,0.8731523449482492,8.881784197001252e-16,1.0,1.9327407405896636e-05,7.73096296235865e-05
Table_08_03.obj,Table_08,M,M,,0.9946551538086214,3.773261587866568e-07,13.678791321435114,0.07271825328903815,0.9999999999999691,1.0,1.0,1.0,0.0,0.0,0.0,0.03788356052350027,0.8637445177647162,0.0,1.0,9.43315396966642e-08,3.773261587866568e-07
Table_08_04.obj,Table_08,M,M,,0.9946551538082473,3.7408710384522624e-13,13.6783084771496,0.07272080666872029,0.9999999999999687,0.9999999999999996,1.0,1.0,0.0,0.0,0.0,0.03788356052283741,0.8637445177602727,0.0,1.0,9.35217759613066e-14,3.740871038452261e-13
Table_08_05.obj,Table_08,M,M,,0.994654992092371,1.617158763482489e-07,13.678308476670926,0.07272080085338907,0.9999999999999689,1.0,1.0,1.0,0.0,0.0,0.0,0.03788327397308834,0.8637425969074659,0.0,1.0,4.0428969087062226e-08,1.617158763482489e-07
Table_08_06.obj,Table_08,OB,OB,,0.6004788901881825,0.399432109999832,105.99989985798594,0.007974271335057832,1.0000000000000042,1.0,1.0,1.0,7.401486830834377e-17,1.0467283057891832e-16,2.220446049250313e-16,0.006593934649410584,0.225432511607329,0.0,1.0,0.09985802749995802,0.3994321099998319
Table_08_07.obj,Table_08,M,M,,0.998563906866985,2.430982547857184e-05,26.614357025358665,0.0375203163715545,0.9999999999999858,1.0,1.0,1.0,0.0,0.0,0.0,0.027043985044868456,0.9269756775838789,0.0,1.0,6.07745636964296e-06,2.430982547857184e-05
Table_08_08.obj,Table_08,M,M,,0.998563906866985,2.4210151719770875e-05,26.6134175707943,0.03752163897537467,0.9999999999999858,1.0,1.0,1.0,0.0,0.0,0.0,0.02704398504486834,0.9269756775838783,0.0,1.0,6.052537929942719e-06,2.4210151719770875e-05
Table_08_09.obj,Table_08,M,M,,0.994654992092371,5.390424092078446e-07,13.678791321435114,0.07271824747136417,0.999999999999967,1.0,1.0,1.0,4.4408920985006264e-17,6.78357473150347e-17,1.7208456881689895e-16,0.037883273973088334,0.8637425969074659,0.0,1.0,1.3476060230196114e-07,5.390424092078446e-07
Table_09_01.obj,Table_09,M,M,,0.9715601382974063,0.0029148413194126444,4.479166665293438,0.21234757883689703,0.5667472247833261,0.8493419838183606,0.9611049684040727,1.3611111111232483,4.4044058958134145e-17,7.094542366228573e-17,2.220446049250313e-16,0.41655627154537467,2.8628940760742543,0.5420806656461804,0.9709080881655321,0.0011094102416705444,0.0024275509501123583
Table_09_02.obj,Table_09,M,M,,0.9715599164523803,0.0029152800193209226,4.47916666542694,0.21234757883085284,0.5667468956884089,0.8493419296736415,0.961104885593357,1.3611111111253473,5.446868829733749e-17,8.165927303054192e-17,2.220446049250313e-16,0.41655626252579314,2.8628941315423284,0.5420798180823541,0.9709080268549622,0.0011095773087059179,0.0024279160527969842
Table_09_03.obj,Table_09,M,M,,0.9715599805754521,0.002914830566278502,4.479166665427002,0.21234757883085006,0.5667509043442661,0.8493419327990721,0.9611049354571379,1.3611111111256549,3.466189255285113e-17,6.620306526827466e-17,2.220446049250313e-16,0.4165562715451267,2.8628941155122902,0.5420806656440613,0.9709080637722729,0.0011094062037626867,0.0024275418080362985
Table_09_04.obj,Table_09,M,M,,0.9944284336398221,0.0055444661428110465,188.99999944773765,0.005276475513001451,0.9999999999999218,0.9468805611229416,0.9947304292094922,1.0991014037660822,0.12407177449568542,0.1777647841320272,0.4226497308103751,0.0320424130017071,1.2706799063044676,0.6083992695608255,0.9958872715970809,0.0019463190596302807,0.004563467173561869
Table_09_05.obj,Table_09,M,M,,0.9778180172023364,0.022141240379938403,156.66666594926812,0.006313215745054001,0.9999999999997375,0.9999999999999993,0.9999999999999999,1.0,4.4408920985006264e-17,6.78357473150347e-17,1.7208456881689895e-16,0.030294978485707183,0.7407407407046631,6.280369834735101e-16,0.9999999999999999,0.005535310094984603,0.02214124037993839
Table_09_06.obj,Table_09,M,OB,x,0.9775807739378976,0.018780618748012862,15.232925074611869,0.06478757844485378,0.9182966517824289,1.0,1.0,1.0000023639970583,9.992007221626409e-17,7.771561172376097e-17,2.220446049250313e-16,0.03037565593930745,0.7395381228342935,0.0,0.9999999999999999,0.004695165786335085,0.01878061874801286
Table_09_07.obj,Table_09,OB,OB,,0.23094823790833766,0.7690265069911204,189.9999994763258,0.003721588865131333,0.9999999999999942,0.5126584637350681,0.20089062153954373,1.5781240558139902,0.07455675944743598,0.15347575872289762,0.42264973081037294,0.008676292612592505,0.7070988713631946,0.37907727910389705,0.7160006333745442,0.5481978980750702,0.2090839608239904
Table_09_08.obj,Table_09,M,M,,0.9780521262002569,0.021835894851407963,94.49999972378086,0.010467188057641347,0.9999999999998435,1.0,1.0,1.0,0.0,0.0,0.0,0.030214726746102354,0.7419354838349962,0.0,0.9999999999999999,0.005458973712851991,0.021835894851407963
Table_09_09.obj,Table_09,OB,OB,,0.28571410983006074,0.7142618827888809,189.99999944500516,0.003721588865744812,0.9999999999999942,0.5000009233903646,1.384254278979924e-06,1.0991014037660825,0.1285461369783379,0.1834982640258056,0.4226497308103767,0.008676318293567412,0.7071040109987878,0.3702401577853759,0.7071070516415582,0.45262082853108326,0.1553591035514968
Table_09_10.obj,Table_09,M,M,,0.9715604052747296,0.002914256445193491,4.479166665293423,0.21234757883689717,0.5667484381055976,0.8493320033751053,0.9611023569430887,1.361111111116766,4.4825906158574395e-17,6.331621565726473e-17,1.1102230246251565e-16,0.41655872322022447,2.862900551927312,0.5420810204515393,0.9709062290861866,0.001109195405556126,0.0024270321007607235
Table_09_11.obj,Table_09,M,M,,0.9885071751578346,0.011432026134820023,188.99999944779688,0.005276475512999799,0.9999999999999256,0.945054933999803,0.9945423110821457,1.240162665333287,0.08803315122446335,0.1595597815155014,0.4226497308103755,0.032044508424768164,1.2706987349042032,0.6130994607051945,0.9957411826753354,0.0043719213533294264,0.009482766462484372
Table_09_12.obj,Table_09,M,M,,0.9944869253444703,0.005486258947642294,189.99999944504967,0.005248855710994405,0.9999999999999313,0.946886396626555,0.9947585000368501,1.0991014037660827,0.12407177449568531,0.17776478413202693,0.4226497308103768,0.031957980350481405,1.2713682591292117,0.6090450847686788,0.9959090409251165,0.0019258386959226008,0.004515650125803394
Table_10_01.obj,Table_10,M,M,,0.9821426951997805,0.016891760645257457,30.000005436369985,0.032939293542800785,0.9999999999999833,1.0,1.0,1.2491349480968856,3.416070845000482e-17,5.567514317267446e-17,1.1102230246251565e-16,0.02088689072848377,0.7352975127638076,0.0,1.0,0.005275022139219672,0.016891760645257457
Table_10_02.obj,Table_10,M,M,,0.981009143044236,0.017964021655784812,29.090889982330257,0.03394336454562506,0.9999999999999829,0.9999999999999998,1.0,1.2491349480968859,2.5620531337503614e-17,5.15956763364961e-17,1.1102230246251565e-16,0.02121074669198187,0.7281497286584176,0.0,0.9999999999999998,0.005609871814652526,0.01796402165578481
Table_10_03.obj,Table_10,M,M,,0.9847678052613703,0.014994191695667174,64.81995791315268,0.015309382137373248,0.9999999999999605,1.0,1.0,1.0,0.0,0.0,0.0,0.0236434300641898,0.7802800160642167,0.0,1.0,0.0037485479239167934,0.014994191695667174
Table_10_04.obj,Table_10,M,M,,0.9847678052613694,0.014994191695668116,64.81995791315268,0.015309382137373241,0.9999999999999606,1.0,1.0,1.0,0.0,0.0,0.0,0.02364343006418944,0.7802800160642107,0.0,1.0,0.003748547923917029,0.014994191695668116
Table_10_05.obj,Table_10,M,M,,0.9847678052613694,0.014994191695668116,64.81995791315268,0.015309382137373241,0.9999999999999606,1.0,1.0,1.0,0.0,0.0,0.0,0.02364343006418944,0.7802800160642107,0.0,1.0,0.003748547923917029,0.014994191695668116
Table_10_06.obj,Table_10,M,M,,0.9847678052613703,0.014994191695667174,64.81995791315268,0.015309382137373248,0.9999999999999605,1.0,1.0,1.0,0.0,0.0,0.0,0.0236434300641898,0.7802800160642167,0.0,1.0,0.0037485479239167934,0.014994191695667174
Table_10_07.obj,Table_10,M,M,,0.9988183578238852,4.3725782449796064e-14,29.090889982330257,0.03433447543542965,0.9999999999999212,1.0,1.0,1.0,0.0,0.0,0.0,0.045374145541697435,0.9335346408074721,0.0,1.0,1.0931445612449016e-14,4.3725782449796064e-14
Table_10_08.obj,Table_10,M,M,,0.9988888892927356,4.085196897122371e-14,30.000005436371655,0.03329635186926306,0.9999999999999235,0.999999999999999,1.0,1.0,0.0,0.0,0.0,0.04468137201620765,0.9354838822818539,0.0,1.0,1.0212992242805936e-14,4.085196897122367e-14
Table_10_09.obj,Table_10,OB,OB,,0.48979591823637947,0.5102040813476562,1040107382.5001731,0.0,0.5,0.9999999999999998,1.0,1.234567901234568,5.124106267500723e-17,7.04241045926498e-17,1.5543122344752176e-16,0.4550360761681842,0.16666666651438702,0.0,1.0,0.1574703954776717,0.510204081347656
Table_10_10.obj,Table_10,M,M,,0.9990159771976598,1.4287805118682539e-05,29.99999998627167,0.033281683127389466,0.8105776787403896,0.9874624708459628,0.9991922407567889,1.1779305399616797,4.526467098370314e-17,7.567502816606398e-17,2.220446049250313e-16,0.3453829791476016,4.58985506833249,0.42197637476191363,0.9993663606747492,4.246426417500461e-06,1.4102973140615492e-05
Table_10_11.obj,Table_10,M,M,,0.998948466339532,0.00015710108297963067,29.99997998719584,0.033296379983917615,0.9870473873101635,0.9547020814168861,0.9961479165221918,1.277905366247662,0.0024099344818485097,0.031045457851262663,4.05748490361885e-11,0.35531659626019824,4.619749368678295,0.4021502392207914,0.9970380057853256,5.211188198822549e-05,0.0001490517995092895
Table_10_12.obj,Table_10,M,M,,0.9989588676436649,0.00014108448422948017,29.999999987615833,0.03329635790891071,0.9870494490707927,0.9438375491140292,0.9954804798884762,1.2602886638481856,0.0041171842357490395,0.04682681406162573,7.018608036979287e-08,0.3554667761571764,4.619898594874799,0.4159002531335842,0.9965182885402021,4.666958730084817e-05,0.00013198651801926218
Table_10_13.obj,Table_10,M,M,,0.9990058527705042,2.639693901651549e-05,29.999999987615833,0.03329635788430254,0.987062640757702,0.9686899958335788,0.9982785062398071,1.3650318766168534,1.8834817407933305e-10,1.698438203914566e-09,2.220446049250313e-16,0.3576261453607706,4.603288624085859,0.4195453459750546,0.9986507994562613,9.185621997560285e-06,2.5548441053959248e-05
Table_10_14.obj,Table_10,M,OB,x,0.9808774124887568,0.018091658246830778,30.000005436371655,0.03293929354279895,0.9999999999999826,0.9839750750956997,0.9968915627833737,1.4515306122448979,3.4364046000302466e-17,6.171051780652439e-17,1.1102230246251565e-16,0.03132579579697413,1.14457971914849,0.7300248560285599,0.9975676632168473,0.00663816870429092,0.01777407298524725
Table_10_15.obj,Table_10,M,M,,0.9810092687891643,0.017963902709882622,29.091415436860412,0.03394276675477474,0.9999880531040926,0.9999910503386494,0.9999800929803573,1.2490479489445263,2.4201927827201157e-08,8.848930153890025e-08,1.355467196484382e-07,0.03711863387070962,1.2874014016416104,0.7770640461874078,0.9999843674627374,0.005609572258132252,0.01796356237499496
Table_10_16.obj,Table_10,M,M,,0.9847678052613703,0.014994191695667174,64.81995791315268,0.015309382137373248,0.9999999999999605,1.0,1.0,1.0,0.0,0.0,0.0,0.0236434300641898,0.7802800160642167,0.0,1.0,0.0037485479239167934,0.014994191695667174
Table_10_17.obj,Table_10,M,M,,0.9847678052613694,0.014994191695668116,64.81995791315268,0.015309382137373241,0.9999999999999606,1.0,1.0,1.0,0.0,0.0,0.0,0.02364343006418944,0.7802800160642107,0.0,1.0,0.003748547923917029,0.014994191695668116
Table_10_18.obj,Table_10,M,M,,0.9988888892927356,4.0764728452039376e-14,30.000005436369985,0.03329635186926491,0.9999999999999223,0.9999999999999971,0.9999999999999999,1.0,0.0,0.0,0.0,0.04468137201620767,0.9354838822818539,0.0,0.9999999999999999,1.0191182113009866e-14,4.0764728452039256e-14
Table_10_19.obj,Table_10,M,M,,0.9988183578238852,4.3725782449796064e-14,29.090889982330257,0.03433447543542965,0.9999999999999212,1.0,1.0,1.0,0.0,0.0,0.0,0.045374145541697435,0.9335346408074721,0.0,1.0,1.0931445612449016e-14,4.3725782449796064e-14
Table_10_20.obj,Table_10,OB,OB,,0.2557609259301655,0.7442390740696863,49627995677.60012,0.0,0.5,0.5115154845423837,0.14688257960234619,1.232595164407831e-32,4.4408920985006264e-17,5.438959822042073e-17,1.1102230246251565e-16,0.016367420320447676,0.9829829495113048,0.0002227112792441274,0.7127641666197987,0.20001417015190887,0.21830325599782188
Table_10_21.obj,Table_10,OB,OB,,0.14667319345623114,0.8533268065436104,49627995677.60012,0.0,0.5,0.5235081655585269,0.2466424987519582,1.232595164407831e-32,2.878355989768924e-17,4.865309622753033e-17,1.1102230246251565e-16,0.016367420017929818,0.982987180602624,0.0005478145980477569,0.7210698200527625,0.21345246364991124,0.27845228200702576
Table_11_01.obj,Table_11,M,M,,0.9994002498957477,2.675460235908742e-19,40.83333330367582,0.024475121360637293,0.9999999999999073,0.9999999999999998,1.0,1.0,0.0,0.0,0.0,0.04527734303623904,0.9521912350266938,0.0,1.0,6.688650589771856e-20,2.6754602359087415e-19
Table_11_02.obj,Table_11,M,M,,0.9981096408313391,1.439200173959659e-16,22.999999983219016,0.04339630365918443,0.9999999999998355,1.0,1.0,1.0,0.0,0.0,0.0,0.060213583064846886,0.9163608930362237,0.0,1.0,3.598000434899147e-17,1.439200173959659e-16
Table_11_03.obj,Table_11,M,M,,0.9981096408313391,1.2480564008556416e-16,22.999999983218892,0.04339630365918467,0.9999999999998355,1.0,1.0,1.0,0.0,0.0,0.0,0.06032876468652489,0.9166666666109078,0.0,1.0,3.120141002139104e-17,1.2480564008556416e-16
Table_11_04.obj,Table_11,M,M,,0.9994002498957477,2.675460235908742e-19,40.83333330367582,0.024475121360637293,0.9999999999999073,0.9999999999999998,1.0,1.0,0.0,0.0,0.0,0.04527734303623904,0.9521912350266938,0.0,1.0,6.688650589771856e-20,2.6754602359087415e-19
Table_11_05.obj,Table_11,M,M,,0.9990530865769541,1.368515369673999e-13,31.222222199605362,0.031995664682933654,0.9999999999998828,0.999999999999998,1.0,1.0,4.3175339846533866e-17,5.412315279526953e-17,1.1102230246251565e-16,0.051779332245687155,0.9379310344362373,0.0,0.9999999999999998,3.421288424185004e-14,1.3685153696739963e-13
Table_11_06.obj,Table_11,OB,OB,,0.23192513914333812,0.7667449857960935,39.82608693512919,0.021417971861110004,1.0000000000000044,0.5238487187607563,0.39996675718588515,1.5412734997114546,0.06903403652540369,0.14896732440607732,0.4226497308103744,0.01090672189804001,0.7662768394453707,0.5623265402786953,0.7434904137520512,0.5111474506485982,0.24875628043066236
Table_11_07.obj,Table_11,M,M,,0.9981096408313391,1.2480564008556416e-16,22.999999983218892,0.04339630365918467,0.9999999999998355,1.0,1.0,1.0,0.0,0.0,0.0,0.06032876468652489,0.9166666666109078,0.0,1.0,3.120141002139104e-17,1.2480564008556416e-16
Table_11_08.obj,Table_11,M,M,,0.9994002498957477,2.675460235908742e-19,40.83333330367582,0.024475121360637293,0.9999999999999073,0.9999999999999999,1.0,1.0,0.0,0.0,0.0,0.04527734303623903,0.9521912350266938,0.0,1.0,6.688650589771855e-20,2.6754602359087415e-19
Table_11_09.obj,Table_11,M,M,,0.9994002498957477,2.675460235908742e-19,40.83333330367582,0.024475121360637293,0.9999999999999073,0.9999999999999999,1.0,1.0,0.0,0.0,0.0,0.04527734303623903,0.9521912350266938,0.0,1.0,6.688650589771855e-20,2.6754602359087415e-19
Table_11_10.obj,Table_11,M,M,,0.9981096408313391,1.439200173959659e-16,22.999999983219016,0.04339630365918443,0.9999999999998355,1.0,1.0,1.0,0.0,0.0,0.0,0.060213583064846886,0.9163608930362237,0.0,1.0,3.598000434899147e-17,1.439200173959659e-16
Table_11_11.obj,Table_11,M,M,,0.9990530865769541,1.368524521980238e-13,31.222222199605362,0.031995664682933654,0.9999999999998789,0.9999999999999979,1.0,1.0,2.4671622769447922e-17,4.6156379789502494e-17,1.1102230246251565e-16,0.05177933224568728,0.9379310344362374,0.0,1.0,3.4213113049506015e-14,1.3685245219802353e-13
Table_11_12.obj,Table_11,M,M,,0.9990530865769539,1.370059058659711e-13,31.222222199605362,0.031995664682933654,0.9999999999998789,0.9999999999999974,1.0,1.0,2.4671622769447922e-17,4.6156379789502494e-17,1.1102230246251565e-16,0.05177933224568728,0.9379310344362374,0.0,0.9999999999999999,3.4251476466492844e-14,1.3700590586597075e-13
Table_11_13.obj,Table_11,M,M,,0.9990530865769539,1.370059058659711e-13,31.222222199605362,0.031995664682933654,0.9999999999998828,0.9999999999999972,1.0,1.0,4.3175339846533866e-17,5.412315279526954e-17,1.1102230246251565e-16,0.051779332245687176,0.937931034436237,0.0,0.9999999999999999,3.425147646649285e-14,1.3700590586597072e-13
Table_12_01.obj,Table_12,SL,SL,,3.846974219968028e-12,0.9952000337068926,20.000047692765417,0.03533317848437877,0.7764588842223209,0.7819076691280493,0.5000010022174136,1.0400000000004965,6.526765659917587e-17,1.0225738231398841e-16,2.220446049250313e-16,0.11494529924605436,7.076071790926266e-06,1.6625426259157096e-05,0.7859011294031744,0.4087616411730934,0.5836162939439488
Table_12_02.obj,Table_12,M,M,,0.9885338022348166,0.011367105378280794,8.164262620510739,0.11916082996348713,0.040515582739456914,0.7552810744759377,0.8412729893616561,1.0320377292477902,0.0054728870626233155,0.04664336125587933,2.220446049250313e-16,0.09579670646510212,2.658979324923352,0.36003354694517775,0.9092925447323809,0.003953052699926811,0.007850341627746555
Table_12_03.obj,Table_12,SL,SL,,3.826735222924505e-13,0.9991999996187158,49.99989429523395,0.014140751499094056,0.7764600475437675,0.7852175614911737,0.49999991402564825,1.0000003659103283,6.661338147750939e-17,1.0459803755001918e-16,3.3306690738754696e-16,0.04597829209796627,3.9266866550966105e-06,8.087557038967696e-06,0.7875627712968081,0.3995023184874283,0.5884420066296603
Table_12_04.obj,Table_12,M,M,,0.9885338650242346,0.011367042548697836,126.97590746062629,0.0076726126686870915,0.5553836120880252,0.755280909031061,0.841271643302526,1.032033319677974,0.005472832350478063,0.046642815254346326,5.168989251624911e-08,0.09579668160189875,2.6589798219939325,0.3600485383649201,0.9092923257584961,0.003953020980244046,0.007850291311282183
Table_12_05.obj,Table_12,M,M,,0.9885338885567139,0.011367019069966561,8.211286455102005,0.11847912138636651,0.040677633700290886,0.7552799723852628,0.841271036855374,1.0320328919620496,0.005472974698111409,0.046644077688224955,6.260862631668497e-08,0.09579670796122171,2.658980141676537,0.3600210330156965,0.9092921132160732,0.003953016176447807,0.007850261314065556
Table_13_01.obj,Table_13,OB,OB,,0.8975999999961046,0.1008000000021737,24.99999995968231,0.038069349380979334,0.9999999999998113,1.0,1.0,1.0,0.0,0.0,0.0,0.044169672848532425,0.5151515150982852,0.0,1.0,0.025200000000543427,0.1008000000021737
Table_13_02.obj,Table_13,M,M,,0.9956287138854872,0.0043029847689197015,120.99999981991087,0.00824617826587723,0.9999999999999605,1.0,1.0,1.0,0.0,0.0,0.0,0.020077124023273538,0.8759689922253894,0.0,1.0,0.0010757461922299254,0.0043029847689197015
Table_13_03.obj,Table_13,OB,OB,,0.8975999999961046,0.10080000000217326,24.999999959678757,0.03806934938098473,0.9999999999998112,0.9999999999999998,0.9999999999999999,1.0,0.0,0.0,0.0,0.04416967284853243,0.5151515150982852,0.0,1.0,0.025200000000543323,0.10080000000217323
Table_13_04.obj,Table_13,OB,M,x,0.9851519059827337,0.013136038761855717,14.79999999093003,0.06640158940392572,0.7503816763404486,0.7533691078917512,0.7785728342916384,2.0056896482859226,3.954218991815626e-17,7.204416230910552e-17,2.220446049250313e-16,0.12355463232216801,1.580213699178768,0.5270862415199756,0.8997527313907149,0.007849799148333053,0.008800632545023853
Table_13_05.obj,Table_13,OB,M,x,0.9795343234223829,0.01850257740472722,14.79999999093003,0.06640158940392572,0.7400554687569522,0.7897948834249535,0.7712136238798676,1.6279096609374035,5.3803115808757586e-17,8.057239590143938e-17,2.220446049250313e-16,0.0905573911759692,1.2452104744571908,0.5269023419510772,0.9048660281631532,0.009207002612065317,0.012941585742616871
Table_13_06.obj,Table_13,M,M,,0.9969920310675711,0.002883076800995613,53.199999967343274,0.018745929060140526,0.9152618388070635,0.9522882272308262,0.9362174699796335,2.1492970635816535,4.207160935421646e-17,7.236235274339231e-17,2.220446049250313e-16,0.03600165005229376,1.5469888342257825,0.5035296885203905,0.9685777419359708,0.0015102221489193162,0.0026579619868247967
Table_13_07.obj,Table_13,M,M,,0.9968400351249853,0.0016328611169192887,14.499999995613193,0.06863982230331188,0.6522955342717026,0.7674330346189909,0.9671192183328186,1.9473786113659917,7.745273325500182e-06,2.723981621374209e-05,5.766712451327205e-05,0.1582303177612496,2.2943808592077137,0.6213505735739165,0.9752894572012492,0.0008850187125103593,0.001232489835929599
Table_13_08.obj,Table_13,M,M,,0.9968400564165635,0.001632862438237235,14.499999995613193,0.06863982230331189,0.6522933960973245,0.7674138101702236,0.9671152473807931,1.947446353447169,1.2294869662626627e-08,7.488866732587095e-08,5.350277176852103e-09,0.1582290045098022,2.2943792823442775,0.6213502674369948,0.9752865106897,0.0008850417619978622,0.001232477537309801
Table_13_09.obj,Table_13,OB,OB,,0.9521358410306946,0.04717489490846325,31.499999988522088,0.030868020395063412,0.9999999999999977,0.9839771431321683,0.9953181373587899,1.4015031570494139,2.6884324363120383e-17,5.5098269075317087e-17,1.1102230246251565e-16,0.015238124627073378,1.033371926518463,0.629869840890183,0.9963436359243111,0.01673911960005995,0.046310354585733876
Table_13_10.obj,Table_13,OB,OB,,0.9509262039245128,0.04867874527184873,51.03999996544433,0.01902146349727213,0.9947287502746173,0.9947287502746175,0.9419148287014669,1.04,9.594519965896414e-18,3.574206722196385e-17,1.1102230246251565e-16,0.019789129006362326,1.2419087853679585,0.02208989805252843,0.976066649842287,0.013306677142241251,0.04701584308458766
Table_13_11.obj,Table_13,OB,OB,,0.9279311742687107,0.06747398765984776,14.752475236134554,0.06532735537873036,0.999999999999921,0.9999999999999994,0.9999999999999999,1.0,0.0,0.0,0.0,0.04045629010481766,0.5767195766679911,0.0,0.9999999999999998,0.01686849691496195,0.06747398765984772
Table_13_12.obj,Table_13,OB,OB,,0.9493529023218498,0.050581770935509335,128.9999998121356,0.007512675183929398,0.9926262053316844,0.9926262053316935,0.9300519808508889,1.0,6.530723674265627e-18,2.612289469706251e-17,1.0547118733938861e-16,0.019277225644604254,1.2173606288830983,0.01812697120924745,0.9714097647657911,0.013467674564185192,0.048452788593526114
Table_13_13.obj,Table_13,M,M,,0.9986373030457997,0.0012319755263130322,53.199999967343274,0.01877127639403403,0.8981689409487691,0.9453777924973542,0.9319157845543875,1.6279096610615686,2.9036602182504096e-17,6.823596168595311e-17,2.220446049250313e-16,0.03809504418647418,1.435773795831669,0.7750489696154809,0.9724160671225343,0.000532523982543647,0.0011250340630387843
Table_13_14.obj,Table_13,M,M,,0.9968400313688512,0.0016328649865336184,14.499999995613193,0.06863982230331188,0.6522956149891682,0.7674331018618301,0.9671191656053968,1.9473750444342504,7.657299187715858e-06,2.7217603542293146e-05,5.7736415622211544e-05,0.1582301525361841,2.29438048603726,0.6213504260074286,0.975289417934858,0.0008850193508311364,0.0012324928370015754
Table_13_15.obj,Table_13,M,M,,0.996840052661373,0.0016328663059643259,14.499999995613193,0.06863982230331189,0.65229348635668,0.7674138754555645,0.9671151946581836,1.9474391248248453,9.639834418785636e-10,3.730165396741013e-09,5.3522602572186885e-09,0.06329153579881741,1.2272683851914474,0.7714146770062441,0.9752864714275364,0.0008850408998630802,0.001232480541876144
Table_13_16.obj,Table_13,OB,OB,,0.9679212469413189,0.032061504402564986,241.9999992316769,0.004065544541664057,0.9999999999999711,0.8491083746151691,0.960149651558102,1.0991014037660825,0.1285461369783379,0.18349826402580519,0.42264973081037865,0.018160129579583104,1.10404329788794,0.6177340544210357,0.9701170135004128,0.012196038462495345,0.023213684384792252
Table_14_01.obj,Table_14,OB,OB,,0.028799394087553127,0.962802100621398,11.124999997953422,0.0634321596541835,0.9999999999999997,0.5110215821617743,0.18729991088170928,1.3179353555573805,0.024927082452208725,0.08172890538528295,0.29289321881345254,0.009432975476648977,0.706925387683161,0.4262674355701775,0.7148352976629511,0.6051574557735002,0.2707153532518561
Table_14_02.obj,Table_14,OB,OB,,0.1054297146959561,0.8943004180858675,40.09523806945892,0.01763293795485327,0.9983047026902271,0.500002507454144,0.001413712643206333,1.3005585468223335,0.021173003769647196,0.07584941092330143,0.2928932188134519,0.009971842527714606,0.707101094418053,0.3702400479781655,0.7071077690482477,0.5855373507815536,0.207824646035856
Table_14_03.obj,Table_14,OB,OB,,0.016678725906565665,0.9829240165246432,42.272727246618665,0.016724917527083702,0.9883538822161568,0.5000030174521028,4.4678634891770486e-06,1.2988837921522227,0.014644660940672637,0.06383459710280927,0.014644660940671883,0.009028250218711478,0.7070977287997043,0.3702400221072742,0.7071076649803428,0.614709927597339,0.2424232900566159
Table_14_04.obj,Table_14,OB,OB,,0.9804203061017299,0.006649924853062652,7.999999998157542,0.1230914909754499,0.7561728395117088,0.8604737850310252,0.961245132210798,1.2868880333756354,0.09350537653919189,0.16463507201982597,0.42264973081037427,0.05962531928268857,1.0902507351670545,0.7305500410247876,0.9709833743974663,0.0027964886483313332,0.004929597842521911
Table_14_05.obj,Table_14,OB,OB,,0.9804203061017298,0.0066499248530626585,7.999999998157542,0.1230914909754499,0.7561728395117092,0.860473785031024,0.9612451322107978,1.2868880333756352,0.09350537653919191,0.16463507201982602,0.4226497308103744,0.059625319282688584,1.0902507351670545,0.730550041024788,0.9709833743974663,0.0027964886483313376,0.004929597842521907
Table_14_06.obj,Table_14,OB,OB,,0.9804203061017298,0.006649924853062662,7.999999998157542,0.1230914909754499,0.7561728395117102,0.8604737850310238,0.9612451322107978,1.2868880333756354,0.09350537653919189,0.164635072019826,0.42264973081037427,0.059625319282688584,1.0902507351670545,0.730550041024788,0.970983374397466,0.0027964886483313398,0.004929597842521908
Table_14_07.obj,Table_14,SL,SL,,0.0002995209797924554,0.8269495294853334,3.3333333252243076,0.20751433907296385,0.7765612177162006,0.7765612177254086,0.5002386392451373,1.040047815946394,4.0371746350005693e-17,7.642248242719301e-17,2.220446049250313e-16,1.9297192551993576,0.0010948715734134945,0.0021849970921237792,0.7832102323203525,0.3408540249605951,0.4817093245202793
Table_14_08.obj,Table_14,SL,SL,,0.026131500005170543,0.9367041691055739,7.521772124622445,0.09359689968077296,0.7764427125045077,0.7764584617890694,0.5001011389383065,1.2101295370839973,0.00018543396810943622,0.0012553938987038779,3.3306690738754696e-16,1.3897183903217858,0.2885068634594308,0.047163980266592555,0.7831577660971601,0.42605665383270935,0.5454173804173995
Table_14_09.obj,Table_14,OB,OB,,6.392484516165456e-15,0.9999935907705774,394.9999972194061,0.0017901408815395544,0.999999999999978,1.0,1.0,1.0,7.401486830834377e-17,1.0467283057891832e-16,2.220446049250313e-16,0.007085503841170494,1.611057050734074e-15,0.0,1.0,0.2499983976926444,0.9999935907705773
Table_14_10.obj,Table_14,OB,OB,,0.9804203061017298,0.0066499248530626585,7.999999998157542,0.1230914909754499,0.7561728395117088,0.860473785031024,0.9612451322107978,1.2868880333756352,0.09350537653919191,0.16463507201982602,0.4226497308103744,0.059625319282688584,1.0902507351670547,0.730550041024788,0.970983374397466,0.002796488648331338,0.004929597842521907
Table_15_01.obj,Table_15,M,M,,0.9907281708933621,6.392569840977861e-16,10.385258012741119,0.09540977784288034,0.9999999999999494,1.0,1.0,1.0,0.0,0.0,0.0,0.04661407348213159,0.8243342401466954,0.0,1.0,1.5981424602444653e-16,6.392569840977861e-16
Table_15_02.obj,Table_15,M,M,,0.9907281708933626,1.191636727886518e-06,10.385925445658046,0.0954037023126086,0.9999999999999512,1.0,1.0,1.0,4.4408920985006264e-17,6.78357473150347e-17,1.7208456881689895e-16,0.04661407348213238,0.824334240146701,0.0,1.0,2.979091819716295e-07,1.191636727886518e-06
Table_15_03.obj,Table_15,OB,OB,,0.6471327961129159,0.35263451313353456,65.55569661289606,0.013113681541009285,0.9999999999999953,1.0,1.0,1.0,0.0,0.0,0.0,0.006528479183432599,0.25468447008007394,0.0,1.0,0.08815862828338364,0.35263451313353456
Table_15_04.obj,Table_15,OB,OB,,0.5630556282762711,0.43582255354987764,29.856490991637617,0.02793005544378779,0.9999999999999991,1.0,1.0,1.0,0.0,0.0,0.0,0.006188826537416908,0.20408110370358024,0.0,1.0,0.10895563838746941,0.43582255354987764
Table_15_05.obj,Table_15,M,M,,0.9907281708933621,6.392569840977861e-16,10.385258012741119,0.09540977784288034,0.9999999999999494,1.0,1.0,1.0,0.0,0.0,0.0,0.04661407348213159,0.8243342401466954,0.0,1.0,1.5981424602444653e-16,6.392569840977861e-16
Table_15_06.obj,Table_15,M,M,,0.9907281708933626,1.191636727886518e-06,10.385925445658046,0.0954037023126086,0.9999999999999512,1.0,1.0,1.0,4.4408920985006264e-17,6.78357473150347e-17,1.7208456881689895e-16,0.04661407348213238,0.824334240146701,0.0,1.0,2.979091819716295e-07,1.191636727886518e-06
Table_16_01.obj,Table_16,M,M,,0.7821852452419945,0.2170840650041172,41.2191217214701,0.021429606493445927,0.9661703257235049,0.9661703257222806,0.8402174527100895,1.0344258376440074,0.056136180326482474,0.11471771228553083,0.3242721881957343,0.040939525392371084,1.8450792091081547,0.09798704869460079,0.9201251434507093,0.07507418143155159,0.1758047453974438
Table_16_02.obj,Table_16,M,M,,0.9970260171623527,0.00016224567190153516,11.043171676543144,0.089820167380675,0.366505979855829,0.8621847649179382,0.9478101839824097,1.0371960400214773,0.013762250133728202,0.09497637533758896,7.781877586765504e-08,0.1401782752737597,1.9602590254781045,0.5929777907189703,0.9658070272080621,4.980288333624927e-05,0.00013428993654839594
Table_16_03.obj,Table_16,M,M,,0.7821854327323129,0.21756172247385558,70.07099583954923,0.012607819716021072,0.9661701337045834,0.9661701337045115,0.8402163442278185,1.0344253204136806,0.05613632194730445,0.11471776578392276,0.324265689236786,0.043831923120200844,1.7508641613587188,0.07557469108534157,0.9201249223902371,0.07523925535499,0.17619167872844058
Table_16_04.obj,Table_16,SL,SL,,0.7878531548988003,0.212146845101129,82351859514.00003,0.0,0.5,0.9395898434934479,0.8273580770339399,1.232595164407831e-32,6.454785026890445e-17,7.275318747242355e-17,2.220446049250313e-16,0.03913327287189432,1.7284204600151067,0.07375358715601336,0.9112385060984768,0.01088155135105306,0.1821245756012758
Table_16_05.obj,Table_16,M,M,,0.9969935866467,0.00019725035407844893,11.043171676543144,0.08982016738069598,0.36649671207064777,0.8634536893689839,0.9485343997769694,1.0466245805643768,0.006484720812589257,0.04309616129286629,8.2402956680383e-10,0.14962058727060615,2.040443874742598,0.5836910086633497,0.9661820151605084,6.016507976508694e-05,0.00016485162939934285
Table_16_06.obj,Table_16,M,M,,0.9970260383694617,0.00016222951168740955,11.043171676223313,0.08982016738327636,0.36650065883398264,0.8621791192379817,0.9478054850036083,1.037175513959528,0.013762892624524374,0.09497791130363721,5.7271237885458845e-08,0.14952334160732786,2.0408556480692583,0.5830225443915481,0.9658047219114964,4.979746830322477e-05,0.00013427531671952457
Table_16_07.obj,Table_16,M,M,,0.9970260372391663,0.00016223257054236642,11.043171676223313,0.08982016738327636,0.366497261797924,0.8621747956240597,0.9478033390965178,1.0371858163247298,0.013762881065340182,0.09497542931514075,7.037750573424178e-08,0.14952309157559565,2.0408567983630195,0.5830197240960908,0.965803591945797,4.979901997118148e-05,0.00013427706937253815
Table_16_08.obj,Table_16,SL,SL,,0.7956271735113266,0.20437282648861235,88169990579.39998,0.0,0.5,0.9669821367948916,0.8424513515110263,1.232595164407831e-32,4.9343245538895844e-17,6.433572099953494e-17,1.1102230246251565e-16,0.03811740186793167,1.7618260953878717,0.07557811065989907,0.9211536115409734,0.008596499085909887,0.18205710667876995
Table_17_01.obj,Table_17,OB,OB,,0.3740489004519832,0.5259521952846251,1.130509961452662,0.5302890734447361,0.3749988585771468,0.9999999999999997,0.9999999999999999,1.5269600763465871,1.4802973661668754e-17,3.774032578002451e-17,1.1102230246251565e-16,0.1012168846411319,0.23040886089219195,0.0,1.0,0.2007770010666166,0.5259521952846249
Table_17_02.obj,Table_17,OB,OB,,0.3740489004519832,0.5259521952846251,1.130509961452662,0.5302890734447361,0.3749988585771468,0.9999999999999999,0.9999999999999999,1.5269600763465871,1.4802973661668754e-17,3.774032578002451e-17,1.1102230246251565e-16,0.1012168846411319,0.23040886089219195,0.0,1.0,0.20077700106661656,0.525952195284625
Table_17_03.obj,Table_17,OB,OB,,0.3740489004519832,0.5259521952846251,1.130509961452662,0.5302890734447361,0.3749988585771468,0.9999999999999997,0.9999999999999999,1.5269600763465871,1.4802973661668754e-17,3.774032578002451e-17,1.1102230246251565e-16,0.1012168846411319,0.23040886089219195,0.0,1.0,0.2007770010666166,0.5259521952846249
Table_17_04.obj,Table_17,M,M,,0.9929207130026675,0.006099063573093516,31.940187510205583,0.03118311185639973,0.9999999999999244,0.9999999999999993,1.0,1.0,0.0,0.0,0.0,0.0371231689259296,0.844782748684674,0.0,1.0,0.0015247658932733797,0.006099063573093512
Table_17_05.obj,Table_17,M,M,,0.9977003344422801,0.0019812456308501655,56.040226323627934,0.0178210115607073,0.9999999999999597,1.0,1.0,1.0,0.0,0.0,0.0,0.028026175162450994,0.9084792072666937,0.0,1.0,0.0004953114077125414,0.0019812456308501655
Table_17_06.obj,Table_17,M,M,,0.9977003344422801,0.0019812632980489306,56.041781055186775,0.017820517320703427,0.9999999999999596,1.0,1.0,1.0,0.0,0.0,0.0,0.028026175162450994,0.9084792072666937,0.0,1.0,0.0004953158245122327,0.0019812632980489306
Table_17_07.obj,Table_17,M,M,,0.9971152149683304,3.825656930812712e-18,18.618439241775054,0.053555919744495965,0.9999999999999628,0.9999999999999993,1.0,1.0,0.0,0.0,0.0,0.037842561458672215,0.8980550911664966,0.0,1.0,9.564142327031784e-19,3.82565693081271e-18
Table_17_08.obj,Table_17,OB,OB,,0.6081233259771477,0.3916309736719684,63.796537930316354,0.013285080229788585,0.9999999999999926,1.0,1.0,1.0,0.0,0.0,0.0,0.006748554706007931,0.23001189287133075,0.0,1.0,0.0979077434179921,0.3916309736719684
Table_17_09.obj,Table_17,OB,OB,,0.3740489004519832,0.5259521952846251,1.130509961452662,0.5302890734447361,0.3749988585771468,0.9999999999999997,0.9999999999999999,1.5269600763465871,1.4802973661668754e-17,3.774032578002451e-17,1.1102230246251565e-16,0.1012168846411319,0.23040886089219195,0.0,1.0,0.2007770010666166,0.5259521952846249
Table_17_10.obj,Table_17,M,M,,0.9929247695096189,0.0060956231001323075,31.950228853779358,0.031173383850234215,0.9999999999999315,0.999999999999998,0.9999999999999998,1.0,0.0,0.0,0.0,0.03711784978989259,0.8448237747452124,8.881784197001252e-16,0.9999999999999997,0.00152390577503308,0.0060956231001322945
Table_17_11.obj,Table_17,M,M,,0.9970900836439995,2.52073143152519e-05,18.618684466781424,0.05355454730361618,0.9999999999999646,1.0,1.0,1.0,0.0,0.0,0.0,0.03776058922485052,0.8976346770464536,0.0,1.0,6.301828578812975e-06,2.52073143152519e-05
Table_17_12.obj,Table_17,M,M,,0.9971152149683304,7.598974872573585e-08,18.618684466021374,0.05355521638966584,0.9999999999999645,1.0,1.0,1.0,0.0,0.0,0.0,0.03784256145867223,0.8980550911664965,0.0,1.0,1.8997437181433963e-08,7.598974872573585e-08
Table_17_13.obj,Table_17,M,M,,0.997115290958079,2.3560800078586904e-13,18.618684466781424,0.05355521841063715,0.9999999999999645,0.9999999999999979,0.9999999999999999,1.0,0.0,0.0,0.0,0.037842810670836,0.8980563654294819,0.0,0.9999999999999999,5.890200019646736e-14,2.3560800078586853e-13
Table_18_01.obj,Table_18,OB,OB,,0.6212073913310268,0.3785073553624576,58.99999995783025,0.01430287343151973,1.0000000000000024,0.7299802390075174,0.7825685518687053,1.0991014037660822,0.1285461369783379,0.18349826402580552,0.42264973081037543,0.009387392606540864,0.7578851456680376,0.41129425706953426,0.8655049089939812,0.16902234052639473,0.21425920654690275
Table_18_02.obj,Table_18,M,M,,0.9959040029080009,0.0035475834000343602,41.99999995446799,0.023754972157481086,0.9999999999999168,0.9490170778422732,0.9955130477686901,1.0991014037660827,0.12854613697833786,0.18349826402580544,0.422649730810375,0.05535475971442093,1.2883947963502778,0.6398977542283145,0.9965008011540949,0.0012457383794684156,0.002922597701712042
Table_18_03.obj,Table_18,M,M,,0.9985760056959282,0.0012237451049901236,70.66666659706239,0.014139465087930703,0.9999999999999497,1.0,1.0,1.0,0.0,0.0,0.0,0.028592781776226404,0.9272727272485978,0.0,1.0,0.0003059362762475309,0.0012237451049901236
Table_18_04.obj,Table_18,M,M,,0.9985760056959282,0.0012237451049901284,70.66666659706317,0.014139465087930545,0.9999999999999498,1.0,1.0,1.0,0.0,0.0,0.0,0.028592781776226404,0.9272727272485978,0.0,1.0,0.0003059362762475321,0.0012237451049901284
Table_18_05.obj,Table_18,M,M,,0.9905339021677363,0.002754106220656923,10.999999995805135,0.09016696346493798,0.9999999999999566,0.9995465763899459,0.9989759695363853,1.099101403766082,0.12854613697833797,0.18349826402580546,0.42264973081037427,0.05596592022652777,1.1725444079552914,0.7304965306602612,0.9991992157612759,0.000936729800982864,0.0023938620521021577
Table_18_06.obj,Table_18,M,M,,0.9959040029080009,0.0035475834000343602,41.99999995446799,0.023754972157481086,0.9999999999999168,0.9490170778422732,0.9955130477686901,1.0991014037660827,0.12854613697833786,0.18349826402580544,0.422649730810375,0.05535475971442093,1.2883947963502778,0.6398977542283145,0.9965008011540949,0.0012457383794684156,0.002922597701712042
Table_18_07.obj,Table_18,M,M,,0.9905339021677363,0.0027541062206569234,10.999999995805135,0.09016696346493798,0.9999999999999566,0.9995465763899444,0.998975969536385,1.099101403766082,0.12854613697833797,0.18349826402580546,0.42264973081037427,0.055965920226527764,1.1725444079552914,0.7304965306602612,0.9991992157612757,0.0009367298009828653,0.0023938620521021543
Table_18_08.obj,Table_18,M,M,,0.9905339021677363,0.002754106220656914,10.999999995805135,0.09016696346493798,0.9999999999999551,0.9995465763899459,0.9989759695363852,1.0991014037660825,0.12854613697833797,0.1834982640258055,0.4226497308103744,0.05596592022652784,1.1725444079552916,0.7304965306602607,0.999199215761276,0.0009367298009828612,0.0023938620521021495
Table_18_09.obj,Table_18,M,M,,0.9905339021677364,0.0027541062206569134,10.999999995805135,0.09016696346493798,0.9999999999999551,0.9995465763899466,0.9989759695363853,1.0991014037660825,0.12854613697833797,0.1834982640258055,0.4226497308103744,0.05596592022652781,1.1725444079552916,0.7304965306602608,0.9991992157612759,0.0009367298009828607,0.0023938620521021512
Table_18_10.obj,Table_18,M,M,,0.9959040029077899,0.003547583400245268,41.99999995446799,0.02375497215747863,0.9999999999999102,0.9490170778421285,0.9955130477685683,1.0991014037660827,0.1285461369783379,0.18349826402580544,0.42264973081037505,0.05535475971372417,1.2883947963473588,0.6398977542251302,0.9965008011540007,0.0012457383795426934,0.002922597701885169
Table_18_11.obj,Table_18,M,M,,0.9959040029077899,0.003547583400245268,41.99999995446799,0.02375497215747863,0.9999999999999102,0.9490170778421285,0.9955130477685683,1.0991014037660827,0.1285461369783379,0.18349826402580544,0.42264973081037505,0.05535475971372417,1.2883947963473588,0.6398977542251302,0.9965008011540007,0.0012457383795426934,0.002922597701885169
Table_18_12.obj,Table_18,M,M,,0.9985760056958547,0.0012237451050634849,70.66666659706239,0.014139465087930186,0.9999999999999477,1.0,1.0,1.0,0.0,0.0,0.0,0.02859278177585813,0.9272727272467925,0.0,1.0,0.0003059362762658712,0.0012237451050634849
Table_18_13.obj,Table_18,M,M,,0.9985760056958547,0.0012237451050634888,70.66666659706317,0.014139465087930028,0.9999999999999477,0.9999999999999998,1.0,1.0,0.0,0.0,0.0,0.02859278177585814,0.9272727272467927,0.0,1.0,0.00030593627626587225,0.0012237451050634885
Table_18_14.obj,Table_18,OB,OB,,0.6485845672662353,0.3499806301625564,26.39999999061219,0.03256650944526522,0.9999999999999988,1.0,1.0,1.0,0.0,0.0,0.0,0.007241361226965693,0.25564803804728886,0.0,1.0,0.0874951575406391,0.3499806301625564
Table_19_01.obj,Table_19,OB,OB,,1.0423439187698776e-06,0.9944688910508225,13.447291486685085,0.05251105034117733,0.9999999999999988,1.0,1.0,1.0,0.0,0.0,0.0,0.008538885832610843,2.605861154971482e-07,0.0,1.0,0.24861722276270562,0.9944688910508225
Table_19_02.obj,Table_19,OB,OB,,1.0000004354884567e-06,0.999373999999358,39.9999999623436,0.01767491245771728,0.9999999999999946,1.0,1.0,1.0,0.0,0.0,0.0,0.009606249142488294,2.500002337309533e-07,0.0,1.0,0.2498434999998395,0.999373999999358
Table_19_03.obj,Table_19,M,M,,0.9876543209874742,1.6371169934217505e-16,8.99999999827088,0.10976425998737552,0.9999999999999923,1.0,1.0,1.0,0.0,0.0,0.0,0.02561665797477209,0.799999999969259,0.0,1.0,4.092792483554376e-17,1.6371169934217505e-16
Table_19_04.obj,Table_19,M,M,,0.9876543209874735,8.496429965859716e-16,8.99999999827086,0.1097642599873757,0.9999999999999918,0.999999999999999,0.9999999999999999,1.0,0.0,0.0,0.0,0.025616657974771643,0.7999999999692525,0.0,1.0,2.124107491464931e-16,8.496429965859707e-16
Table_19_05.obj,Table_19,OB,OB,,6.999971383591073e-07,0.9981413927494751,23.199999991039363,0.030464599081669024,0.999999999999999,1.0,1.0,1.0,0.0,0.0,0.0,0.0066249989117943405,1.74999346024103e-07,0.0,1.0,0.24953534818736878,0.9981413927494751
Table_19_06.obj,Table_19,M,M,,0.9876543209874743,2.072299991673102e-17,8.99999999827086,0.10976425998737575,0.9999999999999923,0.9999999999999981,0.9999999999999999,1.0,4.4408920985006264e-17,6.78357473150347e-17,1.7208456881689895e-16,0.025616657974772084,0.7999999999692589,0.0,1.0,5.180749979182763e-18,2.072299991673098e-17
Table_19_07.obj,Table_19,M,M,,0.9876543209874733,1.0340776958448776e-15,8.99999999827088,0.10976425998737548,0.9999999999999919,0.9999999999999999,1.0,1.0,0.0,0.0,0.0,0.025616657974771632,0.7999999999692528,0.0,0.9999999999999998,2.5851942396121944e-16,1.0340776958448774e-15
Table_19_08.obj,Table_19,OB,OB,,8.000003795181035e-07,0.9974991999994733,19.999999992315054,0.03533326972423456,1.0000000000000009,1.0,1.0,1.0,0.0,0.0,0.0,0.007684998929777137,2.0000017469228613e-07,0.0,1.0,0.24937479999986834,0.9974991999994733
Table_20_01.obj,Table_20,M,OB,x,0.5566890683003547,0.4425617835876777,34.58996239256543,0.022141778568422768,0.8997458167915348,0.9077070103166816,0.8672410986273879,1.067183006105198,0.00021144357945383202,0.0013548561295701957,2.3782707476716068e-07,0.05083546598039057,2.1850092989529735,0.3784190528702666,0.9236929474963496,0.14016703786077478,0.37497330410458274
Table_20_02.obj,Table_20,M,OB,x,0.5548367547244702,0.44441320525777317,34.59346675787902,0.022139545309928184,0.8997503054261754,0.9084292471516985,0.8677418632152035,1.067443405714394,0.00017850712194379152,0.0012451777522943532,1.2699538221028206e-07,0.062314430248815986,2.465303739924006,0.35047086867137284,0.9240280700681182,0.1406580983438158,0.37694999191104733
Table_20_03.obj,Table_20,SL,SL,,2.503134249544727e-06,0.9985564390098203,33.60180855863281,0.021039076293291215,0.9065823053859562,0.906582235370416,0.7055947593962593,1.0000003371028985,5.0998049505139305e-17,8.227348549776167e-17,2.220446049250313e-16,0.0433631031335927,0.7668387372027069,0.059132373476356415,0.8598221300772071,0.33338914047945556,0.7720148931181071
