file,group,ground_truth,prediction,error,linearity,planarity,eig_ratio_r12,eig_ratio_r23,elongation,thickness_norm,aspect_ratio_xy,aspect_ratio_yz,area_to_volume_ratio,compactness,occupancy,normal_disp_mean,normal_disp_std,normal_disp_p90,normal_disp_p95,rectangularity,axis_alignment,concavity_score,irregularity_score,surface_complexity,ca_surface_score,sl_regular_surface_score,ob_regular_score
BedSet_01_01.obj,BedSet_01,OB,OB,,0.004667698727255525,0.9606592148766903,1.0046895883124538,28.706192748558255,5.651442206097957,0.130983516468576,1.1225132130554931,5.03463312524705,0.02105369501953842,0.977104605050025,3.806895559839626e-05,0.9246242927801065,0.22160221684938022,1.0966399945901133,1.098654247018512,0.6307621424856756,0.586038757702362,0.36923785751432436,0.413961242297638,0.5185147444866036,0.5185147444866036,0.4805280819731025,0.3551086993719767
BedSet_01_02.obj,BedSet_01,OB,OB,,0.5241438067043811,0.4600766953972728,2.1014752231640443,30.156611849189332,7.559740073652546,0.10798752296125896,1.4388670217860688,5.253953255599469,0.029718498786190914,0.9965809379456656,4.51877800348481e-05,0.9999788419731787,0.004553165983946775,1.006705783673857,1.0077383560478423,0.999300166089324,0.9777757973131639,0.0006998339106759621,0.022224202686836114,0.12459755778414795,0.12459755778414795,0.45464587710341,0.4495370360824979
BedSet_01_03.obj,BedSet_01,M,M,,0.9903148600330939,0.007630768622838996,103.25096007033478,4.714405695692681,22.498596319558672,0.04419031907387404,10.161247956420542,2.2141568046514264,0.38575935464675687,0.9999498696546191,0.0010752808899622689,0.9983999999343862,0.04789321524337845,1.0815999996555279,1.0815999996555279,0.9999999999999999,1.0,1.1102230246251565e-16,0.0,0.0021207329620241662,0.0021207329620241662,0.007630768622838995,0.007630768622838995
BedSet_01_04.obj,BedSet_01,M,M,,0.9913155163014136,0.0038614743451652303,115.1478930360616,1.8006358811396745,14.68444771394094,0.06765013196047412,10.730698621213273,1.3684521597426436,0.34178401110614126,0.9999999999995735,0.0010666742229058057,0.9984000000000002,0.0478932145507065,1.0816000000000001,1.0816000000000001,0.9999999999999998,1.0,2.220446049250313e-16,0.0,0.001073175761241705,0.001073175761241705,0.0038614743451652295,0.0038614743451652295
BedSet_01_05.obj,BedSet_01,M,M,,0.9912293409816532,0.006910281598373528,114.01651779038673,4.71445144568222,23.64373806367014,0.04207294562270141,10.677851734956613,2.2142785493545816,0.3852235976309068,0.9999999999995908,0.001023453150966937,0.9984000000000001,0.047893214550706505,1.0816000000000001,1.0816000000000001,0.9999999999999999,1.0,1.1102230246251565e-16,0.0,0.0019204961762893011,0.0019204961762893011,0.006910281598373527,0.006910281598373527
BedSet_01_06.obj,BedSet_01,M,M,,0.9886224884095989,0.009979366685486208,87.8926812820972,8.137576834058754,27.27348132211495,0.03643462679845065,9.375109663070369,2.909137310058827,0.45303141780777073,0.9999999999994431,0.0013922131681469432,0.9984000000000002,0.047893214550706505,1.0816000000000001,1.0816000000000001,1.0,1.0,0.0,0.0,0.0027734521796877335,0.0027734521796877335,0.009979366685486208,0.009979366685486208
BedSet_01_07.obj,BedSet_01,OB,OB,,0.888889240175168,0.11034021813637097,9.00002845427708,144.1982458425887,36.02482913241645,0.026325028902776364,3.000004742195058,12.00825739490694,0.16271129274322532,0.9999999999999913,2.178259403949402e-05,1.0,0.0,1.0,1.0,1.0,1.0,0.0,0.0,0.028964307260797375,0.028964307260797375,0.11034021813637097,0.11034021813637097
BedSet_01_08.obj,BedSet_01,OB,OB,,0.9394940525570049,0.060149396328006824,16.527300906114174,169.69782143267156,52.95891760776521,0.01833290764804052,4.065378322385644,13.026811628556747,0.17406802874432134,0.9999999999999926,1.7437680521532493e-05,1.0,0.0,1.0,1.0,1.0,1.0,0.0,0.0,0.01578921653610179,0.01578921653610179,0.060149396328006824,0.060149396328006824
BedSet_01_09.obj,BedSet_01,OB,OB,,0.9394940525570049,0.060193328301078035,16.527300906114174,193.5452418935742,56.557762042181594,0.017166716189132077,4.065378322385644,13.912053824684032,0.1848642606845181,0.9999999999999922,1.8622665079035687e-05,1.0,0.0,1.0,1.0,1.0,1.0,0.0,0.0,0.015800748679032982,0.015800748679032982,0.060193328301078035,0.060193328301078035
BedSet_01_10.obj,BedSet_01,OB,OB,,0.877002599634388,0.12223201469645131,8.130253135654076,160.6998998299742,36.145966065195154,0.026097736390374434,2.851359874634314,12.676746413016954,0.1710759743365171,0.9999999999999898,2.4193980122396845e-05,1.0,0.0,1.0,1.0,0.9999999999999997,0.9999999999999999,3.3306690738754696e-16,1.1102230246251565e-16,0.03208590385781848,0.03208590385781848,0.12223201469645127,0.12223201469645126
BedSet_01_11.obj,BedSet_01,OB,OB,,0.4884101761650428,0.5115228775641181,1.9546909524191671,7641.7971818593205,122.2184592302893,0.006654824365872354,1.398102625823984,87.4173733531507,0.3812367680249848,0.9999999999999966,1.4677569696049792e-05,1.0,0.0,1.0,1.0,1.0,1.0,0.0,0.0,0.13427475536058098,0.13427475536058098,0.5115228775641181,0.5115228775641181
BedSet_01_12.obj,BedSet_01,OB,OB,,0.4006090318535098,0.5990328052994737,1.668360140781161,1673.515198851903,52.83962573720196,0.014962850102835457,1.2916501618836336,40.90862006997145,0.2241228833956581,0.9999999999999936,1.3755942839171035e-05,1.0,0.0,1.0,1.0,1.0,1.0,0.0,0.0,0.1572461113911118,0.1572461113911118,0.5990328052994737,0.5990328052994737
BedSet_01_13.obj,BedSet_01,OB,OB,,0.9607177169750823,0.039083900905651954,25.456768878873763,198.01322402519202,70.99842863502793,0.013814750783128332,5.045470134066735,14.071717152455067,0.3132033580552946,0.9999999999999696,7.219981815775265e-05,1.0,0.0,1.0,1.0,1.0,1.0,0.0,0.0,0.010259523987733636,0.010259523987733636,0.039083900905651954,0.039083900905651954
BedSet_01_14.obj,BedSet_01,OB,OB,,0.407554953191975,0.5921008654697683,1.687920264314191,1721.3165879604974,53.902181265214004,0.014699904197405776,1.299199855382347,41.48875251215869,0.22847313765950691,0.9999999999999987,1.411458231012155e-05,1.0,0.0,1.0,1.0,0.9999999999999999,0.9999999999999999,1.1102230246251565e-16,1.1102230246251565e-16,0.1554264771858142,0.15542647718581418,0.5921008654697681,0.592100865469768
BedSet_01_15.obj,BedSet_01,OB,OB,,0.2518293820938477,0.7355154924647219,1.3365935203307457,59.119968534804244,8.889283814936341,0.08477641310051054,1.156111378717993,7.6889510625433015,0.241656837320236,0.9999999999998628,0.00032288003154158363,1.0,0.0,1.0,1.0,1.0,0.9999999999999999,0.0,1.1102230246251565e-16,0.1930728167719895,0.1930728167719895,0.7355154924647219,0.7355154924647218
BedSet_01_16.obj,BedSet_01,OB,OB,,0.3272308153839093,0.6562138174570679,1.4863938819765299,40.637527283417455,7.7719606182365695,0.09899490913761047,1.219177543104396,6.374757032896029,0.20728387265796172,0.9999999999998936,0.0002538460722782978,1.0,0.0,1.0,1.0,1.0,1.0,0.0,0.0,0.17225612708248028,0.17225612708248028,0.6562138174570679,0.6562138174570679
BedSet_01_17.obj,BedSet_01,OB,OB,,0.36429150259451937,0.6281653725505363,1.5730480307833488,84.27654448603128,11.513950325994552,0.06775223295977352,1.2542121153917807,9.180225723574475,0.2776658655144418,0.9999999999998518,0.0003553498480327661,1.0,0.0,1.0,1.0,1.0,1.0,0.0,0.0,0.16489341029451574,0.16489341029451574,0.6281653725505363,0.6281653725505363
BedSet_01_18.obj,BedSet_01,OB,OB,,0.9548873663254155,0.04510921245370221,22.166739526074057,13186.121336973682,540.6415940403921,0.0018092904009895105,4.7081567009402985,114.83084109414665,2.9351976434430163,0.9999999999995067,0.0011840809897335823,1.0,0.0,1.0,1.0,1.0,1.0,0.0,0.0,0.011841168269096829,0.011841168269096829,0.04510921245370221,0.04510921245370221
BedSet_01_19.obj,BedSet_01,OB,OB,,0.25182938209383254,0.7355154924647367,1.3365935203307187,59.11996853480332,8.889283814936253,0.08477641310051102,1.1561113787179818,7.6889510625433015,0.24165683732023624,0.9999999999998628,0.00032288003154158683,1.0,1.2819751242557092e-16,1.0,1.0,1.0,1.0,0.0,0.0,0.19307281677199334,0.19307281677199334,0.7355154924647367,0.7355154924647367
BedSet_01_20.obj,BedSet_01,OB,OB,,0.3272308153839218,0.6562138174570554,1.4863938819765574,40.63752728341686,7.771960618236642,0.09899490913760993,1.2191775431044076,6.374757032896029,0.2072838726579616,0.9999999999998933,0.0002538460722782954,1.0,0.0,1.0,1.0,1.0,1.0,0.0,0.0,0.17225612708247703,0.17225612708247703,0.6562138174570554,0.6562138174570554
BedSet_01_21.obj,BedSet_01,OB,OB,,0.36429150259450704,0.6281653725505484,1.5730480307833181,84.27654448603077,11.513950325994445,0.0677522329597739,1.2542121153917691,9.180225723574475,0.27766586551444195,0.9999999999998518,0.00035534984803276936,1.0,0.0,1.0,1.0,1.0,1.0,0.0,0.0,0.16489341029451893,0.16489341029451893,0.6281653725505484,0.6281653725505484
BedSet_01_22.obj,BedSet_01,OB,OB,,0.9548873663254155,0.04510921245370221,22.166739526074057,13186.121336973682,540.6415940403921,0.0018092904009895105,4.7081567009402985,114.83084109414665,2.9351976434430163,0.9999999999995067,0.0011840809897335823,1.0,0.0,1.0,1.0,1.0,1.0,0.0,0.0,0.011841168269096829,0.011841168269096829,0.04510921245370221,0.04510921245370221
BedSet_02_01.obj,BedSet_02,OB,OB,,0.9540635060639326,0.044169058223824165,21.769184243589873,25.99047513675352,49.30232552146485,0.019973861624642656,5.699476844717813,8.650324732826077,0.28884637600877666,0.96530522025656,0.0005616712123246854,0.7573935134844647,0.5397768527958121,1.2426064865155357,1.7074252211039767,0.8993797329153503,0.9673220469977901,0.10062026708464966,0.03267795300220988,0.01729368269528577,0.01729368269528577,0.03907569393712566,0.0384266320857858
BedSet_02_02.obj,BedSet_02,OB,OB,,0.954063436759812,0.04416912920624795,21.769151400598055,25.99053902825683,49.3023255149785,0.019973861627268767,5.6994768447115876,8.650324731697463,0.288846386185138,0.9653052202567505,0.0005616712122520174,0.757384458182501,0.5397929591662215,1.2426155418174991,1.7073954853193754,0.8993787376611279,0.9673217879763764,0.10062126233887214,0.03267821202362364,0.01729367861683305,0.01729367861683305,0.03907570834815356,0.038426641027200586
BedSet_02_03.obj,BedSet_02,OB,OB,,0.9540633891022399,0.0441691751867059,21.76912881589093,25.990541330162312,49.30232551503235,0.01997386162724761,5.699476844717813,8.650324731697463,0.28884638832803655,0.9653052202565598,0.0005616712122514039,0.7573962662073178,0.5397714743800519,1.242603733792682,1.7074145436349135,0.8993795383889366,0.9673219963710808,0.10062046161106342,0.03267800362891915,0.017293684751955567,0.01729368475195557,0.03907578795515309,0.03842672351986656
BedSet_02_04.obj,BedSet_02,OB,OB,,0.9540635537213118,0.04416901224355916,21.76920682832051,25.99047283489244,49.302325521411,0.01997386162466381,5.6994768447115876,8.650324732826077,0.28884637385032985,0.9653052202567507,0.0005616712123252989,0.7573816883920659,0.5397983694350368,1.2426183116079343,1.707406197926869,0.8993789322005972,0.9673218386065744,0.10062106779940283,0.03267816139342561,0.01729367675208363,0.01729367675208363,0.039075614331024806,0.03842654959408227
BedSet_02_05.obj,BedSet_02,M,M,,0.9978749557319752,0.002065323772526261,470.57843219865197,35.58316537977164,94.66452497576289,0.01055198201199927,21.846129044541758,4.333240215910498,0.43230451863116987,0.9976506436485714,0.0006150701642127966,0.9722222222222222,0.1842569327975221,1.0277777777777777,1.3611111111111107,1.0,1.0,0.0,0.0,0.0006246404997090789,0.0006246404997090789,0.002065323772526261,0.002065323772526261
BedSet_02_06.obj,BedSet_02,M,M,,0.9978750927144074,0.002065186790093781,470.6087681002089,35.58087165401882,94.66452497576289,0.010551982723040195,21.846833190008542,4.333100551208104,0.4323070991617996,0.9976506436485718,0.0006150899891834892,0.9722222222222223,0.1842569327975222,1.0277777777777777,1.3611111111111114,1.0,1.0,0.0,0.0,0.000624599070478363,0.000624599070478363,0.002065186790093781,0.002065186790093781
BedSet_02_07.obj,BedSet_02,M,M,,0.9978748187449572,0.0020654607595442655,470.54809919244667,35.585459182166765,94.66452497576289,0.010551981300934684,21.845424943587243,4.333379880786841,0.43230193826366686,0.9976506436485721,0.0006150503404953312,0.972222222222222,0.18425693279752214,1.0277777777777777,1.3611111111111107,1.0,1.0,0.0,0.0,0.00062468193032665,0.00062468193032665,0.0020654607595442655,0.0020654607595442655
BedSet_02_08.obj,BedSet_02,M,M,,0.9978749557319755,0.0020653237725259677,470.578432198721,35.58316537977734,94.66452497576289,0.010551982011999271,21.846129044543353,4.333240215910182,0.43230451863117564,0.9976506436485716,0.0006150701642128414,0.9722222222222222,0.18425693279752214,1.0277777777777777,1.3611111111111107,1.0,1.0,0.0,0.0,0.0006246404997089902,0.0006246404997089902,0.0020653237725259677,0.0020653237725259677
BedSet_02_09.obj,BedSet_02,M,M,,0.9978750927144074,0.002065186790093781,470.6087681002089,35.58087165401882,94.66452497576289,0.010551982723040195,21.846833190008542,4.333100551208104,0.43230709916179993,0.997650643648571,0.0006150899891834892,0.9722222222222223,0.1842569327975222,1.0277777777777777,1.3611111111111114,1.0,1.0,0.0,0.0,0.000624599070478363,0.000624599070478363,0.002065186790093781,0.002065186790093781
BedSet_02_10.obj,BedSet_02,M,M,,0.9978748187449745,0.0020654607595266255,470.54809919629304,35.58545918171615,94.66452497576289,0.010551981300934774,21.84542494367653,4.3333798807691295,0.43230193826399427,0.9976506436485715,0.0006150503404978449,0.9722222222222223,0.18425693279752223,1.0277777777777777,1.3611111111111114,0.9999999999999999,1.0,1.1102230246251565e-16,0.0,0.0006246819303213154,0.0006246819303213154,0.002065460759526625,0.002065460759526625
BedSet_02_11.obj,BedSet_02,M,M,,0.9978749557319755,0.0020653237725259677,470.578432198721,35.58316537977734,94.66452497576289,0.010551982011999271,21.846129044543353,4.333240215910182,0.43230451863117586,0.997650643648571,0.0006150701642128414,0.9722222222222222,0.18425693279752214,1.0277777777777777,1.3611111111111107,1.0,1.0,0.0,0.0,0.0006246404997089902,0.0006246404997089902,0.0020653237725259677,0.0020653237725259677
BedSet_02_12.obj,BedSet_02,M,M,,0.9978750927144419,0.0020651867900596966,470.60876810783435,35.58087165364844,94.66452497576289,0.010551982723040374,21.84683319018554,4.333100551172998,0.43230709916244825,0.9976506436485716,0.0006150899891884724,0.9722222222222223,0.18425693279752223,1.0277777777777777,1.3611111111111114,1.0,1.0,0.0,0.0,0.0006245990704680546,0.0006245990704680546,0.0020651867900596966,0.0020651867900596966
BedSet_02_13.obj,BedSet_02,M,M,,0.9978750927145777,0.0020651867899233274,470.6087681379252,35.58087165107439,94.66452497576289,0.01055198272304108,21.846833190883967,4.333100551034472,0.43230709916500815,0.9976506436485709,0.0006150899892081364,0.9722222222222223,0.18425693279752214,1.0277777777777777,1.3611111111111107,1.0,1.0,0.0,0.0,0.0006245990704268105,0.0006245990704268105,0.0020651867899233274,0.0020651867899233274
BedSet_02_14.obj,BedSet_02,M,M,,0.9979176025511274,0.002021313103602376,480.2157246885375,34.09052580643417,100.79417604998275,0.00990853884497235,20.160102232498044,4.9996857585977015,0.32407234290679515,0.966906196916511,0.00021119558620922332,0.9924631689908939,0.10058790488795868,1.174202833760644,1.174202833760644,0.9995725248467708,0.9946550598186921,0.0004274751532291621,0.005344940181307933,0.0005993591044798291,0.0005993591044798291,0.002015049452837988,0.002009649863202287
BedSet_02_15.obj,BedSet_02,OB,OB,,0.9710671339130847,0.028439998075231693,34.56277013814096,58.70307141206381,78.00366635555899,0.012730630213486265,8.478582163121997,9.200083792757543,0.2942272312937028,0.999999999999969,0.00022252762009863325,0.9876543209876544,0.12590171638500708,1.2123456790123455,1.234567901234568,0.9999998374926243,0.9999999759308772,1.6250737566725348e-07,2.406912280594753e-08,0.008625512104865443,0.008625512104865443,0.028439993111259394,0.028439992768996544
BedSet_02_16.obj,BedSet_02,M,M,,0.9978749557318048,0.002065323772696535,470.5784321609401,35.583165382608115,94.66452497576289,0.010551982011998385,21.846129043666387,4.33324021608413,0.4323045186279619,0.9976506436485714,0.0006150701641881508,0.9722222222222223,0.18425693279752223,1.0277777777777777,1.3611111111111114,0.9999999999999999,1.0,1.1102230246251565e-16,0.0,0.0006246404997605774,0.0006246404997605774,0.0020653237726965348,0.0020653237726965348
BedSet_02_17.obj,BedSet_02,M,M,,0.999327773828833,0.0004227290333468596,1487.5945669652106,2.6943241792861556,65.99853346217503,0.015143163428248035,33.000418994662425,1.9999301658612478,0.263150858723529,0.9965298275445972,0.00023893819753339492,0.9722222222222222,0.18425693279752223,1.0277777777777777,1.3611111111111114,0.9965295525758152,0.9968707634382931,0.003470447424184786,0.0031292365617069384,0.00012876129940246386,0.0001287612994024639,0.00042060286027568127,0.0004199437460894097
BedSet_02_18.obj,BedSet_02,M,M,,0.9978749557319238,0.002065323772577447,470.57843218724935,35.583165380451405,94.66452497576289,0.010551982011999,21.846129044277074,4.333240215962999,0.4323045186301997,0.9976506436485717,0.0006150701642053444,0.972222222222222,0.1842569327975221,1.0277777777777777,1.3611111111111107,0.9999999999999999,1.0,1.1102230246251565e-16,0.0,0.0006246404997245598,0.0006246404997245598,0.0020653237725774464,0.0020653237725774464
BedSet_02_19.obj,BedSet_02,M,M,,0.998404344040792,0.0015149804639269966,626.7015105789716,19.77869430592349,100.79417605024537,0.009912918687287888,25.19986381616975,3.999790504927626,0.32922007223172534,0.9918655757514957,0.00019799378805344643,0.9999999924381735,8.209678726135472e-05,1.0001227866645908,1.0001291955394798,1.0,1.0,0.0,0.0,0.0003977199755606484,0.0003977199755606484,0.0015149804639269966,0.0015149804639269966
BedSet_02_20.obj,BedSet_02,OB,OB,,0.7499999999769813,0.08999664793382736,3.999999999522863,1.5624672654136056,2.4999738107631804,0.33686389659841026,1.9999999989462982,1.2499869053881183,0.28689423693431765,0.9999999999991127,0.002128973804634112,1.0,0.0,1.0,1.0,0.9999999999999999,1.0,1.1102230246251565e-16,0.0,0.023624120082629683,0.023624120082629683,0.08999664793382735,0.08999664793382735
BedSet_02_21.obj,BedSet_02,M,M,,0.9978748187451276,0.00206546075937368,470.548099230224,35.58545917932893,94.66452497576289,0.010551981300935568,21.845424944464153,4.333379880612892,0.4323019382668808,0.9976506436485715,0.0006150503405200202,0.9722222222222223,0.18425693279752223,1.0277777777777777,1.3611111111111114,1.0,1.0,0.0,0.0,0.0006246819302750581,0.0006246819302750581,0.00206546075937368,0.00206546075937368
BedSet_02_22.obj,BedSet_02,M,M,,0.9978750927144586,0.0020651867900425827,470.60876811154395,35.58087165315122,94.66452497576289,0.01055198272304046,21.84683319027165,4.33310055115592,0.43230709916276394,0.9976506436485715,0.0006150899891908968,0.9722222222222223,0.18425693279752223,1.0277777777777777,1.3611111111111114,0.9999999999999999,1.0,1.1102230246251565e-16,0.0,0.0006245990704628787,0.0006245990704628787,0.0020651867900425822,0.0020651867900425822
BedSet_02_23.obj,BedSet_02,M,M,,0.9978749557319752,0.002065323772526261,470.57843219865197,35.58316537977164,94.66452497576289,0.01055198201199927,21.846129044541758,4.333240215910498,0.43230451863116964,0.9976506436485719,0.0006150701642127966,0.9722222222222222,0.1842569327975221,1.0277777777777777,1.3611111111111107,1.0,1.0,0.0,0.0,0.0006246404997090789,0.0006246404997090789,0.002065323772526261,0.002065323772526261
BedSet_02_24.obj,BedSet_02,OB,OB,,0.3617284672270194,0.6315132386904657,1.5667313183394156,94.44269884973792,11.605181018156193,0.0671342243273123,1.2499905160733413,9.284215255027013,0.035817657598653296,0.999400116050089,3.7723845177802186e-05,0.9999999982272993,5.037172479976957e-05,1.0000678272567245,1.0000768100606976,0.9999644303034365,0.9950770932072521,3.556969656348663e-05,0.004922906792747872,0.16672192845746653,0.1667219284574665,0.6299363908409334,0.6283820057256773
BedSet_02_25.obj,BedSet_02,M,M,,0.9993033261211353,0.0002507932551705415,1435.3918387603537,1.562467265364777,45.49981665681825,0.021964521244484378,36.40023462433408,1.2499869053774442,0.23759747149673802,0.9999999999999512,0.00012672381433381658,1.0,8.709305949236425e-17,1.0,1.0,1.0,1.0,0.0,0.0,6.583322948226714e-05,6.583322948226714e-05,0.0002507932551705415,0.0002507932551705415
BedSet_02_26.obj,BedSet_02,M,M,,0.9993033261211353,0.000250793255228739,1435.391838760354,1.5624672655687146,45.49981665978763,0.021964521243051635,36.40023462433408,1.24998690545902,0.23759747150524843,0.9999999999999512,0.00012672381434208676,1.0,8.709305949236425e-17,1.0,1.0,1.0,1.0,0.0,0.0,6.583322949754398e-05,6.583322949754398e-05,0.000250793255228739,0.000250793255228739
BedSet_02_27.obj,BedSet_02,M,M,,0.9988434603445213,0.00046260132414558216,864.6482593680936,1.6666317497276384,36.99979047477495,0.027001920756015395,29.60014244653156,1.2499869053775554,0.2417803981198807,0.9999999999999396,0.00019179851874852005,0.9375,0.33071891388307384,1.512500000000001,1.5625,0.9999999999999934,0.9999999999999998,6.5503158452884236e-15,2.220446049250313e-16,0.00016608851899688299,0.00016608851899688299,0.00046260132414557907,0.000462601324145579
BedSet_02_28.obj,BedSet_02,M,M,,0.9988434603445212,0.0004626013241456481,864.648259368044,1.666631749727733,36.99979047477495,0.027001920756015395,29.60014244653156,1.2499869053775554,0.2417803981198807,0.9999999999999396,0.00019179851874852005,0.9375,0.33071891388307384,1.512500000000001,1.5625,0.9999999999999991,0.9999999999999999,8.881784197001252e-16,1.1102230246251565e-16,0.00016608851899690575,0.00016608851899690573,0.00046260132414564764,0.0004626013241456476
BedSet_02_29.obj,BedSet_02,OB,OB,,0.9838297993561204,0.015993002914534586,61.84215162336451,91.25512331719966,53.00272351327552,0.018536653721661918,5.300050279347689,10.000418997152428,0.5792879845874277,0.9929696953663386,0.0030128279965280324,0.8169014057510758,0.4568572879212424,1.183098594248924,1.1831610946937872,0.9999999999999999,1.0,1.1102230246251565e-16,0.0,0.004888798915611283,0.004888798915611283,0.015993002914534583,0.015993002914534583
BedSet_02_30.obj,BedSet_02,OB,OB,,0.9838297993561204,0.015993002914534715,61.84215162336451,91.25512331726635,53.002723513300666,0.018536653721653126,5.300050279347689,10.000418997157173,0.5792879845876773,0.9929696953663352,0.0030128279965294614,0.8169014057511419,0.4568572879211181,1.1830985942488579,1.1831610946937787,1.0,1.0,0.0,0.0,0.004888798915611193,0.004888798915611193,0.015993002914534715,0.015993002914534715
BedSet_02_31.obj,BedSet_02,M,M,,0.996930616104376,0.003016304794382527,325.79828200226166,57.82659885956306,93.61521441668462,0.010630206390088737,10.175071191411858,9.2004480980104,0.5792013685965255,0.9923493133321479,0.002925320698478711,0.8226972454790884,0.4238075415402448,1.1773027545209118,1.2041825859041773,0.9999999999999999,1.0,1.1102230246251565e-16,0.0,0.0009186685500749274,0.0009186685500749274,0.0030163047943825264,0.0030163047943825264
BedSet_02_32.obj,BedSet_02,OB,OB,,0.7579421786568262,0.24204879775209487,4.131244321917427,26824.998964096918,312.03070277035556,0.0027888375036511626,1.7662439834326653,176.6634200494624,1.754126566424712,0.9999999999998807,0.00042909334097414797,0.972222222222222,0.20030840419244386,1.1944444444444446,1.3611111111111114,0.9999999999999998,1.0,2.220446049250313e-16,0.0,0.07636956567752852,0.07636956567752852,0.2420487977520948,0.2420487977520948
BedSet_02_33.obj,BedSet_02,OB,OB,,0.9838297993561204,0.015993002914534767,61.84215162336451,91.25512331729314,53.00272351332581,0.018536653721644335,5.300050279347689,10.000418997161917,0.5792879845879213,0.9929696953663455,0.003012827996530891,0.8169014057512594,0.4568572879209257,1.1830985942487404,1.1831610946935551,1.0,1.0,0.0,0.0,0.0048887989156107875,0.0048887989156107875,0.015993002914534767,0.015993002914534767
BedSet_02_34.obj,BedSet_02,OB,OB,,0.9838297993561204,0.015993002914534715,61.84215162336451,91.25512331726635,53.002723513300666,0.018536653721653126,5.300050279347689,10.000418997157173,0.5792879845876773,0.9929696953663352,0.0030128279965294614,0.8169014057511413,0.4568572879211196,1.1830985942488588,1.1831610946938311,1.0,1.0,0.0,0.0,0.004888798915611253,0.004888798915611253,0.015993002914534715,0.015993002914534715
BedSet_02_35.obj,BedSet_02,M,M,,0.996930616104376,0.0030163047943824912,325.7982820022655,57.82659885956303,93.6152144166851,0.010630206390088683,10.17507119141191,9.2004480980104,0.5792013685965254,0.992349313332148,0.002925320698478696,0.8226972454790883,0.42380754154024486,1.1773027545209118,1.2041825859041775,1.0,1.0,0.0,0.0,0.0009186685500749164,0.0009186685500749164,0.0030163047943824912,0.0030163047943824912
BedSet_02_36.obj,BedSet_02,OB,OB,,0.7579421786568286,0.24204879775209248,4.131244321917467,26824.99896399134,312.03070277035715,0.0027888375036511513,1.7662439834326742,176.6634200494624,1.7541265664247114,0.9999999999998809,0.00042909334097414586,0.972222222222222,0.2003084041924439,1.1944444444444446,1.3611111111111114,0.9999999999999998,1.0,2.220446049250313e-16,0.0,0.07636956567752777,0.07636956567752777,0.24204879775209243,0.24204879775209243
BedSet_02_37.obj,BedSet_02,OB,OB,,0.9838297993561204,0.015993002914534586,61.84215162336451,91.25512331719966,53.00272351327552,0.018536653721661918,5.300050279347689,10.000418997152428,0.5792879845874277,0.9929696953663386,0.0030128279965280324,0.8169014057510758,0.4568572879212424,1.183098594248924,1.1831610946937872,1.0,1.0,0.0,0.0,0.004888798915611282,0.004888798915611282,0.015993002914534586,0.015993002914534586
BedSet_02_38.obj,BedSet_02,OB,OB,,0.9838297993561204,0.015993002914534715,61.84215162336451,91.25512331726635,53.002723513300666,0.018536653721653126,5.300050279347689,10.000418997157173,0.5792879845876773,0.9929696953663352,0.0030128279965294614,0.8169014057511419,0.4568572879211181,1.1830985942488579,1.1831610946937787,1.0,1.0,0.0,0.0,0.004888798915611193,0.004888798915611193,0.015993002914534715,0.015993002914534715
BedSet_02_39.obj,BedSet_02,M,M,,0.996930616104376,0.0030163047943825272,325.7982820022616,57.82659885956304,93.61521441668462,0.010630206390088737,10.175071191411858,9.2004480980104,0.5792013685965255,0.9923493133321479,0.002925320698478711,0.8226972454790883,0.42380754154024486,1.1773027545209118,1.2041825859041775,1.0,1.0,0.0,0.0,0.0009186685500749273,0.0009186685500749273,0.0030163047943825272,0.0030163047943825272
BedSet_02_40.obj,BedSet_02,OB,OB,,0.7579421786568261,0.242048797752095,4.131244321917425,26824.99896402817,312.03070277035556,0.0027888375036511626,1.7662439834326653,176.6634200494624,1.754126566424712,0.9999999999998807,0.00042909334097414797,0.972222222222222,0.2003084041924439,1.1944444444444446,1.3611111111111114,1.0,1.0,0.0,0.0,0.07636956567752855,0.07636956567752855,0.242048797752095,0.242048797752095
BedSet_02_41.obj,BedSet_02,OB,OB,,0.9838297993561204,0.015993002914534767,61.84215162336451,91.25512331729314,53.00272351332581,0.018536653721644335,5.300050279347689,10.000418997161917,0.5792879845879213,0.9929696953663455,0.003012827996530891,0.8169014057512594,0.4568572879209257,1.1830985942487404,1.1831610946935551,1.0,1.0,0.0,0.0,0.0048887989156107875,0.0048887989156107875,0.015993002914534767,0.015993002914534767
BedSet_02_42.obj,BedSet_02,OB,OB,,0.9838297993561204,0.015993002914534715,61.84215162336451,91.25512331726635,53.002723513300666,0.018536653721653126,5.300050279347689,10.000418997157173,0.5792879845876773,0.9929696953663352,0.0030128279965294614,0.8169014057511413,0.45685728792111957,1.1830985942488588,1.1831610946938307,1.0,1.0,0.0,0.0,0.004888798915611253,0.004888798915611253,0.015993002914534715,0.015993002914534715
BedSet_02_43.obj,BedSet_02,M,M,,0.996930616104376,0.0030163047943824947,325.7982820022651,57.8265988595631,93.6152144166851,0.010630206390088683,10.17507119141191,9.2004480980104,0.5792013685965254,0.992349313332148,0.002925320698478696,0.8226972454790883,0.42380754154024486,1.1773027545209118,1.2041825859041775,1.0,1.0,0.0,0.0,0.0009186685500749175,0.0009186685500749175,0.0030163047943824947,0.0030163047943824947
BedSet_02_44.obj,BedSet_02,OB,OB,,0.7579421786568283,0.24204879775209281,4.131244321917463,26824.99896411475,312.03070277035715,0.0027888375036511513,1.7662439834326742,176.6634200494624,1.7541265664247114,0.9999999999998809,0.00042909334097414586,0.972222222222222,0.20030840419244386,1.1944444444444446,1.3611111111111114,1.0,1.0,0.0,0.0,0.07636956567752785,0.07636956567752785,0.24204879775209281,0.24204879775209281
BedSet_02_45.obj,BedSet_02,M,M,,0.9822786266252995,0.01756513769569464,56.429035089769826,113.42718569371405,80.00366634937912,0.012389173329746175,7.511926189486241,10.650219973081802,0.2885753928149954,0.9999999999999725,6.24742425600746e-05,1.0,0.0,1.0,1.0,0.9999999999999986,0.9999999999999999,1.4432899320127035e-15,1.1102230246251565e-16,0.0046108486451198515,0.0046108486451198515,0.017565137695694615,0.01756513769569461
BedSet_02_46.obj,BedSet_02,M,M,,0.9970169204259258,0.002955004456693091,335.22404453800044,106.25350318044258,188.72924787420123,0.0052906363071132875,18.30912461969132,10.307933980171846,0.7186632127332601,0.9999999999998217,0.0004273403910960859,1.0,0.0,1.0,1.0,1.0,1.0,0.0,0.0,0.0007756886698819362,0.0007756886698819362,0.002955004456693091,0.002955004456693091
BedSet_02_47.obj,BedSet_02,M,M,,0.9979668792389959,0.0019327290840323763,491.8546990322594,20.251885636969714,99.80473483727002,0.010008893345772764,22.177797428142195,4.500209506003586,0.32139690516852054,0.9999999999999506,0.00011851834805930472,1.0,0.0,1.0,1.0,1.0,1.0,0.0,0.0,0.0005073413845584987,0.0005073413845584987,0.0019327290840323763,0.0019327290840323763
BedSet_02_48.obj,BedSet_02,M,M,,0.9812661271169238,0.018633876811067353,53.37924551112304,187.34608776748374,100.00196394357262,0.00990694571320249,7.30611014827392,13.687442688677294,0.35310213872763735,0.9999999999999689,7.595118291341539e-05,1.0,0.0,1.0,1.0,0.9999999999999989,0.9999999999999999,1.1102230246251565e-15,1.1102230246251565e-16,0.004891392662905188,0.004891392662905188,0.018633876811067332,0.01863387681106733
BedSet_02_49.obj,BedSet_02,M,M,,0.997449269021752,0.0024854343171657974,392.04448000503214,39.063727546049186,123.75265136397888,0.008070086049067678,19.800113126222236,6.250098196045704,0.3808201619009136,0.9999999999999435,0.00013440766377538979,1.0,0.0,1.0,1.0,1.0,1.0,0.0,0.0,0.0006524265082560217,0.0006524265082560217,0.0024854343171657974,0.0024854343171657974
BedSet_02_50.obj,BedSet_02,M,M,,0.995191250985599,0.0047592226791379685,207.95429268716384,97.09478782799002,142.09601639969924,0.007020461940887323,14.420620395213227,9.853668737388736,0.5786247192479141,0.9999999999998684,0.0003047184555017559,1.0,0.0,1.0,1.0,1.0,1.0,0.0,0.0,0.0012492959532737166,0.0012492959532737166,0.0047592226791379685,0.0047592226791379685
BedSet_02_51.obj,BedSet_02,M,M,,0.9974492690218851,0.0024854343170326856,392.04448002549145,39.06372754401085,123.75265136397888,0.008070086049068214,19.80011312673888,6.25009819588262,0.38082016190227463,0.9999999999999436,0.00013440766377889688,1.0,0.0,1.0,1.0,1.0,1.0,0.0,0.0,0.0006524265082210798,0.0006524265082210798,0.0024854343170326856,0.0024854343170326856
BedSet_03_01.obj,BedSet_03,OB,OB,,0.4047322329380033,0.5849988659371792,1.6799162584184901,57.96801038655402,9.241574981640369,0.08542013400620169,1.2986269190300617,7.116420309824501,0.018188529100777336,0.9999999999999997,6.142135740349444e-07,0.8395061728395062,0.29834681416282893,1.1604938271604939,1.1604938271604939,0.9999999183156278,0.9999999496329953,8.168437215516633e-08,5.036700467808686e-08,0.1704768781879808,0.1704768781879808,0.584998803419595,0.584998788687276
BedSet_03_02.obj,BedSet_03,M,M,,0.9957701033525154,0.003056583801047671,236.41239570092287,3.6050884974687225,30.462135366371946,0.032746355962506704,16.02732660561819,1.9006373362168627,0.3356097119043429,0.9999999999996647,0.001273850235938165,0.9265927977839337,0.3201813468542912,1.3997229916897516,1.5470914127423825,0.9591047138689355,0.9965028702552253,0.04089528613106452,0.003497129744774674,0.0011100380908490755,0.0011100380908490755,0.002926457867236439,0.002921331802552628
BedSet_03_03.obj,BedSet_03,M,M,,0.9961265751904718,0.0027016204188963166,258.16946221319535,3.305521672074482,30.462135366371946,0.032751707393966295,16.749324764547353,1.8187082627926126,0.3409311807324447,0.9999999999996505,0.0013312345738480768,0.9265927977839337,0.32018134685429117,1.3997229916897516,1.5470914127423825,0.9604371776898541,0.9967486754316487,0.03956282231014585,0.0032513245683513103,0.0009796693744479658,0.0009796693744479658,0.002590518524739249,0.002586300359164439
BedSet_03_04.obj,BedSet_03,M,M,,0.9987027583103022,0.0006965570013722564,770.8663758967691,2.1596050548592403,47.766265541631405,0.02091451427136314,25.4149377440072,1.8794563257014414,0.3831189977443268,0.9999999999997923,0.0015051240330284375,0.566358024691358,0.39485671763986163,1.37253086419753,1.433641975308642,0.8581706976963487,0.9916586033018661,0.14182930230365132,0.00834139669813394,0.000245538846687739,0.000245538846687739,0.0005952717111556633,0.0005927786144584209
BedSet_03_05.obj,BedSet_03,M,M,,0.9993010915648586,0.000583111004792758,1430.8025911827558,6.035612646165967,92.92884479939926,0.010756071170796062,35.66264886506975,2.6057751652163166,0.4075399415265649,0.9999999999997949,0.0002476367516481471,0.4444444444444445,0.3142696805273545,0.888888888888889,0.888888888888889,0.9999999999999971,1.0,2.886579864025407e-15,0.0,0.00012034681430022854,0.00012034681430022854,0.0005831110047927562,0.0005831110047927562
BedSet_03_06.obj,BedSet_03,M,M,,0.9936483186115173,0.0009726011971044647,157.43862747930956,1.1808118025940357,12.854930379089396,0.07731317824917049,12.547455004696149,1.0245049969929352,0.6407651044626874,0.9999999999922381,0.009316940397869759,0.4444444444444445,0.3142696805273545,0.888888888888889,0.888888888888889,1.0,1.0,0.0,0.0,0.0002007327158877934,0.0002007327158877934,0.0009726011971044647,0.0009726011971044647
BedSet_03_07.obj,BedSet_03,M,M,,0.9936483186115173,0.0009726011964036366,157.43862747930942,1.1808118024401901,12.854930378251977,0.07731317825417684,12.547455004696149,1.024504996926195,0.6407651044485516,0.9999999999922327,0.009316940397262817,0.4444444444444445,0.3142696805273545,0.888888888888889,0.888888888888889,1.0,1.0,0.0,0.0,0.00020073271574315126,0.00020073271574315126,0.0009726011964036366,0.0009726011964036366
BedSet_03_08.obj,BedSet_03,M,M,,0.9936483186115173,0.0009726011961700279,157.43862747930953,1.1808118023889087,12.854930377972838,0.07731317825584563,12.547455004696149,1.0245049969039484,0.6407651044438331,0.9999999999922409,0.009316940397060505,0.4444444444444445,0.3142696805273545,0.888888888888889,0.888888888888889,1.0,1.0,0.0,0.0,0.00020073271569493736,0.00020073271569493736,0.0009726011961700279,0.0009726011961700279
BedSet_03_09.obj,BedSet_03,M,M,,0.9936483186115173,0.0009726011971044642,157.43862747930947,1.1808118025940355,12.854930379089396,0.07731317824917049,12.547455004696149,1.0245049969929352,0.6407651044626874,0.9999999999922381,0.009316940397869759,0.4444444444444445,0.3142696805273545,0.888888888888889,0.888888888888889,1.0,1.0,0.0,0.0,0.0002007327158877933,0.0002007327158877933,0.0009726011971044642,0.0009726011971044642
BedSet_03_10.obj,BedSet_03,OB,OB,,0.9252163438733865,0.07465733150997957,13.371905731738993,591.9959079959555,67.80185142752599,0.013871705608413356,2.7708636444189962,24.469573434490165,0.17922776053447087,0.9133244486600823,9.3587190648997e-05,0.9907004940081545,0.11927436957870349,1.147199659155951,1.172702572569441,0.9918882147974298,0.9966700981262798,0.008111785202570165,0.0033299018737201758,0.022250017709465542,0.022250017709465542,0.0739284347802743,0.07380514228757505
BedSet_03_11.obj,BedSet_03,OB,CA,x,0.47509782888403623,0.5249021710965278,1.9051169056395398,27006709840.643917,109160.77983997665,7.31030959777435e-06,1.3241367002351632,82439.20723485854,914.3982369621698,0.1650716925482697,0.0019383909010158408,3.3071747786791324e-11,2.911203912256367e-11,6.463503031935821e-11,7.381553359602656e-11,0.6478072581244086,0.6486398878014092,0.35219274187559135,0.35136011219859076,0.12003226292670661,0.12003226292670661,0.2802979917269198,0.22056054721224877
BedSet_03_12.obj,BedSet_03,M,M,,0.998773999743665,0.0006317185648993192,815.6605146143884,2.062995164688681,47.766265541631405,0.020915877367073482,26.55982851163156,1.7984402831498625,0.3437423257453898,0.9999999999997821,0.0016384653965534795,0.7232,0.6149442034309562,1.4368,1.7007999999999976,0.8605046769020703,0.991997359755813,0.13949532309792967,0.008002640244186954,0.0002610613438292224,0.0002610613438292224,0.0005414216748492827,0.0005392465701168372
BedSet_03_13.obj,BedSet_03,OB,OB,,0.9141770495777095,0.08567075054425675,11.651894919473373,563.8831747482571,77.89376121974607,0.01154109035852496,2.0532143951816417,37.937470826037476,0.3142664614944777,0.7947150670272054,0.00017627063047797795,0.25504341942860254,0.6073173727295843,1.631449789875569,1.858463371267226,0.9995752960796145,0.9997869805476836,0.0004247039203855163,0.00021301945231644304,0.028176215663976715,0.028176215663976715,0.08562524494778283,0.08561612405492741
BedSet_03_14.obj,BedSet_03,M,M,,0.9938926140490791,0.00028866939866001925,163.73617256623334,1.049610491359317,12.854930379088128,0.07731317824917806,12.547455004696149,1.0245049969928341,0.891583577379784,0.9999999999922448,0.01941029249556008,0.9984000000000002,0.047893214550706435,1.0815999999999997,1.0816000000000001,1.0,1.0,0.0,0.0,8.022661138278141e-05,8.022661138278141e-05,0.00028866939866001925,0.00028866939866001925
BedSet_03_15.obj,BedSet_03,M,M,,0.9938926140490791,0.00028889753553985084,163.73617256623345,1.049651645495141,12.855182390843666,0.07731167166829869,12.547455004696149,1.0245250816837066,0.8915920875783896,0.9999999999922353,0.019410673020522382,0.9984000000000002,0.047893214550706435,1.0815999999999997,1.0816000000000001,1.0,1.0,0.0,0.0,8.029001487787057e-05,8.029001487787057e-05,0.00028889753553985084,0.00028889753553985084
BedSet_03_16.obj,BedSet_03,M,M,,0.9938926140490791,0.00028866939866001713,163.7361725662334,1.0496104913593165,12.854930379088128,0.07731317824917806,12.547455004696149,1.0245049969928341,0.891583577379784,0.9999999999922448,0.01941029249556008,0.9984000000000002,0.047893214550706435,1.0815999999999997,1.0816000000000001,1.0,1.0,0.0,0.0,8.022661138278083e-05,8.022661138278083e-05,0.00028866939866001713,0.00028866939866001713
BedSet_03_17.obj,BedSet_03,M,M,,0.9938926140490791,0.000288669396133,163.7361725662333,1.04961049090348,12.854930376296732,0.07731317826586595,12.547455004696149,1.024504996770367,0.8915835772855284,0.9999999999922369,0.019410292491345217,0.9984000000000002,0.0478932145507065,1.0816000000000001,1.0816000000000001,1.0,1.0,0.0,0.0,8.022661068047564e-05,8.022661068047564e-05,0.000288669396133,0.000288669396133
BedSet_03_18.obj,BedSet_03,M,M,,0.9938926140490791,0.00028866939866116357,163.73617256623334,1.0496104913595234,12.854930379089396,0.07731317824917049,12.547455004696149,1.0245049969929352,0.8915835773798324,0.9999999999922381,0.019410292495561997,0.9984000000000002,0.0478932145507065,1.0816000000000001,1.0816000000000001,1.0,1.0,0.0,0.0,8.022661138309946e-05,8.022661138309946e-05,0.00028866939866116357,0.00028866939866116357
BedSet_03_19.obj,BedSet_03,M,M,,0.9938926140490791,0.0002886693979019128,163.7361725662334,1.0496104912225659,12.854930378250709,0.07731317825418443,12.547455004696149,1.024504996926094,0.8915835773515098,0.9999999999922393,0.01941029249429562,0.9984000000000002,0.047893214550706435,1.0815999999999997,1.0816000000000001,1.0,1.0,0.0,0.0,8.022661117208949e-05,8.022661117208949e-05,0.0002886693979019128,0.0002886693979019128
BedSet_03_20.obj,BedSet_03,M,M,,0.9938926140490791,0.00029095057629422414,163.73617256623334,1.0500221434835648,12.857450952525241,0.07729811234987721,12.547455004696149,1.024705880234163,0.8916686947604573,0.9999999999922344,0.01941409843354138,0.9984000000000002,0.04789321455070651,1.0816000000000001,1.0816000000000001,1.0,1.0,0.0,0.0,8.08605932056001e-05,8.08605932056001e-05,0.00029095057629422414,0.00029095057629422414
BedSet_03_21.obj,BedSet_03,M,M,,0.9938926140490791,0.00028866939764920563,163.73617256623336,1.0496104911769812,12.854930377971568,0.07731317825585321,12.547455004696149,1.0245049969038473,0.8915835773420764,0.9999999999922476,0.019410292493874135,0.9984000000000002,0.0478932145507065,1.0816000000000001,1.0816000000000001,1.0,1.0,0.0,0.0,8.022661110185747e-05,8.022661110185747e-05,0.00028866939764920563,0.00028866939764920563
BedSet_03_22.obj,BedSet_03,M,M,,0.9938926140490791,0.0002886693979030551,163.7361725662334,1.0496104912227717,12.854930378251977,0.07731317825417684,12.547455004696149,1.024504996926195,0.8915835773515588,0.9999999999922327,0.019410292494297536,0.9984000000000002,0.04789321455070645,1.0815999999999997,1.0816000000000001,1.0,1.0,0.0,0.0,8.022661117240696e-05,8.022661117240696e-05,0.0002886693979030551,0.0002886693979030551
BedSet_03_23.obj,BedSet_03,M,M,,0.9938926140490791,0.0002886693961352936,163.7361725662334,1.0496104909038937,12.85493037629927,0.07731317826585078,12.547455004696149,1.0245049967705693,0.8915835772856128,0.9999999999922382,0.019410292491349047,0.9984000000000001,0.04789321455070644,1.0815999999999997,1.0816000000000001,1.0,1.0,0.0,0.0,8.022661068111306e-05,8.022661068111306e-05,0.0002886693961352936,0.0002886693961352936
BedSet_03_24.obj,BedSet_03,M,M,,0.9938926140490791,0.00028866939866001713,163.73617256623336,1.0496104913593165,12.854930379088128,0.07731317824917806,12.547455004696149,1.0245049969928341,0.891583577379784,0.9999999999922448,0.01941029249556008,0.9984000000000002,0.047893214550706435,1.0815999999999997,1.0816000000000001,1.0,1.0,0.0,0.0,8.022661138278083e-05,8.022661138278083e-05,0.00028866939866001713,0.00028866939866001713
BedSet_03_25.obj,BedSet_03,M,M,,0.9938926140490791,0.0002886693986611646,163.73617256623328,1.0496104913595237,12.854930379089396,0.07731317824917049,12.547455004696149,1.0245049969929352,0.8915835773798324,0.9999999999922381,0.019410292495561997,0.9984000000000002,0.04789321455070649,1.0816000000000001,1.0816000000000001,1.0,1.0,0.0,0.0,8.022661138309975e-05,8.022661138309975e-05,0.0002886693986611646,0.0002886693986611646
BedSet_03_26.obj,BedSet_03,M,M,,0.9885627411437953,0.01138023099487772,87.43353740371253,200.5556335093498,127.22586255787736,0.007811552268801054,8.9837564893742,14.16176659420425,0.3887646120906494,0.9999999999999675,8.449348760102144e-05,1.0,1.2316818592266835e-16,1.0,1.0,1.0,1.0,0.0,0.0,0.002987310636155401,0.002987310636155401,0.01138023099487772,0.01138023099487772
BedSet_03_27.obj,BedSet_03,M,M,,0.9871159537361517,0.012804208332208643,77.6153686133394,161.37750564350196,114.88341030604705,0.008651746163977885,9.07180707509586,12.66378455146027,0.3480410463770244,0.9934184372747548,6.617266791430403e-05,0.9451952914044865,0.205434280393181,1.2285329589413043,1.2285329589413048,0.9307222450640399,0.9846611087371998,0.06927775493596011,0.015338891262800192,0.0042843574887079065,0.0042843574887079065,0.011825763502822618,0.011734365480424325
BedSet_04_01.obj,BedSet_04,M,M,,0.9941058742143905,8.15717071087124e-05,169.66044437683385,1.01403371142259,10.872996940761508,0.09119940225606263,10.825389912880444,1.0043977190634021,0.15718540354887234,0.9783730610597432,0.0019523108659790403,0.9999997920692533,0.0004553898073452673,1.0007029787913695,1.0008263639243853,0.9985773308570945,0.9805118304375803,0.0014226691429054528,0.01948816956241972,2.1942076291468478e-05,2.1942076291468474e-05,8.066194672491963e-05,7.986823589176455e-05
BedSet_04_02.obj,BedSet_04,OB,OB,,0.6363647275314378,0.35163628845026357,2.750008251981037,30.305505192267223,7.824948601884411,0.1079817438754666,1.6130296630033334,4.851087851132867,0.02726168343717173,0.9780455663645458,1.0922905350185188e-05,0.9999997920676331,0.0004553915826412866,1.0007029806516516,1.0008263667781223,0.9840207226149004,0.9573336710051673,0.015979277385099633,0.04266632899483269,0.09882369421120614,0.09882369421120614,0.33863574865923374,0.3312541026600176
BedSet_04_03.obj,BedSet_04,M,M,,0.9861705708033522,0.013061630568375853,72.309564319706,18.01179200801017,29.164677221291885,0.03402050846515142,8.271922813434115,3.525743394131402,0.1568880399138008,0.9925124159472789,0.0007620623567955661,0.9999997920655216,0.0004553938935964537,1.000702984946529,1.0008263715502594,0.9997760364309318,0.9920484459552055,0.00022396356906817516,0.007951554044794529,0.0034627784138113044,0.0034627784138113044,0.01300678673874453,0.01295486823851315
BedSet_04_04.obj,BedSet_04,M,M,,0.9861705708033522,0.01306163056837594,72.30956431970573,18.011792008011046,29.164677221291885,0.03402050846515142,8.271922813434115,3.525743394131402,0.1568880399138007,0.9925124159472798,0.0007620623567955661,0.9999997920655218,0.0004553938935965903,1.0007029849544602,1.0008263715535404,0.9997760364309319,0.9920484459552057,0.00022396356906806414,0.007951554044794307,0.0034627784138215765,0.0034627784138215774,0.013006786738744619,0.012954868238513242
BedSet_04_05.obj,BedSet_04,M,M,,0.9861705708033522,0.013061630568375872,72.30956431970564,18.011792008009163,29.164677221291885,0.03402050846515142,8.271922813434115,3.525743394131402,0.15688803991380088,0.9925124159472802,0.0007620623567955661,0.9999997920655218,0.0004553938935961723,1.000702984954455,1.000826371553536,0.999776036430932,0.9920484459552057,0.00022396356906795312,0.007951554044794307,0.003462778413821549,0.003462778413821549,0.013006786738744553,0.012954868238513176
BedSet_04_06.obj,BedSet_04,M,M,,0.9861705708033522,0.013061630568376224,72.30956431970593,18.0117920080186,29.164677221291885,0.03402050846515142,8.271922813434115,3.525743394131402,0.15688803991380085,0.992512415947279,0.0007620623567955661,0.9999997920655216,0.00045539389359646533,1.0007029849465359,1.0008263715502659,0.999776036430932,0.9920484459552058,0.00022396356906795312,0.007951554044794196,0.003462778413811412,0.0034627784138114115,0.013006786738744905,0.012954868238513526
BedSet_04_07.obj,BedSet_04,M,M,,0.9861705708033522,0.013061630568375946,72.30956431970601,18.011792008012435,29.164677221291885,0.03402050846515142,8.271922813434148,3.5257433941313883,0.15688803991380113,0.9925124159472798,0.0007620623567955691,0.9999997920655218,0.00045539389359644164,1.0007029849465279,1.0008263715502586,0.9997760364309319,0.9920484459552064,0.00022396356906806414,0.00795155404479364,0.0034627784138113226,0.0034627784138113226,0.01300678673874463,0.012954868238513257
BedSet_04_08.obj,BedSet_04,M,M,,0.9861705708033522,0.013061630568376222,72.30956431970573,18.011792008017718,29.164677221291885,0.03402050846515142,8.271922813434083,3.5257433941314162,0.15688803991380046,0.9925124159472795,0.000762062356795563,0.9999997920655218,0.0004553938935969476,1.0007029849544558,1.0008263715535368,0.9997760364309316,0.9920484459552051,0.0002239635690683972,0.007951554044794862,0.003462778413821649,0.0034627784138216494,0.013006786738744894,0.01295486823851351
BedSet_04_09.obj,BedSet_04,M,M,,0.9861705708033521,0.013061630568376002,72.3095643197053,18.011792008010755,29.164677221291885,0.03402050846515142,8.271922813434083,3.5257433941314162,0.15688803991380051,0.9925124159472787,0.000762062356795563,0.9999997920655216,0.00045539389359737406,1.0007029849544629,1.000826371553543,0.9997760364309319,0.9920484459552058,0.00022396356906806414,0.007951554044794196,0.003462778413821598,0.003462778413821598,0.013006786738744681,0.012954868238513304
BedSet_04_10.obj,BedSet_04,M,M,,0.9861705707707182,0.01306163060101011,72.3095641490733,18.01179205051873,29.164677221291885,0.03402050846404707,8.271922794770754,3.5257434020862903,0.15688803973250132,0.9925124154937939,0.0007620623550761782,0.9999997920653159,0.00045539412022855993,1.0007029857151306,1.0008263723389896,0.9997760364134934,0.9920484459443307,0.00022396358650655923,0.007951554055669274,0.0034627784242679065,0.0034627784242679065,0.013006786770943886,0.01295486827051269
BedSet_04_11.obj,BedSet_04,M,M,,0.9854071595681516,0.014293760528315755,68.52675492959386,48.792447300610554,46.6057064268589,0.021291638134954903,8.139205439444236,5.7260756923541605,0.1436420793680696,0.9954199721439017,0.0002936312033111221,0.9999997920682832,0.0004553908689710281,1.0007029795161717,1.0008263654274767,0.999913703925034,0.9950407596251353,8.62960749660191e-05,0.004959240374864726,0.0037759091218238826,0.0037759091218238817,0.01425708699432549,0.014221646955765326
BedSet_04_12.obj,BedSet_04,M,M,,0.9854071595681516,0.014293760525585975,68.52675492959368,48.79244685526281,46.605706056111835,0.0212916383042525,8.139205439444236,5.726075646803391,0.1436420783328987,0.9954199718643996,0.0002936312009752942,0.9999997920659988,0.00045539337139595756,1.000702983878074,1.0008263701827838,0.9999137039250338,0.995040759625135,8.629607496624114e-05,0.004959240374864948,0.0037759091333509093,0.0037759091333509093,0.014257086991602712,0.01422164695304931
BedSet_04_13.obj,BedSet_04,OB,OB,,0.9635429901374803,0.03432911790888477,27.429567146911022,17.132923407987807,29.057838855274497,0.033933567901015774,6.047910077445358,4.804608282789288,0.14566216434018037,0.9365679675428349,0.0023050258958627447,0.9999993344845209,0.0009229373716168035,1.001243564047813,1.0012552929634144,0.9957646627759084,0.9586593855754661,0.00423533722409164,0.04134061442453385,0.009496812253563235,0.009496812253563233,0.033477134471830435,0.032770546425725834
BedSet_04_14.obj,BedSet_04,M,M,,0.9941058742143465,8.157170711773642e-05,169.66044437556832,1.014033711424058,10.872996940761508,0.09119940225606266,10.82538991288059,1.0043977190633888,0.15718540354887356,0.9783730610597463,0.0019523108659790665,0.9999997920658379,0.0004553935473695353,1.0007029853105773,1.000826371051151,0.9985773308567305,0.9805118304367448,0.001422669143269495,0.019488169563255164,2.194207639850586e-05,2.194207639850586e-05,8.066194673377958e-05,7.986823590050296e-05
BedSet_04_15.obj,BedSet_04,M,M,,0.9941058742143838,8.15717077582056e-05,169.66044437664215,1.0140337115358817,10.872996940761508,0.09119940225606266,10.82538991288059,1.0043977190633888,0.15718540354742752,0.9783730610559476,0.0019523108659790665,0.9999997920645891,0.0004553949143419571,1.0007029874683695,1.000826373562835,0.9985773308670128,0.9805118304173722,0.0014226691329871644,0.01948816958262778,2.194207660737411e-05,2.1942076607374105e-05,8.066194736714725e-05,7.986823652684154e-05
BedSet_04_16.obj,BedSet_04,OB,OB,,0.964328959519961,0.034939960760130645,28.033945366954306,48.7922719075538,29.883031640079118,0.03284814490704902,5.218762985355662,5.72607564680371,0.14491937897341706,0.9951076418007847,0.0004579484975414926,0.9999997920688455,0.0004553902541827582,1.0007029792277067,1.0008263645997661,0.9998654128261268,0.9927027341585489,0.00013458717387315744,0.007297265841451073,0.009255007234130076,0.009255007234130076,0.034807792356067374,0.034680326422578046
BedSet_04_17.obj,BedSet_04,OB,OB,,0.9635429901374802,0.034329117908884876,27.429567146910973,17.132923407988176,29.057838855274692,0.03393356790101554,6.047910077445358,4.804608282789321,0.14566216434018106,0.9365679675428356,0.0023050258958627603,0.9999993344845212,0.0009229373716117444,1.0012435640478068,1.0012552929634086,0.9957646627759078,0.958659385575466,0.004235337224092195,0.04134061442453396,0.009496812253563226,0.009496812253563226,0.03347713447183052,0.03277054642572591
BedSet_04_18.obj,BedSet_04,M,M,,0.9941058742144279,8.157170774902956e-05,169.66044437790714,1.014033711534387,10.872996940761508,0.09119940225606263,10.825389912880444,1.0043977190634021,0.15718540354742583,0.9783730610559472,0.0019523108659790403,0.9999997920680046,0.0004553911743224414,1.0007029824787324,1.0008263671445052,0.9985773308673782,0.9805118304182088,0.00142266913262179,0.019488169581791226,2.1942076513074872e-05,2.1942076513074865e-05,8.066194735813712e-05,7.986823651795449e-05
BedSet_04_19.obj,BedSet_04,OB,OB,,0.9643289595199613,0.034939960765157076,28.033945366954594,48.79227224304189,29.88303187779529,0.03284814464602765,5.218762985355662,5.726075692354001,0.14491938003545757,0.9951076421910574,0.0004579485011844217,0.9999997920674244,0.00045539181128394804,1.0007029811268575,1.0008263671696567,0.9998654128261274,0.9927027341585505,0.00013458717387260233,0.007297265841449518,0.009255007251146197,0.009255007251146197,0.034807792361074834,0.0346803264275672
BedSet_04_20.obj,BedSet_04,M,M,,0.9903135052160361,0.007630758183436162,103.2363774754893,4.711268317707496,22.49856734374647,0.04419031655889505,10.161242045989544,2.2141539530516776,385.5934978046495,0.9995199637685759,1074818.5972035513,0.9983999999343861,0.04789321524337853,1.0815999996555279,1.0815999996555283,1.0,1.0,0.0,0.0,0.002120730060719358,0.002120730060719358,0.007630758183436162,0.007630758183436162
BedSet_04_21.obj,BedSet_04,OB,OB,,0.5241437559859127,0.4600766508782199,2.1014747958332634,30.156426921296273,7.5597392080505665,0.10798752162602125,1.4388669904282478,5.253952654013663,29.718487481495213,0.996580560149833,45187.76290452347,0.9999788419731787,0.004553165983943983,1.006705783673859,1.0077383560478377,0.9993001660893241,0.9777757973131657,0.0006998339106758511,0.022224202686834338,0.12459754572753752,0.12459754572753755,0.45464583310986745,0.44953699258330987
BedSet_04_22.obj,BedSet_04,OB,OB,,0.0046676977980307155,0.9606590236333271,1.0046893873657754,28.706027933187492,5.651441596149633,0.13098351461689128,1.12251318899207,5.034632581869636,21.05368547038507,0.9771041720193464,38068.9387270956,0.9246242927801057,0.22160221684938666,1.0966399945901144,1.0986542470185132,0.6307621424856161,0.5860387577022443,0.36923785751438387,0.41396124229775566,0.5185146412632652,0.5185146412632652,0.4805279863118285,0.3551086286785595
BedSet_05_01.obj,BedSet_05,OB,OB,,0.5227211158104357,0.4415445229404587,2.0952110665820327,13.356300980513781,5.288134236837405,0.15363280026864623,1.444443004083214,3.6610196607065735,0.024031318372987255,0.9999999999999998,7.451543352090185e-07,0.9970414201183433,0.06372976103117767,1.079881656804734,1.079881656804734,0.9018500233628265,0.9348593994876304,0.09814997663717351,0.06514060051236958,0.1469424990008095,0.1469424990008095,0.38523721878409023,0.37226749923859975
BedSet_05_02.obj,BedSet_05,OB,OB,,0.4782774162517173,0.5105249289371703,1.916727454685733,46.592129561847294,5.864407023230353,0.13626799444946028,1.3648485033730013,4.296745762350378,0.020306658472027075,0.7722262233336518,1.4533077505856005e-06,0.9981633677799068,0.052623637170350165,1.0624454954183666,1.0624454954183666,0.8970760969453604,0.929840469658954,0.10292390305463961,0.07015953034104605,0.1698481596960138,0.16984815969601377,0.4419138899419993,0.42584806923973445
BedSet_05_03.obj,BedSet_05,CA,CA,,0.8114817576016448,0.161302026418993,5.304526433365961,6.926688210994261,1.0603303326593887,0.5657452583788467,1.0603098598000196,1.0000193081763202,0.15541586979076888,0.36080093331082297,0.06645679058838548,0.580827475161932,0.3809078249794369,1.0044857609135167,1.0821146367990409,0.5802271822188567,0.38387031814976524,0.4197728177811433,0.6161296818502348,0.093926527914813,0.093926527914813,0.06475947105028637,0.03592712182528887
BedSet_05_04.obj,BedSet_05,CA,CA,,0.8114819563047364,0.16130180772348252,5.304532024479588,6.926675821906267,1.0603303326593887,0.5657452583788467,1.0603098598000196,1.0000193081763202,0.15541594917568213,0.3607968449299485,0.06645679058838548,0.580838808371439,0.3809013118189141,1.0048425687513025,1.0821210796392402,0.5802214567944883,0.3838589909496639,0.41977854320551167,0.6161410090503361,0.09393150545119419,0.09393150545119419,0.06475821417095605,0.03592565848100863
BedSet_05_05.obj,BedSet_05,CA,CA,,0.8114821458091017,0.16130162090285205,5.304537356770146,6.9266695420143,1.0603303326593887,0.5657487547432527,1.0603303326593887,0.9999999998022823,0.1554178015674968,0.36079713912358446,0.06645807376095578,0.5808338266281199,0.3809031083228288,1.0045589485726496,1.0821246015051473,0.5802217453434919,0.38386028371003866,0.4197782546565081,0.6161397162899613,0.09392808210904416,0.09392808210904416,0.06475823186758628,0.03592575572818545
BedSet_05_06.obj,BedSet_05,CA,CA,,0.8114823445087285,0.16130140221038414,5.304542947809299,6.926657152967685,1.0603303326593887,0.5657487547432527,1.0603303326593887,0.9999999998022823,0.15541788040741614,0.3607930502875062,0.06645807376095578,0.5808451166054288,0.3808966280603553,1.005077731301656,1.0821312784998374,0.5802160517506667,0.3838489624610938,0.4197839482493333,0.6161510375389062,0.09393488867522404,0.09393488867522404,0.06475697883462683,0.0359242949368983
BedSet_05_07.obj,BedSet_05,SL,OB,x,0.9336938550420699,0.060693532210204654,15.081558438276474,11.813775141471286,5.42310950556735,0.1664360529697803,2.2735426008010293,2.385312464970237,0.048756231857291756,0.5436221374007221,1.4489730657650158e-05,0.9992006179521657,0.04024605562735588,1.055447897594465,1.0566562879083357,0.9999999999999999,1.0,1.1102230246251565e-16,0.0,0.0166161228494661,0.0166161228494661,0.06069353221020465,0.06069353221020465
BedSet_05_08.obj,BedSet_05,M,M,,0.9835627960156667,0.014164513799549406,60.83759749851417,7.232487777804543,20.831278958752556,0.047561130672918825,7.799999998814678,2.6706767895911123,0.11389763430395418,0.993032356146848,2.7278553669247682e-05,0.9999992348951384,0.001009688797219389,1.0017355538086976,1.0017355538086976,0.9999999640472376,0.9999819701580291,3.595276243384404e-08,1.8029841970856886e-05,0.003722953400056198,0.003722953400056198,0.014164385598327896,0.014164257906359787
BedSet_05_09.obj,BedSet_05,M,M,,0.9992697131498515,0.00039566810334124345,1369.3247224897177,2.181961634211584,52.99995087833235,0.01885860201020447,39.74997237021962,1.3333320975972494,327.8250759427932,0.9998873753309122,394186.3418012493,0.9338775510204081,0.33313324551442175,1.374693877551021,1.580408163265306,0.9360284361018268,0.997812253520312,0.06397156389817316,0.002187746479688002,0.00014776331087215552,0.00014776331087215552,0.0003699514728163315,0.0003695463496467828
BedSet_05_10.obj,BedSet_05,M,M,,0.9955052621040213,0.003993836146879507,222.48201139021467,8.969954034330453,42.99988045395846,0.023193178853748823,14.333320050246954,2.9999916594921734,753.0821360782943,0.9983367858274408,4324356.848658624,1.0,9.737300069667989e-17,1.0,1.0,0.9999999999999999,1.0,1.1102230246251565e-16,0.0,0.0010483819885558708,0.0010483819885558708,0.0039938361468795066,0.0039938361468795066
BedSet_05_11.obj,BedSet_05,M,M,,0.9955052621039386,0.003993836146962238,222.48201138611967,8.969954034495611,42.99988045395846,0.023193178853747783,14.333320050114814,2.9999916595198304,753.0821360766051,0.9983367858274492,4324356.848618825,1.0,6.158409296133417e-17,1.0,1.0,0.9999999999999984,0.9999999999999999,1.5543122344752192e-15,1.1102230246251565e-16,0.0010483819885775897,0.0010483819885775895,0.003993836146962232,0.003993836146962231
BedSet_05_12.obj,BedSet_05,M,M,,0.9955052621040215,0.003993836146879346,222.48201139022262,8.969954034330126,42.99988045395846,0.023193178853748823,14.333320050246954,2.9999916594921734,753.0821360782943,0.9983367858274408,4324356.848658624,1.0,9.737300069667989e-17,1.0,1.0,0.9999999999999953,0.9999999999999998,4.6629367034256575e-15,2.220446049250313e-16,0.0010483819885558348,0.001048381988555835,0.003993836146879327,0.003993836146879327
BedSet_05_13.obj,BedSet_05,M,M,,0.9955052621039385,0.003993836146962262,222.48201138611847,8.969954034495663,42.99988045395846,0.023193178853747783,14.333320050114814,2.9999916595198304,753.0821360766051,0.9983367858274492,4324356.848618825,1.0,7.542480201369688e-17,1.0,1.0,0.9999999999999999,1.0,1.1102230246251565e-16,0.0,0.0010483819885775938,0.0010483819885775938,0.0039938361469622615,0.0039938361469622615
BedSet_05_14.obj,BedSet_05,M,M,,0.9955052621038557,0.0039938361470451085,222.4820113820177,8.969954034661052,42.99988045395846,0.02319317885374675,14.333320049982676,2.9999916595474874,753.0821360749069,0.9983367858274694,4324356.848579025,1.0,6.158409296133417e-17,1.0,1.0,0.9999999999999999,1.0,1.1102230246251565e-16,0.0,0.001048381988599341,0.001048381988599341,0.003993836147045108,0.003993836147045108
BedSet_05_15.obj,BedSet_05,M,M,,0.9955052621040229,0.0039938361468779375,222.4820113902924,8.969954034327316,42.99988045395846,0.023193178853748837,14.333320050249313,2.9999916594916796,753.0821360783275,0.9983367858274366,4324356.848659336,1.0,0.0,1.0,1.0,1.0,1.0,0.0,0.0,0.0010483819885554583,0.0010483819885554583,0.0039938361468779375,0.0039938361468779375
BedSet_05_16.obj,BedSet_05,OB,OB,,0.975379782315298,0.014999925673480097,40.616823854559414,2.5586814429789335,9.99998887846615,0.09826614788460782,6.249995655835097,1.5999982205536638,383.3476842170612,0.9991410900683566,2147274.829109105,0.9983999999999998,0.04789321455070644,1.0815999999999997,1.0816000000000001,0.9999999999999998,1.0,2.220446049250313e-16,0.0,0.004168759187371266,0.004168759187371266,0.014999925673480094,0.014999925673480094
BedSet_05_17.obj,BedSet_05,OB,OB,,0.975379782315298,0.014999925674357189,40.61682385455944,2.558681443212214,9.999988878922242,0.09826614788016924,6.249995655835097,1.5999982206266388,383.34768422718196,0.9991410900683172,2147274.829206956,0.9984000000000001,0.04789321455070649,1.0816000000000001,1.0816000000000001,1.0,1.0,0.0,0.0,0.004168759187615026,0.004168759187615026,0.014999925674357189,0.014999925674357189
BedSet_05_18.obj,BedSet_05,OB,OB,,0.975379782315298,0.014999925675618923,40.616823854559456,2.558681443547795,9.999988879578353,0.09826614787378414,6.249995655835097,1.5999982207316166,383.34768424174047,0.9991410900682626,2147274.829347721,0.9984000000000002,0.047893214550706505,1.0816000000000001,1.0816000000000001,1.0,1.0,0.0,0.0,0.004168759187965686,0.004168759187965686,0.014999925675618923,0.014999925675618923
BedSet_05_19.obj,BedSet_05,M,M,,0.9979974380941461,0.0019094650720636848,499.36030209085425,21.509648472284287,99.49986167975277,0.010037080086678264,19.899994467304168,4.999993049223889,336.4084481146178,0.9999460049073279,172784.2965502845,0.98046875,0.16664632037266833,1.2570312500000003,1.26953125,1.0,1.0,0.0,0.0,0.0005948906924076537,0.0005948906924076537,0.0019094650720636848,0.0019094650720636848
BedSet_05_20.obj,BedSet_05,OB,M,x,0.9828697392786802,0.00493035427044624,58.37601995304013,1.4038388293252209,8.49999409177101,0.11605176127807838,8.499994091770747,0.9999993049330712,298.17280013434106,0.9628549096557666,1816553.5599837042,0.929783711663137,0.2875994611100568,1.3310858535542538,1.5041357996774443,0.9593917599046619,0.9838390841035103,0.040608240095338144,0.016160915896489714,0.0017581156803733913,0.0017581156803733915,0.0046919195529323415,0.004653697845387801
BedSet_05_21.obj,BedSet_05,M,M,,0.9947340261125457,0.005059927483953184,189.89836554691038,25.556418545821433,80.99988739995358,0.012321289471523254,16.199995496559207,4.999993049196213,262.28190621287786,0.9983905659916574,152550.92066910779,0.7712665406427218,0.47780861332263375,1.2287334593572778,1.2287334593572778,0.9655843614936649,0.9971709697494545,0.03441563850633511,0.0028290302505454834,0.0016252753825532062,0.0016252753825532062,0.0048788758294006996,0.004871964810004217
BedSet_05_22.obj,BedSet_05,M,M,,0.9947340261122525,0.0050599274842463154,189.89836553633958,25.556418547243872,80.99988739995358,0.012321289471521954,16.199995496108766,4.999993049335239,262.28190621134456,0.998390565991658,152550.92066486637,0.7712665406427218,0.47780861332263375,1.2287334593572778,1.2287334593572778,0.9655843614936176,0.9971709697493739,0.03441563850638241,0.0028290302506260856,0.0016252753826475675,0.001625275382647568,0.004878875829682906,0.0048719648102858275
BedSet_05_23.obj,BedSet_05,M,M,,0.9947340261122527,0.005059927484246097,189.8983655363479,25.556418547244373,80.99988739995358,0.012321289471521954,16.199995496108766,4.999993049335239,262.28190621134456,0.998390565991658,152550.92066486637,0.7712665406427218,0.47780861332263375,1.2287334593572778,1.2287334593572778,0.9655843614936184,0.9971709697493737,0.03441563850638163,0.0028290302506263076,0.0016252753826474966,0.0016252753826474966,0.004878875829682699,0.004871964810285619
BedSet_05_24.obj,BedSet_05,M,M,,0.9947340261122527,0.005059927484246095,189.898365536348,25.556418547244363,80.99988739995358,0.012321289471521954,16.199995496108766,4.999993049335239,262.28190621134445,0.9983905659916583,152550.92066486637,0.7712665406427218,0.47780861332263375,1.2287334593572778,1.2287334593572778,0.9655843614936191,0.9971709697493737,0.03441563850638085,0.0028290302506263076,0.0016252753826474947,0.0016252753826474947,0.0048788758296827005,0.004871964810285621
BedSet_05_25.obj,BedSet_05,M,M,,0.9947340261122236,0.005059927484275288,189.89836553529477,25.55641854738445,80.99988739995358,0.012321289471521822,16.19999549606366,4.999993049349159,262.281906211191,0.998390565991658,152550.92066444166,0.7712665406427218,0.47780861332263375,1.2287334593572778,1.2287334593572778,0.9655843614936158,0.9971709697493659,0.03441563850638418,0.002829030250634079,0.001625275382656889,0.001625275382656889,0.0048788758297108135,0.004871964810313675
BedSet_05_26.obj,BedSet_05,M,M,,0.9947340261120774,0.005059927484421458,189.89836553002365,25.556418548093784,80.99988739995358,0.012321289471521174,16.19999549583854,4.9999930494186415,262.2819062104246,0.9983905659916591,152550.92066232185,0.7712665406427218,0.47780861332263375,1.2287334593572778,1.2287334593572778,0.9655843614935925,0.9971709697493256,0.0344156385064075,0.0028290302506743803,0.0016252753827039421,0.0016252753827039423,0.004878875829851538,0.004871964810454101
BedSet_05_27.obj,BedSet_05,M,M,,0.9947340261121533,0.005059927484345698,189.89836553276095,25.556418547743494,80.99988739995358,0.01232128947152151,16.19999549595565,4.999993049382496,262.2819062108233,0.9983905659916587,152550.92066342462,0.7712665406427218,0.47780861332263375,1.2287334593572778,1.2287334593572778,0.965584361493604,0.9971709697493467,0.03441563850639595,0.002829030250653286,0.0016252753826795552,0.0016252753826795552,0.004878875829778597,0.004871964810381316
BedSet_05_28.obj,BedSet_05,M,M,,0.9947340261121415,0.005059927484357502,189.89836553233377,25.556418547795744,80.99988739995358,0.01232128947152146,16.1999954959376,4.999993049388068,262.28190621076186,0.9983905659916584,152550.92066325463,0.7712665406427218,0.47780861332263375,1.2287334593572778,1.2287334593572778,0.9655843614935995,0.9971709697493432,0.0344156385064005,0.0028290302506568388,0.00162527538268336,0.00162527538268336,0.004878875829789947,0.004871964810392641
BedSet_05_29.obj,BedSet_05,M,M,,0.9947340261121943,0.0050599274843047114,189.89836553423743,25.55641854753957,80.99988739995358,0.012321289471521694,16.199995496018655,4.99999304936305,262.2819062110377,0.9983905659916583,152550.92066401787,0.7712665406427218,0.47780861332263375,1.2287334593572778,1.2287334593572778,0.9655843614936094,0.9971709697493578,0.03441563850639062,0.002829030250642184,0.0016252753826663637,0.0016252753826663637,0.004878875829739132,0.004871964810341934
BedSet_05_30.obj,BedSet_05,M,M,,0.9947340261120774,0.005059927484421458,189.89836553002365,25.556418548093784,80.99988739995358,0.012321289471521174,16.19999549583854,4.9999930494186415,262.2819062104247,0.9983905659916585,152550.92066232185,0.7712665406427218,0.47780861332263375,1.2287334593572778,1.2287334593572778,0.9655843614935925,0.9971709697493256,0.0344156385064075,0.0028290302506743803,0.0016252753827039421,0.0016252753827039423,0.004878875829851538,0.004871964810454101
BedSet_05_31.obj,BedSet_05,M,M,,0.99473402611196,0.005059927484538891,189.89836552578927,25.55641854866508,80.99988739995358,0.012321289471520653,16.19999549565837,4.999993049474249,262.28190620981115,0.9983905659916598,152550.92066062542,0.7712665406427218,0.47780861332263375,1.2287334593572778,1.2287334593572778,0.9655843614935721,0.9971709697492934,0.034415638506427926,0.0028290302507065768,0.0016252753827417472,0.0016252753827417476,0.004878875829964586,0.004871964810566912
BedSet_05_32.obj,BedSet_05,M,M,,0.9947340261119603,0.0050599274845386545,189.89836552579783,25.55641854866402,80.99988739995358,0.012321289471520653,16.19999549565832,4.999993049474264,262.2819062098113,0.9983905659916584,152550.92066062492,0.7712665406427218,0.47780861332263375,1.2287334593572778,1.2287334593572778,0.9655843614935721,0.9971709697492934,0.034415638506427926,0.0028290302507065768,0.0016252753827416713,0.0016252753827416715,0.004878875829964359,0.0048719648105666835
BedSet_05_33.obj,BedSet_05,M,M,,0.9947340261119603,0.005059927484538643,189.89836552579777,25.55641854866239,80.99988739995358,0.012321289471520653,16.19999549565832,4.999993049474264,262.2819062098111,0.9983905659916594,152550.92066062492,0.7712665406427218,0.47780861332263375,1.2287334593572778,1.2287334593572778,0.9655843614935736,0.9971709697492935,0.03441563850642637,0.0028290302507064657,0.0016252753827416648,0.0016252753827416648,0.0048788758299643555,0.004871964810566681
BedSet_05_34.obj,BedSet_05,M,M,,0.9947340261122526,0.005059927484246213,189.89836553634373,25.556418547244935,80.99988739995358,0.012321289471521954,16.199995496108766,4.999993049335239,262.28190621134456,0.998390565991658,152550.92066486637,0.7712665406427218,0.47780861332263375,1.2287334593572778,1.2287334593572778,0.9655843614936174,0.9971709697493737,0.03441563850638263,0.0028290302506263076,0.0016252753826475359,0.0016252753826475356,0.0048788758296828055,0.004871964810285726
BedSet_05_35.obj,BedSet_05,M,M,,0.9947340261122526,0.005059927484246201,189.89836553634373,25.55641854724333,80.99988739995358,0.012321289471521954,16.199995496108766,4.999993049335239,262.28190621134456,0.998390565991658,152550.92066486637,0.7712665406427218,0.47780861332263375,1.2287334593572778,1.2287334593572778,0.9655843614936184,0.9971709697493737,0.03441563850638163,0.0028290302506263076,0.00162527538264753,0.00162527538264753,0.004878875829682799,0.00487196481028572
BedSet_06_01.obj,BedSet_06,M,M,,0.9976369217705228,0.002170179937143982,423.1768493847083,12.250384389921141,72.00054901602365,0.01387106721119319,20.571262698344437,3.500054908436204,0.45426445286865924,0.9999999999997882,0.0005084042336052976,0.888888888888889,0.31426968052735443,1.1111111111111112,1.1111111111111112,1.0,1.0,0.0,0.0,0.0006335689314316671,0.0006335689314316671,0.002170179937143982,0.002170179937143982
BedSet_06_02.obj,BedSet_06,M,M,,0.9998114751165031,9.766529890674344e-09,5304.339572849653,1.0000518070639834,51.50043927815321,0.01940999287779578,51.49761128731708,1.0000549141166741,0.3559473169872872,0.7764329074853737,0.0018657193108903305,0.8888889185344444,0.3142696595649601,1.1111255586983817,1.111127209103337,0.9999725414675527,0.9999993308696351,2.7458532447344197e-05,6.691303648942437e-07,2.8513871629751257e-09,2.851387162975126e-09,9.766258448645311e-09,9.766255181194178e-09
BedSet_06_03.obj,BedSet_06,M,M,,0.9998114751165033,7.498616123058505e-09,5304.339572857772,1.0000397761774793,51.50043927365491,0.019409992879490506,51.49761128731708,1.0000549140293244,0.35594628831438363,0.7764375768638334,0.0018657193107273697,0.8888889185974342,0.3142696595204211,1.1111155960482324,1.111115997171714,0.9999725414675813,0.9999993308696353,2.7458532418700443e-05,6.691303646721991e-07,2.1892473009219085e-09,2.1892473009219085e-09,7.498407713357612e-09,7.498405204650628e-09
BedSet_06_04.obj,BedSet_06,OB,OB,,0.4521977922607086,0.5477481298501996,1.825476396173608,10129.874093431237,103.51860011612243,0.007881179120272681,1.4109857603385407,73.36615508352577,0.024028727714967946,0.9930091639397,0.00030830264512268557,0.993826868531353,0.08190118211100769,1.112640876654735,1.1143025009004583,0.8927155576180645,0.9231672026659204,0.10728444238193546,0.07683279733407955,0.1891897804250383,0.1891897804250383,0.47019830065606116,0.4514133241386495
BedSet_06_05.obj,BedSet_06,M,M,,0.9998088274406861,5.3814717593265615e-06,5230.876249127506,1.0289651765054786,51.50043927365491,0.019409992879490506,51.49761128731708,1.0000549140293244,0.35594618845875264,0.7764340819397648,0.0018398065425228227,0.8855452217563325,0.31991521946385637,1.1364195761095806,1.1400419798609915,0.9999999988093582,0.9999999945301796,1.1906418073692748e-09,5.469820374415235e-09,1.5919694830092942e-06,1.5919694830092942e-06,5.381471738201314e-06,5.381471723483472e-06
BedSet_06_06.obj,BedSet_06,OB,OB,,0.45219779285202355,0.5477480302400562,1.825476398144085,10111.359768902896,98.64790642393316,0.008270320711519591,1.4110051986208232,69.91321259340067,0.023738960076767665,0.9579061185741065,0.0002938269439421818,0.9938284917259952,0.08188179059709681,1.1134376255381113,1.1135238202489113,0.8927161137288815,0.9231729097748052,0.10728388627111851,0.07682709022519485,0.18918857388791044,0.18918857388791047,0.4701999033963154,0.4514163139340779
BedSet_06_07.obj,BedSet_06,M,M,,0.9988066647790991,0.001102004022906458,837.987501319902,13.066019574740404,102.00087846788786,0.00979760016794182,29.14265092048995,3.5000549090487505,0.8006652914537344,0.999999999999852,0.0004485915281356006,0.9777777777777777,0.11589693164804703,1.1555555555555554,1.1555555555555554,0.9910102997172091,0.9996041437912635,0.008989700282790891,0.0003958562087365003,0.00032504896792134944,0.00032504896792134944,0.001091881180274395,0.0010916650235186912
BedSet_06_08.obj,BedSet_06,OB,OB,,0.517840472592247,0.4763193311289229,2.074002364686641,82.55878816185968,13.333352855428814,0.061326673157422795,1.4285727733778404,9.333338212493993,0.054993140014749656,0.9992255245392745,3.1724403991850854e-05,0.888888888885474,0.314269680529769,1.1111144880555406,1.1111147275633422,0.9992255245357472,0.9766254958092154,0.0007744754642527996,0.023374504190784573,0.14252758005951843,0.14252758005951843,0.47038788079266075,0.46482532809150734
BedSet_06_09.obj,BedSet_06,M,M,,0.989550069512243,0.009702716425157762,95.69441645258809,13.985189796103858,35.004173871495716,0.02837182024331119,8.749601881867253,4.000659037235939,0.8938961549949973,0.9999999999969597,0.009151906068973108,0.9955555555555559,0.07646511348482332,1.1377777777777778,1.1377777777777778,0.9999999999999998,1.0,2.220446049250313e-16,0.0,0.002793753030444547,0.002793753030444547,0.00970271642515776,0.00970271642515776
BedSet_06_10.obj,BedSet_06,M,M,,0.9895512171343227,0.009701240465362042,95.70492686577367,13.977511987653411,34.99648571141965,0.028378068128918948,8.750082364643225,3.9995607152510186,0.8937521913864426,0.9999999999969709,0.009150398450132942,0.9955555555555559,0.07646511348482332,1.1377777777777778,1.1377777777777778,1.0,1.0,0.0,0.0,0.0027933280497513652,0.0027933280497513652,0.009701240465362042,0.009701240465362042
BedSet_06_11.obj,BedSet_06,M,M,,0.9974732730548403,0.0023331654418627607,395.76892228714973,13.053871259844398,72.0005490286243,0.013871068234696606,20.57190823355718,3.4999450792426856,0.454267586819138,0.9999999999997868,0.0007202619324918376,0.994809688581315,0.08003483395308215,1.105190311418685,1.1228373702422145,0.9767142176738137,0.9985192907923756,0.023285782326186277,0.0014807092076244421,0.0006846053579802596,0.0006846053579802596,0.0022771487126328344,0.0022754615660131043
BedSet_06_12.obj,BedSet_06,M,M,,0.9879248969301182,0.011348668274896166,82.81502809613627,16.622418349502706,35.00417385925837,0.028371840324678984,8.750082364643225,4.000439352446832,0.8939057517443151,0.999999999996948,0.008237167776909188,0.9986282578875171,0.04720068733631071,1.0754458161865568,1.0754458161865568,0.9646714566828599,0.99473966219808,0.03532854331714008,0.005260337801920034,0.0033020939483737717,0.0033020939483737717,0.010918941960454776,0.010890147564754909
BedSet_06_13.obj,BedSet_06,M,M,,0.9895512171343243,0.00970124046530813,95.7049268657889,13.977511986674289,34.99648571019596,0.02837806812991044,8.750082364643921,3.9995607151108525,0.893752191362032,0.9999999999969477,0.009150398449813716,0.9955555555555555,0.07646511348482335,1.1377777777777778,1.1377777777777778,0.9999999999999998,1.0,2.220446049250313e-16,0.0,0.002793328049735842,0.002793328049735842,0.009701240465308129,0.009701240465308129
BedSet_06_14.obj,BedSet_06,M,M,,0.9874413667487811,0.011773546245853745,79.62649915737809,15.996485945378074,34.99648571141965,0.028378068128918917,8.75008236464253,3.9995607152513366,0.8937521913864341,0.9999999999969624,0.007625332041776845,0.9984000000000002,0.0478932145507065,1.0816000000000001,1.0816000000000001,0.9999999999999937,0.9999999999999992,6.328271240363392e-15,7.771561172376096e-16,0.003272088152217925,0.003272088152217925,0.011773546245853665,0.011773546245853661
BedSet_06_15.obj,BedSet_06,M,M,,0.9895512171343227,0.009701568803034022,95.70492686577371,13.98365392739413,35.00417387149502,0.028371840314768828,8.750082364643225,4.000439353845293,0.8939057519887258,0.9999999999969464,0.00915240864420968,0.9955555555555556,0.07646511348482335,1.1377777777777778,1.1377777777777778,1.0,1.0,0.0,0.0,0.002793422589705529,0.002793422589705529,0.009701568803034022,0.009701568803034022
BedSet_06_16.obj,BedSet_06,M,M,,0.9988035729497123,0.0011108782387005878,835.821958187397,13.985314675550086,102.00087846788786,0.00979760016794182,29.14265092049003,3.5000549090487403,0.4528363869193083,0.9999999999998457,0.0004186854262598951,0.9872447798158337,0.13794459671863177,1.2270406570250767,1.2270406570250767,0.9691580519948915,0.9986112692486242,0.030841948005108533,0.0013887307513757996,0.0003510426676299353,0.0003510426676299353,0.0010758690245397137,0.0010751214592568498
BedSet_06_17.obj,BedSet_06,M,M,,0.9998132616253613,7.417369104220206e-08,5355.085701772383,1.0003973636968952,51.7504118204832,0.01931630637549368,51.750411815958955,0.999999999213569,0.35593401915157985,0.7764636882178819,0.0018825982132769914,0.9998123473993915,0.016028646097456075,1.0275849128745813,1.0275849128745813,0.9999863550203802,0.9999952322904909,1.3644979619753528e-05,4.767709509079232e-06,1.9859828720100496e-08,1.98598287201005e-08,7.417250212680612e-08,7.417232530991276e-08
BedSet_06_18.obj,BedSet_06,M,CA,x,0.4530407697001528,0.5315768959715367,1.8282898333235014,35.55762205043552,5.7222300181621195,0.14115131824657146,1.4109588216377178,4.055561317787615,0.0037566348938244012,0.3677610090774051,7.813602451060605e-05,0.9987020699618021,0.03789066273410279,1.0271578912387511,1.0309529999840983,0.5231517668562479,0.3179942458492173,0.47684823314375213,0.6820057541507827,0.3408592292599579,0.3408592292599579,0.18326406345557247,0.08843273456367569
BedSet_06_19.obj,BedSet_06,OB,OB,,0.45139784244079895,0.5485483580714167,1.8228145591861893,10197.163210122526,103.00076863631782,0.007920748335231194,1.4109588216377178,73.00054902686499,0.023909366874550645,0.9928038813195923,0.0003095483402385433,0.9928828695150376,0.08813198963841846,1.12081251704567,1.1214238876662723,0.8778631387729889,0.911623189240501,0.12213686122701106,0.08837681075949899,0.19504031474761777,0.1950403147476178,0.46027143983353797,0.4389924962817326
BedSet_06_20.obj,BedSet_06,M,M,,0.9997411480524335,2.6538472701900937e-05,3863.2121929199725,1.1142356144440853,42.88782767792663,0.022460709691235963,3.6008458850856706,11.910486880991218,2.4633124060259255,0.0646579832063102,0.0004606468559947113,0.9588949625579338,0.220442694831641,1.2961154693186248,1.4035276522421607,0.9999917353398323,0.9999973428060872,8.26466016767835e-06,2.6571939127917332e-06,8.644431833852843e-06,8.644431833852843e-06,2.6538218111800026e-05,2.6538182853157372e-05
BedSet_06_21.obj,BedSet_06,M,M,,0.9997378021351163,3.3282794902121784e-05,3813.913589431297,1.1453936376827094,42.88782767792663,0.022460709691235963,3.6008458850856706,11.910486880991218,2.463323255888138,0.06465680209838758,0.0004606468559947113,0.9792139188597854,0.21042258545030015,1.2947236367118165,1.3035373189290558,0.9999967199694861,0.9999974886180856,3.2800305138636077e-06,2.5113819144273464e-06,1.065867693073684e-05,1.065867693073684e-05,3.328264394077141e-05,3.328260214800391e-05
BedSet_06_22.obj,BedSet_06,M,M,,0.9986633258909486,0.00011116333472206477,748.1255103426204,1.0907077546277912,19.781763920935777,0.05042291934969897,19.781763920935777,0.9999999979946912,5.50131574217616,0.7792932240363308,0.13696767263414703,0.7126678819248928,0.5465306620541387,1.3706654514084406,1.8029338300748037,0.9999999999999979,0.9999999999999999,2.1094237467877974e-15,1.1102230246251565e-16,3.971590244199307e-05,3.971590244199307e-05,0.00011116333472206454,0.00011116333472206452
BedSet_06_23.obj,BedSet_06,M,M,,0.9982816376752406,4.151011450685044e-05,581.9494442976223,1.0247547816232303,17.10190829488154,0.058274051826076104,17.097608091646734,1.000251507295708,4.806096409714402,0.7856957982890546,0.10992820714193416,0.9014937371834301,0.29446214056311076,1.1794311183078994,1.5425917992565927,0.9999999999999998,1.0,2.220446049250313e-16,0.0,1.3563015824065347e-05,1.3563015824065347e-05,4.1510114506850434e-05,4.1510114506850434e-05
BedSet_06_24.obj,BedSet_06,M,M,,0.9982492787134348,0.0001516758972227392,571.1931463161199,1.0948540260320612,17.102976010517338,0.05827048833623789,17.102976010517338,0.9999999982400537,4.809037416633072,0.7873894535980054,0.1172936158268397,0.9275294110306767,0.3524461362569888,1.4760087749144613,1.5333905778189787,0.9999999999999981,0.9999999999999999,1.887379141862766e-15,1.1102230246251565e-16,5.386304519289289e-05,5.3863045192892874e-05,0.0001516758972227389,0.00015167589722273888
BedSet_06_25.obj,BedSet_06,M,M,,0.9983288311205559,5.325024777416738e-05,598.3835699049856,1.032912806985923,17.255712194842502,0.05775812456079148,17.25138456263269,1.0002508553410168,4.806573288365256,0.7814694968974546,0.11497704063629628,0.9413199950853872,0.2441756502200199,1.1732425617757214,1.4530297680234363,1.0,1.0,0.0,0.0,1.7067563438129338e-05,1.7067563438129338e-05,5.325024777416738e-05,5.325024777416738e-05
BedSet_06_26.obj,BedSet_06,M,M,,0.9982146675696036,0.0015869621601601789,560.1197754401807,8.999999990055299,71.00054903037186,0.014070449225266264,23.66684970298331,2.9999999949321143,0.47097925873849006,0.9999999999997494,0.000601501705613857,1.0,0.0,1.0,1.0,1.0,1.0,0.0,0.0,0.0004165775670420469,0.0004165775670420469,0.0015869621601601789,0.0015869621601601789
BedSet_06_27.obj,BedSet_06,M,M,,0.9991177469868581,0.0007842249004755934,1133.4616998797399,8.999999990054766,101.00076863982962,0.009896065457678616,33.66692291720323,2.9999999949321143,0.46951695506546054,0.9999999999998251,0.00042283788446784815,1.0,0.0,1.0,1.0,0.9999999999999974,1.0,2.55351295663786e-15,0.0,0.00020585903637484394,0.00020585903637484394,0.0007842249004755915,0.0007842249004755915
BedSet_06_28.obj,BedSet_06,M,M,,0.9982146675696036,0.001586962160160181,560.11977544018,8.999999990055308,71.00054903037186,0.014070449225266264,23.66684970298331,2.9999999949321143,0.47097925873849006,0.9999999999997494,0.000601501705613857,1.0,0.0,1.0,1.0,1.0,1.0,0.0,0.0,0.00041657756704204744,0.00041657756704204744,0.001586962160160181,0.001586962160160181
BedSet_06_29.obj,BedSet_06,M,M,,0.9991177469868581,0.0007842249004756222,1133.4616998796628,8.999999990052522,101.00076863981356,0.00989606545768019,33.66692291720323,2.9999999949316374,0.4695169550654058,0.9999999999998235,0.00042283788446778093,1.0,0.0,1.0,1.0,0.9999999999999997,1.0,3.3306690738754696e-16,0.0,0.00020585903637485088,0.00020585903637485088,0.0007842249004756219,0.0007842249004756219
BedSet_06_30.obj,BedSet_06,OB,OB,,0.5058326403973679,0.4940693314899659,2.023605931407522,5041.077974077593,101.00076863981356,0.008099560466427506,1.4225350369352554,71.00054903036056,0.3579260034612306,1.0000000000000024,1.7866251297831958e-05,1.0,0.0,1.0,1.0,1.0,1.0,0.0,0.0,0.12969319951611602,0.12969319951611602,0.4940693314899659,0.4940693314899659
BedSet_07_01.obj,BedSet_07,OB,OB,,0.3783613763374446,0.6138163929669409,1.6086516537665287,79.47076068863481,10.099957598735536,0.07738032280519938,1.2624997184145919,7.999968198994854,0.03396164552535221,0.9953040175318967,4.981750730089208e-05,0.9999999998148301,1.447781134080765e-05,1.000020044003202,1.0000233682815796,0.999751001684825,0.9869223672521237,0.0002489983151749975,0.013077632747876322,0.1635911193750026,0.1635911193750026,0.6096509204261167,0.6056382871329681
BedSet_07_02.obj,BedSet_07,M,M,,0.9911001530789276,0.008343594696019868,112.36148316576345,15.999660801649963,42.399830377378954,0.023474273613966853,10.60006995895929,3.9999575979718722,0.14433146164343402,0.9999999999999892,2.5745317942944374e-05,1.0,0.0,1.0,1.0,1.0,1.0,0.0,0.0,0.0021901936077052147,0.0021901936077052147,0.008343594696019868,0.008343594696019868
BedSet_07_03.obj,BedSet_07,M,M,,0.9853075084060229,0.013774210869222219,68.06197530239227,15.999999997581996,32.99987278139393,0.030069353087786025,8.24996819894812,3.9999999976880813,0.14509250663830842,0.999999999999986,3.307847730441979e-05,1.0,0.0,1.0,1.0,0.9999999999999986,0.9999999999999998,1.4432899320127035e-15,2.220446049250313e-16,0.0036157303531708395,0.0036157303531708395,0.013774210869222198,0.013774210869222196
BedSet_07_04.obj,BedSet_07,M,M,,0.9911001530789276,0.008343594696019932,112.36148316576336,15.999660801651618,42.39983037738114,0.023474273613965643,10.60006995895929,3.9999575979720783,0.14433146164343982,0.9999999999999893,2.5745317942945702e-05,1.0,0.0,1.0,1.0,1.0,1.0,0.0,0.0,0.0021901936077052316,0.0021901936077052316,0.008343594696019932,0.008343594696019932
BedSet_07_05.obj,BedSet_07,OB,OB,,0.9642318049666047,0.00028748501704735683,27.957798794832897,1.0081025722124584,4.000004220641626,0.23570186234671767,3.9999501825959167,1.0000135093963631,0.16145066738434818,0.58333108172002,0.00014781956299658768,0.9985406097268263,0.04743042258533635,1.0777893937067198,1.0777893937067198,0.7421502708756664,0.8873290172214762,0.25784972912433357,0.11267098277852383,0.0001153995337054208,0.0001153995337054208,0.00020133750714674894,0.00018931793101910642
BedSet_07_06.obj,BedSet_07,OB,OB,,0.9642318049666044,0.00028748501704735737,27.957798794832705,1.0081025722124584,4.000004220641626,0.23570186234671767,3.9999501825959167,1.0000135093963631,0.16145066738434818,0.58333108172002,0.00014781956299658768,0.9985406097268263,0.04743042258533635,1.0777893937067198,1.0777893937067198,0.7421502708756663,0.8873290172214761,0.2578497291243337,0.11267098277852394,0.00011539953370542104,0.00011539953370542104,0.00020133750714674927,0.00018931793101910672
BedSet_07_07.obj,BedSet_07,OB,OB,,0.9642318049666047,0.00028748501704735683,27.957798794832897,1.0081025722124584,4.000004220641626,0.23570186234671767,3.9999501825959167,1.0000135093963631,0.16145066738434818,0.58333108172002,0.00014781956299658768,0.9985406097268263,0.04743042258533635,1.0777893937067198,1.0777893937067198,0.7421502708756664,0.8873290172214762,0.25784972912433357,0.11267098277852383,0.0001153995337054208,0.0001153995337054208,0.00020133750714674894,0.00018931793101910642
BedSet_07_08.obj,BedSet_07,OB,OB,,0.9642318049666044,0.00028748501704735737,27.957798794832705,1.0081025722124584,4.000004220641626,0.23570186234671767,3.9999501825959167,1.0000135093963631,0.16145066738434818,0.58333108172002,0.00014781956299658768,0.9985406097268263,0.04743042258533635,1.0777893937067198,1.0777893937067198,0.7421502708756663,0.8873290172214761,0.2578497291243337,0.11267098277852394,0.00011539953370542104,0.00011539953370542104,0.00020133750714674927,0.00018931793101910672
BedSet_07_09.obj,BedSet_07,OB,OB,,0.8747477884069044,0.12280141180874095,7.983890961131732,51.10666827724849,16.50004727920413,0.05570606269762403,2.3571488299953716,7.000002319992966,0.08219961356610274,0.7857102594141723,8.269719908532635e-06,0.9999930801582357,0.002722313028637039,1.0044999212028545,1.0046803253780396,1.0,1.0,0.0,0.0,0.032343432400069025,0.032343432400069025,0.12280141180874095,0.12280141180874095
BedSet_07_10.obj,BedSet_07,M,M,,0.9938812621823659,0.0002886661015894131,163.43053227148977,1.0475542121435317,12.854902505499311,0.07731316528839426,12.54742844856596,1.0245027755394018,884.7145501095425,0.9922957000876339,19260749.78093552,0.9984000000000001,0.04789321455070649,1.0816000000000001,1.0816000000000001,0.9999999999999963,0.9999999999999998,3.6637359812630166e-15,2.220446049250313e-16,8.022569506534931e-05,8.022569506534931e-05,0.00028866610158941194,0.00028866610158941194
BedSet_07_11.obj,BedSet_07,M,M,,0.9938812621823659,0.0002886660990633197,163.43053227148977,1.0475542116896404,12.854902502708919,0.07731316530507622,12.54742844856596,1.0245027753170146,884.7145500175186,0.9922957000892934,19260749.77678682,0.9984000000000002,0.0478932145507065,1.0816000000000001,1.0816000000000001,0.9999999999999961,0.9999999999999998,3.885780586188048e-15,2.220446049250313e-16,8.022569436330086e-05,8.022569436330086e-05,0.0002886660990633185,0.0002886660990633185
BedSet_07_12.obj,BedSet_07,M,M,,0.9938812621823659,0.00028866610158829163,163.43053227148988,1.0475542121433303,12.854902505498071,0.07731316528840167,12.54742844856596,1.024502775539303,884.7145501095,0.9922957000876363,19260749.780933674,0.9984000000000002,0.0478932145507065,1.0816000000000001,1.0816000000000001,0.9999999999999963,0.9999999999999998,3.6637359812630166e-15,2.220446049250313e-16,8.022569506503764e-05,8.022569506503764e-05,0.0002886661015882905,0.0002886661015882905
BedSet_07_13.obj,BedSet_07,M,M,,0.9938812621823659,0.00028889423586160134,163.4305322714898,1.047595205184668,12.855154516159796,0.07731165870777885,12.54742844856596,1.0245228601430012,884.7228611167861,0.9922955502139763,19261124.46506768,0.9984000000000002,0.0478932145507065,1.0816000000000001,1.0816000000000001,0.9999999999999963,0.9999999999999998,3.6637359812630166e-15,2.220446049250313e-16,8.028909783572574e-05,8.028909783572574e-05,0.0002888942358616002,0.0002888942358616002
BedSet_07_14.obj,BedSet_07,M,M,,0.9938812621823659,0.0002886661015894168,163.43053227148974,1.0475542121435324,12.854902505499311,0.07731316528839426,12.54742844856596,1.0245027755394018,884.7145501095425,0.9922957000876339,19260749.78093552,0.9984000000000001,0.04789321455070649,1.0816000000000001,1.0816000000000001,0.9999999999999963,0.9999999999999998,3.6637359812630166e-15,2.220446049250313e-16,8.022569506535035e-05,8.022569506535035e-05,0.0002886661015894157,0.0002886661015894157
BedSet_07_15.obj,BedSet_07,OB,OB,,0.9141767773446172,0.08567072503233465,11.651854489603519,562.7820496432405,77.89364970641466,0.011541090167839215,2.053214317701458,37.93741651445089,314.26252338451667,0.7947071527034519,176268.87505279543,0.2550434194286034,0.6073173727295869,1.6314497898755695,1.858463371267224,0.9995752960796142,0.9997869805476833,0.00042470392038584937,0.00021301945231666508,0.02817620727337186,0.02817620727337186,0.08562521944941182,0.08561609855927249
BedSet_07_16.obj,BedSet_07,M,M,,0.998773560079922,0.0006317182868149291,815.3677513470602,2.0614681686946357,47.766206682025526,0.0209158768279991,26.559810313552667,1.7984380670359412,343.66724749307105,0.9997815856623673,1638107.5322195091,0.7232000000000001,0.6149442034309563,1.4368,1.7007999999999976,0.8605046769020681,0.991997359755813,0.1394953230979319,0.008002640244186954,0.00026106122890924327,0.00026106122890924327,0.0005414214365138505,0.0005392463327388925
BedSet_07_17.obj,BedSet_07,OB,CA,x,0.4750977913970328,0.5249021296797735,1.9051166192607074,6650796.864309296,108995.63501351203,7.310309516808294e-06,1.3241366758988455,82314.4883697804,893415.9673379759,0.16443421696893107,1930905.2028701545,3.3071747786833084e-11,2.9112039122600585e-11,6.463503031943978e-11,7.381553359611989e-11,0.647807258124409,0.6486398878014099,0.352192741875591,0.3513601121985901,0.12003225345570971,0.12003225345570971,0.2802979696103549,0.22056052980919286
BedSet_07_18.obj,BedSet_07,OB,OB,,0.925216215677101,0.07465732116559615,13.37188095649079,591.3472932311938,67.80176693765938,0.013871705368627606,2.7708635033107663,24.469542942240285,179.2254649088936,0.9133137643514057,93586.09584152403,0.9907004940081545,0.11927436957870222,1.14719965915595,1.1727025725694364,0.9918882147974292,0.9966700981262798,0.008111785202570831,0.0033299018737201758,0.022250014626543725,0.022250014626543725,0.07392842453688543,0.07380513206126936
BedSet_07_19.obj,BedSet_07,M,M,,0.9936369876933698,0.000972590106195366,157.15647690922145,1.1783138148495762,12.854902505499311,0.07731316528839426,12.54742844856596,1.0245027755394018,635.8284579293908,0.9922957000876339,9245159.894849047,0.4444444444444445,0.3142696805273545,0.888888888888889,0.888888888888889,1.0,1.0,0.0,0.0,0.0002007304268629478,0.0002007304268629478,0.000972590106195366,0.000972590106195366
BedSet_07_20.obj,BedSet_07,M,M,,0.9936369876933698,0.000972590105261059,157.15647690922137,1.1783138146453422,12.854902504382906,0.07731316529506853,12.54742844856596,1.0245027754504272,635.8284579111217,0.9922957000882815,9245159.894052321,0.4444444444444445,0.3142696805273545,0.888888888888889,0.888888888888889,1.0,1.0,0.0,0.0,0.00020073042667011852,0.00020073042667011852,0.000972590105261059,0.000972590105261059
BedSet_07_21.obj,BedSet_07,M,M,,0.9936369876933698,0.0009725901054943805,157.15647690922134,1.178313814696345,12.854902504661698,0.0773131652934018,12.54742844856596,1.0245027754726461,635.8284579156881,0.9922957000881131,9245159.894251281,0.4444444444444445,0.3142696805273545,0.888888888888889,0.888888888888889,1.0,1.0,0.0,0.0,0.00020073042671827317,0.00020073042671827317,0.0009725901054943805,0.0009725901054943805
BedSet_07_22.obj,BedSet_07,M,M,,0.9936369876933698,0.0009725901061953653,157.1564769092214,1.178313814849576,12.854902505499311,0.07731316528839426,12.54742844856596,1.0245027755394018,635.8284579293908,0.9922957000876339,9245159.894849047,0.4444444444444445,0.3142696805273545,0.888888888888889,0.888888888888889,1.0,1.0,0.0,0.0,0.00020073042686294764,0.00020073042686294764,0.0009725901061953653,0.0009725901061953653
BedSet_07_23.obj,BedSet_07,M,M,,0.9993009562738285,0.0005831109258478823,1430.525483850382,6.028564292696143,92.92868608278047,0.010756070973199581,35.662625490212385,2.6057707147163156,407.4558573225209,0.9997936786175826,247585.65889125565,0.4444444444444444,0.3142696805273544,0.888888888888889,0.888888888888889,0.9999999999999956,0.9999999999999999,4.440892098500626e-15,1.1102230246251565e-16,0.00012034679800699446,0.00012034679800699446,0.0005831109258478797,0.0005831109258478796
BedSet_07_24.obj,BedSet_07,M,M,,0.9987023455024744,0.0006965567134545676,770.620830554271,2.1581200055204564,47.766206682025526,0.02091451373235902,25.41492108101048,1.8794540097560957,383.03892537049666,0.9997909986860961,1504809.4601282796,0.566358024691358,0.39485671763986163,1.37253086419753,1.433641975308642,0.8581706976963482,0.9916586033018661,0.14182930230365176,0.00834139669813394,0.00024553874519571894,0.00024553874519571894,0.0005952714651036458,0.0005927783694369101
BedSet_07_25.obj,BedSet_07,M,M,,0.9961257159955823,0.0027016180886516505,258.11198567865523,3.3030903479169074,30.462097406615687,0.03275170605727382,16.749313288361297,1.818705996447152,340.8117858818934,0.9996497977966934,1330768.3725676609,0.9265927977839339,0.3201813468542912,1.3997229916897516,1.5470914127423825,0.9604371776898526,0.9967486754316486,0.039562822310147405,0.0032513245683514214,0.000979668529447938,0.000979668529447938,0.0025905162903239543,0.002586298128387463
BedSet_07_26.obj,BedSet_07,M,M,,0.9957692444723085,0.003056581164656415,236.36419805522547,3.6024402604746517,30.462097406615687,0.03274635462625102,16.02731609749523,1.9006349677771495,335.4972452610272,0.9996648885910002,1273423.3541912013,0.9265927977839337,0.3201813468542912,1.3997229916897516,1.5470914127423825,0.9591047138689395,0.9965028702552258,0.040895286131060526,0.00349712974477423,0.001110037133409358,0.0011100371334093577,0.002926455343082548,0.0029213292828201157
BedSet_07_27.obj,BedSet_07,OB,OB,,0.404732200048971,0.5849988183994602,1.679916029089716,57.96755167008657,9.241573772909584,0.08542013305185941,1.2986268951625883,7.1164193790484855,18.188522894311983,0.9999996587703528,614.2133644470633,0.8395061728395061,0.2983468141628288,1.1604938271604937,1.1604938271604937,0.9999999183156276,0.9999999496329952,8.168437237721093e-08,5.036700478910916e-08,0.1704768643348225,0.17047686433482248,0.584998755881881,0.5849987411495631
BedSet_08_01.obj,BedSet_08,M,M,,0.9971555555554868,0.002492404420195289,351.56249999148594,8.079889353365365,53.297149054848596,0.018732813971274836,18.749999995386325,2.842514616258591,0.19172480076673223,0.9999999999999776,5.420652645294427e-05,1.0,0.0,1.0,1.0,1.0,1.0,0.0,0.0,0.0006542561603012632,0.0006542561603012632,0.002492404420195289,0.002492404420195289
BedSet_08_02.obj,BedSet_08,M,M,,0.9971555555554871,0.0024923945708554118,351.5624999915101,8.079663301373934,53.29565797524961,0.018733337884770263,18.749999995386325,2.8424350920133117,0.19172284394199238,0.9999860116382502,5.4205009931944265e-05,0.9999999999999923,1.0102366945580967e-07,1.000000174978136,1.000000174978136,0.9999999999999999,1.0,1.1102230246251565e-16,0.0,0.0006542536579372802,0.0006542536579372802,0.0024923945708554113,0.0024923945708554113
BedSet_08_03.obj,BedSet_08,OB,OB,,0.9064688131764638,0.09265901632547566,10.691620987195487,107.23956729944356,28.830434684116607,0.03315137393496367,3.270428564320474,8.81549133867664,0.13028599818112827,0.8734817303392102,0.0001353346185161513,0.972975268235082,0.19446057896886415,1.3331275356628445,1.3331275356807306,0.9940173759629216,0.9939997238618806,0.005982624037078388,0.006000276138119376,0.0302750944800672,0.0302750944800672,0.09182834553354788,0.0915520187999409
BedSet_08_04.obj,BedSet_08,OB,OB,,0.5621847434871569,0.4369415303610746,2.2840684172697103,501.08979298196897,28.830415251926503,0.029495361970817063,1.6186044785936287,17.811896378904326,0.12274673754167818,0.8719559402844028,6.69800641157679e-05,0.9729756370218445,0.19445926884962136,1.3331246596704944,1.3331246596704944,0.9939451876753626,0.9951610060256414,0.0060548123246374486,0.0048389939743586075,0.14262341166286188,0.14262341166286188,0.43324515370033695,0.4321943760027755
BedSet_08_05.obj,BedSet_08,OB,OB,,0.5149436757512219,0.4778917318048699,2.06161624951214,67.70187251350403,9.430234463494884,0.08595497166350231,1.3992524521742635,6.739480390881339,0.03121725143646077,0.9435779193820566,1.4594820670668708e-05,0.9984710839110689,0.04332594046436924,1.066094390794141,1.074516869794615,0.9996978916616694,0.9901575060274741,0.0003021083383305534,0.0098424939725259,0.13333418355030727,0.13333418355030727,0.47539624398838026,0.47304513124888814
BedSet_08_06.obj,BedSet_08,SL,SL,,0.7297169852032778,0.2457801524700238,3.699825535656268,11.030671078019111,3.165760419938616,0.2683502391821812,1.8704614707079725,1.6925023419624998,0.05075371579795787,0.5539028703073311,0.0006502127745376894,0.9982201002176903,0.0530032055126337,1.075116731730854,1.0811270297527884,0.9542790131997737,0.8910113414755408,0.04572098680022629,0.10898865852445916,0.08026092177925519,0.08026092177925519,0.22176158653984002,0.20898033171649574
BedSet_08_07.obj,BedSet_08,SL,SL,,0.05886616013065547,0.9171374536492725,1.0625481282648004,39.21981548546487,5.488828515518218,0.1366505211021231,1.159080745607746,4.7355014188829445,0.024566412535254087,0.8204566243329848,7.30210459963623e-05,0.9936622257913885,0.08646035929526653,1.1134837069772496,1.1464528442439192,0.9272215168255011,0.9265063610806104,0.07277848317449886,0.07349363891938965,0.307245654185132,0.307245654185132,0.8191404685100451,0.787891356109934
BedSet_08_08.obj,BedSet_08,SL,OB,x,0.5158226255176316,0.48075897998952954,2.065358797628672,141.6388235753857,12.65768799639567,0.06414371720562571,1.3992524521742635,9.046035957624312,0.04002668696068893,0.947546302744804,1.9630304475012592e-05,0.9981754323753212,0.05050046037719165,1.0667287073230134,1.0699983098742079,0.9946853710254171,0.9870993350738968,0.005314628974582902,0.0129006649261032,0.13557234564864684,0.13557234564864684,0.4751193500872691,0.47203477578985187
BedSet_08_09.obj,BedSet_08,SL,SL,,0.7307309665514564,0.2449202399415879,3.713757899272781,11.058824469914603,3.2805332134330056,0.25917709416751034,1.8557238751786378,1.7677916726140226,0.050696118658700086,0.5721981458683355,0.0006686405512204497,0.998923441210762,0.040995290403195855,1.057960381332316,1.0621783874253938,0.9594883090448265,0.8974005998011664,0.040511690955173485,0.10259940019883362,0.07820887032782643,0.07820887032782643,0.22294277446592214,0.21088744205943696
BedSet_08_10.obj,BedSet_08,SL,SL,,0.31814936040408687,0.6184939817681098,1.4665968496975201,10.762099248428095,2.184257801012715,0.3262957657810379,1.1477937905807267,1.903005416773128,0.07330795378768198,0.6095053479604959,0.0028862963364040535,0.9985392665839661,0.04568759317439656,1.064340985607821,1.0720963699533093,0.9594060359100233,0.8988192118432987,0.04059396408997673,0.10118078815670128,0.19818493163694587,0.19818493163694584,0.5633671842303396,0.5333475091783307
BedSet_08_11.obj,BedSet_08,SL,SL,,0.3052392837552048,0.6301245243436502,1.439344477334065,10.748787881918714,1.4842790074554906,0.4759644363423146,1.3487285580335928,1.1005023942407757,0.07197460562411964,0.4967839920941093,0.0023389290066047194,0.9985033015853295,0.045965267358465005,1.0676177805345877,1.0716256130064794,0.9559799449567677,0.8988913150643115,0.044020055043232253,0.10110868493568848,0.20278999998948918,0.20278999998948918,0.5719331593249937,0.5414799105520353
BedSet_09_01.obj,BedSet_09,OB,OB,,0.9540633863922752,0.04416880754396514,21.769127531654597,25.985097883944995,49.297161351551594,0.019975953171328435,5.699476844753462,8.649418654946077,0.27621931703060465,0.9653050360355525,0.000491266435211579,0.7573874752158392,0.5397877967639569,1.2426125247841604,1.7073997168412285,0.8993797343502883,0.9673220921671648,0.10062026564971172,0.032677907832835196,0.017293533364433983,0.017293533364433983,0.039075473123977626,0.038426415852494865
BedSet_09_02.obj,BedSet_09,OB,OB,,0.9540635033539719,0.04416869058061768,21.769182959348957,25.985031697619927,49.2971613515509,0.01997595317132872,5.699476844753462,8.649418654945954,0.27621930521811855,0.9653050360355525,0.000491266435211572,0.7573847225520353,0.5397931749156263,1.2426152774479644,1.7074103942513847,0.8993799288780163,0.9673221427941839,0.10062007112198368,0.03267785720581606,0.01729353130614722,0.01729353130614722,0.03907537910549576,0.03842632441796048
BedSet_09_03.obj,BedSet_09,OB,OB,,0.9540634449029222,0.044168750942229884,21.76915525958791,25.98509284527117,49.29716135158041,0.01997595317131711,5.699476844756792,8.649418654946077,0.27621924094289263,0.9653054044779996,0.0004912664352112919,0.7573873362936795,0.5397879177649484,1.2426126637063202,1.7073961603410546,0.8993782924432039,0.9673216273093509,0.10062170755679611,0.032678372690649105,0.017293528802659122,0.017293528802659122,0.03907535116952755,0.03842628653728325
BedSet_09_04.obj,BedSet_09,OB,OB,,0.9540635618644135,0.04416863397908768,21.769210687326144,25.98502665898892,49.2971613515797,0.019975953171317395,5.699476844756792,8.649418654945954,0.2762192291229789,0.9653054044779997,0.000491266435211285,0.7573845750728315,0.5397933119633986,1.2426154249271681,1.7074068553236073,0.8993784869800409,0.9673216779389244,0.10062151301995914,0.03267832206107557,0.017293526840680175,0.017293526840680175,0.03907525715184839,0.03842619510360969
BedSet_09_05.obj,BedSet_09,M,M,,0.9971144610319508,0.0028044461552434166,346.5557079882037,35.58316536375664,81.33156411020025,0.012277010224862748,18.76922580352435,4.333240216211682,0.41412178565906693,0.9972655060036826,0.0006262290591563587,0.9722222222222222,0.18425693279752223,1.0277777777777777,1.3611111111111114,1.0,1.0,0.0,0.0,0.0008481820967352367,0.0008481820967352367,0.0028044461552434166,0.0028044461552434166
BedSet_09_06.obj,BedSet_09,M,M,,0.9984044287326368,0.001514895828721167,626.734775471694,19.777658407059977,100.7942807999015,0.00991290881124375,25.200549946311547,3.999685760160428,0.31485851114911345,0.991865064606789,0.00017319801360277687,0.9999999957836212,7.245316101810268e-05,1.0001057166082155,1.0001292223608456,1.0,1.0,0.0,0.0,0.0003976946717330972,0.0003976946717330972,0.001514895828721167,0.001514895828721167
BedSet_09_07.obj,BedSet_09,M,M,,0.9993277738288369,0.00042272903334836394,1487.5945669742755,2.6943241793559927,65.99853346464778,0.015143163428263759,33.00041899537549,1.9999301659308935,0.25167008643389627,0.9965298275447141,0.00020900948893635466,0.9722222222222222,0.18425693279752223,1.0277777777777777,1.3611111111111114,0.9965295525761436,0.9968707634385026,0.003470447423856382,0.0031292365614974393,0.00012876129940284694,0.00012876129940284694,0.00042060286027736075,0.0004199437460911307
BedSet_09_08.obj,BedSet_09,OB,OB,,0.749999999976335,0.08999664793637883,3.999999999521813,1.5624672654507645,2.4999738108339415,0.3368638966013955,1.99999999898226,1.2499869054294697,0.2743775861374856,0.999999999999224,0.0018623046940905792,1.0,1.2819751242557092e-16,1.0,1.0,1.0,1.0,0.0,0.0,0.02362412008329944,0.02362412008329944,0.08999664793637883,0.08999664793637883
BedSet_09_09.obj,BedSet_09,M,OB,x,0.9639516562000967,0.03543595333281904,27.740525488505252,58.86496563402595,68.0031425927612,0.014570899654333495,7.391578610782318,9.200083793243298,0.282101163076427,0.9999999999999694,0.000210875824046351,0.986159169550173,0.13701723096334825,1.2491349480968859,1.2491349480968859,0.9999984521785229,0.9999997381712235,1.5478214770991983e-06,2.618287765487892e-07,0.01090268674301268,0.010902686743012677,0.035435893845220445,0.03543588920615147
BedSet_09_10.obj,BedSet_09,M,M,,0.9971146470367221,0.002804260150471973,346.57804876107525,35.58087163672951,81.33156411020025,0.01227701134474043,18.769830774447065,4.333100551429167,0.4141242526498555,0.9972655060036825,0.0006262492438126605,0.9722222222222223,0.1842569327975222,1.0277777777777777,1.3611111111111114,1.0,1.0,0.0,0.0,0.0008481258410939045,0.0008481258410939045,0.002804260150471973,0.002804260150471973
BedSet_09_11.obj,BedSet_09,M,M,,0.9971144610319511,0.0028044461552431204,346.55570798822794,35.58316536371264,81.33156411020025,0.01227701022486275,18.769225803525003,4.33324021621153,0.4141217856590695,0.9972655060036827,0.0006262290591563806,0.972222222222222,0.18425693279752214,1.0277777777777777,1.3611111111111107,1.0,1.0,0.0,0.0,0.000848182096735147,0.000848182096735147,0.0028044461552431204,0.0028044461552431204
BedSet_09_12.obj,BedSet_09,M,M,,0.9971144610319508,0.0028044461552434166,346.5557079882037,35.58316536375664,81.33156411020025,0.012277010224862748,18.76922580352435,4.333240216211682,0.4141217856590671,0.9972655060036821,0.0006262290591563587,0.9722222222222222,0.18425693279752223,1.0277777777777777,1.3611111111111114,1.0,1.0,0.0,0.0,0.0008481820967352367,0.0008481820967352367,0.0028044461552434166,0.0028044461552434166
BedSet_09_13.obj,BedSet_09,M,M,,0.9971142750212066,0.0028046321659875337,346.5333693781109,35.58545916435544,81.33156411020025,0.012277009104949414,18.768620871670752,4.33337988097741,0.41411931882759717,0.9972655060036822,0.0006262088758035853,0.9722222222222223,0.18425693279752223,1.0277777777777777,1.3611111111111114,1.0,1.0,0.0,0.0,0.0008482383541829565,0.0008482383541829565,0.0028046321659875337,0.0028046321659875337
BedSet_09_14.obj,BedSet_09,M,M,,0.997114647036722,0.002804260150472276,346.5780487610512,35.5808716367771,81.33156411020025,0.01227701134474043,18.76983077444641,4.333100551429318,0.4141242526498529,0.997265506003682,0.0006262492438126385,0.9722222222222223,0.18425693279752223,1.0277777777777777,1.3611111111111114,1.0,1.0,0.0,0.0,0.0008481258410939961,0.0008481258410939961,0.002804260150472276,0.002804260150472276
BedSet_09_15.obj,BedSet_09,M,M,,0.9971142750212066,0.0028046321659875337,346.5333693781109,35.58545916435544,81.33156411020025,0.012277009104949414,18.768620871670752,4.33337988097741,0.41411931882759695,0.9972655060036828,0.0006262088758035853,0.9722222222222223,0.18425693279752223,1.0277777777777777,1.3611111111111114,1.0,1.0,0.0,0.0,0.0008482383541829565,0.0008482383541829565,0.0028046321659875337,0.0028046321659875337
BedSet_09_16.obj,BedSet_09,M,M,,0.9971144610319511,0.0028044461552431204,346.55570798822794,35.58316536371264,81.33156411020025,0.01227701022486275,18.769225803525003,4.33324021621153,0.41412178565907015,0.9972655060036811,0.0006262290591563806,0.972222222222222,0.18425693279752214,1.0277777777777777,1.3611111111111107,1.0,1.0,0.0,0.0,0.000848182096735147,0.000848182096735147,0.0028044461552431204,0.0028044461552431204
BedSet_09_17.obj,BedSet_09,M,M,,0.9971146470366999,0.00280426015049408,346.5780487584143,35.58087163698251,81.33156411020025,0.012277011344740296,18.769830774375002,4.333100551445803,0.41412425264956154,0.9972655060036826,0.0006262492438102562,0.9722222222222223,0.18425693279752225,1.0277777777777777,1.3611111111111114,1.0,1.0,0.0,0.0,0.0008481258411005907,0.0008481258411005907,0.00280426015049408,0.00280426015049408
BedSet_09_18.obj,BedSet_09,M,M,,0.9971144610319507,0.002804446155243519,346.5557079881795,35.58316536371552,81.33156411020025,0.012277010224862748,18.769225803523696,4.333240216211833,0.41412178565906393,0.9972655060036832,0.0006262290591563368,0.9722222222222223,0.18425693279752223,1.0277777777777777,1.3611111111111114,1.0,1.0,0.0,0.0,0.000848182096735268,0.000848182096735268,0.002804446155243519,0.002804446155243519
BedSet_09_19.obj,BedSet_09,M,M,,0.9971146470366999,0.002804260150494073,346.57804875841487,35.58087163698141,81.33156411020025,0.012277011344740296,18.769830774375002,4.333100551445803,0.41412425264956126,0.9972655060036831,0.0006262492438102562,0.9722222222222223,0.18425693279752225,1.0277777777777777,1.3611111111111114,0.9999999999999999,1.0,1.1102230246251565e-16,0.0,0.0008481258411005887,0.0008481258411005887,0.0028042601504940728,0.0028042601504940728
BedSet_09_20.obj,BedSet_09,M,M,,0.9979175547905913,0.002021360753333609,480.2047110204553,34.09124584482572,100.79428079990123,0.009908528574426555,20.16012318285576,4.999685758888387,0.30993219233970715,0.9669106024389297,0.00018474164500267116,0.9924617987891106,0.10060038180447142,1.1742050213437871,1.1742050213437871,0.999572717536395,0.9946542124958536,0.00042728246360501654,0.005345787504146382,0.0005993760976238456,0.0005993760976238455,0.002015096487359776,0.002009695913388462
BedSet_09_21.obj,BedSet_09,M,M,,0.9971142750211176,0.002804632166076595,346.5333693674201,35.58545916546844,81.33156411020025,0.012277009104948878,18.76862087138123,4.333379881044256,0.41411931882641656,0.9972655060036824,0.0006262088757939254,0.9722222222222223,0.18425693279752223,1.0277777777777777,1.3611111111111114,1.0,1.0,0.0,0.0,0.0008482383542098923,0.0008482383542098923,0.002804632166076595,0.002804632166076595
BedSet_09_22.obj,BedSet_09,M,M,,0.9971144610319508,0.002804446155243384,346.5557079882041,35.58316536374375,81.33156411020025,0.012277010224862748,18.76922580352435,4.333240216211682,0.4141217856590669,0.9972655060036828,0.0006262290591563587,0.9722222222222222,0.18425693279752223,1.0277777777777777,1.3611111111111114,1.0,1.0,0.0,0.0,0.0008481820967352269,0.0008481820967352269,0.002804446155243384,0.002804446155243384
BedSet_09_23.obj,BedSet_09,M,M,,0.9971146470369213,0.0028042601502728617,346.57804878500224,35.58087163431136,81.33156411020025,0.012277011344741628,18.769830775094974,4.333100551279594,0.4141242526524973,0.997265506003683,0.0006262492438342777,0.9722222222222223,0.1842569327975222,1.0277777777777777,1.3611111111111107,1.0,1.0,0.0,0.0,0.0008481258410336846,0.0008481258410336846,0.0028042601502728617,0.0028042601502728617
BedSet_09_24.obj,BedSet_09,OB,OB,,0.517899372503176,0.47534431866445037,2.0742557527712924,71.35562323420152,11.660901879547726,0.07018813780700375,1.4352230533018673,8.124801125869029,0.03483645325606737,0.9969241205267235,4.263318217923666e-05,0.996895813596624,0.061941176194926624,1.0821986302523983,1.1014124225294064,0.9924310041366496,0.989756283738873,0.0075689958633503585,0.010243716261126967,0.13600296253006272,0.1360029625300627,0.4693302211461826,0.4669140028095532
BedSet_09_25.obj,BedSet_09,M,M,,0.9975000894168019,0.002409667857669114,400.01430720001815,27.702073142015546,100.7942807999015,0.009908528064969354,20.15970083107311,4.999790503805559,0.29885639312432355,0.9918650646067985,7.697407278785342e-05,1.0,4.965068306494546e-17,1.0,1.0,1.0,1.0,0.0,0.0,0.0006325378126381423,0.0006325378126381423,0.002409667857669114,0.002409667857669114
BedSet_09_26.obj,BedSet_09,M,M,,0.997935770453972,0.001999776917612825,484.44224719297364,32.02708092319902,100.80483959824328,0.009907490298527066,20.15970083107311,5.000314261495597,0.3065204214696177,0.9669072981938133,0.00010777499078952036,0.9591836734693875,0.27380424214283133,1.3265306122448979,1.3265306122448979,0.999578227756492,0.9946789621691399,0.000421772243508034,0.005321037830860131,0.0006577588016863275,0.0006577588016863275,0.001993615266915554,0.0019882970666153404
BedSet_09_27.obj,BedSet_09,M,M,,0.9942379075462318,0.005626151293959395,173.54806574577765,42.386665390367206,61.00293308996796,0.016335167952288867,12.142836287565473,5.02377958741743,0.2767562987714195,0.9148884614961312,0.00026589283978979743,0.927437641723356,0.24873123266761157,1.072562358276644,1.4535147392290249,0.9999761913054003,0.9998193098936091,2.3808694599725122e-05,0.00018069010639087946,0.0017568390551846581,0.0017568390551846577,0.005625509059805365,0.0056250007769692665
BedSet_09_28.obj,BedSet_09,M,M,,0.9942378632455103,0.005626195859738572,173.54673146565955,42.38707391818343,61.00293308996796,0.016335165658337127,12.142583090331172,5.023884343307352,0.2767530052089509,0.9148711755429585,0.00026588729550590216,0.927437641723356,0.24873123266761157,1.072562358276644,1.4535147392290249,0.9999723430180709,0.9998188971596678,2.7656981929080615e-05,0.00018110284033223678,0.0017568612459929178,0.0017568612459929178,0.005625530810206243,0.0056250213642711384
BedSet_09_29.obj,BedSet_09,M,M,,0.9975001941612642,0.0024095631132067838,400.03106821516695,27.700912444998515,100.7942807999015,0.009908528574426529,20.16012318285576,4.9996857588884005,0.29885743825154526,0.9918650646067985,7.697568541777985e-05,1.0,4.965068306494546e-17,1.0,1.0,1.0,1.0,0.0,0.0,0.0006325103172167806,0.0006325103172167806,0.0024095631132067838,0.0024095631132067838
BedSet_09_30.obj,BedSet_09,OB,OB,,0.9767190810088633,0.023133750386386535,42.95363084165919,158.1921567478186,69.9960196062361,0.014113478463563638,6.392859533767266,10.949093942787671,0.29774014457314996,0.923115583644368,0.000187276102247448,0.8649236422211465,0.4333963578248754,1.6808702518098595,1.7755730592500407,0.8941968619303942,0.9760885706083217,0.10580313806960584,0.02391142939167834,0.00994822718436384,0.00994822718436384,0.02043880956761174,0.0201914921350356
BedSet_09_31.obj,BedSet_09,M,M,,0.9984506819353249,0.0006197077505178939,645.4452593047952,1.6666317498052623,31.999790479425513,0.031211176908864286,25.60010054856366,1.2499869054325712,0.23228523698205444,0.9999999999999422,0.00019398931027540822,0.9375,0.33071891388307384,1.512500000000001,1.5625,1.0,1.0,0.0,0.0,0.0002224946992629336,0.0002224946992629336,0.0006197077505178939,0.0006197077505178939
BedSet_09_32.obj,BedSet_09,M,M,,0.9984506819353249,0.0006196103707964962,645.4452593047959,1.6664571829639463,31.998114569726873,0.031212810009954732,25.60010054856366,1.249921440467126,0.23227850115928514,0.9999999999999413,0.00019397915056617714,0.9375,0.33071891388307384,1.512500000000001,1.5625,0.9999999999999973,0.9999999999999999,2.6645352591003757e-15,1.1102230246251565e-16,0.0002224597368604008,0.00022245973686040076,0.0006196103707964946,0.0006196103707964945
BedSet_09_33.obj,BedSet_09,OB,OB,,0.9817250753450062,0.01807894064592619,54.71978784469745,93.24701918807975,53.00251401075132,0.018536724450347174,5.300029329099137,10.000418998915167,0.5540147828421995,0.9929696953679784,0.003191835228138782,0.8535272660565706,0.3661483018109922,1.1648213577966406,1.440132487262332,0.985962671854864,0.9966581017668215,0.01403732814513603,0.003341898233178542,0.005873078918068674,0.0058730789180686735,0.017795375687165882,0.017765590750768875
BedSet_09_34.obj,BedSet_09,OB,OB,,0.9823711347327396,0.017432807527428568,56.72514849020148,89.91670148543845,53.00251400942861,0.01853672445080961,5.300029329099137,10.0004189986656,0.554014782830124,0.9929696953659791,0.0031625523360585854,0.8505450486965571,0.37013606130210935,1.18649198834048,1.4458337763295217,0.9960590952389282,0.9990392071755062,0.003940904761071784,0.0009607928244937947,0.005622237878445052,0.0056222378784450515,0.01735576483878365,0.01734742318432242
BedSet_09_35.obj,BedSet_09,OB,OB,,0.9817249361993333,0.018079063441312188,54.719371210218,93.23995047741045,53.00230449805913,0.018536795180970955,5.300008378801531,10.000418998738201,0.554014837904979,0.9929696843944178,0.0031918478450242284,0.8535401897468602,0.3661577506526209,1.1648084341063505,1.4400305328445586,0.9859627647154714,0.9966581047977591,0.014037235284528604,0.00334189520224093,0.0058730163920340675,0.0058730163920340675,0.017795498259569387,0.017765713145076203
BedSet_09_36.obj,BedSet_09,OB,OB,,0.9823710005268438,0.0174328692295016,56.724716653477536,89.88414608454123,52.99120221659577,0.018540677523161023,5.300008378801531,9.998324231962926,0.5539111729050982,0.9929671438126874,0.0031619023814522984,0.8505331838173228,0.37018933572666,1.1865038532197147,1.4457328043120274,0.9960589459739533,0.9990391441323928,0.00394105402604672,0.000960855867607191,0.005622206206620159,0.005622206206620159,0.017355823119957783,0.01734748088987644
BedSet_09_37.obj,BedSet_09,OB,OB,,0.9817250717658265,0.01807892931176343,54.719777127722345,93.23994238618553,53.002514009813396,0.01853672445067508,5.300029329099137,10.000418998738201,0.554014800698089,0.992969684394417,0.0031918352280822996,0.8535401897468604,0.3661577506526209,1.1648084341063505,1.4400305328445586,0.9859628306141395,0.9966581330177802,0.014037169385860526,0.003341866982219832,0.005872972249769641,0.005872972249769642,0.01779536767470576,0.01776558303071231
BedSet_09_38.obj,BedSet_09,OB,OB,,0.982371131381462,0.017432739811372347,56.725137706654685,89.88413722794235,52.99141168446404,0.0185406067780616,5.300029329099137,9.998324231962926,0.5539111356981963,0.9929671438127076,0.0031618898828807284,0.8505331838173227,0.37018933572666,1.1865038532197147,1.4457328043120274,0.9960588808971665,0.99903913272194,0.003941119102833457,0.0009608672780599958,0.005622164925225421,0.005622164925225421,0.017355693040816,0.017347350774144978
BedSet_09_39.obj,BedSet_09,OB,OB,,0.9817249397785399,0.018079074775551103,54.7193819271149,93.24702727697078,53.002304498997056,0.018536795180643047,5.300008378801531,10.000418998915167,0.5540148200490896,0.9929696953679794,0.003191847845080711,0.8535272660565704,0.3661483018109921,1.1648213577966404,1.440132487262332,0.9859626059558325,0.9966580735466278,0.014037394044167484,0.003341926453372168,0.005873123061125499,0.005873123061125498,0.017795506272072208,0.017765720865171686
BedSet_09_40.obj,BedSet_09,OB,OB,,0.9823710038781462,0.017432936946042796,56.72472743694407,89.91671034032588,53.002304497674345,0.018536795181105483,5.300008378801531,10.0004189986656,0.5540148200370237,0.9929696953659626,0.0031625648372487526,0.8505450486965571,0.37013606130210935,1.18649198834048,1.4458337763295217,0.9960591603161721,0.9990392185864391,0.003940839683827857,0.0009607814135609294,0.005622279160368589,0.005622279160368589,0.017355894918457772,0.017347553300595387
BedSet_09_41.obj,BedSet_09,M,M,,0.9948026733888816,0.00513946035852256,192.40661109510833,89.81619471947108,93.61575505820076,0.010626776788054484,9.853746744633895,9.50052375606282,0.5478022007003142,0.9768007199601527,0.0010819914490907809,0.4363168046866333,0.5092334536169624,1.4991385240431314,1.6217733994565775,1.0,1.0,0.0,0.0,0.00162648795126418,0.00162648795126418,0.00513946035852256,0.00513946035852256
BedSet_09_42.obj,BedSet_09,M,M,,0.9948026276933948,0.005139507795470714,192.4049194491634,89.81968748043012,93.61533603223094,0.010626823863723503,9.853702639314626,9.500523755825729,0.5478022973227308,0.9768001447334502,0.0010819962920735648,0.4362972918162425,0.5092365090565308,1.4990698807386922,1.6218722528843166,0.9999999999999999,1.0,1.1102230246251565e-16,0.0,0.0016265029211737579,0.0016265029211737579,0.005139507795470713,0.005139507795470713
BedSet_09_43.obj,BedSet_09,M,M,,0.9948026268621554,0.005139506367227218,192.40488867697874,89.81619471947104,93.61533603456718,0.010626823863458331,9.853702639314626,9.50052375606282,0.5478022007003142,0.9768007199601528,0.0010819962921005668,0.43631680468663314,0.5092334536169624,1.4991385240431312,1.621773399456577,1.0,1.0,0.0,0.0,0.0016265025116651867,0.0016265025116651867,0.005139506367227218,0.005139506367227218
BedSet_09_44.obj,BedSet_09,M,M,,0.9948026742201136,0.005139461786753268,192.40664186756854,89.81968748043008,93.61575505586453,0.010626776788319652,9.853746744633895,9.500523755825729,0.5478022973227308,0.9768001447334502,0.0010819914490637792,0.43629729181624244,0.5092365090565308,1.4990698807386922,1.6218722528843161,1.0,1.0,0.0,0.0,0.0016264883607690838,0.0016264883607690838,0.005139461786753268,0.005139461786753268
BedSet_09_45.obj,BedSet_09,OB,OB,,0.7203795911453409,0.27961013849634236,3.5762768679717327,27225.96429719397,312.03072364009023,0.0027888400919168503,1.7662512203632703,176.6627080156971,1.6676070504645817,0.9905664852301742,0.00012511600830473625,0.8888888888888888,0.31426968052735443,1.1111111111111112,1.1111111111111112,1.0,1.0,0.0,0.0,0.0816302342642267,0.0816302342642267,0.27961013849634236,0.27961013849634236
BedSet_09_46.obj,BedSet_09,OB,OB,,0.7203793193371403,0.27961041021260585,3.5762733916144827,27225.74704600199,312.0293269921913,0.002788852220569848,1.7662502963800133,176.66200969195603,1.6676070694240508,0.9905664479403858,0.00012511706289663856,0.8888888888888888,0.31426968052735443,1.1111111111111112,1.1111111111111112,1.0,1.0,0.0,0.0,0.0816303135898991,0.0816303135898991,0.27961041021260585,0.27961041021260585
BedSet_09_47.obj,BedSet_09,OB,OB,,0.7203770879695381,0.2796126415802043,3.5762448532499964,27225.964297156806,312.0293269921913,0.002788849544627701,1.7662433146319785,176.6627080156971,1.6676070504645817,0.9905664852301742,0.0001251165683258465,0.888888888888889,0.31426968052735443,1.1111111111111112,1.1111111111111112,1.0,1.0,0.0,0.0,0.08163096502214248,0.08163096502214248,0.2796126415802043,0.2796126415802043
BedSet_09_48.obj,BedSet_09,OB,OB,,0.7203818224929679,0.279607907148719,3.5763054065916973,27225.74704612873,312.03072364009023,0.0027888427678317874,1.7662582021425557,176.66200969195603,1.6676070694240508,0.990566447940386,0.00012511650287331462,0.888888888888889,0.31426968052735443,1.1111111111111112,1.1111111111111112,1.0,1.0,0.0,0.0,0.08162958283781493,0.08162958283781493,0.279607907148719,0.279607907148719
BedSet_09_49.obj,BedSet_09,OB,OB,,0.9767451894566824,0.023107362849042093,43.00185538545301,157.7156608478858,70.00335210154505,0.014112000442850617,6.392859533767266,10.950240924865,0.2977975180508161,0.9231152955541532,0.00019741981352338099,0.9278239026508055,0.2951230959766819,1.3993822736033648,1.3993988298907485,0.8709179580805857,0.9702425333063216,0.1290820419194143,0.029757466693678403,0.009000371690588562,0.009000371690588562,0.01982518845506057,0.019525759641006214
BedSet_09_50.obj,BedSet_09,M,M,,0.999303324517239,0.00025079383256813723,1435.3885341810287,1.562467265438312,45.499764283406776,0.02196454649656683,36.400192724388546,1.249986905432589,0.2272315481267395,0.9999999999999575,0.00011085088291631958,1.0,0.0,1.0,1.0,1.0,1.0,0.0,0.0,6.583338104913602e-05,6.583338104913602e-05,0.00025079383256813723,0.00025079383256813723
BedSet_09_51.obj,BedSet_09,M,M,,0.999303324517239,0.0002508405376276855,1435.3885341810287,1.562630947373681,45.5021474675544,0.02196339665397064,36.400192724388546,1.2500523771778755,0.2272380805140079,0.9999999999999575,0.00011085668905776321,1.0,8.709305949236425e-17,1.0,1.0,1.0,1.0,0.0,0.0,6.584564112726742e-05,6.584564112726742e-05,0.0002508405376276855,0.0002508405376276855
BedSet_10_01.obj,BedSet_10,OB,OB,,0.21976742394090515,0.774752534448506,1.2816691210854645,142.37712621586405,11.031762820098841,0.06722525407826994,1.1111123654170458,9.928575329800298,0.03842941058405673,0.9923011752293346,1.3810431435749883e-05,0.9999999999013797,1.2937230524645632e-05,1.0000172500673379,1.000018530803542,0.9582921475380629,0.9555559574684627,0.04170785246193709,0.04444404253153733,0.22501494071979827,0.22501494071979827,0.7259407687996848,0.7094422675521539
BedSet_10_02.obj,BedSet_10,OB,M,x,0.9768096225518409,0.022410915895629612,43.12133350288756,29.751791313904285,35.818108748479446,0.027590131264513276,6.566683599387884,5.454520261681438,0.1315912931160188,0.9999999999999905,1.968969056289704e-05,1.0,0.0,1.0,1.0,0.9999999999999996,1.0,4.440892098500626e-16,0.0,0.005882865422602776,0.005882865422602776,0.022410915895629602,0.022410915895629602
BedSet_10_03.obj,BedSet_10,OB,OB,,0.8472259388802615,0.1519946427628271,6.54561378201595,196.01034510533307,35.81910126032584,0.02599360100083079,2.5584397162161046,14.000369456393514,0.11943681775530021,0.9999999999999969,7.671495275740016e-06,1.0,0.0,1.0,1.0,0.9999999999999998,1.0,2.220446049250313e-16,0.0,0.03989859372524211,0.03989859372524211,0.15199464276282706,0.15199464276282706
BedSet_10_04.obj,BedSet_10,M,M,,0.9962484322687614,0.0026952815533118294,266.555230143676,3.5516584516069085,30.768703826974363,0.0324227082133466,16.32651922548094,1.8845844233257798,0.14369044082505877,0.9999999999999828,4.0188506010612957e-05,1.0,0.0,1.0,1.0,1.0,1.0,0.0,0.0,0.0007075114077443551,0.0007075114077443551,0.0026952815533118294,0.0026952815533118294
BedSet_10_05.obj,BedSet_10,M,M,,0.9981937047416274,0.0010500628778392792,553.619346208592,2.388545247175875,36.36405996194515,0.02746451287004747,23.529116979750356,1.5454919103194373,0.18192591453785187,0.9999999999999708,6.845056710227707e-05,1.0,0.0,1.0,1.0,1.0,1.0,0.0,0.0,0.00027564150543281076,0.00027564150543281076,0.0010500628778392792,0.0010500628778392792
BedSet_10_06.obj,BedSet_10,M,M,,0.9962484322687614,0.0026952815533118294,266.555230143676,3.5516584516069085,30.768703826974363,0.0324227082133466,16.32651922548094,1.8845844233257798,0.14369044082505877,0.9999999999999828,4.0188506010612957e-05,1.0,0.0,1.0,1.0,1.0,1.0,0.0,0.0,0.0007075114077443551,0.0007075114077443551,0.0026952815533118294,0.0026952815533118294
BedSet_10_07.obj,BedSet_10,M,M,,0.9981937047416274,0.0010500628778392785,553.6193462085921,2.3885452471758732,36.36405996194515,0.02746451287004747,23.529116979750356,1.5454919103194373,0.18192591453785187,0.9999999999999708,6.845056710227707e-05,1.0,0.0,1.0,1.0,1.0,1.0,0.0,0.0,0.00027564150543281054,0.00027564150543281054,0.0010500628778392785,0.0010500628778392785
BedSet_10_08.obj,BedSet_10,M,M,,0.9997584977073632,6.784806750951553e-06,4140.740845268057,1.0221208648918496,46.005467033979734,0.021726217856998516,45.9959263219956,1.000204524198985,1174.8677872089013,0.772353817758797,74940250.30931953,0.9995616214653439,0.024041463857466253,1.0379028305772067,1.041417477837555,0.9998168100622524,0.9999948805869595,0.0001831899377475743,5.119413040488574e-06,1.833037674417531e-06,1.833037674417531e-06,6.783546478692619e-06,6.7835291147600205e-06
BedSet_10_09.obj,BedSet_10,M,M,,0.9961113406088518,0.003836552346552016,257.15801208498675,74.626725130659,101.7325082673175,0.009807646568354223,15.071096128879208,6.750171688862516,328.0062749633401,0.9668313465977075,692994.8265186077,0.9999999998887373,1.1943440469673958e-05,1.000018113680772,1.0000198482580958,0.9999976168145752,0.9999997995453099,2.383185424781331e-06,2.0045469006912953e-07,0.0010071126261601772,0.0010071126261601772,0.0038365428188098425,0.0038365424342833034
BedSet_10_10.obj,BedSet_10,M,M,,0.9998940710069107,1.3264050616688187e-05,9440.284515031497,1.1413393640263059,71.50129627917028,0.013983005038392365,71.50129627916796,0.9999985496721056,589.1613078048542,0.7742774811803169,6397230.1269930145,0.9983759534312647,0.04646293870698306,1.0619592481523865,1.071891943003368,0.9999993778286358,0.999999039226319,6.221713642062809e-07,9.607736809469358e-07,3.6573848931559236e-06,3.6573848931559227e-06,1.3264035992304317e-05,1.3264029620432914e-05
BedSet_10_11.obj,BedSet_10,M,M,,0.9920828720899306,0.007816854014513859,126.30840967876827,78.95338473147898,71.67644898576893,0.01388876377236491,10.618460816897679,6.750171688862516,329.3157296653839,0.9663973445229448,1034009.2488927786,0.9993318236280033,0.030898163874953734,1.0427718668551946,1.0458606457299744,0.9999997730212885,0.9999998479286876,2.2697871149279791e-07,1.5207131243144545e-07,0.0021209168163707436,0.0021209168163707436,0.007816851645894915,0.007816851051535427
BedSet_10_12.obj,BedSet_10,M,M,,0.9960533399365284,0.0038937760633077786,253.37878140218456,74.62706191582109,100.98243157854523,0.009880166494524775,14.960206338476668,6.750067986804438,328.02742228354185,0.9668454914658091,698152.7440539992,0.9999999999099733,1.0792469970039418e-05,1.0000163984443393,1.0000181252640266,0.9999988082396177,0.9999998990222367,1.1917603822686473e-06,1.0097776326212227e-07,0.0010221310456717122,0.0010221310456717122,0.0038937712262675644,0.0038937710296754
BedSet_10_13.obj,BedSet_10,M,M,,0.9997585341882221,6.715094125203831e-06,4141.366431894793,1.021820768935286,46.005467033979734,0.021726217856998506,45.9959263219719,1.0002045241995003,1174.8635766552122,0.7723591878683035,74940250.30928113,0.9995573374751552,0.024162126057566184,1.0382633337503238,1.0417205583104785,0.9998090298185164,0.9999946647705531,0.00019097018148361844,5.335229446901124e-06,1.8146015696810755e-06,1.8146015696810755e-06,6.713793832597006e-06,6.713775922733952e-06
BedSet_10_14.obj,BedSet_10,M,M,,0.9997585341882672,6.715094080270389e-06,4141.366432666265,1.0218207687438812,46.005467033979734,0.0217262178569994,45.99592632597676,1.0002045241124125,1174.8635767111482,0.7723591878602347,74940250.31577173,0.9995573374747827,0.024162126068601127,1.0382633337928746,1.0417205583323137,0.99980902982027,0.9999946647706017,0.00019097017973002117,5.335229398273356e-06,1.814601557571057e-06,1.814601557571057e-06,6.713793787684205e-06,6.713775877821433e-06
BedSet_10_15.obj,BedSet_10,M,M,,0.9997584976436812,6.751518552239676e-06,4140.73975339123,1.0219759198450826,46.005467033979734,0.021726217856999405,45.99592632600046,1.0002045241118973,1174.8287592241297,0.7724054006250123,74940250.31581013,0.9995629984266812,0.024004521292956743,1.0378801209322153,1.0413541965115614,0.9998169406719594,0.9999948823843368,0.00018305932804063563,5.117615663241537e-06,1.8239826308980283e-06,1.8239826308980283e-06,6.750265351114205e-06,6.750248078438162e-06
BedSet_10_16.obj,BedSet_10,M,M,,0.9997585060031383,6.776628693609568e-06,4140.88308753999,1.0220860338378681,46.005467033979734,0.021726217856998506,45.9959263219719,1.0002045241995003,1174.8677872081118,0.7723538177594943,74940250.30928113,0.9995562738817672,0.024190125658514635,1.038265233672487,1.0417663074270738,0.9998084176647645,0.999994649725939,0.00019158233523552948,5.350274061011184e-06,1.8312696933311187e-06,1.8312696933311183e-06,6.775312286322145e-06,6.7752941613848685e-06
BedSet_10_17.obj,BedSet_10,M,M,,0.9997584977073619,6.784806752258256e-06,4140.740845245673,1.022120864897417,46.005467033979734,0.021726217856998423,45.99592632159275,1.0002045242077453,1174.867787207518,0.7723538177539335,74940250.30866662,0.9995616214653499,0.024041463857331538,1.0379028305767568,1.0414174778374015,0.9998168100625772,0.9999948805869681,0.00018318993742283407,5.119413031939857e-06,1.8330376747694104e-06,1.83303767476941e-06,6.783546480001311e-06,6.783529116068738e-06
BedSet_10_18.obj,BedSet_10,M,M,,0.9997584968090277,6.785691820492601e-06,4140.725442678181,1.022124634427947,46.005467033979734,0.021726217856999405,45.99592632600046,1.0002045241118973,1174.867153506634,0.7723538178798488,74940250.31581013,0.9995622561618562,0.02402365381354342,1.0378594847896077,1.0413807386240208,0.9998177420451534,0.9999949062244257,0.00018225795484660967,5.093775574338544e-06,1.8332264389049495e-06,1.83322643890495e-06,6.784437794933408e-06,6.784420515687636e-06
BedSet_10_19.obj,BedSet_10,M,M,,0.9997137889402754,2.3166190889621368e-07,3493.92432831389,1.0000568783580708,41.666050279939775,0.02398651864280566,41.6660502799362,0.9999990331477555,394.59928286407364,0.7763285513197602,3057904.1410374967,0.9995619182841529,0.023983280221427667,1.0368067014253692,1.039475126546562,0.9999899622108364,0.9999996000325103,1.003778916364162e-05,3.999674896837391e-07,6.252282328795612e-08,6.252282328795612e-08,2.3165953719466388e-07,2.3165949086651285e-07
BedSet_10_20.obj,BedSet_10,M,M,,0.9998940710069092,1.3264182231539812e-05,9440.284514902522,1.1413409851055771,71.50129627917028,0.013983005038392365,71.50129627916796,0.9999985496721056,589.1613073763165,0.7742780124840017,6397230.1269930145,0.9983750173192653,0.04647624294039862,1.0619797054973812,1.0719156150787896,0.9999993784478827,0.9999990415988094,6.215521173302818e-07,9.584011906316192e-07,3.6574760657782475e-06,3.6574760657782475e-06,1.326416763095919e-05,1.326416127475912e-05
BedSet_10_21.obj,BedSet_10,M,M,,0.9997584976436807,6.751518552643039e-06,4140.73975338431,1.0219759198468008,46.005467033979734,0.0217262178569994,45.99592632597676,1.0002045241124125,1174.8287592238794,0.7724054006249551,74940250.31577173,0.9995629984266803,0.024004521292978163,1.037880120932266,1.0413541965116275,0.9998169406719573,0.9999948823843369,0.00018305932804274505,5.117615663130515e-06,1.823982631007072e-06,1.823982631007072e-06,6.750265351517479e-06,6.750248078841435e-06
BedSet_10_22.obj,BedSet_10,M,M,,0.9994739296641143,4.219653684790965e-07,1900.8857483028635,1.0000495680179788,30.732842737651616,0.03250405239483997,30.732842737648976,0.9999990331477555,396.21047818235706,0.7762686603057529,4145433.583402627,0.9995617283202092,0.0239884633164982,1.0368121039244678,1.0394836004697066,0.9999905984173494,0.9999994405461279,9.401582650614415e-06,5.594538721176434e-07,1.1388400541942236e-07,1.1388400541942236e-07,4.219612833028391e-07,4.2196116526886916e-07
BedSet_10_23.obj,BedSet_10,M,M,,0.9997585826058033,6.666725237802781e-06,4142.197005625463,1.0216147297998994,46.005467033979734,0.0217262199844526,46.005467033979734,0.9999970990475197,1174.9201380130692,0.7724402284059431,74955712.79423295,0.9995582247722097,0.024137160563664026,1.0382038095486843,1.0416618409135845,0.9998092853939698,0.9999946728624458,0.00019071460603015122,5.327137554189676e-06,1.8014613460376182e-06,1.8014613460376182e-06,6.665436042030927e-06,6.665418288136311e-06
BedSet_10_24.obj,BedSet_10,M,M,,0.9997137887069082,2.3597622335346326e-07,3493.921479483863,1.0000719654873451,41.666050279939775,0.02398651864280566,41.6660502799362,0.9999990331477555,394.59928209153327,0.7763285513197923,3057904.1410374967,0.9995599061676768,0.024037666249798886,1.0368962907095178,1.0395844040758508,0.9999900528661091,0.9999996020235706,9.94713389090851e-06,3.979764293671195e-07,6.369154810858033e-08,6.369154810858033e-08,2.3597382911035419e-07,2.3597378215433387e-07
BedSet_10_25.obj,BedSet_10,M,M,,0.9997585826743843,6.700003648983703e-06,4142.19818232568,1.0217595814756064,46.005467033979734,0.0217262199844526,46.005467033979734,0.9999970990475197,1174.9590865048997,0.772388656344595,74955712.79423295,0.9995568367163302,0.024174171414127112,1.0382273706322362,1.0417257389828092,0.9998091488900513,0.9999946709025677,0.00019085110994865317,5.329097432338337e-06,1.8105156335250987e-06,1.8105156335250987e-06,6.69870709677168e-06,6.698689247692726e-06
BedSet_10_26.obj,BedSet_10,M,M,,0.9997585138448185,6.768665755253031e-06,4141.017552725934,1.0220520967993834,46.005467033979734,0.0217262178569994,45.99592632597676,1.0002045241124125,1174.8872783720446,0.7723270957258765,74940250.31577173,0.9995619561290712,0.02403222526130604,1.0378802456581764,1.0413984279746495,0.9998172824887926,0.9999948935823023,0.00018271751120735313,5.106417697686716e-06,1.8286508273203049e-06,1.8286508273203049e-06,6.7674117228324265e-06,6.7673944441728154e-06
BedSet_10_27.obj,BedSet_10,M,M,,0.9997585342554239,6.748375339288396e-06,4141.367584469143,1.0219656619283823,46.005467033979734,0.0217262178569994,45.99592632597676,1.0002045241124125,1174.9025068745707,0.7723076050428204,74940250.31577173,0.999555944520377,0.024199233376878244,1.038287188599476,1.041784718385358,0.999808895313213,0.9999946628648585,0.00019110468678695813,5.337135141503246e-06,1.8236577196923974e-06,1.8236577196923978e-06,6.747067688078783e-06,6.747049683024704e-06
BedSet_10_28.obj,BedSet_10,M,M,,0.9994633286127993,5.614901265409448e-07,1863.3355743061616,0.9989721762261078,30.55872005307814,0.0326888390825923,30.55519906627544,1.0001136220345812,659.5493160856812,0.7754056701474057,19148105.60003657,0.9996034973942455,0.02281416249894933,1.0371248723981674,1.0398516367090003,0.9999999999999967,0.9999999999999999,3.3306690738754696e-15,1.1102230246251565e-16,1.515102628606983e-07,1.515102628606983e-07,5.614901265409429e-07,5.614901265409428e-07
BedSet_10_29.obj,BedSet_10,M,M,,0.9997585059361617,6.743347074184638e-06,4140.881939095003,1.0219411220006867,46.005467033979734,0.021726217856998506,45.9959263219719,1.0002045241995003,1174.828759210366,0.7724054005769018,74940250.30928113,0.9995576636057972,0.024153090317722135,1.038241560463157,1.0417023006201784,0.9998085516833022,0.9999946516183237,0.0001914483166978176,5.348381676317793e-06,1.8222134840462492e-06,1.8222134840462496e-06,6.742038042193799e-06,6.742020012649221e-06
BedSet_10_30.obj,BedSet_10,M,M,,0.9994739276232062,4.257260645029056e-07,1900.8783737796257,1.000056722598466,30.732842737651616,0.03250405239483997,30.732842737648976,0.9999990331477555,396.21047740989405,0.7762686603057838,4145433.583402627,0.9995619172688397,0.02398330751522003,1.0367993603710528,1.0394726238452345,0.9999913306963933,0.9999994690253873,8.66930360665652e-06,5.309746127224457e-07,1.1489797580261936e-07,1.1489797580261933e-07,4.257222607305129e-07,4.2572214770662663e-07
BedSet_10_31.obj,BedSet_10,M,M,,0.9997584976436574,6.7515185759823615e-06,4140.739752983048,1.0219759199462166,46.005467033979734,0.021726217856996424,45.99592631263514,1.0002045244025335,1174.8287591971166,0.7724054004395,74940250.29414915,0.9995629984267022,0.02400452129156128,1.0378801208724378,1.0413541965031332,0.9998169406722691,0.9999948823843441,0.0001830593277308834,5.117615655914065e-06,1.823982637278537e-06,1.823982637278537e-06,6.7502653748546e-06,6.750248102178521e-06
BedSet_10_32.obj,BedSet_10,M,M,,0.9997585342553793,6.748375383876757e-06,4141.367583703616,1.0219656621183442,46.005467033979734,0.021726217856998506,45.9959263219719,1.0002045241995003,1174.902506818716,0.772307605050895,74940250.30928113,0.999555944520747,0.024199233365923275,1.0382871885569671,1.0417847183636622,0.9998088953114617,0.9999946628648101,0.00019110468853833495,5.33713518990897e-06,1.8236577317095456e-06,1.8236577317095456e-06,6.747067732646521e-06,6.747049727592161e-06
BedSet_10_33.obj,BedSet_10,CA,CA,,0.4972014905624419,0.5024631620471472,1.988863706141846,1499.3294438464254,69.43642996618676,0.011423357071286227,1.302772788157938,53.29895344612224,133.74289916825623,0.7852038982027449,166829006.95876843,0.9999575033813037,0.00889273540889083,1.012102193837176,1.0126573101764986,0.654662631535827,0.5348540164688467,0.34533736846417296,0.46514598353115333,0.26400316345557423,0.26400316345557423,0.2524403992224027,0.17593694252920725
BedSet_10_34.obj,BedSet_10,M,M,,0.9997584977073491,6.7848067648988995e-06,4140.740845028522,1.0221208649512694,46.005467033979734,0.021726217856996424,45.99592631263514,1.0002045244025335,1174.8677871949635,0.7723538176220874,74940250.29414915,0.9995616214651654,0.024041463862103943,1.0379028305480364,1.0414174778422598,0.9998168100641689,0.9999948805870112,0.00018318993583110732,5.119412988752181e-06,1.8330376781719866e-06,1.8330376781719866e-06,6.783546492650553e-06,6.7835291287180935e-06
BedSet_10_35.obj,BedSet_10,M,M,,0.9997584976437071,6.751518526338108e-06,4140.739753834159,1.0219759197347398,46.005467033979734,0.0217262178569997,45.99592632732751,1.0002045240830397,1174.828759253508,0.7724054006086485,74940250.31796087,0.999562998427207,0.02400452127790554,1.0378801208892543,1.0413541964810349,0.9998169406697196,0.9999948823842756,0.00018305933028039956,5.117615724414826e-06,1.8239826238627187e-06,1.8239826238627191e-06,6.750265325202116e-06,6.750248052525933e-06
BedSet_10_36.obj,BedSet_10,M,M,,0.9997584977073729,6.784806741284851e-06,4140.740845434461,1.022120864850669,46.005467033979734,0.0217262178569994,45.99592632597676,1.0002045241124125,1174.8677872216604,0.7723538178075586,74940250.31577173,0.9995616214651513,0.024041463863310703,1.037902830607761,1.0414174778504068,0.9998168100638546,0.9999948805870041,0.00018318993614541146,5.1194129958576085e-06,1.833037671825927e-06,1.8330376718259266e-06,6.783546469038734e-06,6.7835291051063115e-06
BedSet_10_37.obj,BedSet_10,M,M,,0.9997584976436699,6.751518563561648e-06,4140.739753196436,1.0219759198933087,46.005467033979734,0.021726217856998423,45.99592632159275,1.0002045242077453,1174.8287592097586,0.772405400571343,74940250.30866662,0.9995629984268809,0.024004521286937447,1.0378801209012052,1.041354196498511,0.999816940670678,0.9999948823843015,0.00018305932932205504,5.117615698546629e-06,1.823982633935645e-06,1.823982633935645e-06,6.750265362425306e-06,6.750248089749115e-06
BedSet_10_38.obj,BedSet_10,M,M,,0.9997584977073994,6.784806714682892e-06,4140.740845889438,1.0221208647373266,46.005467033979734,0.0217262178569997,45.99592632732751,1.0002045240830397,1174.8677872511887,0.7723538177912189,74940250.31796087,0.9995616214656777,0.024041463848251905,1.0379028305648028,1.0414174778198475,0.9998168100616192,0.9999948805869426,0.00018318993838084552,5.119413057363964e-06,1.8330376646009437e-06,1.8330376646009437e-06,6.78354644242634e-06,6.783529078493777e-06
BedSet_10_39.obj,BedSet_10,M,M,,0.9997585137810892,6.735377641110654e-06,4141.016459890828,1.0219071618886515,46.005467033979734,0.0217262178569994,45.99592632597676,1.0002045241124125,1174.8482750677806,0.7723786999380651,74940250.31577173,0.9995633320864303,0.023995294962405888,1.0378575580530596,1.0413351708662908,0.9998174133090749,0.9999948953853908,0.0001825866909250795,5.104614609230396e-06,1.8195961099022225e-06,1.819596109902223e-06,6.734130663180283e-06,6.734113475565533e-06
BedSet_10_40.obj,BedSet_10,CA,CA,,0.4972981656502214,0.5023664846818314,1.9892461865406266,1499.0309797364753,69.43539283997029,0.011423464422180198,1.3027533294989406,53.29895344612224,133.74340610637748,0.7852174551875694,166824902.43046457,0.9999666343067398,0.00785516716743036,1.010671963103497,1.0111282878763563,0.6546331905353473,0.5347991668078214,0.3453668094646527,0.46520083319217864,0.2638166997732621,0.2638166997732621,0.252371458489299,0.17587714229330392
BedSet_10_41.obj,BedSet_10,M,M,,0.9997585341882157,6.715094131748682e-06,4141.366431782621,1.0218207689631664,46.005467033979734,0.021726217856998506,45.9959263219719,1.0002045241995003,1174.8635766478192,0.7723591878781412,74940250.30928113,0.9995573374751108,0.024162126058932813,1.0382633337534029,1.0417205583130615,0.9998090298189066,0.9999946647705638,0.00019097018109337505,5.335229436242983e-06,1.8146015714521617e-06,1.8146015714521621e-06,6.713793839143246e-06,6.71377592928021e-06
BedSet_10_42.obj,BedSet_10,M,M,,0.992076610974801,0.007823035826632213,126.20859991018344,78.95338217849984,71.67644898576893,0.01388876377236491,10.618460816897679,6.750171688862516,329.3690564500682,0.9662093254132804,1034009.2488927786,0.9993313089727741,0.030910109771423572,1.0427932352773963,1.0458835428179751,0.999999548004471,0.9999997681758342,4.519955290049893e-07,2.3182416575284748e-07,0.0021226268311603878,0.0021226268311603878,0.007823031383871028,0.00782303047708706
BedSet_10_43.obj,BedSet_10,M,M,,0.9684277215042767,0.03133336711621707,31.67334247919007,132.14886710044075,70.001350305769,0.014078631546677368,5.833352792340598,12.000190000064597,58.737991565747464,0.7332491600610205,17925203.63173584,0.9995545741517387,0.029513208274307465,1.0394394740361,1.0422949973139835,0.7522719858388868,0.8017700293789155,0.24772801416111323,0.1982299706210845,0.013063602990967,0.013063602990967,0.021234953744088927,0.01889869318464236
BedSet_10_44.obj,BedSet_10,M,M,,0.9997584967456049,6.75240309302559e-06,4140.724355255266,1.0219796865761803,46.005467033979734,0.021726217856999405,45.99592632600046,1.0002045241118973,1174.8281260707947,0.7724054006972532,74940250.31581013,0.9995636335215655,0.023986678896507057,1.037836760317204,1.0413174089129955,0.9998178723720573,0.9999949080138872,0.00018212762794267423,5.091986112759628e-06,1.824171443495576e-06,1.824171443495576e-06,6.751156105427016e-06,6.751138916986687e-06
BedSet_10_45.obj,BedSet_10,M,M,,0.9997584976436714,6.751518561981023e-06,4140.739753223518,1.0219759198865754,46.005467033979734,0.021726217856998516,45.9959263219956,1.000204524198985,1174.8287592111435,0.772405400576214,74940250.30931953,0.9995629984268749,0.024004521287081068,1.037880120901661,1.0413541964986774,0.9998169406703533,0.9999948823842923,0.00018305932964668425,5.117615707650458e-06,1.8239826335097847e-06,1.8239826335097847e-06,6.750265360842751e-06,6.750248088166534e-06
BedSet_10_46.obj,BedSet_10,OB,OB,,0.519597621897042,0.4700242134006219,2.0815881816262354,46.28971543292924,9.999998549743768,0.08164965712556416,1.4285713989740632,6.999998984817737,35.96653190712212,0.9992251479733673,13770.9007925499,0.9999599276794039,0.0073324173461842765,1.011389568541352,1.0124587638158113,0.9700883984221943,0.9584387179275574,0.029911601577805702,0.041561282072442585,0.1352464151146071,0.1352464151146071,0.44648979065101774,0.43701454490457453
BedSet_10_47.obj,BedSet_10,OB,OB,,0.9550546818709094,0.03596214400222625,22.24925470407527,5.003259238236291,6.761875140100466,0.1432226927508678,4.749156760837155,1.423805282632869,36.883494888474246,0.9997894028511395,54740.831754736224,0.8177431398895506,0.31687864447514197,1.1822698164141834,1.7474359824017203,1.0,1.0,0.0,0.0,0.01197466830662743,0.01197466830662743,0.03596214400222625,0.03596214400222625
BedSet_11_01.obj,BedSet_11,OB,OB,,0.3834474098032569,0.6110722266631378,1.6219216590766634,112.50213355664924,11.031750210889498,0.07060709747526983,1.249999761853647,8.825401849943674,0.03713112301406441,0.9923014750810869,1.3625258721948177e-05,0.9999999999883892,4.1881911349369415e-06,1.000005744156225,1.0000064284227967,0.9776365346965437,0.9690033030237545,0.022363465303456342,0.03099669697624552,0.17087256269934292,0.1708725626993429,0.5881477194693115,0.5788889048143724
BedSet_11_02.obj,BedSet_11,OB,OB,,0.9712727052582939,0.027761738446092407,34.81009990641755,29.75206611163015,32.18186434635127,0.030622098642532795,5.9000084660877885,5.454545451631007,0.12628544864116628,0.9999999999999923,1.9218474965252768e-05,1.0,0.0,1.0,1.0,0.9999999999999993,0.9999999999999999,6.661338147750939e-16,1.1102230246251565e-16,0.007287456342099263,0.007287456342099263,0.02776173844609239,0.027761738446092386
BedSet_11_03.obj,BedSet_11,OB,OB,,0.8107497175291171,0.18828468158352216,5.284007965239101,195.9922416683233,32.18112125355684,0.028483014913883227,2.2986970145822894,13.999722907461774,0.11464611200550998,0.9999999999999977,7.487519925243894e-06,1.0,0.0,1.0,1.0,1.0,1.0,0.0,0.0,0.04942472891567456,0.04942472891567456,0.18828468158352216,0.18828468158352216
BedSet_11_04.obj,BedSet_11,M,M,,0.9962484294099887,0.0026953661570284855,266.55502702320024,3.551936038873299,30.76989447637728,0.03242145488120966,16.326513005065078,1.8846580687283483,0.1375414486298719,0.9999999999999857,3.5245491195029325e-05,1.0,9.064933036736789e-17,1.0,1.0,1.0,1.0,0.0,0.0,0.0007075336162199774,0.0007075336162199774,0.0026953661570284855,0.0026953661570284855
BedSet_11_05.obj,BedSet_11,M,M,,0.9981938113150575,0.0010499557281664204,553.6520122933567,2.388402500415629,36.36404610806336,0.02746452478592465,23.52981113281366,1.5454457279989493,0.17413835620613938,0.9999999999999749,6.003088736357618e-05,1.0,0.0,1.0,1.0,1.0,1.0,0.0,0.0,0.0002756133786436853,0.0002756133786436853,0.0010499557281664204,0.0010499557281664204
BedSet_11_06.obj,BedSet_11,M,M,,0.9962484294099887,0.0026953661570284855,266.55502702320024,3.551936038873299,30.76989447637728,0.03242145488120966,16.326513005065078,1.8846580687283483,0.1375414486298719,0.9999999999999857,3.5245491195029325e-05,1.0,0.0,1.0,1.0,1.0,1.0,0.0,0.0,0.0007075336162199774,0.0007075336162199774,0.0026953661570284855,0.0026953661570284855
BedSet_11_07.obj,BedSet_11,M,M,,0.9981938113150575,0.0010499557281664204,553.6520122933567,2.388402500415629,36.36404610806336,0.02746452478592465,23.52981113281366,1.5454457279989493,0.17413835620613938,0.9999999999999749,6.003088736357618e-05,1.0,0.0,1.0,1.0,1.0,1.0,0.0,0.0,0.0002756133786436853,0.0002756133786436853,0.0010499557281664204,0.0010499557281664204
BedSet_11_08.obj,BedSet_11,M,M,,0.9936345640865808,0.005741301651411431,157.09833619249412,10.197849147132757,38.095089630242626,0.026167582371915778,13.333293478837843,2.857138865280923,380.8245359077605,0.999749450357659,901978.7124260261,0.9382716049382717,0.2793508271354262,1.2839506172839505,1.5061728395061729,1.0,1.0,0.0,0.0,0.0019215568867347011,0.0019215568867347011,0.005741301651411431,0.005741301651411431
BedSet_11_09.obj,BedSet_11,M,M,,0.9936345640872034,0.00574130165078876,157.09833620785918,10.197849146133668,38.095089630242626,0.02616758237192293,13.33329347948994,2.8571388651411875,380.8245359125379,0.9997494503576473,901978.7124701286,0.9382716049382717,0.27935082713542625,1.2839506172839508,1.506172839506173,1.0,1.0,0.0,0.0,0.0019215568865262995,0.0019215568865262995,0.00574130165078876,0.00574130165078876
BedSet_11_10.obj,BedSet_11,M,M,,0.9936345640872034,0.005741301650788968,157.09833620785932,10.197849146137132,38.095089630242626,0.02616758237192293,13.33329347948994,2.8571388651411875,380.8245359125382,0.9997494503576465,901978.7124701286,0.9382716049382717,0.27935082713542625,1.2839506172839508,1.506172839506173,1.0,1.0,0.0,0.0,0.0019215568865263689,0.0019215568865263689,0.005741301650788968,0.005741301650788968
BedSet_11_11.obj,BedSet_11,M,M,,0.994313398300283,0.005032238213401242,175.8518467303469,8.68937881432041,38.095089630242626,0.026167582371922935,13.33329347949052,2.8571388651410636,380.8245359125422,0.9997494503576473,701538.9985879082,0.9387755102040819,0.258145115115786,1.346938775510204,1.346938775510204,0.9567265360291907,0.995570729923238,0.043273463970809334,0.004429270076761971,0.0017242139935300725,0.001724213993530073,0.004803813527506835,0.004793151220632575
BedSet_11_12.obj,BedSet_11,M,M,,0.993634564087204,0.005741301650788399,157.09833620787265,10.197849146135813,38.095089630242626,0.026167582371922935,13.33329347949052,2.8571388651410636,380.8245359125421,0.9997494503576473,901978.7124701677,0.9382716049382717,0.27935082713542625,1.2839506172839508,1.506172839506173,1.0,1.0,0.0,0.0,0.0019215568865261785,0.0019215568865261785,0.005741301650788399,0.005741301650788399
BedSet_11_13.obj,BedSet_11,M,M,,0.993634564087204,0.005741301650788349,157.0983362078728,10.197849146135093,38.095089630242626,0.026167582371922935,13.33329347949052,2.8571388651410636,380.8245359125421,0.9997494503576473,901978.7124701677,0.9382716049382717,0.27935082713542625,1.2839506172839508,1.506172839506173,1.0,1.0,0.0,0.0,0.001921556886526162,0.001921556886526162,0.005741301650788349,0.005741301650788349
BedSet_11_14.obj,BedSet_11,M,M,,0.9936345640878266,0.005741301650165701,157.09833622323805,10.197849145136471,38.095089630242626,0.02616758237193009,13.333293480142617,2.8571388650013283,380.8245359173202,0.9997494503576337,901978.71251427,0.9382716049382717,0.2793508271354262,1.2839506172839508,1.506172839506173,1.0,1.0,0.0,0.0,0.0019215568863177677,0.0019215568863177677,0.005741301650165701,0.005741301650165701
BedSet_11_15.obj,BedSet_11,M,M,,0.993634564087204,0.005741301650788201,157.09833620787293,10.19784914613275,38.095089630242626,0.026167582371922935,13.33329347949052,2.8571388651410636,380.8245359125421,0.9997494503576473,901978.7124701677,0.9382716049382717,0.27935082713542625,1.2839506172839508,1.506172839506173,1.0,1.0,0.0,0.0,0.0019215568865261123,0.0019215568865261123,0.005741301650788201,0.005741301650788201
BedSet_11_16.obj,BedSet_11,M,M,,0.9936345640870796,0.005741301650912681,157.09833620480242,10.197849146333178,38.095089630242626,0.02616758237192151,13.333293479360217,2.8571388651689857,380.8245359115875,0.9997494503576496,901978.712461355,0.9382716049382717,0.2793508271354262,1.2839506172839508,1.506172839506173,1.0,1.0,0.0,0.0,0.0019215568865677745,0.0019215568865677745,0.005741301650912681,0.005741301650912681
BedSet_11_17.obj,BedSet_11,M,M,,0.9936345640871415,0.005741301650850873,157.09833620633106,10.197849146236068,38.095089630242626,0.02616758237192222,13.333293479425079,2.8571388651550866,380.8245359120627,0.9997494503576485,901978.7124657418,0.9382716049382717,0.2793508271354262,1.2839506172839505,1.5061728395061729,0.9999999999999999,1.0,1.1102230246251565e-16,0.0,0.0019215568865470884,0.0019215568865470884,0.005741301650850872,0.005741301650850872
BedSet_11_18.obj,BedSet_11,M,M,,0.9936345640872659,0.00574130165072628,157.0983362094012,10.197849146033573,38.095089630242626,0.026167582371923646,13.333293479555381,2.8571388651271645,380.8245359130173,0.999749450357646,901978.7124745543,0.9382716049382717,0.2793508271354262,1.2839506172839508,1.506172839506173,1.0,1.0,0.0,0.0,0.001921556886505388,0.001921556886505388,0.00574130165072628,0.00574130165072628
BedSet_11_19.obj,BedSet_11,M,M,,0.9936345640873278,0.005741301650664208,157.0983362109294,10.197849145931903,38.095089630242626,0.02616758237192436,13.333293479620245,2.8571388651132654,380.8245359134926,0.9997494503576444,901978.7124789411,0.9382716049382717,0.27935082713542625,1.2839506172839508,1.506172839506173,1.0,1.0,0.0,0.0,0.0019215568864846132,0.0019215568864846132,0.005741301650664208,0.005741301650664208
BedSet_11_20.obj,BedSet_11,M,M,,0.9936345640874527,0.005741301650539182,157.09833621401373,10.197849145730805,38.095089630242626,0.026167582371925794,13.333293479751127,2.857138865085219,380.82453591445153,0.9997494503576421,901978.7124877928,0.9382716049382717,0.27935082713542625,1.2839506172839508,1.506172839506173,1.0,1.0,0.0,0.0,0.0019215568864427682,0.0019215568864427682,0.005741301650539182,0.005741301650539182
BedSet_11_21.obj,BedSet_11,M,M,,0.9998932380828571,2.2294290402544856e-05,9366.631784031795,1.2588059538083687,77.09582507727477,0.012968499765928693,72.10581589888042,1.0692014381381394,1013.6726327148972,0.7706434085152426,11879181.338828573,1.0,3.5111933797109024e-11,1.0000000000528004,1.000000000061037,1.0,1.0,0.0,0.0,5.852251230914174e-06,5.852251230914174e-06,2.2294290402544856e-05,2.2294290402544856e-05
BedSet_11_22.obj,BedSet_11,M,M,,0.9998944354161118,2.202488341448918e-05,9472.869919674762,1.2585139763079798,77.55864696129171,0.012891138593980245,72.51358192127672,1.0695715311197476,1013.5760190196736,0.7710084946627679,11816593.322933147,0.9999999996932524,2.080762017233342e-05,1.0000336515371115,1.0000336515663113,1.0,1.0,0.0,0.0,5.7816757594594695e-06,5.7816757594594695e-06,2.202488341448918e-05,2.202488341448918e-05
BedSet_11_23.obj,BedSet_11,M,M,,0.9998858907221839,2.3828665342253974e-05,8763.525242955673,1.258807079284306,74.63703981321463,0.013395559946523045,69.74578913838789,1.0701271510748471,1013.802867727526,0.7712575959265016,12290931.579094743,1.0,4.2773618819650354e-11,1.0000000000648093,1.0000000000737215,1.0,1.0,0.0,0.0,6.255024652661921e-06,6.255024652661921e-06,2.3828665342253974e-05,2.3828665342253974e-05
BedSet_11_24.obj,BedSet_11,M,M,,0.9998796038368236,3.1660990932451246e-05,8305.90860137472,1.3514760709946911,73.86101010032975,0.013536248486077556,69.05647038606091,1.0695715310464813,1013.7736600507926,0.7709324854598495,11993369.034348847,0.9989917331430328,0.03674900378877021,1.047440656463899,1.0620179077397103,1.0,1.0,0.0,0.0,8.651496362348698e-06,8.651496362348698e-06,3.1660990932451246e-05,3.1660990932451246e-05
BedSet_11_25.obj,BedSet_11,M,M,,0.9998920348830804,2.2525728080012623e-05,9262.246826382783,1.2585139761068949,76.69156711842477,0.01303683382762047,71.70290423390492,1.0695715309920892,1013.6206588124151,0.7709913273318357,11949926.40890593,0.9999999996932526,2.0807623772157332e-05,1.0000336515429327,1.0000336515721329,1.0,1.0,0.0,0.0,5.913150755625268e-06,5.913150755625268e-06,2.2525728080012623e-05,2.2525728080012623e-05
BedSet_11_26.obj,BedSet_11,OB,OB,,0.3665960751982387,0.6321844190495516,1.5787712605611486,519.3938908920431,18.348664785527966,0.042518777055658256,1.250001461450491,14.678914397225608,139.96336733587705,0.9990203983538702,5866.358933791374,0.7726017395859843,0.6498529710998535,2.1053020382321863,2.1536830935841915,0.8518150633624731,0.8913416562422545,0.14818493663752685,0.10865834375774552,0.3261869802839903,0.3261869802839903,0.5092477231342054,0.47999123529894877
BedSet_11_27.obj,BedSet_11,M,M,,0.9963365457958011,0.003621403313020422,272.9664025634249,87.11751826336817,113.27325373528971,0.008809514075279723,15.49026150370208,7.312544603699432,370.02326089932257,0.9655539257552156,846727.0326511977,0.9999999999999599,2.459586472275233e-07,1.000000375878705,1.0000003978270695,1.0,1.0,0.0,0.0,0.0009506186437384916,0.0009506186437384916,0.003621403313020422,0.003621403313020422
BedSet_11_28.obj,BedSet_11,M,M,,0.9939684025924264,0.005484505307730985,165.79345636524812,11.023699692623346,38.09518963014576,0.02616751411299248,13.333328479487824,2.8571388651411875,377.1577158694858,0.9997494510151781,901976.3453685131,0.8888888888888887,0.4444444444444444,1.4444444444444444,1.7777777777777777,0.9999999999999741,0.9999999999999974,2.5868196473766147e-14,2.55351295663786e-15,0.0020475486482196214,0.0020475486482196214,0.005484505307730836,0.005484505307730829
BedSet_11_29.obj,BedSet_11,M,M,,0.9936345993332598,0.005741269860000695,157.09920608243516,10.197849135913236,38.09518963014576,0.02616751411299248,13.333328479487824,2.8571388651411875,380.824526537597,0.9997494510151764,901976.3453685131,0.9382716049382717,0.27935082713542625,1.2839506172839508,1.506172839506173,1.0,1.0,0.0,0.0,0.0019215462464639147,0.0019215462464639147,0.005741269860000695,0.005741269860000695
BedSet_11_30.obj,BedSet_11,M,M,,0.9936345993338824,0.005741269859378034,157.09920609780036,10.197849134914302,38.09518963014576,0.026167514112999626,13.333328480139922,2.857138865001452,380.82452654237505,0.999749451015163,901976.3454126153,0.9382716049382717,0.27935082713542625,1.2839506172839508,1.506172839506173,1.0,1.0,0.0,0.0,0.001921546246255516,0.001921546246255516,0.005741269859378034,0.005741269859378034
BedSet_11_31.obj,BedSet_11,M,M,,0.9936345993326373,0.005741269860623264,157.09920606706982,10.197849136910612,38.09518963014576,0.026167514112985325,13.333328478835725,2.857138865280923,380.82452653281973,0.9997494510151878,901976.3453244108,0.9382716049382717,0.2793508271354262,1.2839506172839505,1.5061728395061729,1.0,1.0,0.0,0.0,0.0019215462466722823,0.0019215462466722823,0.005741269860623264,0.005741269860623264
BedSet_11_32.obj,BedSet_11,M,M,,0.9936345993332598,0.00574126986000064,157.09920608243507,10.197849135912314,38.09518963014576,0.02616751411299248,13.333328479487824,2.8571388651411875,380.824526537597,0.9997494510151764,901976.3453685131,0.9382716049382717,0.27935082713542625,1.2839506172839508,1.506172839506173,1.0,1.0,0.0,0.0,0.0019215462464638963,0.0019215462464638963,0.00574126986000064,0.00574126986000064
BedSet_11_33.obj,BedSet_11,M,M,,0.9936345993332598,0.005741269860000695,157.09920608243516,10.197849135913236,38.09518963014576,0.02616751411299248,13.333328479487824,2.8571388651411875,380.8245265375974,0.9997494510151754,901976.3453685131,0.9382716049382717,0.27935082713542625,1.2839506172839508,1.506172839506173,1.0,1.0,0.0,0.0,0.0019215462464639147,0.0019215462464639147,0.005741269860000695,0.005741269860000695
BedSet_11_34.obj,BedSet_11,M,M,,0.9943134291682145,0.005032210897624323,175.85280129261125,8.689378816282725,38.09518963014576,0.026167514112992483,13.333328479488403,2.8571388651410636,380.82452653760197,0.9997494510151743,701537.157508874,0.9387755102040819,0.258145115115786,1.346938775510204,1.346938775510204,0.9567265459613703,0.9955707425280051,0.0432734540386297,0.004429257471994852,0.0017242045977043142,0.0017242045977043142,0.0048037875318675165,0.004793125313101749
BedSet_11_35.obj,BedSet_11,M,M,,0.9936345993332605,0.005741269859999817,157.0992060824486,10.19784913590693,38.09518963014576,0.026167514112992483,13.333328479488403,2.8571388651410636,380.82452653760123,0.9997494510151762,901976.3453685521,0.9382716049382717,0.2793508271354262,1.2839506172839508,1.506172839506173,1.0,1.0,0.0,0.0,0.0019215462464636209,0.0019215462464636209,0.005741269859999817,0.005741269859999817
BedSet_11_36.obj,BedSet_11,M,M,,0.9936345993332605,0.005741269860000344,157.0992060824487,10.197849135915584,38.09518963014576,0.026167514112992483,13.333328479488403,2.8571388651410636,380.824526537602,0.9997494510151743,901976.3453685521,0.9382716049382717,0.2793508271354262,1.2839506172839508,1.506172839506173,1.0,1.0,0.0,0.0,0.001921546246463797,0.001921546246463797,0.005741269860000344,0.005741269860000344
BedSet_11_37.obj,BedSet_11,M,M,,0.993634599333883,0.005741269859377631,157.09920609781403,10.197849134915886,38.09518963014576,0.026167514112999637,13.333328480140501,2.8571388650013283,380.82452654237926,0.999749451015163,901976.3454126545,0.9382716049382717,0.27935082713542614,1.2839506172839505,1.5061728395061729,1.0,1.0,0.0,0.0,0.0019215462462553812,0.0019215462462553812,0.005741269859377631,0.005741269859377631
BedSet_11_38.obj,BedSet_11,M,M,,0.9936345993332605,0.005741269860000259,157.09920608244883,10.197849135914295,38.09518963014576,0.026167514112992483,13.333328479488403,2.8571388651410636,380.8245265376017,0.9997494510151752,901976.3453685521,0.9382716049382717,0.2793508271354262,1.2839506172839508,1.506172839506173,0.9999999999999999,1.0,1.1102230246251565e-16,0.0,0.001921546246463769,0.001921546246463769,0.005741269860000258,0.005741269860000258
BedSet_11_39.obj,BedSet_11,M,M,,0.993634599333136,0.005741269860124678,157.09920607937835,10.197849136113765,38.09518963014576,0.026167514112991057,13.333328479358098,2.8571388651689857,380.82452653664706,0.9997494510151776,901976.3453597396,0.9382716049382717,0.2793508271354262,1.2839506172839508,1.506172839506173,0.9999999999999999,1.0,1.1102230246251565e-16,0.0,0.0019215462465054108,0.0019215462465054108,0.0057412698601246774,0.0057412698601246774
BedSet_11_40.obj,BedSet_11,M,M,,0.993634599333198,0.005741269860062581,157.0992060809068,10.197849136011818,38.09518963014576,0.026167514112991768,13.333328479422962,2.8571388651550866,380.82452653712215,0.9997494510151765,901976.3453641264,0.9382716049382717,0.27935082713542625,1.2839506172839508,1.506172839506173,1.0,1.0,0.0,0.0,0.0019215462464846273,0.0019215462464846273,0.005741269860062581,0.005741269860062581
BedSet_11_41.obj,BedSet_11,M,M,,0.9936345993333224,0.005741269859938057,157.0992060839771,10.197849135810511,38.09518963014576,0.026167514112993197,13.333328479553265,2.8571388651271645,380.8245265380768,0.9997494510151743,901976.345372939,0.9382716049382717,0.2793508271354262,1.2839506172839508,1.506172839506173,1.0,1.0,0.0,0.0,0.0019215462464429501,0.0019215462464429501,0.005741269859938057,0.005741269859938057
BedSet_11_42.obj,BedSet_11,M,M,,0.9936345993333843,0.0057412698598763605,157.0992060855053,10.197849135714945,38.09518963014576,0.02616751411299391,13.333328479618128,2.8571388651132654,380.82452653855205,0.9997494510151728,901976.3453773257,0.9382716049382717,0.27935082713542625,1.2839506172839508,1.506172839506173,1.0,1.0,0.0,0.0,0.001921546246422301,0.001921546246422301,0.0057412698598763605,0.0057412698598763605
BedSet_11_43.obj,BedSet_11,M,M,,0.9936345993335092,0.005741269859751254,157.09920608858954,10.197849135512465,38.09518963014576,0.02616751411299534,13.33332847974901,2.857138865085219,380.824526539511,0.9997494510151703,901976.3453861775,0.9382716049382717,0.27935082713542625,1.2839506172839508,1.506172839506173,1.0,1.0,0.0,0.0,0.0019215462463804292,0.0019215462463804292,0.005741269859751254,0.005741269859751254
BedSet_11_44.obj,BedSet_11,M,M,,0.9997968351896869,4.239878086927231e-05,4922.10818313725,1.2586003346327812,55.902107244763755,0.01788223427295043,52.268040760284485,1.069524967151863,1014.8557646713234,0.7703016590001135,16365613.694690041,0.9999999919941435,0.00010629668498331292,1.0001718532406485,1.0001718532979738,1.0,1.0,0.0,0.0,1.1131094377639968e-05,1.1131094377639968e-05,4.239878086927231e-05,4.239878086927231e-05
BedSet_11_45.obj,BedSet_11,M,M,,0.9997999674935829,4.1810529905773735e-05,4999.18341270226,1.2591208424788172,56.36247046496714,0.017736270044017798,52.67568343462438,1.0699877634212502,1014.9334042701003,0.7704903189474545,16246315.412294684,0.9999999999999998,5.755901313914933e-11,1.0000000000798344,1.0000000001027636,1.0,1.0,0.0,0.0,1.0975264101010595e-05,1.0975264101010595e-05,4.1810529905773735e-05,4.1810529905773735e-05
BedSet_11_46.obj,BedSet_11,M,M,,0.9997771729587788,4.6623552225761833e-05,4487.781599932778,1.2594676927168913,53.42497250644775,0.01871075770155935,49.90872790114217,1.0704509604714187,1015.313867529534,0.7706005022092776,17151843.188257586,1.0000000000000002,5.7537154308717855e-11,1.0000000000795604,1.0000000001027352,1.0,1.0,0.0,0.0,1.2238682460092155e-05,1.2238682460092155e-05,4.6623552225761833e-05,4.6623552225761833e-05
BedSet_11_47.obj,BedSet_11,M,M,,0.99976302152211,6.24009787618109e-05,4219.788560387198,1.3521131686679608,52.66451359959084,0.01898073113274602,49.21961766576772,1.069987763277272,1015.3142271145224,0.770343854415818,16804322.315196026,0.9989902374324086,0.03678054031731003,1.0474813164757475,1.0620696384728794,0.9999999999999999,1.0,1.1102230246251565e-16,0.0,1.705188915583482e-05,1.705188915583482e-05,6.240097876181088e-05,6.240097876181088e-05
BedSet_11_48.obj,BedSet_11,M,M,,0.9997936673499577,4.312737764573319e-05,4846.538646718523,1.2591208428854195,55.495315594474626,0.01801322081736091,51.86525097493613,1.069987763467433,1015.0181666186764,0.7704577207182616,16499477.872853588,1.0000000000000002,5.755844742242619e-11,1.0000000000795748,1.0000000001027636,1.0,1.0,0.0,0.0,1.1320936632772631e-05,1.1320936632772631e-05,4.312737764573319e-05,4.312737764573319e-05
BedSet_11_49.obj,BedSet_11,M,M,,0.9996075551697006,9.34653370425791e-05,2548.128641676116,1.3123214233824052,51.26600040124604,0.019498535681083187,50.34321307053193,1.0183291782246522,299.78926766069077,0.9849359857162541,271439.84119948745,0.9640880579053482,0.22367237220452724,1.313657709048118,1.41158539778637,0.9516902172753412,0.9954434358875327,0.0483097827246588,0.004556564112467298,3.240579043458062e-05,3.240579043458062e-05,8.87473936219712e-05,8.854474032617731e-05
BedSet_11_50.obj,BedSet_11,M,M,,0.9941968443419281,0.005718885134378673,172.32001421235722,68.86181406302744,79.99926263299736,0.012458072216705592,12.307594145312539,6.499990463783617,333.99018051821406,0.9655516224178651,947262.4478448987,0.9999999999517104,7.709623350816702e-06,1.0000119681862105,1.0000131605547211,1.0,1.0,0.0,0.0,0.0015012212652417865,0.0015012212652417865,0.005718885134378673,0.005718885134378673
BedSet_11_51.obj,BedSet_11,M,CA,x,0.6730526583202485,0.3252834678187425,3.0585925424270655,196.49689220404272,17.585648586385197,0.044686507583969096,1.2740390830547772,13.803067898786516,37.46771441142139,0.28434519864778324,1831053.4879484181,0.9851816535658915,0.14417440687081448,1.1953776473273605,1.22429782784609,0.4684128068487927,0.4210825564977595,0.5315871931512073,0.5789174435022405,0.21547038666481802,0.21547038666481802,0.10826300186121685,0.06415906153994756
BedSet_11_52.obj,BedSet_11,M,M,,0.9941968443419281,0.0057188842157805285,172.32001421235887,68.8610634370838,79.99926264473501,0.012458072214877998,12.307594145312539,6.499990464737309,333.9901564685532,0.9655523816130507,947262.4479838747,0.9999999999516328,7.71541045206835e-06,1.0000119399905882,1.0000130846214834,1.0,0.9999999999999999,0.0,1.1102230246251565e-16,0.0015012209853183004,0.0015012209853183004,0.0057188842157805285,0.005718884215780528
BedSet_11_53.obj,BedSet_11,SL,SL,,0.17975485154617618,0.8032806271512211,1.2183854925003628,48.31376748001881,12.09042314173202,0.0611392046483082,1.1021442618877475,10.96990002150425,1164.3045946230482,0.7254885980597436,1897734091.7581694,0.9999999999943552,2.8231601242021077e-06,1.000004459663228,1.0000047187624819,0.776665865075679,0.49953828098469744,0.22333413492432097,0.5004617190153026,0.39425523460079637,0.39425523460079637,0.467766453610584,0.31165226403623086
BedSet_12_01.obj,BedSet_12,OB,OB,,0.5279303354791022,0.4665891790766685,2.118331414103509,86.13646899069641,11.03175161198236,0.07405734353783028,1.4285710138500605,7.722228370037674,0.03601562367665482,0.9923014530526036,1.3703279233675132e-05,0.9999999998876214,1.1122936737606287e-05,1.0000155056170479,1.0000181506876609,0.9849468840011201,0.9740143698172684,0.015053115998879929,0.02598563018273159,0.12857686438828864,0.12857686438828864,0.45359450772222853,0.4476234574042518
BedSet_12_02.obj,BedSet_12,OB,OB,,0.9634874807133504,0.0352852816086508,27.387866395883425,29.75179131239246,28.545368884876027,0.03438904476319358,5.233341799555157,5.454520261736943,0.12141181243347049,0.9999999999999909,1.9066826198586637e-05,1.0,0.0,1.0,1.0,0.9999999999999994,0.9999999999999999,5.551115123125783e-16,1.1102230246251565e-16,0.009262386422270842,0.00926238642227084,0.03528528160865078,0.03528528160865077
BedSet_12_03.obj,BedSet_12,OB,OB,,0.7594620499123064,0.23931078041981158,4.157348142508511,196.01034509164853,28.546159870436,0.031436383467268555,2.0389576116767856,14.000369456402986,0.11026303977561924,0.9999999999999957,7.428814924089284e-06,1.0,0.0,1.0,1.0,1.0,1.0,0.0,0.0,0.06281907986020052,0.06281907986020052,0.23931078041981158,0.23931078041981158
BedSet_12_04.obj,BedSet_12,M,M,,0.9962484303628786,0.0026953654724025445,266.55509472756836,3.5519360388484014,30.769898384450645,0.03242145078368787,16.326515078657895,1.8846580687503705,0.13180429986858727,0.9999999999999872,3.101640571293913e-05,1.0,0.0,1.0,1.0,1.0,1.0,0.0,0.0,0.0007075334365056679,0.0007075334365056679,0.0026953654724025445,0.0026953654724025445
BedSet_12_05.obj,BedSet_12,M,M,,0.9981938117736947,0.0010499554616145437,553.6521528797646,2.3884025006097427,36.36405072698235,0.027464521306937884,23.529814120510625,1.5454457280884442,0.16687467204360382,0.9999999999999786,5.282781696573404e-05,1.0,0.0,1.0,1.0,1.0,1.0,0.0,0.0,0.00027561330867381764,0.00027561330867381764,0.0010499554616145437,0.0010499554616145437
BedSet_12_06.obj,BedSet_12,M,M,,0.9962484303628786,0.0026953654724026265,266.5550947275683,3.5519360388486763,30.769898384451825,0.03242145078368663,16.326515078657895,1.8846580687504428,0.13180429986859052,0.9999999999999872,3.1016405712940324e-05,1.0,9.064933036736789e-17,1.0,1.0,1.0,1.0,0.0,0.0,0.0007075334365056893,0.0007075334365056893,0.0026953654724026265,0.0026953654724026265
BedSet_12_07.obj,BedSet_12,M,M,,0.9981938117736947,0.0010499554616145437,553.6521528797646,2.3884025006097427,36.36405072698235,0.027464521306937884,23.529814120510625,1.5454457280884442,0.16687467204360382,0.9999999999999786,5.282781696573404e-05,1.0,0.0,1.0,1.0,1.0,1.0,0.0,0.0,0.00027561330867381764,0.00027561330867381764,0.0010499554616145437,0.0010499554616145437
BedSet_12_08.obj,BedSet_12,M,M,,0.996248370602123,0.0026953639363343405,266.5508321975963,3.5517278899505356,30.769894436590526,0.032421442184665375,16.326515913538554,1.8846573482208198,119.66032161023095,0.9999903294698087,23209.2724592309,1.0,0.0,1.0,1.0,1.0,1.0,0.0,0.0,0.0007075330332877642,0.0007075330332877642,0.0026953639363343405,0.0026953639363343405
BedSet_12_09.obj,BedSet_12,OB,OB,,0.4821358865093312,0.5152218739388508,1.9310080727535295,195.9943022101062,19.455008979847612,0.041684470183319555,1.389607410154969,14.00036313066806,101.58543344073632,0.9999966014219267,8156.5873759626,1.0,0.0,1.0,1.0,0.9999999999999988,0.9999999999999992,1.2212453270876722e-15,7.771561172376096e-16,0.13524574190894864,0.13524574190894864,0.5152218739388499,0.5152218739388497
BedSet_12_10.obj,BedSet_12,OB,OB,,0.9213905018011119,0.07596711222532826,12.721106312239206,29.749356348882635,19.45446990121336,0.049433007871126866,3.566670604219539,5.454517797298901,111.70646672058409,0.9999912772423181,20934.618433719614,1.0,0.0,1.0,1.0,1.0,1.0,0.0,0.0,0.019941366959148665,0.019941366959148665,0.07596711222532826,0.07596711222532826
BedSet_12_11.obj,BedSet_12,OB,OB,,0.8049023445565777,0.18961699660751044,5.125637896054741,35.597470570013925,11.0317543028337,0.08238231211888107,2.2222201225218257,4.964293989631512,34.497790092931176,0.9923004063122116,15950.841285452827,0.9999999999055562,1.1260323549378984e-05,1.0000162668732095,1.0000171644909202,0.9917212177016488,0.9785415767050021,0.008278782298351217,0.02145842329499792,0.051545185949014236,0.05154518594901424,0.18602960057717988,0.1840120023818301
BedSet_13_01.obj,BedSet_13,OB,OB,,0.8049023959316468,0.18961700871032788,5.125639572947205,35.59788514264415,11.03175581523311,0.08238231304932431,2.222220183891164,4.964294670211871,0.03449780649939556,0.9923008745972343,1.5950848812951595e-05,0.9999999999055562,1.1260323542414572e-05,1.0000162668731973,1.0000171644909104,0.9917212177016487,0.978541576526033,0.008278782298351328,0.02145842347396698,0.051545189249205356,0.051545189249205356,0.18602961243419475,0.18401201409323897
BedSet_13_02.obj,BedSet_13,OB,OB,,0.921390701061021,0.075967128653976,12.721141308944121,29.751791315248877,19.454478692709973,0.04943300897540222,3.5666708997143473,5.4545202622015605,0.11170744111752332,0.9999999999999919,2.0934801042916094e-05,1.0,0.0,1.0,1.0,1.0,1.0,0.0,0.0,0.019941371271668694,0.019941371271668694,0.075967128653976,0.075967128653976
BedSet_13_03.obj,BedSet_13,OB,OB,,0.4821359907760388,0.5152219853607317,1.9310088791424636,196.01034511123873,19.45501777183155,0.04168447096856203,1.3896074550096817,14.000369457623115,0.10158577868793668,0.9999999999999984,8.156615096855865e-06,1.0,0.0,1.0,1.0,0.9999999999999984,0.9999999999999992,1.5543122344752192e-15,7.771561172376096e-16,0.13524577115719244,0.13524577115719244,0.5152219853607307,0.5152219853607305
BedSet_13_04.obj,BedSet_13,M,M,,0.9962484322687678,0.0026953641031743207,266.5552301441472,3.551936039141196,30.76990620260123,0.03242144258661147,16.3265192261018,1.8846580688894763,0.11966147880017336,0.9999999999999903,2.3209496907371262e-05,1.0,0.0,1.0,1.0,1.0,1.0,0.0,0.0,0.000707533077083259,0.000707533077083259,0.0026953641031743207,0.0026953641031743207
BedSet_13_05.obj,BedSet_13,M,M,,0.9981938126914354,0.0010499549280608273,553.6524341955806,2.3884025004318525,36.36405996530242,0.027464514348680805,23.529820098981656,1.545445728088345,0.1515008999926608,0.9999999999999837,3.953092005040802e-05,1.0,0.0,1.0,1.0,1.0,1.0,0.0,0.0,0.00027561316861596713,0.00027561316861596713,0.0010499549280608273,0.0010499549280608273
BedSet_13_06.obj,BedSet_13,M,M,,0.9997416889999369,0.00019414737479661715,3871.302421327233,4.025816791464473,124.84051530977095,0.008008928812908786,62.2197911937664,2.0064438150043014,0.47540405537908786,0.9999999999998431,0.00037644591048007593,1.0,0.0,1.0,1.0,1.0,1.0,0.0,0.0,5.096368588411199e-05,5.096368588411199e-05,0.00019414737479661715,0.00019414737479661715
BedSet_13_07.obj,BedSet_13,M,M,,0.9987645431964134,0.0009285437203086156,809.4172107811934,4.025428926280067,57.0810953598051,0.017505440252998966,28.45025851742447,2.006347157793054,0.47841247477347953,0.999999999999658,0.0008233543033101917,1.0,0.0,1.0,1.0,1.0,1.0,0.0,0.0,0.00024374272658101155,0.00024374272658101155,0.0009285437203086156,0.0009285437203086156
BedSet_13_08.obj,BedSet_13,M,M,,0.9985705010298301,0.0010744160034420424,699.5457995194506,4.025816791466162,53.068288277630465,0.018826853707815807,26.44892811802049,2.0064438150043014,0.4788229607818021,0.9999999999996309,0.0008855703278899313,1.0,0.0,1.0,1.0,1.0,1.0,0.0,0.0,0.00028203420090353607,0.00028203420090353607,0.0010744160034420424,0.0010744160034420424
BedSet_13_09.obj,BedSet_13,M,M,,0.9962484322687678,0.0026953641031743207,266.5552301441472,3.551936039141196,30.76990620260123,0.03242144258661147,16.3265192261018,1.8846580688894763,0.11966147880017336,0.9999999999999903,2.3209496907371262e-05,1.0,0.0,1.0,1.0,1.0,1.0,0.0,0.0,0.000707533077083259,0.000707533077083259,0.0026953641031743207,0.0026953641031743207
BedSet_13_10.obj,BedSet_13,M,M,,0.9981938126914354,0.0010499549280608273,553.6524341955806,2.3884025004318525,36.36405996530242,0.027464514348680805,23.529820098981656,1.545445728088345,0.1515008999926608,0.9999999999999837,3.953092005040802e-05,1.0,0.0,1.0,1.0,1.0,1.0,0.0,0.0,0.00027561316861596713,0.00027561316861596713,0.0010499549280608273,0.0010499549280608273
BedSet_13_11.obj,BedSet_13,M,M,,0.9997416889999369,0.00019414737479661715,3871.302421327233,4.025816791464473,124.84051530977095,0.008008928812908786,62.2197911937664,2.0064438150043014,0.47540405537908786,0.9999999999998431,0.00037644591048007593,1.0,0.0,1.0,1.0,1.0,1.0,0.0,0.0,5.096368588411199e-05,5.096368588411199e-05,0.00019414737479661715,0.00019414737479661715
BedSet_14_01.obj,BedSet_14,SL,SL,,0.17986730642166598,0.8037831605857038,1.2193148830724965,50.16245377298653,12.090541275313706,0.061139241171751145,1.1021452435529244,10.970007206634975,1.2700542330729376,0.7766658650209074,2.0316036584128883,0.9999999999943552,2.823160125231518e-06,1.0000044596632378,1.0000047187624865,0.7766658650756942,0.49953828098470243,0.22333413492430576,0.5004617190152976,0.3945018812027512,0.3945018812027512,0.46805908892946496,0.3118472341093587
BedSet_14_02.obj,BedSet_14,M,M,,0.9941969780856518,0.005718884985109802,172.32400889738096,68.97116363445406,79.99937989365215,0.012458072442347746,12.307596920438211,6.499999991285659,0.3340111605430659,0.9656110153985304,0.0009473199711014704,0.9999999999516328,7.715410452141396e-06,1.0000119399905931,1.0000130846214943,0.9999999999999994,1.0,5.551115123125783e-16,0.0,0.0015012211872691091,0.0015012211872691091,0.005718884985109799,0.005718884985109799
BedSet_14_03.obj,BedSet_14,CA,CA,,0.67305353259704,0.3252838903529719,3.058604694346508,196.65041533202304,17.585657098122667,0.04468650855049179,1.2740391277299994,13.80307457969394,0.03746833179884298,0.28434653092442275,0.001831062067202775,0.9851816535658914,0.1441744068708142,1.1953776473273563,1.2242978278460925,0.46841280684879305,0.42108255649775916,0.531587193151207,0.5789174435022408,0.21547066655489167,0.21547066655489167,0.10826314249186242,0.06415914488079426
BedSet_14_04.obj,BedSet_14,M,M,,0.9941969780856516,0.0057188859037082,172.324008897376,68.97191666265877,79.99937988192097,0.012458072444174325,12.307596920438211,6.499999990332493,0.33401118461077994,0.9656102561572167,0.0009473199709625546,0.9999999999517106,7.70962335121015e-06,1.0000119681862132,1.0000131605547267,1.0,1.0,0.0,0.0,0.0015012214671926633,0.0015012214671926633,0.0057188859037082,0.0057188859037082
BedSet_14_05.obj,BedSet_14,M,M,,0.9996076427713747,9.346534523351306e-05,2548.6977862075205,1.3127062002662393,51.26603865823622,0.01949853596480016,50.34324996266631,1.0183299381475814,0.2998135674636002,0.9850146246024362,0.0002714615133965512,0.9640880579053475,0.22367237220453098,1.3136577090481232,1.411585397786376,0.9516902172753411,0.9954434358875328,0.04830978272465891,0.004556564112467187,3.240579327449654e-05,3.240579327449654e-05,8.87474013994432e-05,8.854474808588958e-05
BedSet_14_06.obj,BedSet_14,M,M,,0.9997945046669189,4.3127413764521684e-05,4866.2905624476925,1.265615357446116,55.49545637391025,0.01801322164048525,51.8653739393468,1.0699904777917117,1.0186409632397317,0.7725822546854759,0.01654497511460768,1.0000000000000002,5.757887058203294e-11,1.000000000079603,1.0000000001028,1.0,1.0,0.0,0.0,1.1320946113954882e-05,1.1320946113954882e-05,4.3127413764521684e-05,4.3127413764521684e-05
BedSet_14_07.obj,BedSet_14,M,M,,0.9997639512440342,6.240103679101356e-05,4236.412922016992,1.359354192255764,52.66464719790346,0.018980732046666733,49.21973435779496,1.0699904776015574,1.0191328683545144,0.7725822546241903,0.01685315089785448,0.9989902374324087,0.03678054031730946,1.0474813164757701,1.0620696384728854,0.9999999999999999,1.0,1.1102230246251565e-16,0.0,1.705190501307871e-05,1.705190501307871e-05,6.240103679101354e-05,6.240103679101354e-05
BedSet_14_08.obj,BedSet_14,M,M,,0.9997780771966459,4.6623594394003354e-05,4506.071412608209,1.2659657950893353,53.42510809254565,0.018710758590051703,49.90884622694216,1.0704536771462356,1.0190803033967588,0.7728096873022182,0.017201014706025124,0.9999999999999998,5.755765967280941e-11,1.000000000079592,1.0000000001027716,1.0,1.0,0.0,0.0,1.223869352925586e-05,1.223869352925586e-05,4.6623594394003354e-05,4.6623594394003354e-05
BedSet_14_09.obj,BedSet_14,M,M,,0.9998007792490735,4.181056385254267e-05,5019.557427371304,1.265615357035321,56.362613444182905,0.017736270842026315,52.67580832044386,1.0699904777455014,1.018500165111844,0.7725822547775276,0.016290425310213075,1.0,5.7579469525874465e-11,1.0000000000798577,1.0000000001028,1.0,1.0,0.0,0.0,1.097527301203769e-05,1.097527301203769e-05,4.181056385254267e-05,4.181056385254267e-05
BedSet_14_10.obj,BedSet_14,M,M,,0.9997976596538634,4.239881583282699e-05,4942.168080133838,1.2650894669301138,55.90224899480501,0.01788223508379591,52.268164679646816,1.0695276791286517,1.0184493216433248,0.7724084821368862,0.016410374670049493,0.9999999919941435,0.00010629668498477757,1.0001718532406407,1.0001718532979862,1.0,1.0,0.0,0.0,1.1131103556739454e-05,1.1131103556739454e-05,4.239881583282699e-05,4.239881583282699e-05
BedSet_14_11.obj,BedSet_14,M,M,,0.99363520431618,0.005741273355371236,157.11423424659424,10.20780715110365,38.095242804679025,0.026167515068776494,13.333334993634804,2.8571428531748104,0.3809199656501073,0.9999999999997513,0.0009022023912791683,0.9382716049382717,0.27935082713542625,1.2839506172839508,1.506172839506173,1.0,1.0,0.0,0.0,0.0019215474163298688,0.0019215474163298688,0.005741273355371236,0.005741273355371236
BedSet_14_12.obj,BedSet_14,M,M,,0.9936352043160555,0.005741273355496029,157.11423424351952,10.207807151307255,38.095242804679025,0.026167515068775064,13.333334993504337,2.857142853202767,0.38091996564915015,0.9999999999997514,0.0009022023912703403,0.9382716049382717,0.27935082713542625,1.2839506172839508,1.506172839506173,1.0,1.0,0.0,0.0,0.0019215474163716357,0.0019215474163716357,0.005741273355496029,0.005741273355496029
BedSet_14_13.obj,BedSet_14,M,M,,0.9936352043159937,0.005741273355557713,157.1142342419961,10.207807151405717,38.095242804679025,0.026167515068774353,13.333334993439697,2.8571428532166188,0.38091996564867614,0.9999999999997513,0.0009022023912659665,0.9382716049382717,0.27935082713542614,1.2839506172839505,1.5061728395061729,1.0,1.0,0.0,0.0,0.001921547416392281,0.001921547416392281,0.005741273355557713,0.005741273355557713
BedSet_14_14.obj,BedSet_14,M,M,,0.9936352043158692,0.0057412733556822465,157.1142342389213,10.207807151605033,38.095242804679025,0.02616751506877292,13.333334993309231,2.857142853244576,0.380919965647719,0.9999999999997514,0.0009022023912571385,0.9382716049382717,0.27935082713542625,1.2839506172839508,1.506172839506173,1.0,1.0,0.0,0.0,0.001921547416433961,0.001921547416433961,0.0057412733556822465,0.0057412733556822465
BedSet_14_15.obj,BedSet_14,M,M,,0.993635204315807,0.005741273355744571,157.1142342373841,10.207807151705747,38.095242804679025,0.02616751506877221,13.333334993243998,2.857142853258554,0.3809199656472406,0.9999999999997511,0.0009022023912527245,0.9382716049382717,0.2793508271354262,1.2839506172839508,1.506172839506173,1.0,1.0,0.0,0.0,0.0019215474164548203,0.0019215474164548203,0.005741273355744571,0.005741273355744571
BedSet_14_16.obj,BedSet_14,M,M,,0.9936352043159316,0.005741273355620292,157.11423424045898,10.207807151510677,38.095242804679025,0.02616751506877364,13.333334993374464,2.8571428532305974,0.38091996564819786,0.9999999999997508,0.0009022023912615525,0.9382716049382717,0.2793508271354262,1.2839506172839508,1.506172839506173,1.0,1.0,0.0,0.0,0.0019215474164132253,0.0019215474164132253,0.005741273355620292,0.005741273355620292
BedSet_14_17.obj,BedSet_14,M,M,,0.9936352043165537,0.005741273354997991,157.11423425581853,10.2078071505115,38.095242804679025,0.026167515068780785,13.3333349940262,2.8571428530909393,0.3809199656529788,0.9999999999997504,0.0009022023913056525,0.9382716049382717,0.27935082713542614,1.2839506172839505,1.5061728395061729,1.0,1.0,0.0,0.0,0.0019215474162049473,0.0019215474162049473,0.005741273354997991,0.005741273354997991
BedSet_14_18.obj,BedSet_14,M,M,,0.9936352043159321,0.005741273355619367,157.1142342404727,10.207807151503737,38.095242804679025,0.026167515068773645,13.333334993375056,2.8571428532304703,0.3809199656482019,0.9999999999997514,0.0009022023912615926,0.9382716049382717,0.2793508271354262,1.2839506172839508,1.506172839506173,1.0,1.0,0.0,0.0,0.0019215474164129159,0.0019215474164129159,0.005741273355619367,0.005741273355619367
BedSet_14_19.obj,BedSet_14,M,M,,0.9936352043159316,0.005741273355620049,157.11423424045898,10.207807151506683,38.095242804679025,0.02616751506877364,13.333334993374464,2.8571428532305974,0.3809199656481974,0.9999999999997519,0.0009022023912615525,0.9382716049382717,0.27935082713542625,1.2839506172839508,1.506172839506173,0.9999999999999999,1.0,1.1102230246251565e-16,0.0,0.0019215474164131442,0.0019215474164131442,0.005741273355620048,0.005741273355620048
BedSet_14_20.obj,BedSet_14,M,M,,0.9943140152975058,0.005032213864018805,175.87103242834777,8.697213713548496,38.095242804679025,0.026167515068773645,13.333334993375056,2.8571428532304703,0.3809199656482019,0.9999999999997514,0.0007017129709812387,0.9387755102040819,0.258145115115786,1.346938775510204,1.346938775510204,0.9567265459613702,0.9955707425280053,0.04327345403862981,0.004429257471994741,0.001724205614090771,0.0017242056140907712,0.004803790363610685,0.004793128138559738
BedSet_14_21.obj,BedSet_14,M,M,,0.993635204315931,0.005741273355620519,157.11423424044477,10.20780715150587,38.095242804679025,0.026167515068773628,13.333334993373871,2.8571428532307244,0.3809199656481933,0.9999999999997513,0.0009022023912615125,0.9382716049382717,0.2793508271354262,1.2839506172839505,1.5061728395061729,1.0,1.0,0.0,0.0,0.0019215474164133014,0.0019215474164133014,0.005741273355620519,0.005741273355620519
BedSet_14_22.obj,BedSet_14,M,M,,0.9936352043159316,0.005741273355620106,157.11423424045904,10.20780715150764,38.095242804679025,0.02616751506877364,13.333334993374464,2.8571428532305974,0.38091996564819725,0.9999999999997522,0.0009022023912615525,0.9382716049382717,0.27935082713542625,1.2839506172839508,1.506172839506173,1.0,1.0,0.0,0.0,0.001921547416413163,0.001921547416413163,0.005741273355620106,0.005741273355620106
BedSet_14_23.obj,BedSet_14,M,M,,0.9936352043153087,0.005741273356242859,157.1142342250852,10.207807152505659,38.095242804679025,0.02616751506876648,13.333334992722133,2.8571428533703824,0.3809199656434123,0.9999999999997516,0.0009022023912174125,0.9382716049382717,0.27935082713542614,1.2839506172839505,1.5061728395061726,0.9999999999999999,1.0,1.1102230246251565e-16,0.0,0.0019215474166215923,0.0019215474166215923,0.005741273356242858,0.005741273356242858
BedSet_14_24.obj,BedSet_14,M,M,,0.9936352043165537,0.005741273354997731,157.11423425581825,10.207807150507064,38.095242804679025,0.026167515068780785,13.3333349940262,2.8571428530909393,0.38091996565297875,0.9999999999997504,0.0009022023913056525,0.9382716049382717,0.2793508271354262,1.2839506172839505,1.5061728395061729,1.0,1.0,0.0,0.0,0.0019215474162048603,0.0019215474162048603,0.005741273354997731,0.005741273354997731
BedSet_14_25.obj,BedSet_14,M,M,,0.993635204315931,0.005741273355620788,157.1142342404449,10.207807151510353,38.095242804679025,0.026167515068773628,13.333334993373871,2.8571428532307244,0.3809199656481937,0.9999999999997502,0.0009022023912615125,0.9382716049382717,0.2793508271354262,1.2839506172839505,1.5061728395061729,1.0,1.0,0.0,0.0,0.0019215474164133914,0.0019215474164133914,0.005741273355620788,0.005741273355620788
BedSet_14_26.obj,BedSet_14,M,M,,0.9939690172569862,0.005484508699318379,165.81045620761554,11.036174200720833,38.095242804679025,0.02616751506877364,13.333334993374464,2.8571428532305974,0.3772522360341563,0.9999999999997519,0.0009022023912615525,0.8888888888888887,0.4444444444444444,1.4444444444444444,1.7777777777777777,0.999999999999974,0.9999999999999974,2.5979218776228663e-14,2.55351295663786e-15,0.0020475499144122487,0.0020475499144122487,0.00548450869931823,0.005484508699318223
BedSet_14_27.obj,BedSet_14,M,M,,0.9963366304085733,0.0036214036205640568,272.9727304447226,87.29381248754834,113.27344050485426,0.008809514203242294,15.49026499645802,7.312556660921465,0.37004406128169354,0.965606336331305,0.0008467729932654937,0.9999999999999599,2.459586486765151e-07,1.0000003758787075,1.000000397827072,1.0,1.0,0.0,0.0,0.0009506187244687206,0.0009506187244687206,0.0036214036205640568,0.0036214036205640568
BedSet_14_28.obj,BedSet_14,OB,OB,,0.3665961071640455,0.6321844741736734,1.5787714778994943,519.4310308905208,18.34866971988767,0.042518777541828034,1.2500014843508755,14.678918344708705,0.13996346880260108,0.9990211218867682,5.8663631824570555e-06,0.7726017395859868,0.6498529710998494,2.105302038232181,2.1536830935841818,0.851815063362473,0.8913416562422541,0.14818493663752696,0.10865834375774586,0.3261870087262776,0.3261870087262776,0.509247767538706,0.47999127715239276
BedSet_14_29.obj,BedSet_14,M,M,,0.9998924732874518,2.252573795655146e-05,9300.014631719821,1.2650056381858974,76.69176165126044,0.013036834258732085,71.70307428174658,1.0695742440254412,1.0162390826169418,0.7725299399854991,0.011973774028628955,0.9999999996932526,2.0807623775294224e-05,1.0000336515429193,1.0000336515721564,1.0,1.0,0.0,0.0,5.913153348281246e-06,5.913153348281246e-06,2.252573795655146e-05,2.252573795655146e-05
BedSet_14_30.obj,BedSet_14,M,M,,0.9998800764808962,3.166100589862933e-05,8338.647893862058,1.3587140709706058,73.86119745328557,0.013536248950851735,69.05663415772214,1.0695742440798421,1.0164928394412704,0.7725299400549679,0.012018220578209069,0.9989917331430338,0.03674900378875309,1.047440656463923,1.0620179077396967,1.0,1.0,0.0,0.0,8.65150045191857e-06,8.65150045191857e-06,3.166100589862933e-05,3.166100589862933e-05
BedSet_14_31.obj,BedSet_14,M,M,,0.9998863540727686,2.382867638452097e-05,8799.259457520047,1.265301773283399,74.63722923296316,0.013395560401923141,69.74595454481089,1.070129866927633,1.0164955655013523,0.7728407513910177,0.01231616109462474,0.9999999999999998,4.279949696702611e-11,1.0000000000648284,1.0000000000737734,1.0,1.0,0.0,0.0,6.255027551257181e-06,6.255027551257181e-06,2.382867638452097e-05,2.382867638452097e-05
BedSet_14_32.obj,BedSet_14,M,M,,0.9998948640738766,2.202489285633746e-05,9511.496563276,1.2650056383833008,77.55884369352881,0.012891139015509704,72.51375389169033,1.0695742441531075,1.0161650556925816,0.7725299400163712,0.011839911225565634,0.9999999996932528,2.0807620175702418e-05,1.0000336515370987,1.0000336515663353,1.0,1.0,0.0,0.0,5.78167823800634e-06,5.78167823800634e-06,2.202489285633746e-05,2.202489285633746e-05
BedSet_14_33.obj,BedSet_14,M,M,,0.9998936716020214,2.229430006856303e-05,9404.825230234876,1.2653006361639667,77.09602056786852,0.012968500192385045,72.10598690225186,1.0692041492942919,1.016276863776298,0.7721722041199421,0.011902747154117757,0.9999999999999998,3.515027801003667e-11,1.0000000000528675,1.000000000061102,1.0,1.0,0.0,0.0,5.852253768244224e-06,5.852253768244224e-06,2.229430006856303e-05,2.229430006856303e-05
BedSet_14_34.obj,BedSet_14,M,M,,0.993635169073452,0.005741305146198191,157.1133642888058,10.207807161346993,38.095142804636296,0.026167583327711946,13.333299993619816,2.8571428531748104,0.3809199752779254,0.9999999999997519,0.0009022047595673814,0.9382716049382717,0.2793508271354263,1.2839506172839508,1.506172839506173,1.0,1.0,0.0,0.0,0.0019215580564052696,0.0019215580564052696,0.005741305146198191,0.005741305146198191
BedSet_14_35.obj,BedSet_14,M,M,,0.9936351690733274,0.005741305146322879,157.1133642857311,10.20780716154888,38.095142804636296,0.026167583327710516,13.33329999348935,2.857142853202767,0.3809199752769685,0.9999999999997514,0.0009022047595585534,0.9382716049382717,0.27935082713542625,1.2839506172839508,1.506172839506173,1.0,1.0,0.0,0.0,0.0019215580564470014,0.0019215580564470014,0.005741305146322879,0.005741305146322879
BedSet_14_36.obj,BedSet_14,M,M,,0.9936351690732657,0.005741305146384489,157.11336428420782,10.207807161646215,38.095142804636296,0.026167583327709805,13.33329999342471,2.8571428532166188,0.3809199752764945,0.9999999999997514,0.0009022047595541796,0.9382716049382717,0.2793508271354262,1.2839506172839508,1.506172839506173,1.0,1.0,0.0,0.0,0.0019215580564676219,0.0019215580564676219,0.005741305146384489,0.005741305146384489
BedSet_14_37.obj,BedSet_14,M,M,,0.9936351690731411,0.005741305146509172,157.11336428113285,10.207807161847855,38.095142804636296,0.026167583327708372,13.333299993294244,2.857142853244576,0.38091997527553745,0.9999999999997514,0.0009022047595453514,0.9382716049382717,0.2793508271354262,1.2839506172839505,1.5061728395061729,1.0,1.0,0.0,0.0,0.0019215580565093522,0.0019215580565093522,0.005741305146509172,0.005741305146509172
BedSet_14_38.obj,BedSet_14,M,M,,0.9936351690730788,0.005741305146571382,157.11336427959574,10.207807161946734,38.095142804636296,0.026167583327707654,13.33329999322901,2.857142853258554,0.380919975275059,0.9999999999997511,0.0009022047595409374,0.9382716049382717,0.2793508271354262,1.2839506172839508,1.506172839506173,0.9999999999999999,1.0,1.1102230246251565e-16,0.0,0.0019215580565301734,0.0019215580565301734,0.005741305146571381,0.005741305146571381
BedSet_14_39.obj,BedSet_14,M,M,,0.9936351690732035,0.00574130514644696,157.11336428267046,10.20780716174922,38.095142804636296,0.02616758332770909,13.333299993359477,2.8571428532305974,0.38091997527601573,0.999999999999752,0.0009022047595497656,0.9382716049382717,0.27935082713542614,1.2839506172839505,1.5061728395061726,0.9999999999999999,1.0,1.1102230246251565e-16,0.0,0.0019215580564885303,0.0019215580564885303,0.005741305146446959,0.005741305146446959
BedSet_14_40.obj,BedSet_14,M,M,,0.9936351690738257,0.0057413051458247285,157.11336429803006,10.207807160751333,38.095142804636296,0.026167583327716237,13.333299994011213,2.8571428530909393,0.3809199752807968,0.9999999999997511,0.0009022047595938655,0.9382716049382717,0.2793508271354262,1.2839506172839508,1.506172839506173,1.0,1.0,0.0,0.0,0.0019215580562802754,0.0019215580562802754,0.0057413051458247285,0.0057413051458247285
BedSet_14_41.obj,BedSet_14,M,M,,0.993635169073204,0.005741305146446477,157.11336428268427,10.207807161749578,38.095142804636296,0.02616758332770909,13.33329999336007,2.8571428532304703,0.38091997527601984,0.9999999999997525,0.0009022047595498056,0.9382716049382717,0.2793508271354262,1.2839506172839508,1.506172839506173,1.0,1.0,0.0,0.0,0.0019215580564883685,0.0019215580564883685,0.005741305146446477,0.005741305146446477
BedSet_14_42.obj,BedSet_14,M,M,,0.9936351690732035,0.005741305146446863,157.1133642826705,10.207807161747654,38.095142804636296,0.02616758332770909,13.333299993359477,2.8571428532305974,0.38091997527601545,0.999999999999753,0.0009022047595497656,0.9382716049382717,0.27935082713542614,1.2839506172839505,1.5061728395061726,1.0,1.0,0.0,0.0,0.0019215580564884973,0.0019215580564884973,0.005741305146446863,0.005741305146446863
BedSet_14_43.obj,BedSet_14,M,M,,0.9943139844327382,0.005032241179828331,175.87007776712937,8.697213711591429,38.095142804636296,0.02616758332770909,13.33329999336007,2.8571428532304703,0.38091997527601984,0.9999999999997525,0.0007017148129831822,0.9387755102040819,0.258145115115786,1.346938775510204,1.346938775510204,0.956726536029191,0.995570729923238,0.043273463970809,0.004429270076761971,0.0017242150099277228,0.001724215009927723,0.004803816359281083,0.004793154046121558
BedSet_14_44.obj,BedSet_14,M,M,,0.9936351690732029,0.005741305146447574,157.11336428265622,10.207807161750747,38.095142804636296,0.02616758332770908,13.333299993358883,2.8571428532307244,0.3809199752760113,0.9999999999997522,0.0009022047595497255,0.9382716049382717,0.27935082713542625,1.2839506172839508,1.506172839506173,1.0,1.0,0.0,0.0,0.0019215580564887356,0.0019215580564887356,0.005741305146447574,0.005741305146447574
BedSet_14_45.obj,BedSet_14,M,M,,0.9936351690732035,0.005741305146446793,157.11336428267046,10.20780716174651,38.095142804636296,0.02616758332770909,13.333299993359477,2.8571428532305974,0.38091997527601595,0.9999999999997514,0.0009022047595497656,0.9382716049382717,0.27935082713542614,1.2839506172839505,1.5061728395061726,1.0,1.0,0.0,0.0,0.0019215580564884741,0.0019215580564884741,0.005741305146446793,0.005741305146446793
BedSet_14_46.obj,BedSet_14,M,M,,0.9936351690725805,0.005741305147069624,157.1133642672968,10.207807162745791,38.095142804636296,0.02616758332770193,13.333299992707147,2.8571428533703824,0.3809199752712303,0.9999999999997528,0.0009022047595056254,0.9382716049382717,0.27935082713542625,1.2839506172839508,1.506172839506173,0.9999999999999999,1.0,1.1102230246251565e-16,0.0,0.00192155805669693,0.00192155805669693,0.005741305147069623,0.005741305147069623
BedSet_14_47.obj,BedSet_14,M,M,,0.9936351690738257,0.005741305145824592,157.11336429802975,10.20780716074891,38.095142804636296,0.026167583327716237,13.333299994011213,2.8571428530909393,0.3809199752807968,0.9999999999997511,0.0009022047595938655,0.9382716049382717,0.27935082713542625,1.2839506172839508,1.506172839506173,1.0,1.0,0.0,0.0,0.00192155805628023,0.00192155805628023,0.005741305145824592,0.005741305145824592
BedSet_14_48.obj,BedSet_14,M,M,,0.9936351690732029,0.005741305146447401,157.11336428265642,10.207807161748043,38.095142804636296,0.02616758332770908,13.333299993358883,2.8571428532307244,0.3809199752760117,0.9999999999997513,0.0009022047595497255,0.9382716049382717,0.27935082713542625,1.2839506172839508,1.506172839506173,1.0,1.0,0.0,0.0,0.0019215580564886777,0.0019215580564886777,0.005741305146447401,0.005741305146447401
BedSet_14_49.obj,BedSet_14,M,M,,0.9939689833957406,0.005484539492358923,165.80952526198053,11.036174200720833,38.095142804636296,0.02616758332770909,13.333299993359477,2.8571428532305974,0.37725223603415586,0.999999999999753,0.0009022047595497656,0.8888888888888887,0.4444444444444444,1.4444444444444444,1.7777777777777777,0.9999999999999427,0.9999999999999943,5.728750807065808e-14,5.662137425588298e-15,0.0020475614104807837,0.0020475614104807837,0.005484539492358593,0.005484539492358578
BedSet_14_50.obj,BedSet_14,M,M,,0.9963365796053998,0.0036214488894091347,272.9689449438715,87.28351241697735,113.25820172017616,0.00881069935736972,15.490237150248948,7.311586039390807,0.37000073205383827,0.9656023340872087,0.0008466621200922608,0.999999999128785,3.6226756352259234e-05,1.0000552346243992,1.0000582099341186,1.0,1.0,0.0,0.0,0.0009506705708581585,0.0009506705708581585,0.0036214488894091347,0.0036214488894091347
BedSet_14_51.obj,BedSet_14,CA,CA,,0.7374286472676264,0.2617330395019844,3.808488586409531,313.2138957294173,21.681096058865688,0.03887776555411841,1.570710509894221,13.803368552977195,0.03419086268840419,0.30433765710321586,0.0015954403675139067,0.9741450529589577,0.18233956029183837,1.2335399792656148,1.274090386738533,0.49855215978955375,0.6171234790684074,0.5014478402104463,0.38287652093159263,0.15735162796886304,0.15735162796886304,0.10550725831064392,0.08052694448928892
BedSet_14_52.obj,BedSet_14,CA,CA,,0.7374456387332583,0.26171633879595824,3.808735056521906,313.3022925037462,21.680930933394237,0.03887802549022099,1.570705499449154,13.80330745657713,0.03418999303268331,0.30433905138653433,0.0015946994758485942,0.8091045512293346,0.36221156014906153,1.2628300338225587,1.3071476721501238,0.49854920259940366,0.6171209621068112,0.5014507974005964,0.3828790378931888,0.15731212949405993,0.15731212949405993,0.1054997360987211,0.08052100018348185
BedSet_14_53.obj,BedSet_14,CA,CA,,0.674446698239329,0.3243647824340107,3.0716936200334795,273.915025576042,17.635065099899844,0.044609060562020325,1.2776180088682583,13.803081184572813,0.03586031849941183,0.29809809339779747,0.001960960318673921,0.9058212301242119,0.3115398071625032,1.3226836187193913,1.4359203363550366,0.503376278966003,0.5395606256954413,0.496623721033997,0.4604393743045587,0.2086558285078663,0.2086558285078663,0.12568783367394137,0.08809813013863331
BedSet_15_01.obj,BedSet_15,OB,OB,,0.9550548434566405,0.035962150086662495,22.24933845841898,5.003353471897225,6.76187607313874,0.14322269558132078,4.74915722109178,1.4238054790968342,0.036883595861398166,0.9997921393238011,5.4740981583079156e-05,0.8177431398895343,0.31687864447513875,1.1822698164141676,1.7474359824017955,1.0,1.0,0.0,0.0,0.011974670332622,0.011974670332622,0.035962150086662495,0.035962150086662495
BedSet_15_02.obj,BedSet_15,OB,OB,,0.5195976672660524,0.47002425444109974,2.0815885599658905,46.29010489012502,9.999999998593209,0.08164965809146388,1.4285714285424207,6.999999999012355,0.03596654759305938,0.9992255834238857,1.3770906793745824e-05,0.9999599276794039,0.0073324173461841845,1.011389568541353,1.0124587638158111,0.9700883984221943,0.958438717927556,0.029911601577805702,0.04156128207244403,0.1352464269237383,0.1352464269237383,0.4464898296365714,0.43701458306279045
BedSet_15_03.obj,BedSet_15,M,M,,0.9997600899129434,6.751529315040649e-06,4168.228240282874,1.0289568085674394,46.0056003605847,0.021726219224963456,45.99605959331014,1.0002074228515692,1.1828558109484992,0.7765033835246835,0.07533784445834117,0.9995629984268735,0.02400452128710847,1.0378801209018162,1.041354196498723,0.9998169406703507,0.9999948823842925,0.0001830593296493488,5.117615707539436e-06,1.8239855385443509e-06,1.8239855385443509e-06,6.750276111906401e-06,6.7502588392026745e-06
BedSet_15_04.obj,BedSet_15,M,M,,0.9997600890148756,6.7524138473448134e-06,4168.212637198798,1.02896060058056,46.0056003605847,0.021726219224964347,45.99605959728981,1.0002074227650293,1.1828551734814932,0.7765033836464958,0.07533784446485955,0.9995636335215653,0.02398667889651258,1.0378367603171381,1.0413174089130126,0.9998178723720574,0.9999949080138871,0.0001821276279425632,5.09198611287065e-06,1.8241743487904195e-06,1.8241743487904195e-06,6.751166857760206e-06,6.751149669292501e-06
BedSet_15_05.obj,BedSet_15,M,M,,0.9684281189047429,0.031333379974063255,31.67375415428823,132.37623763287354,70.00145172930326,0.014078631833856936,5.833353496647304,12.000207386896065,0.0587409006511076,0.7332757891489988,0.017925854613489757,0.9995545741517385,0.0295132082743127,1.0394394740361115,1.0422949973139928,0.7522719858388862,0.8017700293789156,0.24772801416111379,0.19822997062108438,0.013063608351699514,0.013063608351699514,0.021234962457987037,0.01889870093984112
BedSet_15_06.obj,BedSet_15,M,M,,0.9920767742565063,0.00782303711419261,126.21122158749506,79.08308356544006,71.67655283631942,0.013888764051850808,10.618463096076733,6.7501814690491235,0.3293905492079144,0.9662702481189313,0.001034074446608663,0.9993313089727743,0.030910109771422247,1.0427932352774,1.0458835428179707,0.9999995480044713,0.9999997681758342,4.519955286719224e-07,2.3182416575284748e-07,0.002122627180514563,0.002122627180514563,0.007823032671430696,0.00782303176464658
BedSet_15_07.obj,BedSet_15,M,M,,0.9997601264575461,6.715104826506976e-06,4168.863267570484,1.028800601437296,46.0056003605847,0.021726219224963445,45.99605959326161,1.0002074228526245,1.1828913465742208,0.7764569256459206,0.07533784445826168,0.9995573374751101,0.024162126058945712,1.0382633337534195,1.041720558313068,0.9998090298189077,0.9999946647705639,0.00019097018109226482,5.335229436131961e-06,1.8146044614675403e-06,1.8146044614675403e-06,6.713804531830645e-06,6.713786621939085e-06
BedSet_15_08.obj,BedSet_15,CA,CA,,0.49729930598261013,0.5023676366361575,1.9892552604335854,1509.3516082873577,69.43559406790672,0.01142346480036297,1.3027534003342225,53.299107909688594,0.13375464121594347,0.7852692532447462,0.166835907287516,0.9999666343067398,0.007855167167436112,1.0106719631035097,1.011128287876365,0.6546331905353476,0.534799166807822,0.34536680946465237,0.465200833192178,0.26381730471964737,0.26381730471964737,0.252372037191108,0.17587754558938606
BedSet_15_09.obj,BedSet_15,M,M,,0.9997601060503867,6.7353883684389385e-06,4168.5086331288485,1.028887580794042,46.0056003605847,0.02172621922496434,45.99605959726554,1.000207422765557,1.1828757376428394,0.7764765412271065,0.0753378444648198,0.9995633320864293,0.023995294962424623,1.0378575580530558,1.0413351708663203,0.9998174133090727,0.9999948953853905,0.00018258669092729995,5.10461460945244e-06,1.8195990079438836e-06,1.8195990079438836e-06,6.7341413885225095e-06,6.734124200880384e-06
BedSet_15_10.obj,BedSet_15,M,M,,0.9997600899766713,6.784817520919948e-06,4168.229347501104,1.0291037423634855,46.0056003605847,0.021726219224964646,45.99605959864872,1.0002074227354791,1.1828956417658374,0.77645152706888,0.07533784446708533,0.999561621465679,0.024041463848233986,1.0379028305648004,1.0414174778198386,0.9998168100616185,0.9999948805869429,0.00018318993838151165,5.119413057141919e-06,1.8330405841003892e-06,1.8330405841003892e-06,6.783557246656144e-06,6.783539882695926e-06
BedSet_15_11.obj,BedSet_15,M,M,,0.9997600899129417,6.751529316545565e-06,4168.228240256748,1.0289568085738943,46.0056003605847,0.021726219224963365,45.996059592897616,1.0002074228605398,1.1828558109469012,0.7765033835198405,0.07533784445766549,0.9995629984268792,0.024004521286982838,1.037880120901333,1.0413541964985968,0.999816940670685,0.9999948823843015,0.00018305932931494961,5.117615698546629e-06,1.8239855389497517e-06,1.8239855389497517e-06,6.750276113413326e-06,6.750258840709625e-06
BedSet_15_12.obj,BedSet_15,M,M,,0.9997600899766448,6.784817547414064e-06,4168.229347041944,1.0291037424771412,46.0056003605847,0.02172621922496434,45.99605959726554,1.000207422765557,1.1828956417354168,0.776451527085025,0.0753378444648198,0.9995616214651499,0.024041463863348562,1.0379028306078655,1.0414174778504668,0.9998168100638584,0.9999948805870041,0.0001831899361416367,5.1194129958576085e-06,1.833040591296341e-06,1.8330405912963409e-06,6.783557273160742e-06,6.783539909200664e-06
BedSet_15_13.obj,BedSet_15,M,M,,0.9997600899129793,6.7515292790423005e-06,4168.228240907824,1.0289568084130418,46.0056003605847,0.021726219224964646,45.99605959864872,1.0002074227354791,1.1828558109916663,0.7765033835579741,0.07533784446708533,0.9995629984272075,0.024004521277883783,1.0378801208892443,1.0413541964810222,0.9998169406697196,0.9999948823842756,0.00018305933028039956,5.117615724414826e-06,1.8239855288011232e-06,1.8239855288011232e-06,6.750276075910417e-06,6.750258803206725e-06
BedSet_15_14.obj,BedSet_15,M,M,,0.9997600899766214,6.784817570828074e-06,4168.229346634072,1.0291037425775689,46.0056003605847,0.021726219224961367,45.99605958394338,1.0002074230552542,1.1828956417081684,0.776451526897684,0.07533784444299917,0.9995616214651621,0.024041463862210587,1.037902830548323,1.0414174778424694,0.9998168100641736,0.9999948805870112,0.00018318993582644438,5.119412988752181e-06,1.8330405975885514e-06,1.8330405975885518e-06,6.783557296572566e-06,6.783539932612452e-06
BedSet_15_15.obj,BedSet_15,CA,CA,,0.49720263068542897,0.502464314235569,1.9888727766434777,1509.6523098187952,69.43663119712872,0.011423357449461904,1.3027728589942755,53.299107909688594,0.13375413426141347,0.785255694591956,0.16684001192220524,0.9999575033813038,0.008892735408888859,1.0121021938371753,1.012657310176494,0.6546626315358246,0.5348540164688469,0.3453373684641754,0.4651459835311531,0.2640037688360504,0.2640037688360504,0.25244097808853,0.17593734596675883
BedSet_15_16.obj,BedSet_15,M,M,,0.9997601265247097,6.74838613170318e-06,4168.864434837191,1.0289474829303231,46.0056003605847,0.021726219224963452,45.99605959328588,1.0002074228520967,1.1829310789492562,0.7764050691473259,0.07533784445830144,0.9995559445207469,0.024199233365922362,1.0382871885569798,1.0417847183636666,0.9998088953114733,0.9999946628648105,0.0001911046885266776,5.337135189464881e-06,1.8236606361651366e-06,1.8236606361651362e-06,6.747078478390389e-06,6.747060473307355e-06
BedSet_15_17.obj,BedSet_15,M,M,,0.9997600899129292,6.751529329220639e-06,4168.228240036096,1.0289568086282534,46.0056003605847,0.021726219224961367,45.99605958394338,1.0002074230552542,1.1828558109338179,0.7765033833867692,0.07533784444299917,0.9995629984266987,0.024004521291664437,1.0378801208727173,1.0413541965033404,0.9998169406722744,0.9999948823843442,0.00018305932772555433,5.117615655803043e-06,1.8239855423615269e-06,1.8239855423615269e-06,6.750276126096924e-06,6.750258853393333e-06
BedSet_15_18.obj,BedSet_15,M,M,,0.9994743233247105,4.2572623303779533e-07,1902.310007285164,1.0008105189298417,30.732872422087926,0.03250405341531075,30.732872422082522,0.9999999990333225,0.39636053734389803,0.7764969522589773,0.004146652709174343,0.9995619172688393,0.023983307515227443,1.03679936037106,1.0394726238452503,0.9999913306964066,0.9999994690253877,8.669303593444866e-06,5.309746122783565e-07,1.14898021288012e-07,1.14898021288012e-07,4.2572242926390254e-07,4.257223162399716e-07
BedSet_15_19.obj,BedSet_15,M,M,,0.9997600982054474,6.743357813535293e-06,4168.372320280006,1.0289217766047538,46.0056003605847,0.021726219224963452,45.99605959328588,1.0002074228520967,1.1828558109476228,0.7765033835254732,0.07533784445830144,0.999557663605799,0.02415309031767533,1.0382415604630948,1.0417023006201012,0.9998085516833087,0.9999946516183238,0.00019144831669126727,5.34838167620677e-06,1.822216386075262e-06,1.822216386075262e-06,6.742048779459754e-06,6.742030749886464e-06
BedSet_15_20.obj,BedSet_15,M,M,,0.9994644405324926,5.614907512035782e-07,1867.2062780501385,1.0010495173123648,30.558769252502923,0.03268884080296814,30.5552482543595,1.0001152322138258,0.660712681315558,0.7764676619168195,0.01917433075072647,0.9996034973942451,0.022814162498961153,1.037124872398188,1.0398516367090214,1.0,1.0,0.0,0.0,1.515104314171807e-07,1.515104314171807e-07,5.614907512035782e-07,5.614907512035782e-07
BedSet_15_21.obj,BedSet_15,M,M,,0.9997601265247543,6.748386087104579e-06,4168.864435613095,1.0289474827390213,46.0056003605847,0.02172621922496434,45.99605959726554,1.000207422765557,1.1829310790062924,0.7764050691391304,0.0753378444648198,0.9995559445203778,0.024199233376860144,1.038287188599382,1.0417847183853264,0.9998088953132126,0.9999946628648588,0.00019110468678740222,5.3371351411701795e-06,1.8236606241451735e-06,1.8236606241451735e-06,6.747078433812329e-06,6.747060428729577e-06
BedSet_15_22.obj,BedSet_15,M,M,,0.9997601061141158,6.768676535919373e-06,4168.5097405167035,1.0290345045144977,46.0056003605847,0.02172621922496434,45.99605959726554,1.000207422765557,1.182915543832452,0.7764246632297415,0.0753378444648198,0.9995619561290707,0.024032225261328904,1.0378802456581804,1.0413984279746824,0.9998172824887895,0.9999948935823022,0.00018271751121046176,5.106417697797738e-06,1.8286537398698967e-06,1.8286537398698967e-06,6.7674225015014105e-06,6.767405222814279e-06
BedSet_15_23.obj,BedSet_15,M,M,,0.9997601749437921,6.700014319616457e-06,4169.706100814416,1.0287399958095045,46.005600360596844,0.021726221352412086,46.0056003605847,0.999999997099303,1.1829888591889854,0.7764874004658661,0.07535347146748708,0.9995568367163302,0.024174171414125232,1.0382273706321798,1.0417257389827939,0.9998091488900563,0.9999946709025679,0.00019085110994365717,5.329097432116292e-06,1.8105185170081711e-06,1.8105185170081711e-06,6.698717765339539e-06,6.698699916232158e-06
BedSet_15_24.obj,BedSet_15,M,M,,0.999714004040961,2.359762742138849e-07,3496.552900117291,1.000825784130216,41.66609052461308,0.023986519198530502,41.66609052460576,0.9999999990333225,0.39470951607107035,0.7764969522590391,0.0030585674606185913,0.9995599061676773,0.024037666249788172,1.0368962907095,1.0395844040758335,0.9999900528660421,0.9999996020235685,9.947133957854959e-06,3.9797643147654327e-07,6.369156183615041e-08,6.369156183615042e-08,2.3597387997024377e-07,2.3597383301421308e-07
BedSet_15_25.obj,BedSet_15,M,M,,0.9997601748752107,6.666735855741193e-06,4169.704908428754,1.0285931563242443,46.005600360596844,0.021726221352412086,46.0056003605847,0.999999997099303,1.1829491084288768,0.7765392461985663,0.07535347146748708,0.9995582247722095,0.024137160563658593,1.038203809548621,1.0416618409135667,0.9998092853939748,0.9999946728624458,0.00019071460602515522,5.327137554189676e-06,1.801464215183202e-06,1.8014642151832015e-06,6.6654466579161e-06,6.665428903993207e-06
BedSet_15_26.obj,BedSet_15,M,M,,0.9994743253656194,4.2196553557220195e-07,1902.317392921278,1.0008033564885828,30.732872422087926,0.03250405341531075,30.732872422082522,0.9999999990333225,0.39636053811664,0.7764969522590012,0.004146652709174343,0.9995617283202094,0.023988463316498104,1.0368121039244524,1.0394836004697061,0.9999905984173076,0.9999994405461263,9.4015826923588e-06,5.594538736719556e-07,1.1388405051609626e-07,1.1388405051609626e-07,4.2196145039430894e-07,4.2196133236029194e-07
BedSet_15_27.obj,BedSet_15,M,M,,0.999760089912953,6.75152930552227e-06,4168.22824044894,1.0289568085266207,46.0056003605847,0.02172621922496434,45.99605959726554,1.000207422765557,1.1828558109611307,0.776503383574095,0.0753378444648198,0.9995629984266795,0.02400452129301199,1.0378801209323627,1.0413541965116841,0.9998169406719606,0.9999948823843369,0.00018305932803941438,5.117615663130515e-06,1.823985535992871e-06,1.823985535992871e-06,6.750276102400809e-06,6.7502588296972555e-06
BedSet_15_28.obj,BedSet_15,M,M,,0.9998942378356763,1.326418444476798e-05,9455.177155221752,1.1433997185158953,71.50139987594586,0.013983005321683934,71.5013998759435,0.999999998549703,0.5894858247891547,0.7746083690166408,0.006399959594612078,0.9983750173192654,0.046476242940395,1.061979705497373,1.071915615078792,0.9999993784478671,0.9999990415988089,6.215521328734042e-07,9.584011910757084e-07,3.6574766760555923e-06,3.6574766760555923e-06,1.3264169844184712e-05,1.3264163487983578e-05
BedSet_15_29.obj,BedSet_15,M,M,,0.999714004274328,2.316619587706759e-07,3496.5557532377634,1.0008106748636079,41.66609052461308,0.023986519198530502,41.66609052460576,0.9999999990333225,0.39470951684381334,0.776496952259061,0.0030585674606185913,0.9995619182841531,0.023983280221425676,1.0368067014253506,1.0394751265465594,0.9999899622109034,0.9999996000325122,1.0037789096584149e-05,3.9996748779635993e-07,6.252283674848067e-08,6.252283674848067e-08,2.3165958706863125e-07,2.3165954074047046e-07
BedSet_15_30.obj,BedSet_15,M,M,,0.9997600890782984,6.785702627848904e-06,4168.213739106585,1.0291075374090959,46.0056003605847,0.021726219224964347,45.99605959728981,1.0002074227650293,1.18289500368969,0.7764515271574303,0.07533784446485955,0.9995622561618558,0.0240236538135532,1.0378594847895493,1.0413807386240417,0.9998177420451541,0.9999949062244257,0.00018225795484594354,5.093775574338544e-06,1.8332293586265842e-06,1.8332293586265846e-06,6.7844486002924685e-06,6.784431321019177e-06
BedSet_15_31.obj,BedSet_15,M,M,,0.999760089976634,6.784817558354216e-06,4168.229346851217,1.0291037425240648,46.0056003605847,0.021726219224963365,45.996059592897616,1.0002074228605398,1.1828956417211645,0.7764515270307579,0.07533784445766549,0.9995616214653482,0.024041463857380548,1.0379028305768923,1.0414174778374898,0.9998168100625844,0.9999948805869686,0.00018318993741561762,5.119413031384745e-06,1.8330405942308658e-06,1.8330405942308658e-06,6.783557284090099e-06,6.7835399201298725e-06
BedSet_15_32.obj,BedSet_15,M,M,,0.9997600982724243,6.776639485897372e-06,4168.373484024877,1.0290686770298645,46.0056003605847,0.021726219224963452,45.99605959328588,1.0002074228520967,1.1828956417218754,0.7764515270363909,0.07533784445830144,0.9995562738817684,0.02419012565847149,1.0382652336724314,1.0417663074269996,0.9998084176647709,0.9999946497259392,0.00019158233522909018,5.35027406078914e-06,1.831272609764906e-06,1.831272609764906e-06,6.775323076513517e-06,6.775304951547375e-06
BedSet_15_33.obj,BedSet_15,M,M,,0.999760089912953,6.751529305408049e-06,4168.228240450926,1.028956808526131,46.0056003605847,0.02172621922496435,45.99605959731408,1.0002074227645017,1.1828558109616034,0.7765033835742922,0.07533784446489929,0.9995629984266813,0.024004521292946276,1.0378801209321424,1.041354196511534,0.9998169406719538,0.9999948823843366,0.00018305932804618674,5.117615663352559e-06,1.8239855359618177e-06,1.8239855359618177e-06,6.7502761022865634e-06,6.750258829583009e-06
BedSet_15_34.obj,BedSet_15,M,M,,0.9997601264575974,6.715104775281646e-06,4168.863268461506,1.0288006012175996,46.0056003605847,0.02172621922496434,45.99605959726554,1.000207422765557,1.1828913466388946,0.7764569256282229,0.0753378444648198,0.9995573374747833,0.02416212606857918,1.0382633337927736,1.0417205583322788,0.9998090298202694,0.9999946647706016,0.00019097017973057628,5.335229398384378e-06,1.8146044476547034e-06,1.814604447654703e-06,6.713804480624505e-06,6.713786570733207e-06
BedSet_15_35.obj,BedSet_15,M,M,,0.9997601264575524,6.715104820093955e-06,4168.863267681859,1.0288006014097903,46.0056003605847,0.021726219224963452,45.99605959328588,1.0002074228520967,1.1828913465817938,0.7764569256364012,0.07533784445830144,0.9995573374751557,0.024162126057562062,1.0382633337503302,1.0417205583104805,0.9998090298185268,0.9999946647705532,0.00019097018147318234,5.335229446790102e-06,1.81460445973204e-06,1.81460445973204e-06,6.713804525416272e-06,6.713786615524692e-06
BedSet_15_36.obj,BedSet_15,M,M,,0.996053422119705,0.003893776384578603,253.38407864516293,74.74367584989037,100.98257788993855,0.009880166635961227,14.960209549630676,6.750077766840791,0.3280426060293706,0.9668887630069929,0.0006981839901480958,0.9999999999099733,1.0792469990151541e-05,1.0000163984443697,1.0000181252640667,0.9999988082396174,0.9999998990222368,1.1917603826017142e-06,1.0097776315109996e-07,0.0010221311300065538,0.0010221311300065538,0.0038937715475379888,0.0038937713509458083
BedSet_15_37.obj,BedSet_15,M,M,,0.9920830352435335,0.007816855300039316,126.31103342768343,79.08308604250648,71.67655283631942,0.013888764051850808,10.618463096076733,6.7501814690491235,0.32933721476255007,0.9664582790838028,0.001034074446608663,0.9993318236280031,0.030898163874955416,1.0427718668551973,1.0458606457299788,0.9999997730212885,0.9999998479286876,2.2697871149279791e-07,1.5207131243144545e-07,0.002120917165167407,0.002120917165167407,0.007816852931419984,0.007816852337060396
BedSet_15_38.obj,BedSet_15,M,M,,0.9998942378356779,1.3264052829838413e-05,9455.177155355903,1.1433980915825903,71.50139987594586,0.013983005321683934,71.5013998759435,0.999999998549703,0.5894858254406113,0.7746078374862655,0.006399959594612078,0.9983759534312647,0.04646293870698505,1.0619592481523872,1.0718919430033702,0.9999993778286358,0.9999990392263192,6.221713642062809e-07,9.607736808359135e-07,3.657385503402559e-06,3.657385503402559e-06,1.3264038205452103e-05,1.3264031833579638e-05
BedSet_15_39.obj,BedSet_15,M,M,,0.9961114215893335,0.0038365526584507228,257.16338836240874,74.74333853846024,101.73265566548169,0.009807646707722025,15.071099363785605,6.7501814690491235,0.3280213457812629,0.9668742978083266,0.0006930256126188338,0.9999999998887372,1.1943440488175871e-05,1.0000181136807718,1.0000198482581393,0.9999976168145751,0.9999997995453099,2.3831854248923534e-06,2.0045469006912953e-07,0.0010071127080350396,0.0010071127080350396,0.0038365431307077744,0.0038365427461812037
BedSet_15_40.obj,BedSet_15,M,M,,0.9997600899766356,6.784817556702188e-06,4168.229346879899,1.0291037425169782,46.0056003605847,0.021726219224963456,45.99605959331014,1.0002074228515692,1.1828956417227616,0.7764515270355932,0.07533784445834117,0.9995616214653431,0.024041463857497315,1.0379028305773699,1.0414174778376029,0.9998168100622493,0.9999948805869595,0.00018318993775068293,5.119413040488574e-06,1.8330405937857006e-06,1.8330405937857006e-06,6.7835572824360725e-06,6.7835399184758204e-06
BedSet_15_41.obj,BedSet_15,M,M,,0.9997600899766452,6.7848175470109115e-06,4168.229347048956,1.029103742475412,46.0056003605847,0.02172621922496435,45.99605959731408,1.0002074227645017,1.1828956417358867,0.7764515270852239,0.07533784446489929,0.9995616214651525,0.024041463863282687,1.0379028306076448,1.0414174778503165,0.9998168100638525,0.999994880587004,0.00018318993614752088,5.119412995968631e-06,1.8330405911872231e-06,1.8330405911872231e-06,6.783557272757624e-06,6.7835399087975474e-06
BedSet_15_42.obj,BedSet_15,M,M,,0.999760126524703,6.748386138415346e-06,4168.864434720615,1.0289474829591159,46.0056003605847,0.021726219224963445,45.99605959326161,1.0002074228526245,1.1829310789416712,0.7764050691568513,0.07533784445826168,0.9995559445207021,0.02419923336728988,1.0382871885600418,1.0417847183662234,0.9998088953118527,0.9999946628648205,0.0001911046881473144,5.337135179472874e-06,1.8236606379815177e-06,1.8236606379815173e-06,6.747078485103848e-06,6.747060480020829e-06
BedSet_15_43.obj,BedSet_15,OB,OB,,0.7905410985161139,0.20263095281238744,4.774206266315019,30.676695382617513,6.76187607313874,0.10839496804747123,1.0913741105105605,6.195745352457273,0.04016759344170354,0.9996467723140905,9.686355540455821e-05,0.761143286570383,0.5638037128711892,1.982093691994836,2.0920848637442924,0.9940591030888036,0.9926511603330548,0.005940896911196369,0.007348839666945217,0.0862404228147172,0.0862404228147172,0.20068701532069838,0.1999468874306852
BedSet_15_44.obj,BedSet_15,CA,CA,,0.7348601036159224,0.002268540615516163,3.7715938396380406,1.0086298503438684,1.592662579025693,0.46950043140843783,1.592662579025693,0.9999999993554163,0.3950136899018262,0.6403806970823238,0.9610155390770931,0.9992019887626518,0.03524391585163103,1.047739248217193,1.0522554017007546,0.8791395448201303,0.7149955490800066,0.12086045517986965,0.2850044509199934,0.0009080700540026875,0.0009080700540026875,0.0017101624893654348,0.0014259612146000115
BedSet_15_45.obj,BedSet_15,CA,CA,,0.7348600804621784,0.002268130790455085,3.771593510277913,1.0086282770993398,1.592662579025693,0.46950043140843783,1.592662579025693,0.9999999993554163,0.3950157296275364,0.6403788592310395,0.9610155390770931,0.9992022276235469,0.03523944899533169,1.047733915581531,1.0522433509086864,0.8791422501507711,0.7149970607931042,0.12085774984922892,0.2850029392068958,0.0009078992495355234,0.0009078992495355234,0.001709860307390675,0.001425711008024419
BedSet_15_46.obj,BedSet_15,CA,CA,,0.7348533331303844,0.0022659644918151425,3.771497532481504,1.008619743920988,1.5927086683199172,0.4694928346631596,1.5927086683199172,0.9999999993554163,0.3950095083596229,0.640329359714655,0.9609877295166785,0.9995301632792061,0.02682617098102656,1.0362110562163336,1.0402152292963922,0.8790740042806784,0.7149688973160748,0.12092599571932161,0.2850311026839252,0.0009017926963436728,0.000901792696343673,0.0017080665585633603,0.0014241826377489508
BedSet_15_47.obj,BedSet_15,CA,CA,,0.7348533275020362,0.002266008507308205,3.771497452422793,1.0086199126149489,1.5927086683199172,0.4694928346631596,1.5927086683199172,0.9999999993554163,0.39500993684512103,0.6403275206394106,0.9609877295166785,0.9992043771897348,0.0351932999553769,1.0476934789400816,1.0521576840355948,0.87907859172107,0.7149729424363761,0.12092140827893005,0.2850270575636239,0.0009070880581935305,0.0009070880581935305,0.0017081126797458177,0.0014242257920591749
BedSet_16_01.obj,BedSet_16,OB,OB,,0.7374515927222715,0.2624878080871703,3.8088214298025442,4332.539838555265,132.72999135094588,0.006669851585872586,1.9038775979126243,69.71561170394465,0.06024541032646685,0.9921355152397264,2.0921070315518465e-05,0.9722222222222223,0.1842569327975222,1.0277777777777777,1.3611111111111114,0.9886957092814879,0.9936531613315326,0.011304290718512133,0.006346838668467414,0.08092564204981068,0.08092564204981066,0.25869700200130546,0.25787343440812294
BedSet_16_02.obj,BedSet_16,OB,OB,,0.4142806568283179,0.054964981741838635,1.7073023301802177,1.1035601121061036,1.8292682906369988,0.39689720326981864,1.292880536859465,1.414878047119082,0.824522567671715,0.4741495252104595,0.19810651764399204,0.9259628858216855,0.3174469994178881,1.3052766706465038,1.5666187165522019,0.7795016390231612,0.5029405920597089,0.22049836097683884,0.49705940794029113,0.031249350548394655,0.031249350548394655,0.03219696528220123,0.021548637207761106
BedSet_16_03.obj,BedSet_16,OB,OB,,0.41425080570811335,0.054993959436415565,1.7072153221440474,1.1036145387808192,1.8292682906369988,0.3968864152813939,1.2927691104092194,1.4149999983918806,0.8245180907268885,0.4741210132257069,0.1980894439040601,0.9259650345571325,0.31744265434948543,1.305246000625508,1.5666165678167547,0.7794571712391605,0.5029585359063562,0.22054282876083953,0.4970414640936438,0.03126625239352064,0.03126625239352064,0.03221248650902114,0.021559536960492683
BedSet_16_04.obj,BedSet_16,OB,OB,,0.4142508057278067,0.05499395941759064,1.7072153222014452,1.1036145387455205,1.8292682906369988,0.39688641528204166,1.2927691104159091,1.4149999983845583,0.8245180907280096,0.4741210132220445,0.1980894439050852,0.9259650345596898,0.3174426543474849,1.3052460005964077,1.5666165678141977,0.7794571712286475,0.5029585359005255,0.22054282877135245,0.4970414640994745,0.03126625238300221,0.03126625238300221,0.03221248649743509,0.021559536952571942
BedSet_16_05.obj,BedSet_16,OB,OB,,0.526576378694823,0.47330117412112305,2.1122731418480485,3866.349601772204,90.38018489597482,0.009115074378554296,1.4535255171327488,62.17997814653712,0.73866080065286,0.9998903235878283,0.00019853342210082465,0.9999999971762304,6.135980775274935e-05,1.0001062811274395,1.0001062811274395,0.9995835636942885,0.99973477795714,0.0004164363057115317,0.0002652220428599472,0.12435778550529357,0.1243577855052936,0.47304133551414373,0.4729785966996043
BedSet_16_06.obj,BedSet_16,OB,OB,,0.5527407898105925,0.44713580994231633,2.2358399273116754,3624.4595998165382,90.40306006775779,0.00912136076789864,1.4578048668712542,62.01314189363308,0.7386977112385212,0.9992176072456751,0.00023218670158978852,0.9948790945879173,0.08491577194112586,1.1482418433860202,1.1482418433860202,0.7602675035941973,0.8099135118981695,0.23973249640580274,0.1900864881018305,0.19271061441905857,0.19271061441905857,0.3076335570182594,0.2753242880441046
BedSet_16_07.obj,BedSet_16,OB,OB,,0.526576378694823,0.47330117412112305,2.1122731418480485,3866.349601772204,90.38018489597482,0.009115074378554296,1.4535255171327488,62.17997814653712,0.73866080065286,0.9998903235878283,0.00019853342210082465,0.9999999971762304,6.135980775274935e-05,1.0001062811274395,1.0001062811274395,0.9995835636942885,0.99973477795714,0.0004164363057115317,0.0002652220428599472,0.12435778550529357,0.1243577855052936,0.47304133551414373,0.4729785966996043
BedSet_16_08.obj,BedSet_16,OB,OB,,0.5527407898105925,0.44713580994231633,2.2358399273116754,3624.4595998165382,90.40306006775779,0.00912136076789864,1.4578048668712542,62.01314189363308,0.7386977112385212,0.9992176072456751,0.00023218670158978852,0.9948790945879173,0.08491577194112586,1.1482418433860202,1.1482418433860202,0.7602675035941973,0.8099135118981695,0.23973249640580274,0.1900864881018305,0.19271061441905857,0.19271061441905857,0.3076335570182594,0.2753242880441046
BedSet_16_09.obj,BedSet_16,OB,OB,,0.9413172728855114,0.05354951402241877,17.040789499249108,11.431967865317109,19.150158521861787,0.051074689138156396,4.846152417740083,3.951621176954172,0.04512240225393662,0.9999999999999826,1.8711127700228122e-05,0.9996000000000003,0.023310083654929734,1.0403999999999933,1.0403999999999933,0.9511936957271557,0.9870687509445405,0.04880630427284427,0.012931249055459504,0.015588703362569832,0.015588703362569836,0.05060662735410531,0.05027729456083296
BedSet_16_10.obj,BedSet_16,OB,OB,,0.9695080163497243,0.028852432526202298,32.795504925797054,18.597763255138855,24.696619932434537,0.03985611451249824,5.726735974455259,4.312512405113431,0.079402341387684,0.9999999999999971,6.845547170761926e-06,1.0,0.0,1.0,1.0,0.9999999999999993,0.9999999999999999,6.661338147750939e-16,1.1102230246251565e-16,0.00757376353812811,0.00757376353812811,0.028852432526202277,0.028852432526202273
BedSet_16_11.obj,BedSet_16,OB,OB,,0.7710326209345266,0.2103100359782247,4.3674343658950034,12.27223929978634,7.321079130643142,0.12228773832728243,2.089840751165647,3.5031756012967956,0.07673898705799492,0.9999999999999923,1.8381901007453396e-05,1.0,0.0,1.0,1.0,0.9999999999999998,1.0,2.220446049250313e-16,0.0,0.05520638444428399,0.05520638444428399,0.21031003597822465,0.21031003597822465
BedSet_16_12.obj,BedSet_16,OB,OB,,0.7122999098543378,0.26425692846041154,3.475841802805895,12.272239299786346,6.531183839899104,0.13371589002058334,1.864360963515037,3.5031756012967956,0.0776304526267979,0.999999999999991,2.060504728485702e-05,1.0,0.0,1.0,1.0,1.0,1.0,0.0,0.0,0.06936744372085801,0.06936744372085801,0.26425692846041154,0.26425692846041154
BedSet_16_13.obj,BedSet_16,OB,OB,,0.6286407098951285,0.34109918182043986,2.6928099731037296,12.272239299786351,5.748635347801052,0.146933285291773,1.6409783583872504,3.5031756012967956,0.07875520430110708,0.9999999999999905,2.3409964923012937e-05,1.0,0.0,1.0,1.0,1.0,1.0,0.0,0.0,0.08953853522786545,0.08953853522786545,0.34109918182043986,0.34109918182043986
BedSet_16_14.obj,BedSet_16,OB,OB,,0.7578549214463822,0.241789338337644,4.1297556240793405,680.6795174698549,53.01924237677334,0.01692069278278558,2.0321800175841673,26.089835505045894,0.1416207230334977,0.9999999999999988,5.213596979248349e-06,1.0,0.0,1.0,1.0,1.0,1.0,0.0,0.0,0.06346970131363154,0.06346970131363154,0.241789338337644,0.241789338337644
BedSet_16_15.obj,BedSet_16,OB,OB,,0.4471928833999175,0.5499425492919087,1.8089492156866072,192.9810184673844,22.232216316903433,0.036825725451941835,1.428790377323251,15.560166605976748,0.053873189995859196,0.9999999999981223,5.083627284371692e-05,0.995846001241294,0.07849825177942978,1.1292116988065728,1.129211713097178,0.6206023279794758,0.6104023223500193,0.3793976720205242,0.38959767764998066,0.2951089936590055,0.2951089936590055,0.27481163463736985,0.2083276429292136
BedSet_16_16.obj,BedSet_16,OB,OB,,0.4471928833999175,0.5499425492919089,1.8089492156866072,192.98101846740286,22.232216316903433,0.036825725451941835,1.428790377323251,15.560166605976748,0.053873189995859674,0.9999999999980909,5.083627284371692e-05,0.9958460012413083,0.07849825177930365,1.129211698806333,1.1292117130969386,0.6206023279794757,0.6104023223500189,0.3793976720205243,0.3895976776499811,0.2951089936589822,0.2951089936589822,0.2748116346373698,0.20832764292921346
BedSet_16_17.obj,BedSet_16,OB,M,x,0.9818135052115559,0.01796592311809762,54.98585690274483,82.45163469893482,43.33142438711696,0.022579252905830335,4.760429966890237,9.102418202965127,0.12302919406777613,0.865666216358595,0.00015436801001646248,0.7580517539829789,0.5362581492742228,1.352136605312384,1.352136605312384,0.995469410867183,0.9988330034854326,0.004530589132817009,0.00116699651456742,0.005947059350216629,0.005947059350216629,0.01787409131177805,0.017863655721498353
BedSet_16_18.obj,BedSet_16,OB,OB,,0.982370240837655,0.01743279166468502,56.72222069821187,89.5013107981377,53.0023819294088,0.018536723594549862,5.300028008406778,10.000394078045051,553.8514508343042,0.9926790102437713,3161626.5203793603,0.8505450486965422,0.3701360613021356,1.1864919883404954,1.4458337763295428,0.9960590952389278,0.9990392071755059,0.003940904761072228,0.0009607928244941277,0.005622232762567044,0.005622232762567044,0.017355749046144023,0.017347407399273165
BedSet_16_19.obj,BedSet_16,OB,OB,,0.9817241847826872,0.018078924245791526,54.717071767696055,92.81740008172805,53.00238193073574,0.01853672359408595,5.300028008406778,10.000394078295415,553.8514508464025,0.9926790102457796,3190900.8400923647,0.8535272660565717,0.3661483018110079,1.1648213577966393,1.4401324872622758,0.9859626718548627,0.9966581017668212,0.014037328145137251,0.003341898233178764,0.005873073590362382,0.005873073590362382,0.01779535954426438,0.017765574634886486
BedSet_16_20.obj,BedSet_16,M,M,,0.9984505279417109,0.0006196102752325667,645.3810124664983,1.666180774171292,31.998094637293836,0.031212809403075067,25.600087790200735,1.2499206618595187,232.26442164204857,0.9999393851898242,193967.39255680516,0.9375,0.33071891388307384,1.512500000000001,1.5625,0.9999999999999973,0.9999999999999999,2.6645352591003757e-15,1.1102230246251565e-16,0.00022245970254992505,0.000222459702549925,0.0006196102752325651,0.000619610275232565
BedSet_16_21.obj,BedSet_16,M,M,,0.9984505279417111,0.000619707654938705,645.3810124665772,1.6663552831046342,31.999770544903626,0.03121117630201718,25.600087790200735,1.2499861267433685,232.27115631912838,0.9999393820153017,193977.5510343784,0.9375,0.33071891388307384,1.512500000000001,1.5625,0.9999999999999971,0.9999999999999999,2.886579864025407e-15,1.1102230246251565e-16,0.00022249466494697988,0.00022249466494697988,0.0006197076549387033,0.0006197076549387031
BedSet_16_22.obj,BedSet_16,OB,OB,,0.9767189425429401,0.023133747106798632,42.953369282211625,158.03991809972567,69.99593240170495,0.014113478215403708,6.392858806350777,10.949080301860526,297.7319821322535,0.9230922224128533,187271.36286217585,0.8649236422211507,0.433396357824873,1.6808702518098704,1.7755730592500376,0.894196861930394,0.9760885706083217,0.10580313806960595,0.02391142939167834,0.009948225774039768,0.009948225774039768,0.020438806670075825,0.020191489272560977
BedSet_16_23.obj,BedSet_16,M,M,,0.997500132103686,0.002409562963300395,400.0211128201223,27.681828663503556,100.79415522537171,0.009908528452110188,20.160118159238127,4.9996795300311385,298.84584198491643,0.9918268913294495,76972.72290373093,1.0,7.021666937153402e-17,1.0,1.0,1.0,1.0,0.0,0.0,0.0006325102778663535,0.0006325102778663535,0.002409562963300395,0.002409562963300395
BedSet_16_24.obj,BedSet_16,M,M,,0.994237694388635,0.005626194904210691,173.5416164307622,42.334184401601654,61.00285708151742,0.016335165325862308,12.142580078830276,5.023878083646479,276.7338560084852,0.9148132619182415,265870.46417767025,0.927437641723356,0.24873123266761157,1.072562358276644,1.4535147392290249,0.9999723430180695,0.9998188971596674,2.7656981930523905e-05,0.00018110284033256985,0.0017568609476154838,0.0017568609476154838,0.005625529854791303,0.005625020408942719
BedSet_16_25.obj,BedSet_16,M,M,,0.9942377386893487,0.00562615033843912,173.5429506322281,42.33377648653052,61.00285708151742,0.016335167619813955,12.142833275938687,5.023773327887203,276.7371493055799,0.9148305455695983,265876.0077596399,0.927437641723356,0.24873123266761157,1.072562358276644,1.4535147392290249,0.9999761913054028,0.9998193098936092,2.380869459717161e-05,0.00018069010639076843,0.0017568387568109953,0.0017568387568109955,0.00562550810439418,0.005624999821644406
BedSet_16_26.obj,BedSet_16,M,M,,0.9979357083681404,0.001999776793198181,484.4276469235234,31.996195919725732,100.8047139974027,0.009907490176223553,20.159695807666,5.000308031202711,306.50821985651015,0.9668700823316284,107770.84257467982,0.9591836734693875,0.27380424214283133,1.3265306122448979,1.3265306122448979,0.9995782277564919,0.9946789621691403,0.000421772243508145,0.005321037830859687,0.0006577587607643493,0.0006577587607643493,0.001993615142884253,0.0019882969429149077
BedSet_16_27.obj,BedSet_16,M,M,,0.9975000273592302,0.002409667707756198,400.0043526391952,27.682988560890198,100.79415522537171,0.009908527942653025,20.159695807666,4.999784274817791,298.8447971411777,0.9918268921291437,76971.11039792947,1.0,7.021666937153402e-17,1.0,1.0,1.0,1.0,0.0,0.0,0.0006325377732860019,0.0006325377732860019,0.002409667707756198,0.002409667707756198
BedSet_16_28.obj,BedSet_16,OB,OB,,0.5178993399602042,0.47534428879548923,2.074255482415052,71.35495960342787,11.660900195091909,0.07018813709537255,1.4352230277845976,8.124799952214653,34.836442105088786,0.9969238023977256,42633.168574538715,0.9968958135966242,0.06194117619492329,1.0821986302523916,1.1014124225293995,0.9924310041366486,0.989756283738872,0.007568995863351358,0.010243716261127966,0.13600295398411577,0.13600295398411577,0.46933019165512546,0.4669139734703225
BedSet_16_29.obj,BedSet_16,M,M,,0.9971144775581768,0.0028042596736351484,346.55763390938966,35.50645070093583,81.33142900299363,0.012277011094358345,18.769823579254105,4.333093353174987,414.07008138083285,0.9971354111502199,626167.5486356294,0.9722222222222222,0.1842569327975221,1.0277777777777777,1.3611111111111107,0.9999999999999999,1.0,1.1102230246251565e-16,0.0,0.0008481256968784566,0.0008481256968784566,0.002804259673635148,0.002804259673635148
BedSet_16_30.obj,BedSet_16,M,M,,0.9971142915532379,0.0028044456785741427,346.5352957443466,35.50873963279822,81.33142900299363,0.01227700997447951,18.76921860814699,4.333233017875143,414.06761645586494,0.9971354153427686,626147.3692235166,0.9722222222222223,0.18425693279752223,1.0277777777777777,1.3611111111111114,1.0,1.0,0.0,0.0,0.0008481819525704637,0.0008481819525704637,0.0028044456785741427,0.0028044456785741427
BedSet_16_31.obj,BedSet_16,M,M,,0.9971141055424366,0.0028046316893753703,346.5129597549439,35.51102863678788,81.33142900299363,0.012277008854565686,18.768613676468746,4.333372682475461,414.0651516915278,0.9971354195350433,626127.1911264237,0.9722222222222222,0.18425693279752214,1.0277777777777777,1.3611111111111107,1.0,1.0,0.0,0.0,0.0008482382100354554,0.0008482382100354554,0.0028046316893753703,0.0028046316893753703
BedSet_16_32.obj,BedSet_16,M,M,,0.9979174928299415,0.0020213606278274227,480.1903937175292,34.056628618121046,100.79415522537171,0.009908528452110188,20.160118159238127,4.9996795300311385,309.91985599069244,0.9668733895680326,184734.53496895422,0.9924617987891108,0.10060038180446944,1.1742050213437871,1.1742050213437876,0.9995727175363952,0.994654212495854,0.0004272824636047945,0.005345787504146049,0.0005993760604086136,0.0005993760604086136,0.0020150963622425386,0.002009695788606546
BedSet_16_33.obj,BedSet_16,M,M,,0.9971144775579556,0.00280425967385634,346.5576338828137,35.506450703621205,81.33142900299363,0.012277011094357013,18.769823578534375,4.333093353341139,414.07008137790007,0.9971354111502255,626167.5486116222,0.9722222222222222,0.18425693279752217,1.0277777777777777,1.3611111111111107,1.0,1.0,0.0,0.0,0.000848125696945354,0.000848125696945354,0.00280425967385634,0.00280425967385634
BedSet_16_34.obj,BedSet_16,M,M,,0.997114291553238,0.0028044456785739575,346.53529574437005,35.50873963280002,81.33142900299363,0.012277009974479511,18.76921860814763,4.333233017874996,414.06761645586795,0.9971354153427678,626147.3692235379,0.9722222222222223,0.18425693279752225,1.0277777777777777,1.3611111111111114,1.0,1.0,0.0,0.0,0.0008481819525704078,0.0008481819525704078,0.0028044456785739575,0.0028044456785739575
BedSet_16_35.obj,BedSet_16,M,M,,0.9971144775579556,0.002804259673856392,346.55763388281423,35.5064507036456,81.33142900299363,0.012277011094357013,18.769823578534375,4.333093353341139,414.0700813779003,0.997135411150225,626167.5486116222,0.9722222222222222,0.18425693279752217,1.0277777777777777,1.3611111111111107,0.9999999999999999,1.0,1.1102230246251565e-16,0.0,0.0008481256969453699,0.0008481256969453699,0.0028042596738563916,0.0028042596738563916
BedSet_16_36.obj,BedSet_16,M,M,,0.997114291553238,0.0028044456785739575,346.53529574437005,35.50873963280002,81.33142900299363,0.012277009974479511,18.76921860814763,4.333233017874996,414.06761645586795,0.9971354153427678,626147.3692235379,0.9722222222222223,0.18425693279752225,1.0277777777777777,1.3611111111111114,1.0,1.0,0.0,0.0,0.0008481819525704078,0.0008481819525704078,0.0028044456785739575,0.0028044456785739575
BedSet_16_37.obj,BedSet_16,M,M,,0.9971141055425253,0.0028046316892868335,346.5129597655952,35.511028635771126,81.33142900299363,0.01227700885456622,18.76861367675724,4.333372682408852,414.06515169270324,0.9971354195350414,626127.1911360467,0.9722222222222223,0.18425693279752223,1.0277777777777777,1.3611111111111114,1.0,1.0,0.0,0.0,0.0008482382100086786,0.0008482382100086786,0.0028046316892868335,0.0028046316892868335
BedSet_16_38.obj,BedSet_16,M,M,,0.9971144775579776,0.002804259673834493,346.55763388545955,35.506450703429884,81.33142900299363,0.012277011094357146,18.76982357860603,4.333093353324598,414.0700813781922,0.9971354111502245,626167.5486140121,0.9722222222222222,0.1842569327975221,1.0277777777777777,1.3611111111111107,1.0,1.0,0.0,0.0,0.0008481256969387465,0.0008481256969387465,0.002804259673834493,0.002804259673834493
BedSet_16_39.obj,BedSet_16,M,M,,0.9971141055425253,0.0028046316892867437,346.5129597655958,35.51102863573388,81.33142900299363,0.01227700885456622,18.76861367675724,4.333372682408852,414.06515169270347,0.9971354195350408,626127.1911360467,0.9722222222222223,0.18425693279752223,1.0277777777777777,1.3611111111111114,1.0,1.0,0.0,0.0,0.0008482382100086514,0.0008482382100086514,0.0028046316892867437,0.0028046316892867437
BedSet_16_40.obj,BedSet_16,M,M,,0.997114291553238,0.0028044456785739575,346.53529574437005,35.50873963280002,81.33142900299363,0.012277009974479511,18.76921860814763,4.333233017874996,414.0676164558677,0.9971354153427684,626147.3692235379,0.9722222222222223,0.18425693279752225,1.0277777777777777,1.3611111111111114,1.0,1.0,0.0,0.0,0.0008481819525704078,0.0008481819525704078,0.0028044456785739575,0.0028044456785739575
BedSet_16_41.obj,BedSet_16,M,M,,0.997114291553238,0.0028044456785739575,346.53529574437005,35.50873963280002,81.33142900299363,0.012277009974479511,18.76921860814763,4.333233017874996,414.06761645586795,0.9971354153427678,626147.3692235379,0.9722222222222223,0.18425693279752225,1.0277777777777777,1.3611111111111114,1.0,1.0,0.0,0.0,0.0008481819525704078,0.0008481819525704078,0.0028044456785739575,0.0028044456785739575
BedSet_16_42.obj,BedSet_16,M,M,,0.9971144775579779,0.002804259673834187,346.5576338854839,35.50645070338226,81.33142900299363,0.012277011094357148,18.76982357860667,4.3330933533244504,414.070081378195,0.9971354111502242,626167.5486140335,0.9722222222222223,0.18425693279752223,1.0277777777777777,1.3611111111111114,0.9999999999999999,1.0,1.1102230246251565e-16,0.0,0.0008481256969386547,0.0008481256969386547,0.0028042596738341867,0.0028042596738341867
BedSet_16_43.obj,BedSet_16,OB,OB,,0.9639512888877744,0.03543593983000259,27.740232260675427,58.82836077529364,68.00305786219087,0.014570899389797063,7.391577609729341,9.200072330120902,282.0924150660814,0.9999689898110667,210869.28474722168,0.986159169550173,0.13701723096334825,1.2491349480968854,1.2491349480968859,0.9999984521785222,0.9999997381712233,1.547821477765332e-06,2.618287766598115e-07,0.010902682588560381,0.010902682588560381,0.035435880342426625,0.03543587570335942
BedSet_16_44.obj,BedSet_16,OB,OB,,0.7499813350603409,0.08999440822988239,3.9996018443734718,1.5622242746204822,2.499972253455543,0.33686382590979497,1.9999990022390717,1.2499861267402703,274.1648451052015,0.9992246413583107,1860860.7400540102,1.0,9.064933036736789e-17,1.0,1.0,0.9999999999999999,1.0,1.1102230246251565e-16,0.0,0.02362353216034413,0.02362353216034413,0.08999440822988237,0.08999440822988237
BedSet_16_45.obj,BedSet_16,M,M,,0.9993277048870863,0.00042272900418507855,1487.4419162112451,2.6935793812024755,65.99847864654,0.015143163237795194,33.0004052898858,1.9999285047972029,251.65909012109435,0.9964864368945681,209000.38829795804,0.9722222222222222,0.18425693279752214,1.0277777777777777,1.3611111111111107,0.9965295525761433,0.9968707634385026,0.003470447423856715,0.0031292365614974393,0.00012876129051984575,0.00012876129051984575,0.00042060283126075593,0.00041994371711999694
BedSet_16_46.obj,BedSet_16,M,M,,0.9984043667839739,0.0015148957347254231,626.710404313809,19.762459053647262,100.79415522537171,0.009912908688819243,25.200542096662776,3.999680777152922,314.8432396319618,0.9918173477194814,173189.68135034453,0.9999999957836214,7.245316097828926e-05,1.0001057166081646,1.000129222360763,1.0,1.0,0.0,0.0,0.00039769464705705337,0.00039769464705705337,0.0015148957347254231,0.0015148957347254231
BedSet_16_47.obj,BedSet_16,M,M,,0.997114291553238,0.0028044456785739575,346.53529574437005,35.50873963280002,81.33142900299363,0.012277009974479511,18.76921860814763,4.333233017874996,414.0676164558679,0.9971354153427681,626147.3692235379,0.9722222222222223,0.18425693279752225,1.0277777777777777,1.3611111111111114,1.0,1.0,0.0,0.0,0.0008481819525704078,0.0008481819525704078,0.0028044456785739575,0.0028044456785739575
BedSet_16_48.obj,BedSet_16,OB,OB,,0.9540625126313074,0.044168585404553616,21.768689528470663,25.968871394274053,49.297099934723846,0.019975952674174388,5.699476023811486,8.649407879069937,276.20621358740516,0.9652614970174244,491244.08968049963,0.757384575072832,0.5397933119633985,1.2426154249271677,1.707406855323607,0.899378486980041,0.9673216779389243,0.10062151301995903,0.03267832206107568,0.017293507822093157,0.017293507822093157,0.039075214178764583,0.038426152844333025
BedSet_16_49.obj,BedSet_16,OB,OB,,0.9540623956699453,0.044168702367567286,21.768634103386756,25.96893753940731,49.29709993472453,0.01997595267417411,5.699476023811486,8.649407879070056,276.2062254067619,0.9652614970174244,491244.0896805065,0.7573873362936799,0.5397879177649485,1.24261266370632,1.7073961603410546,0.8993782924432038,0.9673216273093509,0.10062170755679622,0.032678372690649105,0.01729350978406999,0.01729350978406999,0.03907530819634044,0.03842624427790612
BedSet_16_50.obj,BedSet_16,OB,OB,,0.9540624541197973,0.04416864200596879,21.768661801258403,25.968876429772447,49.29709993469505,0.019975952674185702,5.699476023808156,8.649407879069937,276.2062896739916,0.9652611285917362,491244.08968078665,0.7573847225520346,0.539793174915628,1.2426152774479655,1.7074103942514027,0.8993799288780165,0.967322142794184,0.10062007112198346,0.03267785720581595,0.017293512287534767,0.017293512287534767,0.039075336132231325,0.03842628215849587
BedSet_16_51.obj,BedSet_16,OB,OB,,0.9540623371582297,0.04416875896918788,21.768606376218287,25.96894257494857,49.29709993469573,0.019975952674185424,5.699476023808156,8.649407879070056,276.20630148592096,0.9652611285917362,491244.08968079346,0.7573874752158386,0.5397877967639586,1.2426125247841615,1.7073997168412467,0.8993797343502888,0.967322092167165,0.10062026564971116,0.032677907832834974,0.017293514345819362,0.017293514345819362,0.03907543015061004,0.03842637359292995
BedSet_17_01.obj,BedSet_17,OB,OB,,0.2379072023757019,0.7371620815672223,1.3121761590152519,30.56842795367046,6.022787137345561,0.11764273786476083,1.018308285267397,5.914502733961222,0.02328256516527672,0.9771075912606758,3.3266686876504415e-05,0.9125946243470117,0.24343874824361525,1.1188010147434184,1.1224941020691945,0.9966116186573407,0.9852264972800493,0.0033883813426592857,0.014773502719950704,0.21790686164117207,0.2179068616411721,0.7292375128409176,0.7238107303583113
BedSet_17_02.obj,BedSet_17,OB,OB,,0.42177647084201425,0.5643295706844793,1.7294349841766452,41.61690350956999,8.056489882921625,0.09805684436451592,1.3052949386910053,6.172160516337374,0.030542745444594573,0.996582142488436,4.25061319805452e-05,0.9999754104966169,0.004915629446201502,1.007460725500066,1.0082792063841193,0.9993001038846994,0.9776278960557728,0.0006998961153006356,0.022372103944227173,0.15292512829090138,0.15292512829090138,0.5576263968812811,0.5513181951523544
BedSet_17_03.obj,BedSet_17,M,M,,0.9986801561548095,0.0008303330754476343,757.665388707846,2.696250882850854,39.830253372343094,0.02507904825397284,25.28955554599437,1.574968499736684,0.18612564091937134,0.9374995468342635,0.00026935521407222434,0.9398072400411774,0.2599237348025594,1.0601931196706853,1.0847273145232461,0.9999999999999858,0.9999999999999949,1.4210854715202004e-14,5.10702591327572e-15,0.00023914767003786449,0.00023914767003786443,0.0008303330754476203,0.0008303330754476183
BedSet_17_04.obj,BedSet_17,M,M,,0.9998187584584166,0.0001284401993963148,5517.498865122777,3.432517697222464,98.30302753555536,0.010171200536229384,75.17290344312465,1.3076923056421565,0.9154509284324812,0.5656108597218382,0.0008822594411278805,0.9753086419753085,0.17459426695964145,1.2469135802469138,1.2469135802469138,0.9999999999999999,1.0,1.1102230246251565e-16,0.0,3.972914922307876e-05,3.972914922307876e-05,0.00012844019939631476,0.00012844019939631476
BedSet_17_05.obj,BedSet_17,M,M,,0.9998722289780564,8.463639573335022e-05,7826.50075727505,2.9621451043003053,98.3030521680787,0.010171571586490347,98.30305216519852,0.999999998563339,1.0224067309361125,0.5739644970422109,0.0011537235959123962,0.9753086419753085,0.17459426695964145,1.2469135802469138,1.2469135802469138,1.0,1.0,0.0,0.0,2.6179747552543073e-05,2.6179747552543073e-05,8.463639573335022e-05,8.463639573335022e-05
BedSet_17_06.obj,BedSet_17,M,M,,0.9869603433189053,0.0072442537117223755,76.68913564641694,2.2499999998593347,13.135849992424797,0.07542058189272192,8.757233329674195,1.499999999166194,0.20758289794655718,0.9999999999998925,0.00025728128789106124,1.0,0.0,1.0,1.0,0.9999999999999997,1.0,3.3306690738754696e-16,0.0,0.001901616599327124,0.001901616599327124,0.007244253711722373,0.007244253711722373
BedSet_17_07.obj,BedSet_17,M,M,,0.9869603433189061,0.007244253711721421,76.68913564642257,2.2499999998591704,13.135849992424797,0.07542058189272195,8.757233329674511,1.49999999916614,0.20758289794656015,0.9999999999998921,0.00025728128789107057,1.0,0.0,1.0,1.0,1.0,1.0,0.0,0.0,0.0019016165993268727,0.0019016165993268727,0.007244253711721421,0.007244253711721421
BedSet_17_08.obj,BedSet_17,M,M,,0.9972911974885929,0.0026535208273790523,369.1668166242221,48.999999889747265,134.49599967883768,0.007424910899710901,19.213714278870185,6.999999983396014,0.5480417810648555,0.9999999999998626,0.0003446118492388401,1.0,0.0,1.0,1.0,1.0,1.0,0.0,0.0,0.0006965492171870011,0.0006965492171870011,0.0026535208273790523,0.0026535208273790523
BedSet_17_09.obj,BedSet_17,OB,OB,,0.9095322178661323,0.08951512071887939,11.053658843101926,94.96320593063587,32.39893331333724,0.02954426877501316,3.324704323948162,9.744906660677346,0.14400884494442895,0.9999999999999903,1.948657060046072e-05,1.0,0.0,1.0,1.0,0.9999999999999989,0.9999999999999998,1.1102230246251565e-15,2.220446049250313e-16,0.023497719188705874,0.023497719188705874,0.08951512071887928,0.08951512071887928
BedSet_17_10.obj,BedSet_17,M,M,,0.9843753654056665,0.015271823367369684,64.00149673660665,44.286103729471584,53.23886662531871,0.0186349900305311,8.00009354455919,6.654780512557073,0.18565973463461344,0.9999999999999857,3.3916522112631326e-05,1.0,0.0,1.0,1.0,1.0,1.0,0.0,0.0,0.004008853633934541,0.004008853633934541,0.015271823367369684,0.015271823367369684
BedSet_17_11.obj,BedSet_17,M,M,,0.9843195010269835,0.015327687746052754,63.77348078787166,44.44444443526,53.238866625326395,0.01863447772131597,7.98582999900709,6.666666661524795,0.18561718626824783,0.9999999999999857,3.38560515874498e-05,1.0,0.0,1.0,1.0,1.0,1.0,0.0,0.0,0.0040235180333388475,0.0040235180333388475,0.015327687746052754,0.015327687746052754
BedSet_17_12.obj,BedSet_17,M,M,,0.9972911974885929,0.002653520827381724,369.166816624222,48.99999989211395,134.49599968203938,0.007424910899534158,19.213714278870185,6.999999983562652,0.5480417810761941,0.999999999999869,0.00034461184924704366,1.0,0.0,1.0,1.0,1.0,1.0,0.0,0.0,0.0006965492171877024,0.0006965492171877024,0.002653520827381724,0.002653520827381724
BedSet_17_13.obj,BedSet_17,M,M,,0.9961375993462034,0.0021457781409989357,258.90633562750077,2.2499999998591664,24.135849986087745,0.04131704938643681,16.090566659948234,1.49999999916614,0.20345035506752288,0.9999999999999409,0.0001400244203350278,1.0,0.0,1.0,1.0,0.9999999999999993,1.0,6.661338147750939e-16,0.0,0.000563266762012221,0.000563266762012221,0.0021457781409989344,0.0021457781409989344
BedSet_17_14.obj,BedSet_17,M,M,,0.996137599346203,0.002145778140999218,258.90633562748184,2.2499999998593316,24.135849986087745,0.0413170493864368,16.090566659947655,1.499999999166194,0.20345035506752,0.999999999999941,0.00014002442033502277,1.0,0.0,1.0,1.0,1.0,1.0,0.0,0.0,0.0005632667620122946,0.0005632667620122946,0.002145778140999218,0.002145778140999218
BedSet_17_15.obj,BedSet_17,M,M,,0.9974788669549347,0.0014006294694813798,396.64705595649644,2.249999999859302,29.873999982697285,0.033413139843301715,19.91599999162856,1.4999999991661754,0.20250245755394453,0.9999999999999528,0.00011312875428642025,1.0,0.0,1.0,1.0,0.9999999999999989,1.0,1.1102230246251565e-15,0.0,0.00036766523573886266,0.00036766523573886266,0.0014006294694813783,0.0014006294694813783
BedSet_17_16.obj,BedSet_17,M,M,,0.9974788669550547,0.0014006294693612537,396.64705597539574,2.2499999997520947,29.873999982697285,0.03341313984330372,19.915999992102957,1.4999999991304453,0.2025024575558364,0.9999999999999499,0.00011312875428911497,1.0,0.0,1.0,1.0,0.999999999999998,0.9999999999999999,1.9984014443252818e-15,1.1102230246251565e-16,0.0003676652357073301,0.00036766523570733005,0.0014006294693612508,0.0014006294693612506
BedSet_17_17.obj,BedSet_17,OB,OB,,0.9303196584895089,0.06882245596051419,14.351249984176386,81.22335375878934,34.14171426535998,0.028308286766541648,3.7883043676612718,9.012399994633778,0.15521607502594525,0.9999999999999911,2.4592784210419673e-05,1.0,0.0,1.0,1.0,0.9999999999999996,1.0,4.440892098500626e-16,0.0,0.018065894689634984,0.018065894689634984,0.06882245596051416,0.06882245596051416
BedSet_17_18.obj,BedSet_17,OB,OB,,0.9777412851180763,0.00951157648423557,44.926223517501526,1.7461734693018354,8.857142851860196,0.11097750263574117,6.702702699358592,1.321428570619095,0.2545071816152558,0.9999999999997309,0.0006465411024397184,1.0,0.0,1.0,1.0,0.9999999999999998,1.0,2.220446049250313e-16,0.0,0.0024967888271118376,0.0024967888271118376,0.009511576484235569,0.009511576484235569
BedSet_17_19.obj,BedSet_17,OB,OB,,0.9777412851180785,0.009511576484233482,44.92622351750574,1.7461734693016715,8.857142851860196,0.11097750263574127,6.702702699358906,1.321428570619033,0.2545071816152615,0.9999999999997276,0.0006465411024397488,1.0,0.0,1.0,1.0,1.0,1.0,0.0,0.0,0.0024967888271112885,0.0024967888271112885,0.009511576484233482,0.009511576484233482
BedSet_17_20.obj,BedSet_17,OB,OB,,0.9777412851180785,0.009511576484233482,44.92622351750574,1.7461734693016715,8.857142851860196,0.11097750263574127,6.702702699358906,1.321428570619033,0.2545071816152615,0.9999999999997276,0.0006465411024397488,1.0,0.0,1.0,1.0,1.0,1.0,0.0,0.0,0.0024967888271112885,0.0024967888271112885,0.009511576484233482,0.009511576484233482
BedSet_17_21.obj,BedSet_17,OB,OB,,0.9777412851180785,0.009511576484233482,44.92622351750574,1.7461734693016715,8.857142851860196,0.11097750263574127,6.702702699358906,1.321428570619033,0.2545071816152615,0.9999999999997276,0.0006465411024397488,1.0,0.0,1.0,1.0,1.0,1.0,0.0,0.0,0.0024967888271112885,0.0024967888271112885,0.009511576484233482,0.009511576484233482
BedSet_17_22.obj,BedSet_17,OB,OB,,0.9777412851180785,0.009511576484233482,44.92622351750574,1.7461734693016715,8.857142851860196,0.11097750263574127,6.702702699358906,1.321428570619033,0.2545071816152615,0.9999999999997276,0.0006465411024397488,1.0,0.0,1.0,1.0,1.0,1.0,0.0,0.0,0.0024967888271112885,0.0024967888271112885,0.009511576484233482,0.009511576484233482
BedSet_17_23.obj,BedSet_17,OB,OB,,0.9777412851180763,0.00951157648423557,44.926223517501526,1.7461734693018354,8.857142851860196,0.11097750263574117,6.702702699358592,1.321428570619095,0.2545071816152558,0.9999999999997309,0.0006465411024397184,1.0,0.0,1.0,1.0,0.9999999999999998,1.0,2.220446049250313e-16,0.0,0.0024967888271118376,0.0024967888271118376,0.009511576484235569,0.009511576484235569
BedSet_17_24.obj,BedSet_17,OB,OB,,0.9777412851180763,0.00951157648423557,44.926223517501526,1.7461734693018354,8.857142851860196,0.11097750263574117,6.702702699358592,1.321428570619095,0.2545071816152558,0.9999999999997309,0.0006465411024397184,1.0,0.0,1.0,1.0,0.9999999999999998,1.0,2.220446049250313e-16,0.0,0.0024967888271118376,0.0024967888271118376,0.009511576484235569,0.009511576484235569
BedSet_17_25.obj,BedSet_17,OB,OB,,0.9777412851180763,0.00951157648423557,44.926223517501526,1.7461734693018354,8.857142851860196,0.11097750263574117,6.702702699358592,1.321428570619095,0.2545071816152558,0.9999999999997309,0.0006465411024397184,1.0,0.0,1.0,1.0,0.9999999999999998,1.0,2.220446049250313e-16,0.0,0.0024967888271118376,0.0024967888271118376,0.009511576484235569,0.009511576484235569
BedSet_17_26.obj,BedSet_17,M,M,,0.9974788669549346,0.0016632474950885048,396.6470559564914,2.9387755102929614,34.14171426535998,0.02924032319776341,19.91599999162867,1.714285713303651,0.21951806360788603,0.9999999999999476,0.00012929000490757004,1.0,0.0,1.0,1.0,0.9999999999999991,1.0,8.881784197001252e-16,0.0,0.000436602467460733,0.000436602467460733,0.0016632474950885033,0.0016632474950885033
BedSet_17_27.obj,BedSet_17,M,M,,0.9993032440347951,0.00025079323456950035,1435.2226142222512,1.5621794685906831,45.499787019322056,0.0219645209302339,36.40021565593628,1.2499860911657668,237.58589157736174,0.9999512624468749,126717.63812519124,1.0,0.0,1.0,1.0,1.0,1.0,0.0,0.0,6.583322407449383e-05,6.583322407449383e-05,0.00025079323456950035,0.00025079323456950035
BedSet_17_28.obj,BedSet_17,OB,OB,,0.9540622896148073,0.044169076098253435,21.76858161270069,25.972869770247613,49.302261282939114,0.019973861107500008,5.699475986316125,8.650313461884263,288.83082519257965,0.9652550206311004,561642.0031646087,0.7573844581824818,0.5397929591662582,1.2426155418175182,1.7073954853193514,0.8993787376611265,0.9673217879763759,0.10062126233887347,0.03267821202362409,0.01729365782329232,0.01729365782329232,0.03907566136437677,0.03842659482384814
BedSet_17_29.obj,BedSet_17,OB,OB,,0.36172844237424395,0.631513195301964,1.5667311496914,94.4417387438847,11.60517926527454,0.06713422364656073,1.2499904957374943,9.284213852711053,35.81764610213653,0.9993997954616273,37723.83307671343,0.9999999982272993,5.0371724796818195e-05,1.0000678272567103,1.0000768100606956,0.9999644303034365,0.9950770932072525,3.556969656348663e-05,0.004922906792747539,0.16672191700273392,0.16672191700273392,0.6299363475607701,0.628381962552309
BedSet_17_30.obj,BedSet_17,M,M,,0.9978748191687693,0.0020653234898781576,470.54812863464446,35.50181028840255,94.66436054623563,0.010551981818597017,21.846120287552043,4.333232689198164,432.24899997658355,0.9975228214558687,614991.3594552976,0.9722222222222223,0.18425693279752225,1.0277777777777777,1.3611111111111114,1.0,1.0,0.0,0.0,0.0006246404142244425,0.0006246404142244425,0.0020653234898781576,0.0020653234898781576
BedSet_17_31.obj,BedSet_17,M,M,,0.9978749561512341,0.0020651865074134347,470.5784606404912,35.49952180614477,94.66436054623563,0.01055198252963818,21.84682443271748,4.333093024686166,432.25157838751204,0.997522817336424,615011.1793535643,0.9722222222222223,0.18425693279752225,1.0277777777777777,1.3611111111111114,1.0,1.0,0.0,0.0,0.0006245989849839747,0.0006245989849839747,0.0020651865074134347,0.0020651865074134347
BedSet_17_32.obj,BedSet_17,M,M,,0.9978746821819406,0.0020654604767068115,470.51779957263335,35.504098843550445,94.66436054623563,0.010551981107533344,21.845416188038897,4.333372353657966,432.2464217328015,0.9975228255750467,614971.5408418638,0.9722222222222223,0.18425693279752223,1.0277777777777777,1.3611111111111114,1.0,1.0,0.0,0.0,0.000624681844784746,0.000624681844784746,0.0020654604767068115,0.0020654604767068115
BedSet_17_33.obj,BedSet_17,OB,OB,,0.7499795933409921,0.08999419922870155,3.9995646934877107,1.5622016030886128,2.499972182339677,0.3368638226819921,1.999998956733353,1.2499860911763718,286.63996652619335,0.9991137137814612,2127086.9244932383,1.0,0.0,1.0,1.0,1.0,1.0,0.0,0.0,0.023623477297534154,0.023623477297534154,0.08999419922870155,0.08999419922870155
BedSet_17_34.obj,BedSet_17,M,M,,0.9984042763111799,0.0015149803611539904,626.6748680665507,19.762076904861043,100.79404474735783,0.009912918559278292,25.19985560887143,3.9997852944674497,329.20181821386706,0.9918110278564283,197982.89933562002,0.9999999924381735,8.209678728233256e-05,1.0001227866646196,1.000129195539535,0.9999999999999999,1.0,1.1102230246251565e-16,0.0,0.0003977199485801952,0.0003977199485801952,0.0015149803611539901,0.0015149803611539901
BedSet_17_35.obj,BedSet_17,M,M,,0.9978748191687182,0.0020653234899297127,470.5481286233089,35.50181028947105,94.66436054623563,0.01055198181859675,21.84612028728889,4.333232689250361,432.24899997561994,0.9975228214558703,614991.3594478907,0.9722222222222223,0.18425693279752223,1.0277777777777777,1.3611111111111114,1.0,1.0,0.0,0.0,0.0006246404142400349,0.0006246404142400349,0.0020653234899297127,0.0020653234899297127
BedSet_17_36.obj,BedSet_17,M,M,,0.9993276984535958,0.0004227290014621446,1487.4276727793426,2.6935098992733577,65.99847614336085,0.01514316322909,33.000404663951194,1.999928428949543,263.1377144332639,0.9964802239636897,238926.3040708253,0.9722222222222222,0.18425693279752214,1.0277777777777777,1.3611111111111107,0.9965295525758157,0.9968707634382932,0.003470447424184342,0.0031292365617068274,0.00012876128969052772,0.00012876128969052772,0.0004206028285513349,0.00041994371441477765
BedSet_17_37.obj,BedSet_17,M,M,,0.997874819168599,0.0020653234900485954,470.5481285969155,35.501810291272406,94.66436054623563,0.01055198181859613,21.846120286676168,4.333232689371896,432.2489999733764,0.9975228214558737,614991.359430644,0.9722222222222223,0.18425693279752217,1.0277777777777777,1.3611111111111107,1.0,1.0,0.0,0.0,0.0006246404142759898,0.0006246404142759898,0.0020653234900485954,0.0020653234900485954
BedSet_17_38.obj,BedSet_17,OB,OB,,0.9710668083177924,0.028439988539403507,34.56236960259856,58.66316305488568,78.00356473084838,0.012730630002338417,8.478580962472385,9.200071806707438,294.2181380073367,0.9999690943412867,222520.74273597536,0.9876543209876544,0.12590171638500708,1.2123456790123455,1.234567901234568,0.9999998374926239,0.9999999759308772,1.625073761113427e-07,2.406912280594753e-08,0.00862550921276253,0.00862550921276253,0.02843998357543286,0.028439983233170128
BedSet_17_39.obj,BedSet_17,M,M,,0.9979175348084123,0.0020213129663874006,480.2000706448406,34.05268247591876,100.79404474709509,0.009908538717075858,20.160096979716908,4.999679245590649,324.05759666119144,0.9668636558047684,211186.29420648198,0.9924631689908935,0.1005879048879633,1.1742028337606438,1.174202833760644,0.999572524846771,0.9946550598186914,0.00042747515322905105,0.0053449401813085995,0.0005993590637928904,0.0005993590637928903,0.0020150493160482146,0.0020096497267790584
BedSet_17_40.obj,BedSet_17,M,M,,0.9978749561513534,0.0020651865072940736,470.5784606668873,35.49952180405753,94.66436054623563,0.0105519825296388,21.84682443333024,4.333093024564631,432.25157838975576,0.9975228173364207,615011.1793708119,0.9722222222222223,0.18425693279752223,1.0277777777777777,1.3611111111111114,1.0,1.0,0.0,0.0,0.0006245989849478749,0.0006245989849478749,0.0020651865072940736,0.0020651865072940736
BedSet_17_41.obj,BedSet_17,M,M,,0.997874956151217,0.0020651865074303305,470.57846063670127,35.499521806300876,94.66436054623563,0.010551982529638093,21.846824432629496,4.333093024703616,432.2515783871898,0.9975228173364246,615011.1793510878,0.9722222222222223,0.18425693279752223,1.0277777777777777,1.3611111111111114,1.0,1.0,0.0,0.0,0.0006245989849890846,0.0006245989849890846,0.0020651865074303305,0.0020651865074303305
BedSet_17_42.obj,BedSet_17,M,M,,0.9978748191687693,0.0020653234898781576,470.54812863464446,35.50181028840255,94.66436054623563,0.010551981818597017,21.846120287552043,4.333232689198164,432.2489999765838,0.9975228214558681,614991.3594552976,0.9722222222222223,0.18425693279752225,1.0277777777777777,1.3611111111111114,1.0,1.0,0.0,0.0,0.0006246404142244425,0.0006246404142244425,0.0020653234898781576,0.0020653234898781576
BedSet_17_43.obj,BedSet_17,M,M,,0.9978746821817872,0.0020654604768601524,470.51779953866384,35.50409884605562,94.66436054623563,0.010551981107532546,21.84541618725027,4.333372353814402,432.24642172991366,0.9975228255750511,614971.540819666,0.9722222222222223,0.18425693279752223,1.0277777777777777,1.3611111111111114,1.0,1.0,0.0,0.0,0.0006246818448311227,0.0006246818448311227,0.0020654604768601524,0.0020654604768601524
BedSet_17_44.obj,BedSet_17,M,M,,0.9978749561511828,0.002065186507464392,470.57846062915513,35.49952180686123,94.66436054623563,0.010551982529637917,21.846824432454312,4.333093024738362,432.2515783865483,0.9975228173364259,615011.1793461568,0.9722222222222223,0.18425693279752223,1.0277777777777777,1.3611111111111114,1.0,1.0,0.0,0.0,0.0006245989849993862,0.0006245989849993862,0.002065186507464392,0.002065186507464392
BedSet_17_45.obj,BedSet_17,M,M,,0.9978748191687693,0.0020653234898781576,470.54812863464446,35.50181028840255,94.66436054623563,0.010551981818597017,21.846120287552043,4.333232689198164,432.24899997658355,0.9975228214558687,614991.3594552976,0.9722222222222223,0.18425693279752225,1.0277777777777777,1.3611111111111114,1.0,1.0,0.0,0.0,0.0006246404142244425,0.0006246404142244425,0.0020653234898781576,0.0020653234898781576
BedSet_17_46.obj,BedSet_17,M,M,,0.9978746821817701,0.002065460476877252,470.51779953487465,35.5040988463319,94.66436054623563,0.010551981107532457,21.8454161871623,4.3333723538318525,432.24642172959153,0.9975228255750519,614971.54081719,0.9722222222222223,0.18425693279752217,1.0277777777777777,1.3611111111111107,1.0,1.0,0.0,0.0,0.0006246818448362941,0.0006246818448362941,0.002065460476877252,0.002065460476877252
BedSet_17_47.obj,BedSet_17,M,M,,0.9978749561511828,0.002065186507464577,470.5784606291545,35.49952180696921,94.66436054623563,0.010551982529637917,21.846824432454312,4.333093024738362,432.2515783865482,0.9975228173364262,615011.1793461568,0.9722222222222223,0.18425693279752223,1.0277777777777777,1.3611111111111114,1.0,1.0,0.0,0.0,0.0006245989849994422,0.0006245989849994422,0.002065186507464577,0.002065186507464577
BedSet_17_48.obj,BedSet_17,M,M,,0.9978748191687693,0.0020653234898781576,470.54812863464446,35.50181028840255,94.66436054623563,0.010551981818597017,21.846120287552043,4.333232689198164,432.24899997658315,0.9975228214558695,614991.3594552976,0.9722222222222223,0.18425693279752225,1.0277777777777777,1.3611111111111114,1.0,1.0,0.0,0.0,0.0006246404142244425,0.0006246404142244425,0.0020653234898781576,0.0020653234898781576
BedSet_17_49.obj,BedSet_17,OB,OB,,0.9540624065761655,0.04416895913570495,21.76863703752116,25.97280362187667,49.302261289369305,0.019973861104895973,5.699475986316125,8.650313463012472,288.83081285842235,0.9652550206310939,561642.0032378567,0.7573816883920469,0.5397983694350739,1.2426183116079537,1.7074061979268447,0.8993789322005955,0.9673218386065738,0.1006210677994045,0.032678161393426164,0.017293655958545026,0.01729365595854503,0.03907556734736075,0.038426503390839445
BedSet_17_50.obj,BedSet_17,OB,OB,,0.954062241956204,0.04416912207860565,21.768559028635188,25.972872070588238,49.302261282993086,0.0199738611074788,5.699475986322365,8.650313461884263,288.8308273353629,0.9652550206309092,561642.0031639939,0.7573962662073105,0.539771474380067,1.2426037337926896,1.7074145436348882,0.8993795383889382,0.9673219963710814,0.10062046161106175,0.032678003628918595,0.017293663958387592,0.017293663958387592,0.039075740971236096,0.03842667731637119
BedSet_17_51.obj,BedSet_17,OB,OB,,0.9540623589177551,0.0441690051158643,21.768614453432107,25.97280592217288,49.302261289423285,0.019973861104874768,5.699475986322365,8.650313463012472,288.830815016753,0.9652550206309024,561642.0032372418,0.7573935134844573,0.5397768527958269,1.242606486515543,1.707425221103951,0.899379732915352,0.9673220469977906,0.100620267084648,0.03267795300220944,0.017293661901720176,0.017293661901720176,0.039075646953321504,0.03842658588240015
BedSet_18_01.obj,BedSet_18,M,M,,0.996649685788954,0.0031701922423588206,298.4794670013209,18.600253125179172,74.51035921737896,0.013397324234573512,17.276558305410134,4.312801073247567,0.22751189891984422,0.9999999999999762,5.693079462275037e-05,0.888888888888889,0.31426968052735443,1.1111111111111112,1.1111111111111112,1.0,1.0,0.0,0.0,0.0009255155653441011,0.0009255155653441011,0.0031701922423588206,0.0031701922423588206
BedSet_18_02.obj,BedSet_18,OB,OB,,0.7763420897853103,0.221854631987526,4.471113939319372,124.02850921480565,17.40683522732213,0.05177010663576615,2.093771767893779,8.313625913673043,0.02888280185031268,0.988148141127999,1.240308773686717e-05,0.8162341050506137,0.35799618408748135,1.2155144599515342,1.2155144599515342,0.9922542861344377,0.9889461169900654,0.0077457138655623314,0.011053883009934595,0.06822307986810898,0.06822307986810898,0.21891952953543337,0.21770284958246575
BedSet_18_03.obj,BedSet_18,M,M,,0.9850617402249646,0.014671583815909928,66.9422017731221,56.016522163289004,59.99895456266915,0.016541583409688882,8.181821419828902,7.3332026539413295,0.35811694038265174,0.9999999999999215,0.00017023623116576295,0.8834314575050761,0.2924540144985963,1.1165685424949239,1.1165685424949239,0.9999999999999998,1.0,2.220446049250313e-16,0.0,0.004256661855429186,0.004256661855429186,0.014671583815909925,0.014671583815909925
BedSet_18_04.obj,BedSet_18,M,M,,0.9969061915802454,0.0029275448088174256,323.22621970215476,18.607850522779362,74.51099148177744,0.013397201816915182,17.273177594753133,4.313681779583609,0.22750506858846944,0.9999999999999762,6.166340791647692e-05,1.0,0.0,1.0,1.0,1.0,1.0,0.0,0.0,0.0007684805123145741,0.0007684805123145741,0.0029275448088174256,0.0029275448088174256
BedSet_18_05.obj,BedSet_18,M,M,,0.9957092444082095,0.00314524151383915,233.05918470681553,3.745703063155096,28.386949881044426,0.03512417852087043,14.667363595278067,1.9353818888174417,0.4664637280863463,0.9999999999993885,0.0016063584896719753,1.0,0.0,1.0,1.0,1.0,1.0,0.0,0.0,0.0008256258973827768,0.0008256258973827768,0.00314524151383915,0.00314524151383915
BedSet_18_06.obj,BedSet_18,M,M,,0.9957092444082095,0.003145241513839229,233.05918470681124,3.7457030631551635,28.386949881044426,0.03512417852087043,14.667363595277939,1.9353818888174588,0.46646372808634906,0.9999999999993797,0.0016063584896719612,0.9999999999999999,1.1102230246251565e-16,1.0,1.0,0.9999999999999998,1.0,2.220446049250313e-16,0.0,0.0008256258973827976,0.0008256258973827976,0.003145241513839228,0.003145241513839228
BedSet_18_07.obj,BedSet_18,M,M,,0.9957086836900556,0.0031458022319931353,233.0287323918661,3.7461925535636182,28.386949881044426,0.03512416791533689,14.666405319878331,1.9355083430381004,0.4664535815040872,0.9999999999993846,0.001606253540079978,1.0,1.0666677794707567e-16,1.0,1.0,1.0,1.0,0.0,0.0,0.0008257730858981979,0.0008257730858981979,0.0031458022319931353,0.0031458022319931353
BedSet_18_08.obj,BedSet_18,M,M,,0.9972520847723934,0.0014595540503487634,363.9122451642935,2.132876460112155,29.999477304628183,0.033282589851129286,22.499607984148298,1.333333332220436,0.2769400668255619,0.9999999999998826,0.0005851766175904748,0.7696000000000001,0.6144,1.2304,2.1904,0.9999999999999998,1.0,2.220446049250313e-16,0.0,0.0005461125816946948,0.0005461125816946948,0.0014595540503487632,0.0014595540503487632
BedSet_18_09.obj,BedSet_18,M,OB,x,0.979219659141244,0.02023743866759638,48.12240601809598,38.276398947398455,58.06423865722715,0.01709259494532973,8.181821419828902,7.096737470242326,0.34810180927298834,0.9999999999999151,0.0004118670577708256,0.9423999999999999,0.2808717856958936,1.0576,1.5376,0.9999999999999994,1.0,5.551115123125783e-16,0.0,0.006510065912094135,0.006510065912094135,0.02023743866759637,0.02023743866759637
BedSet_18_10.obj,BedSet_18,M,M,,0.9972133858878683,0.0009264695567528043,358.858442453863,1.4980632034980352,26.332875974857117,0.03789950798162828,19.74965698497614,1.333333332298073,0.27766085031437315,0.9999999999998648,0.0007466556936380585,0.8724489795918368,0.39189519121778604,1.5561224489795917,1.6989795918367343,0.8698829014828693,0.9895039380532558,0.1301170985171307,0.01049606194674424,0.00038699816964664905,0.00038699816964664905,0.0008016905329043094,0.0007974610396449416
BedSet_18_11.obj,BedSet_18,M,M,,0.9970218203294733,0.0011620409902967,335.7755779128766,1.6398415508701984,26.332875974857114,0.037899507981628285,19.749656984976006,1.3333333322980818,0.2776608503143719,0.9999999999998666,0.0007066562814788723,0.8287646849412604,0.4697131067292553,1.5108579565681737,1.925952296190815,0.9159020469832139,0.9934938756088154,0.08409795301678613,0.006506124391184587,0.00048176640163869616,0.00048176640163869616,0.0010608534364527403,0.0010573911512143325
BedSet_18_12.obj,BedSet_18,OB,OB,,0.9828279615461344,0.007886918611428559,58.23420455779996,1.849414842466981,10.332483984789608,0.09554711757949588,7.749362990096266,1.3333333322980818,0.2867931617067188,0.9999999999996619,0.0017669703036324814,0.8602071005917158,0.40283159291653353,1.562869822485207,1.7551775147928994,0.8541802029225283,0.970382542041742,0.14581979707747172,0.029617457958257987,0.0034135263143371466,0.003413526314337147,0.006637085557971573,0.006537321375999633
BedSet_18_13.obj,BedSet_18,OB,OB,,0.9828646238115589,0.008265471338524151,58.358800472182224,1.9318556935391935,10.333137323311698,0.09554122955834302,7.749852993987979,1.333333332298073,0.2867903061314811,0.9999884082892118,0.0014610561355318246,0.9074800146350703,0.3448455853637757,1.4181850368627076,1.6042414805859286,0.8330983355553664,0.9635706191047343,0.1669016644446336,0.036429380895265706,0.0034901328273380353,0.0034901328273380353,0.006760524959463455,0.006635099504221854
BedSet_19_01.obj,BedSet_19,M,M,,0.9947341909989476,0.005059928322977693,189.9043432452578,25.576994646260182,80.99999988812183,0.012321289682353099,16.19999999564054,4.999999993049317,0.2622993304920646,0.9984567901231466,0.00015256103950269748,0.7712665406427218,0.47780861332263375,1.2287334593572778,1.2287334593572778,0.9655843614936193,0.9971709697493738,0.03441563850638074,0.0028290302506261966,0.0016252756520525051,0.0016252756520525051,0.0048788766384032485,0.004871965617860601
BedSet_19_02.obj,BedSet_19,M,M,,0.9947341909989472,0.0050599283229780575,189.90434324524466,25.576994646261966,80.99999988812183,0.012321289682353099,16.19999999564054,4.999999993049317,0.2622993304920646,0.9984567901231466,0.00015256103950269748,0.7712665406427218,0.47780861332263375,1.2287334593572778,1.2287334593572778,0.9655843614936175,0.9971709697493737,0.03441563850638252,0.0028290302506263076,0.0016252756520526255,0.0016252756520526252,0.004878876638403591,0.004871965617860943
BedSet_19_03.obj,BedSet_19,M,M,,0.9947341909986547,0.005059928323270393,189.9043432346973,25.576994647666353,80.99999988812183,0.0123212896823518,16.19999999519014,4.99999999318833,0.26229933049053067,0.9984567901231463,0.0001525610394984559,0.7712665406427218,0.47780861332263375,1.2287334593572778,1.2287334593572778,0.9655843614935747,0.9971709697492935,0.03441563850642526,0.0028290302507064657,0.0016252756521467225,0.0016252756521467225,0.004878876638685054,0.004871965618141812
BedSet_19_04.obj,BedSet_19,M,M,,0.9947341909986547,0.005059928323270392,189.90434323469736,25.576994647666453,80.99999988812183,0.0123212896823518,16.199999995190037,4.999999993188362,0.26229933049053045,0.9984567901231457,0.00015256103949845494,0.7712665406427218,0.47780861332263375,1.2287334593572778,1.2287334593572778,0.9655843614935711,0.9971709697492931,0.034415638506428925,0.00282903025070691,0.0016252756521467292,0.0016252756521467294,0.004878876638685033,0.004871965618141789
BedSet_19_05.obj,BedSet_19,M,M,,0.9947341909986547,0.005059928323270509,189.9043432346977,25.576994647682252,80.99999988812183,0.0123212896823518,16.19999999519009,4.999999993188346,0.2622993304905303,0.998456790123147,0.0001525610394984554,0.7712665406427218,0.47780861332263375,1.2287334593572778,1.2287334593572778,0.9655843614935719,0.9971709697492934,0.03441563850642815,0.0028290302507065768,0.0016252756521467648,0.0016252756521467652,0.004878876638685151,0.004871965618141908
BedSet_19_06.obj,BedSet_19,M,M,,0.994734190998772,0.005059928323153227,189.90434323892796,25.5769946471146,80.99999988812183,0.012321289682352316,16.19999999537028,4.9999999931327315,0.26229933049114423,0.9984567901231465,0.00015256103950015234,0.7712665406427218,0.47780861332263375,1.2287334593572778,1.2287334593572778,0.9655843614935911,0.9971709697493256,0.03441563850640894,0.0028290302506743803,0.0016252756521090105,0.0016252756521090107,0.004878876638572242,0.004871965618029237
BedSet_19_07.obj,BedSet_19,M,M,,0.994734190998889,0.005059928323036281,189.9043432431449,25.576994646544712,80.99999988812183,0.012321289682352838,16.199999995550417,4.999999993077132,0.26229933049175763,0.9984567901231468,0.00015256103950184876,0.7712665406427218,0.47780861332263375,1.2287334593572778,1.2287334593572778,0.9655843614936089,0.9971709697493578,0.034415638506391066,0.002829030250642184,0.0016252756520713663,0.0016252756520713663,0.004878876638459649,0.004871965617916883
BedSet_19_08.obj,BedSet_19,M,M,,0.9947341909988364,0.005059928323088811,189.90434324125047,25.576994646799793,80.99999988812183,0.012321289682352604,16.199999995469362,4.999999993102151,0.2622993304914815,0.9984567901231468,0.0001525610395010854,0.7712665406427218,0.47780861332263375,1.2287334593572778,1.2287334593572778,0.9655843614936027,0.9971709697493433,0.034415638506397284,0.0028290302506567278,0.0016252756520882723,0.0016252756520882723,0.0048788766385102315,0.0048719656179673585
BedSet_19_09.obj,BedSet_19,M,M,,0.9947341909988481,0.005059928323077079,189.90434324166895,25.57699464672762,80.99999988812183,0.012321289682352654,16.199999995487385,4.999999993096588,0.26229933049154286,0.9984567901231473,0.00015256103950125516,0.7712665406427218,0.47780861332263375,1.2287334593572778,1.2287334593572778,0.965584361493603,0.9971709697493466,0.03441563850639695,0.002829030250653397,0.0016252756520844984,0.0016252756520844984,0.00487887663849893,0.00487196561795608
BedSet_19_10.obj,BedSet_19,M,M,,0.9947341909987718,0.005059928323153454,189.9043432389192,25.576994647113814,80.99999988812183,0.012321289682352316,16.199999995370227,4.9999999931327475,0.26229933049114385,0.998456790123147,0.00015256103950015183,0.7712665406427218,0.47780861332263375,1.2287334593572778,1.2287334593572778,0.965584361493589,0.9971709697493253,0.03441563850641105,0.0028290302506747134,0.0016252756521090877,0.0016252756521090877,0.004878876638572449,0.004871965618029443
BedSet_19_11.obj,BedSet_19,M,M,,0.9947341909989182,0.005059928323006878,189.90434324420124,25.576994646388606,80.99999988812183,0.012321289682352967,16.199999995595427,4.999999993063241,0.26229933049191084,0.9984567901231471,0.00015256103950227263,0.7712665406427218,0.47780861332263375,1.2287334593572778,1.2287334593572778,0.9655843614936162,0.9971709697493659,0.03441563850638385,0.002829030250634079,0.001625275652061897,0.001625275652061897,0.004878876638431354,0.004871965617888648
BedSet_19_12.obj,BedSet_19,M,M,,0.9947341909989476,0.005059928322977577,189.9043432452574,25.576994646244383,80.99999988812183,0.012321289682353097,16.19999999564049,4.999999993049333,0.26229933049206416,0.9984567901231475,0.000152561039502697,0.7712665406427218,0.47780861332263375,1.2287334593572778,1.2287334593572778,0.9655843614936194,0.9971709697493739,0.03441563850638063,0.0028290302506260856,0.0016252756520524672,0.0016252756520524672,0.0048788766384031375,0.004871965617860491
BedSet_19_13.obj,BedSet_19,M,M,,0.9947341909989473,0.005059928322977826,189.9043432452484,25.57699464624556,80.99999988812183,0.012321289682353099,16.199999995640592,4.999999993049302,0.26229933049206455,0.9984567901231477,0.00015256103950269797,0.7712665406427218,0.47780861332263375,1.2287334593572778,1.2287334593572778,0.9655843614936178,0.9971709697493738,0.034415638506382185,0.0028290302506261966,0.0016252756520525502,0.0016252756520525502,0.004878876638403369,0.0048719656178607225
BedSet_19_14.obj,BedSet_19,M,M,,0.9947341909989476,0.005059928322977577,189.9043432452574,25.576994646244383,80.99999988812183,0.012321289682353097,16.19999999564049,4.999999993049333,0.26229933049206433,0.9984567901231469,0.000152561039502697,0.7712665406427218,0.47780861332263375,1.2287334593572778,1.2287334593572778,0.9655843614936194,0.9971709697493739,0.03441563850638063,0.0028290302506260856,0.0016252756520524672,0.0016252756520524672,0.0048788766384031375,0.004871965617860491
BedSet_19_15.obj,BedSet_19,M,M,,0.9947341909992402,0.005059928322685005,189.9043432558139,25.576994644840767,80.99999988812183,0.012321289682354398,16.199999996090785,4.999999992910353,0.2622993304935976,0.9984567901231485,0.00015256103950693758,0.7712665406427218,0.47780861332263375,1.2287334593572778,1.2287334593572778,0.9655843614936629,0.9971709697494544,0.03441563850633711,0.0028290302505455944,0.001625275651958292,0.0016252756519582923,0.00487887663812145,0.004871965617579399
BedSet_19_16.obj,BedSet_19,M,OB,x,0.9828732366639307,0.004930371814326461,58.38814844194287,1.4042484042906125,8.499999993932434,0.11605177062988957,8.499999993932098,0.999999999304972,0.2982950919941472,0.9632352941124842,0.0018172712057392564,0.929783711663137,0.2875994611100578,1.3310858535542542,1.504135799677445,0.9593917599046394,0.9838390841035094,0.04060824009536057,0.016160915896490602,0.001758121936347997,0.0017581219363479975,0.004691936248380494,0.004653714404830094
BedSet_19_17.obj,BedSet_19,M,M,,0.9979975196675305,0.0019094652281377272,499.3806849362088,21.528550086281395,99.49999985964513,0.010037080226586365,19.89999999450675,4.99999999293707,0.3364266135007224,0.9999999999999463,0.0001727936265581229,0.98046875,0.16664632037266833,1.2570312500000003,1.26953125,0.9999999999999999,1.0,1.1102230246251565e-16,0.0,0.0005948907410322642,0.0005948907410322642,0.001909465228137727,0.001909465228137727
BedSet_19_18.obj,BedSet_19,OB,OB,,0.9753846153798124,0.015000000001136,40.624999991871654,2.5599999990078612,9.999999989523868,0.09826615860182404,6.249999995659632,1.599999998322845,0.38367722842348834,0.9999999999991406,0.0021491207304858402,0.9984000000000002,0.047893214550706456,1.0815999999999997,1.0816000000000001,1.0,1.0,0.0,0.0,0.0041687798444135175,0.0041687798444135175,0.015000000001136,0.015000000001136
BedSet_19_19.obj,BedSet_19,OB,OB,,0.9753846153798122,0.014999999999874607,40.62499999187163,2.5599999986720254,9.999999988867938,0.09826615860820735,6.249999995659632,1.5999999982178963,0.3836772284088993,0.9999999999991401,0.002149120730344873,0.9984000000000001,0.04789321455070644,1.0815999999999997,1.0816000000000001,1.0,1.0,0.0,0.0,0.004168779844062952,0.004168779844062952,0.014999999999874607,0.014999999999874607
BedSet_19_20.obj,BedSet_19,OB,OB,,0.9753846153798122,0.01499999999899761,40.62499999187162,2.5599999984385327,9.999999988411897,0.09826615861264543,6.249999995659632,1.5999999981449298,0.38367722839875534,0.9999999999991417,0.0021491207302468647,0.9984000000000001,0.047893214550706505,1.0816000000000001,1.0816000000000001,1.0,1.0,0.0,0.0,0.00416877984381922,0.00416877984381922,0.01499999999899761,0.01499999999899761
BedSet_19_21.obj,BedSet_19,M,M,,0.9955069268197462,0.003993842825498375,222.5648147448643,8.99999997152002,42.999999885674406,0.023193180347826074,14.333333320464694,2.9999999919369618,0.7543367596666298,0.9999999999983348,0.004331561162567027,1.0,6.158409296133417e-17,1.0,1.0,0.9999999999999999,1.0,1.1102230246251565e-16,0.0,0.0010483837416933235,0.0010483837416933235,0.003993842825498374,0.003993842825498374
BedSet_19_22.obj,BedSet_19,M,M,,0.995506926819578,0.003993842825666518,222.5648147365353,8.999999971856832,42.999999885674406,0.023193180347823972,14.33333332019649,2.9999999919930977,0.7543367596631635,0.9999999999983322,0.004331561162485975,1.0,0.0,1.0,1.0,1.0,1.0,0.0,0.0,0.0010483837417374607,0.0010483837417374607,0.003993842825666518,0.003993842825666518
BedSet_19_23.obj,BedSet_19,M,M,,0.9955069268196598,0.0039938428255847135,222.56481474058754,8.999999971692974,42.999999885674406,0.023193180347824995,14.333333320326966,2.9999999919657885,0.7543367596648408,0.9999999999983455,0.004331561162525405,1.0,4.3546529746182126e-17,1.0,1.0,1.0,1.0,0.0,0.0,0.0010483837417159872,0.0010483837417159872,0.0039938428255847135,0.0039938428255847135
BedSet_19_24.obj,BedSet_19,M,M,,0.9955069268197431,0.003993842825501402,222.56481474471437,8.99999997152609,42.999999885674406,0.023193180347826036,14.333333320459861,2.9999999919379734,0.7543367596665682,0.9999999999983338,0.0043315611625655654,1.0,6.158409296133417e-17,1.0,1.0,1.0,1.0,0.0,0.0,0.0010483837416941178,0.0010483837416941178,0.003993842825501402,0.003993842825501402
BedSet_19_25.obj,BedSet_19,M,M,,0.9955069268196598,0.0039938428255847135,222.5648147405875,8.999999971692974,42.999999885674406,0.023193180347824995,14.333333320326966,2.9999999919657885,0.7543367596648408,0.9999999999983455,0.004331561162525405,1.0,0.0,1.0,1.0,0.9999999999999999,1.0,1.1102230246251565e-16,0.0,0.0010483837417159874,0.0010483837417159874,0.003993842825584713,0.003993842825584713
BedSet_19_26.obj,BedSet_19,M,M,,0.9955069268197432,0.003993842825501398,222.56481474471457,8.999999971526089,42.999999885674406,0.023193180347826036,14.333333320459861,2.9999999919379734,0.7543367596665682,0.9999999999983338,0.0043315611625655654,1.0,6.158409296133417e-17,1.0,1.0,0.9999999999999999,1.0,1.1102230246251565e-16,0.0,0.001048383741694117,0.001048383741694117,0.003993842825501397,0.003993842825501397
BedSet_19_27.obj,BedSet_19,M,M,,0.9992698746142415,0.000395668167274393,1369.6277646352419,2.183015779734558,52.999999947268805,0.01885860233947268,39.74999997150211,1.3333333320359098,0.3278620012921567,0.9999999999998889,0.00039423074190805775,0.9338775510204081,0.33313324551442175,1.374693877551021,1.580408163265306,0.9360284361018302,0.9978122535203123,0.06397156389816983,0.002187746479687669,0.00014776333474816062,0.00014776333474816062,0.00036995153259411793,0.0003695464093591084
BedSet_19_28.obj,BedSet_19,M,M,,0.9994313185109569,0.0004434467816010339,1758.45357949417,4.54092559917871,100.99999985919351,0.009898564515178256,50.49999996498098,1.9999999972085094,0.41979320800862036,0.999999999999869,0.0007713428363829233,0.9809750297265158,0.1733257280217703,1.2948870392390013,1.2948870392390013,1.0,1.0,0.0,0.0,0.00014040395495597412,0.00014040395495597412,0.0004434467816010339,0.0004434467816010339
BedSet_19_29.obj,BedSet_19,M,M,,0.9979975196675305,0.0019094652281377274,499.3806849362087,21.52855008628135,99.49999985964513,0.010037080226586365,19.89999999450675,4.99999999293707,0.3364266135007224,0.9999999999999463,0.0001727936265581229,0.98046875,0.1666463203726683,1.2570312500000003,1.26953125,0.9999999999999999,1.0,1.1102230246251565e-16,0.0,0.0005948907410322642,0.0005948907410322642,0.0019094652281377272,0.0019094652281377272
BedSet_19_30.obj,BedSet_19,M,M,,0.9961362588326553,0.0036788412757627407,258.8165088416221,20.896394984987836,79.49999988774637,0.01255282319248711,15.899999995585496,4.999999992938097,0.3371295672054266,0.9999999999999307,0.00023653844516106155,0.9338775510204081,0.3331332455144218,1.374693877551021,1.580408163265306,1.0,1.0,0.0,0.0,0.0012890891664950994,0.0012890891664950994,0.0036788412757627407,0.0036788412757627407
BedSet_19_31.obj,BedSet_19,M,M,,0.9931778247961304,0.006592455133006048,146.5808147865328,29.697775984104197,79.49999988774762,0.012552823192486913,15.899999995585496,4.999999992938176,0.333370082923803,0.9999999999999383,0.0003311538232254914,0.7263640149937528,0.6115458103633792,1.6409829237817575,2.2532278217409414,0.977439047930843,0.9981576722727317,0.02256095206915698,0.0018423277272683336,0.002675268965554823,0.002675268965554823,0.006437787343894048,0.006431851619055866
BedSet_19_32.obj,BedSet_19,M,M,,0.9966176088418339,0.0008352070123559064,295.64883339554217,1.327894240750091,20.249999985543486,0.04926272749518172,20.249999985542846,0.9999999993049641,0.28635024685451876,0.9845679012323941,0.0010778769094699392,0.8106021419092698,0.4541636673308409,1.6509363196291917,1.871986135280474,0.9116613524099169,0.989594370906506,0.08833864759008314,0.010405629093493962,0.0003505220764102525,0.0003505220764102525,0.0007574643963946701,0.0007535028383627085
BedSet_19_33.obj,BedSet_19,M,OB,x,0.9818742816395084,0.006053474246002531,55.170227193642674,1.501437362009518,8.499999993932434,0.11605177062988957,8.499999993932098,0.999999999304972,0.3099679803458369,0.9632352941124842,0.001975294788847018,0.9450844667758393,0.25826620794547395,1.314121483657496,1.314121483657496,0.9793094217412444,0.9874503971583178,0.020690578258755643,0.012549602841682161,0.0020179542808915958,0.0020179542808915958,0.0058910259327198625,0.005853827502061473
BedSet_19_34.obj,BedSet_19,M,M,,0.9966176088418339,0.000835207012355906,295.6488333955423,1.327894240750091,20.249999985543486,0.04926272749518172,20.249999985542846,0.9999999993049641,0.286350246854518,0.9845679012323968,0.0010778769094699392,0.8106021419092698,0.4541636673308409,1.6509363196291917,1.871986135280474,0.911661352409917,0.989594370906506,0.08833864759008303,0.010405629093493962,0.00035052207641025234,0.00035052207641025234,0.0007574643963946699,0.0007535028383627083
BedSet_19_35.obj,BedSet_19,M,M,,0.9939079304700714,0.005877157756059902,164.14783105922746,28.346839356743505,80.99999988812183,0.012321289682353097,16.19999999564049,4.999999993049333,0.33311750776034166,0.9999999999999323,0.00021889192624300003,0.9256198347107438,0.40890303725133814,1.6198347107438016,1.6198347107438016,1.0,1.0,0.0,0.0,0.0022094839880695146,0.0022094839880695146,0.005877157756059902,0.005877157756059902
BedSet_20_01.obj,BedSet_20,OB,OB,,0.2951838035648425,0.6934658830612066,1.4188096202354017,62.09662880785727,9.196693022098277,0.08299057364649641,1.1911379517879501,7.720930231586265,0.030968065471259534,0.9999999999999998,5.507480312644619e-07,0.883431457505076,0.2924540144985963,1.1165685424949239,1.1165685424949239,1.0,1.0,0.0,0.0,0.2011950318047568,0.2011950318047568,0.6934658830612066,0.6934658830612066
BedSet_20_02.obj,BedSet_20,OB,OB,,0.924325595535036,0.07512068357664083,13.214507693455042,136.66525150247676,41.49999997019103,0.023104410093205904,3.3877551018500585,12.249999991218608,0.14863871363202374,0.9999999999999961,1.791829784288947e-05,0.9244444444444445,0.24278222726662513,1.208888888888889,1.208888888888889,0.9999999999999998,1.0,2.220446049250313e-16,0.0,0.022816580537485295,0.022816580537485295,0.07512068357664081,0.07512068357664081
BedSet_20_03.obj,BedSet_20,OB,OB,,0.93424898649483,0.0651753133974806,15.208891037416352,114.21052841016177,41.49999997019103,0.023104410093205904,3.3877551018500585,12.249999991218608,0.15291475757253703,0.999999999999993,4.479574460722368e-05,0.9649668432231855,0.20894965905453025,1.0625076780669382,1.408366490110148,0.9949913082771742,0.9982026933133589,0.005008691722825809,0.0017973066866411314,0.020318075425296744,0.020318075425296744,0.0647905936905882,0.06473231703644235
BedSet_20_04.obj,BedSet_20,CA,CA,,0.8114609485590593,0.16129729125657385,5.3038018409369885,6.91999409311653,1.0603297838834955,0.5657470494689781,1.0603197872815266,1.0000092301946528,155.3855423024207,0.360769627843301,66452564.33560149,0.5808402923655932,0.3808983050119886,1.0047818642678126,1.0821269202059418,0.5802205735560552,0.38385638801456423,0.41977942644394484,0.6161436119854358,0.09392841860328549,0.09392841860328549,0.06475618055764368,0.035924354269359984
BedSet_20_05.obj,BedSet_20,CA,CA,,0.8114609485590593,0.16129729125657385,5.3038018409369885,6.91999409311653,1.0603297838834955,0.5657470494689781,1.0603197872815266,1.0000092301946528,155.38554230242138,0.3607696278432994,66452564.33560149,0.5808402923655932,0.3808983050119886,1.0047818642678126,1.0821269202059418,0.5802205735560547,0.38385638801456434,0.4197794264439453,0.6161436119854357,0.0939284186032855,0.0939284186032855,0.06475618055764362,0.03592435426935997
BedSet_20_06.obj,BedSet_20,CA,CA,,0.8114609485590593,0.16129729125657385,5.3038018409369885,6.91999409311653,1.0603297838834955,0.5657470494689781,1.0603197872815266,1.0000092301946528,155.3855423024214,0.3607696278432994,66452564.33560149,0.5808402923655932,0.3808983050119886,1.0047818642678128,1.0821269202059418,0.5802205735560547,0.38385638801456434,0.4197794264439453,0.6161436119854357,0.0939284186032855,0.0939284186032855,0.06475618055764362,0.03592435426935997
BedSet_20_07.obj,BedSet_20,OB,SL,x,0.47827737316371466,0.5105248829439886,1.916727123709214,46.59175471097506,5.864406541820075,0.13626799292513014,1.3648484772972982,4.2967454096296995,20.30665268164198,0.7722260532909088,1453.307430570001,0.9981633677799068,0.05262363717035012,1.0624454954183662,1.0624454954183666,0.8970760969453598,0.9298404696589537,0.10292390305464016,0.07015953034104627,0.16984814439439622,0.16984814439439622,0.4419138501299846,0.42584803087508916
BedSet_20_08.obj,BedSet_20,OB,OB,,0.5227210632950556,0.44154447858052065,2.0952106255481344,13.35626343003782,5.288133802733467,0.15363279833106805,1.4444429716947995,3.6610193601727885,24.03131148566573,0.9999997134022609,745.1541216494677,0.9970414201183433,0.06372976103117771,1.079881656804734,1.079881656804734,0.901850023362826,0.9348593994876301,0.09814997663717395,0.06514060051236992,0.14694248423817566,0.14694248423817569,0.3852371800810866,0.3722674618386038
Cabinet_01_01.obj,Cabinet_01,OB,OB,,0.7735041314287455,0.22587070353815603,4.415091570136384,362.297723928033,39.99471995083845,0.022571147519914726,2.1012119287698416,19.03411997656773,0.2500495090317953,0.9999999999999664,4.9245092996248635e-05,1.0,6.409875621278546e-17,1.0,1.0,1.0,1.0,0.0,0.0,0.059291059678765946,0.059291059678765946,0.22587070353815603,0.22587070353815603
Cabinet_01_02.obj,Cabinet_01,OB,OB,,0.7735041314287455,0.22587070353830116,4.415091570136382,362.2977240120969,39.99471995547891,0.022571147517297205,2.1012119287698416,19.034119978776197,0.25004950905872,0.9999999999999664,4.924509300196238e-05,1.0,1.4332917616497527e-16,1.0,1.0,1.0,1.0,0.0,0.0,0.05929105967880405,0.05929105967880405,0.22587070353830116,0.22587070353830116
Cabinet_01_03.obj,Cabinet_01,OB,OB,,0.7735041314287455,0.22587070353815605,4.415091570136382,362.2977239280045,39.99471995083913,0.022571147519914344,2.1012119287698416,19.034119976568054,0.2500495090317963,0.999999999999979,4.9245092996249475e-05,1.0,1.2819751242557092e-16,1.0,1.0,1.0,1.0,0.0,0.0,0.05929105967876595,0.05929105967876595,0.22587070353815605,0.22587070353815605
Cabinet_01_04.obj,Cabinet_01,OB,OB,,0.7735041314287455,0.225870703538156,4.415091570136383,362.2977239280104,39.99471995083898,0.022571147519914427,2.1012119287698416,19.034119976567982,0.25004950903179607,0.9999999999999762,4.924509299624929e-05,0.9999999999999999,1.1102230246251565e-16,1.0,1.0,1.0,1.0,0.0,0.0,0.05929105967876594,0.05929105967876594,0.225870703538156,0.225870703538156
Cabinet_01_05.obj,Cabinet_01,M,M,,0.9934265683723631,0.005948266594625517,152.1275426058042,10.514714163773752,39.99471995362293,0.024913789075681387,12.333999452923898,3.242639996212332,0.3094217834866753,0.9999999999998795,0.000289066010896412,1.0,6.409875621278546e-17,1.0,1.0,1.0,1.0,0.0,0.0,0.001561419981089198,0.001561419981089198,0.005948266594625517,0.005948266594625517
Cabinet_01_06.obj,Cabinet_01,M,M,,0.9626237586123436,0.03728730445609761,26.75496419311456,420.25557586190195,106.03736541483349,0.009258791542329415,5.172520100504222,20.500135977914372,0.24556524282736528,0.9999999999999921,1.724605246088469e-05,1.0,9.064933036736789e-17,1.0,1.0,1.0,1.0,0.0,0.0,0.00978791741972562,0.00978791741972562,0.03728730445609761,0.03728730445609761
Cabinet_01_07.obj,Cabinet_01,M,M,,0.9626237586123435,0.037287303507428766,26.75496419311448,420.2510931441096,106.03679988176346,0.009258840918620887,5.172520100504222,20.50002664376796,0.2455640051889416,0.999999999999992,1.7245960481864207e-05,1.0,9.064933036736789e-17,1.0,1.0,0.9999999999999994,0.9999999999999999,5.551115123125783e-16,1.1102230246251565e-16,0.00978791717070006,0.009787917170700058,0.037287303507428746,0.03728730350742874
Cabinet_01_08.obj,Cabinet_01,OB,OB,,0.7735041314287455,0.22587070353830116,4.415091570136381,362.2977240120836,39.99471995547943,0.022571147517296906,2.1012119287698416,19.03411997877645,0.25004950905872,0.9999999999999796,4.924509300196303e-05,1.0,1.4332917616497527e-16,1.0,1.0,1.0,1.0,0.0,0.0,0.05929105967880405,0.05929105967880405,0.22587070353830116,0.22587070353830116
Cabinet_01_09.obj,Cabinet_01,OB,OB,,0.7735041314287455,0.22587070353824165,4.415091570136383,362.29772397764356,39.99471995357703,0.022571147518369982,2.1012119287698416,19.034119977871068,0.2500495090476819,0.9999999999999796,4.924509299962063e-05,1.0,6.409875621278546e-17,1.0,1.0,1.0,1.0,0.0,0.0,0.05929105967878842,0.05929105967878842,0.22587070353824165,0.22587070353824165
Cabinet_01_10.obj,Cabinet_01,M,M,,0.9934265683723631,0.005948266594640034,152.12754260580414,10.514714164017875,39.99471995408719,0.02491378907539237,12.333999452923898,3.2426399962499723,0.309421783489369,0.9999999999998795,0.00028906601089976746,1.0,0.0,1.0,1.0,1.0,1.0,0.0,0.0,0.0015614199810930086,0.0015614199810930086,0.005948266594640034,0.005948266594640034
Cabinet_01_11.obj,Cabinet_01,OB,OB,,0.7735041314287455,0.22587070353830108,4.415091570136382,362.2977240120647,39.99471995547891,0.022571147517297205,2.1012119287698416,19.034119978776197,0.25004950905872,0.9999999999999664,4.924509300196238e-05,1.0,1.4332917616497527e-16,1.0,1.0,1.0,1.0,0.0,0.0,0.05929105967880402,0.05929105967880402,0.22587070353830108,0.22587070353830108
Cabinet_01_12.obj,Cabinet_01,OB,OB,,0.848620022136302,0.15136946258933598,6.605893422050477,14396.198582490462,308.38247894049465,0.0030220314776744743,2.570193265431496,119.98415958800497,0.704226980744393,0.9999999999999886,2.735574694935721e-05,1.0,0.0,1.0,1.0,1.0,1.0,0.0,0.0,0.039734483929700685,0.039734483929700685,0.15136946258933598,0.15136946258933598
Cabinet_01_13.obj,Cabinet_01,OB,OB,,0.9512364000738103,0.048660372651670745,20.507099588905533,472.39065599014333,124.47118383582962,0.007873986810212811,4.939321408265942,25.20005756674393,0.09850692464583422,0.9999999999999913,5.937582522875104e-05,0.9997477399439666,0.01864355939478248,1.02572123560503,1.02572123560503,0.9755510077266917,0.9937921550678384,0.024448992273308323,0.006207844932161644,0.013533465826032093,0.013533465826032093,0.04732333028029121,0.047175984983888676
Cabinet_01_14.obj,Cabinet_01,M,M,,0.8824569753148307,0.11754302468494157,8.507523119114898,515840572896.5076,41897616159.8868,0.0,2.91676586615156,14364408416.59005,3009172351010.686,1.0,400000000.0,0.0,0.0,0.0,0.0,1.0,1.0,0.0,0.0,0.0,0.0,0.11754302468494157,0.11754302468494157
Cabinet_01_15.obj,Cabinet_01,M,M,,0.8824576845731628,0.11754231542660953,8.50757445408848,515840572896.5076,41897742566.229996,0.0,2.9167746661201717,14364408416.59005,3009181429772.3867,1.0,400000000.0,0.0,0.0,0.0,0.0,1.0,1.0,0.0,0.0,0.0,0.0,0.11754231542660953,0.11754231542660953
Cabinet_01_16.obj,Cabinet_01,OB,OB,,0.9512366753106464,0.04866009741482523,20.50721533796992,472.38798962831635,124.47118383582962,0.007873987518823386,4.939332698143446,25.199999966744002,0.09850715973125858,0.9999999999999913,5.9375960944923006e-05,0.9997477399439664,0.01864355939478242,1.0257212356050296,1.0257212356050296,0.9755510146427512,0.9937921699349642,0.02444898535724882,0.00620783006503578,0.013533388942099097,0.0135333889420991,0.047323063294501734,0.04717571918335559
Cabinet_01_17.obj,Cabinet_01,M,M,,0.8824577275865788,0.11754227241319341,8.507577567350056,515837271532.6829,41897616159.8868,0.0,2.9167751998023443,14364362450.630142,3009162721689.9634,1.0,400000000.0,6.162975822039155e-33,6.162975822039155e-33,1.232595164407831e-32,1.232595164407831e-32,0.9999999999999999,1.0,1.1102230246251565e-16,0.0,4.567434801996139e-18,4.567434801996139e-18,0.1175422724131934,0.1175422724131934
Cabinet_01_18.obj,Cabinet_01,M,M,,0.8824584368403716,0.1175415631594006,8.507628902652183,515837271532.6829,41897742566.229996,0.0,2.9167839997991156,14364362450.630142,3009171800422.612,1.0,400000000.0,0.0,0.0,0.0,0.0,1.0,1.0,0.0,0.0,0.0,0.0,0.1175415631594006,0.1175415631594006
Cabinet_02_01.obj,Cabinet_02,OB,OB,,0.5099999999828654,0.48000000000285037,2.0408163264334034,48.99999993045428,9.999999981333342,0.08164965808770495,1.4285714281927453,6.999999987009576,0.4422859724762404,0.9999999999992015,0.001931385975500462,1.0,0.0,1.0,1.0,0.9999999999999996,0.9999999999999998,4.440892098500626e-16,2.220446049250313e-16,0.12600000000074832,0.12600000000074832,0.4800000000028501,0.48000000000285004
Cabinet_02_02.obj,Cabinet_02,OB,OB,,0.5100000000077762,0.47559999997978825,2.040816326537155,34.027777746972866,8.33333332099031,0.09783620167584865,1.4285714282290543,5.833333324608486,0.3829755930540651,0.9999999999993296,0.0016094883131013405,1.0,0.0,1.0,1.0,0.9999999999999992,0.9999999999999994,7.771561172376096e-16,5.551115123125783e-16,0.1248449999946946,0.1248449999946946,0.47559999997978775,0.4755999999797876
Cabinet_02_03.obj,Cabinet_02,M,M,,0.9982001836546832,0.0017171717171764142,555.6122448837899,21.77777776693421,109.9999998731064,0.009082364511463653,23.571428565441057,4.666666661282501,0.2902357270034864,0.9999999999999682,7.803579699999846e-05,1.0,0.0,1.0,1.0,1.0,1.0,0.0,0.0,0.0004507575757588086,0.0004507575757588086,0.0017171717171764142,0.0017171717171764142
Cabinet_02_04.obj,Cabinet_02,M,M,,0.9982001836546832,0.0017171717171764142,555.6122448837899,21.77777776693421,109.9999998731064,0.009082364511463653,23.571428565441057,4.666666661282501,0.2902357270034864,0.9999999999999682,7.803579699999846e-05,1.0,0.0,1.0,1.0,1.0,1.0,0.0,0.0,0.0004507575757588086,0.0004507575757588086,0.0017171717171764142,0.0017171717171764142
Cabinet_02_05.obj,Cabinet_02,OB,OB,,0.834530307383392,0.1648233262229246,6.043402777792233,255.9998388425934,39.333320917250816,0.023543362842071706,2.4583333331567205,15.999994949353434,0.2581006832645559,0.9999999999999735,6.365212021855834e-05,1.0,0.0,1.0,1.0,0.9999999999999999,1.0,1.1102230246251565e-16,0.0,0.04326612313351771,0.04326612313351771,0.16482332622292456,0.16482332622292456
Cabinet_02_06.obj,Cabinet_02,OB,OB,,0.834530307383392,0.16482332622277124,6.043402777792233,255.9998387818605,39.33332091258525,0.02354336284486278,2.4583333331567205,15.999994947455576,0.258100683236412,0.9999999999999867,6.365212021100817e-05,1.0,0.0,1.0,1.0,1.0,1.0,0.0,0.0,0.04326612313347744,0.04326612313347744,0.16482332622277124,0.16482332622277124
Cabinet_02_07.obj,Cabinet_02,OB,OB,,0.5099999999828654,0.48000000000285037,2.0408163264334034,48.99999993045428,9.999999981333342,0.08164965808770495,1.4285714281927453,6.999999987009576,0.4422859724762432,0.9999999999991952,0.001931385975500462,1.0,0.0,1.0,1.0,0.9999999999999996,0.9999999999999998,4.440892098500626e-16,2.220446049250313e-16,0.12600000000074832,0.12600000000074832,0.4800000000028501,0.48000000000285004
Cabinet_02_08.obj,Cabinet_02,OB,OB,,0.5100000000077761,0.47559999997980396,2.0408163265371546,34.02777774700961,8.333333320994806,0.09783620167579639,1.4285714282290543,5.833333324611633,0.3829755930542258,0.9999999999993279,0.0016094883131022087,1.0,0.0,1.0,1.0,0.9999999999999998,1.0,2.220446049250313e-16,0.0,0.12484499999469854,0.12484499999469854,0.47559999997980384,0.47559999997980384
Cabinet_02_09.obj,Cabinet_02,M,M,,0.9982001836546832,0.0017171717171764142,555.6122448837899,21.77777776693421,109.9999998731064,0.009082364511463653,23.571428565441057,4.666666661282501,0.2902357270034876,0.999999999999964,7.803579699999846e-05,1.0,0.0,1.0,1.0,1.0,1.0,0.0,0.0,0.0004507575757588086,0.0004507575757588086,0.0017171717171764142,0.0017171717171764142
Cabinet_02_10.obj,Cabinet_02,M,M,,0.9982001836546832,0.0017171717171764142,555.6122448837899,21.77777776693421,109.9999998731064,0.009082364511463653,23.571428565441057,4.666666661282501,0.2902357270034876,0.999999999999964,7.803579699999846e-05,1.0,0.0,1.0,1.0,1.0,1.0,0.0,0.0,0.0004507575757588086,0.0004507575757588086,0.0017171717171764142,0.0017171717171764142
Cabinet_02_11.obj,Cabinet_02,OB,OB,,0.9028473300178149,0.09655984954944666,10.293077896706357,163.88212115606242,39.33333329268629,0.02354335543873606,2.458333333156753,15.999999983428669,0.2581006767322567,0.9999999999999702,0.00012995633038284866,0.999928541076529,0.0080091679390063,1.0120262841811627,1.0120262841811627,0.9966086997692593,0.9984756489566046,0.003391300230740746,0.0015243510433954333,0.02573513000651255,0.02573513000651255,0.09615904014030219,0.09608569417121506
Cabinet_02_12.obj,Cabinet_02,OB,OB,,0.9028473300178148,0.09655984954926959,10.293077896706345,163.88212110708187,39.33333328680749,0.023543355442252924,2.458333333156753,15.999999981037291,0.25810067669679754,0.9999999999999736,0.00012995633036342526,0.9999285410765287,0.008009167939006299,1.0120262841811627,1.0120262841811627,0.9966086997692601,0.9984756489566013,0.0033913002307398576,0.001524351043398653,0.025735130006465413,0.025735130006465413,0.09615904014012579,0.09608569417103863
Cabinet_02_13.obj,Cabinet_02,OB,OB,,0.9028473300178148,0.09655984954930615,10.293077896706345,163.88212111718983,39.33333328802112,0.023543355441526897,2.458333333156753,15.999999981530973,0.2581006767041176,0.9999999999999736,0.00012995633036743507,0.999928541076529,0.008009167939006315,1.0120262841811627,1.0120262841811627,0.9966086997692601,0.9984756489566021,0.0033913002307398576,0.0015243510433978757,0.02573513000647514,0.02573513000647514,0.09615904014016223,0.09608569417107507
Cabinet_02_14.obj,Cabinet_02,OB,OB,,0.917387810069134,0.0825887609921649,12.104751137047874,3526.0747823168717,206.66666543539083,0.004651776415038626,3.4929577461256276,59.16666631421685,1.211995882180889,0.9999999999998307,0.0004095017970444857,0.9918640772551818,0.11356909285658238,1.1748025894114844,1.1748025894114844,0.9917575758722441,0.9971978761434561,0.008242424127755887,0.002802123856543881,0.024746771899607622,0.02474677189960763,0.08179327117427526,0.08167851295266891
Cabinet_02_15.obj,Cabinet_02,OB,OB,,0.9173878100707903,0.08258876099050862,12.104751137290561,3526.0747822461058,206.66666543539083,0.0046517764150421585,3.4929577461606374,59.166666313623814,1.21199588218109,0.999999999999829,0.00040950179704859005,0.9918640772551818,0.1135690928565824,1.1748025894114844,1.1748025894114844,0.9917575758722711,0.9971978761434893,0.008242424127728909,0.0028021238565106854,0.024746771899109735,0.024746771899109735,0.08179327117263852,0.08167851295103583
Cabinet_02_16.obj,Cabinet_02,OB,OB,,0.9173878100707903,0.08258876099050863,12.10475113729056,3526.074782245892,206.66666543539083,0.0046517764150421585,3.4929577461606387,59.1666663136238,1.21199588218109,0.9999999999998296,0.00040950179704859026,0.9918640772551818,0.1135690928565824,1.1748025894114844,1.1748025894114844,0.9917575758722711,0.9971978761434893,0.008242424127728909,0.0028021238565106854,0.02474677189910974,0.02474677189910974,0.08179327117263853,0.08167851295103584
Cabinet_02_17.obj,Cabinet_02,OB,OB,,0.917387810069134,0.08258876099216488,12.104751137047879,3526.0747823169418,206.66666543539083,0.004651776415038626,3.4929577461256276,59.16666631421685,1.211995882180889,0.9999999999998307,0.0004095017970444857,0.9918640772551818,0.11356909285658238,1.1748025894114844,1.1748025894114844,0.9917575758722437,0.9971978761434561,0.008242424127756331,0.002802123856543881,0.02474677189960763,0.024746771899607632,0.0817932711742752,0.08167851295266886
Cabinet_03_01.obj,Cabinet_03,M,M,,0.9519609682865797,0.04686620379068615,20.816406249931905,40.9599999984225,29.199999988232477,0.03343378559424462,4.562499999698525,6.3999999974258275,0.09949702884429486,0.9999999999999962,9.371396529095726e-06,1.0,0.0,1.0,1.0,1.0,1.0,0.0,0.0,0.012302378495055112,0.012302378495055112,0.04686620379068615,0.04686620379068615
Cabinet_03_02.obj,Cabinet_03,M,M,,0.9484935365423178,0.050248981439626084,19.41503906245699,40.959999998424024,28.19999998865096,0.0345609275935339,4.406249999711176,6.3999999974259625,0.09959852509554715,0.999999999999996,9.703715554945264e-06,1.0,0.0,1.0,1.0,0.9999999999999993,0.9999999999999999,6.661338147750939e-16,1.1102230246251565e-16,0.013190357627901859,0.013190357627901859,0.05024898143962605,0.05024898143962604
Cabinet_03_03.obj,Cabinet_03,M,M,,0.9484935365423178,0.050248981439626084,19.41503906245699,40.959999998424024,28.19999998865096,0.0345609275935339,4.406249999711176,6.3999999974259625,0.09959852509554715,0.999999999999996,9.703715554945264e-06,1.0,0.0,1.0,1.0,0.9999999999999993,0.9999999999999999,6.661338147750939e-16,1.1102230246251565e-16,0.013190357627901859,0.013190357627901859,0.05024898143962605,0.05024898143962604
Cabinet_03_04.obj,Cabinet_03,M,M,,0.9446366782006376,0.0540116782006955,18.062499999980503,40.95999999842279,27.199999989068335,0.03576450074953044,4.249999999723832,6.399999997425841,0.09970748430644713,0.999999999999991,1.0060469803282935e-05,1.0,0.0,1.0,1.0,1.0,1.0,0.0,0.0,0.014178065527682566,0.014178065527682566,0.0540116782006955,0.0540116782006955
Cabinet_03_05.obj,Cabinet_03,M,M,,0.9446366782006376,0.055241673875393166,18.062499999980503,455.11111075951095,90.66666654055881,0.010735600059081219,4.249999999723832,21.33333330365422,0.2947183216111963,0.9999999999999859,3.353489934380857e-05,1.0,0.0,1.0,1.0,1.0,1.0,0.0,0.0,0.014500939392290704,0.014500939392290704,0.055241673875393166,0.055241673875393166
Cabinet_03_06.obj,Cabinet_03,M,M,,0.9446366782006376,0.05524167387539314,18.062499999980506,455.11111075945047,90.66666654055881,0.010735600059081219,4.249999999723832,21.33333330365422,0.2947183216111963,0.9999999999999859,3.353489934380857e-05,1.0,0.0,1.0,1.0,1.0,1.0,0.0,0.0,0.014500939392290696,0.014500939392290696,0.05524167387539314,0.05524167387539314
Cabinet_03_07.obj,Cabinet_03,M,M,,0.9446366782006376,0.05524167387539319,18.0624999999805,455.1111107594995,90.66666654055881,0.010735600059081219,4.249999999723832,21.33333330365422,0.29471832161119854,0.999999999999978,3.353489934380857e-05,1.0,0.0,1.0,1.0,1.0,1.0,0.0,0.0,0.01450093939229071,0.01450093939229071,0.05524167387539319,0.05524167387539319
Cabinet_03_08.obj,Cabinet_03,M,M,,0.9446366782006376,0.05524167387539315,18.06249999998051,455.111110759499,90.66666654055881,0.010735600059081219,4.249999999723832,21.33333330365422,0.29471832161119743,0.9999999999999819,3.353489934380857e-05,1.0,0.0,1.0,1.0,0.9999999999999999,1.0,1.1102230246251565e-16,0.0,0.014500939392290703,0.014500939392290703,0.055241673875393145,0.055241673875393145
Cabinet_03_09.obj,Cabinet_03,M,M,,0.9446366782006375,0.055241673875393256,18.06249999998047,455.11111075946735,90.66666654055872,0.01073560005908123,4.249999999723827,21.33333330365422,0.2947183216111956,0.9999999999999885,3.3534899343808614e-05,1.0,0.0,1.0,1.0,0.9999999999999997,1.0,3.3306690738754696e-16,0.0,0.014500939392290734,0.014500939392290734,0.055241673875393235,0.055241673875393235
Cabinet_03_10.obj,Cabinet_03,M,M,,0.9446366782006375,0.055241673875393256,18.06249999998047,455.11111075946735,90.66666654055872,0.01073560005908123,4.249999999723827,21.33333330365422,0.2947183216111966,0.999999999999985,3.3534899343808614e-05,1.0,0.0,1.0,1.0,0.9999999999999997,1.0,3.3306690738754696e-16,0.0,0.014500939392290734,0.014500939392290734,0.055241673875393235,0.055241673875393235
Cabinet_03_11.obj,Cabinet_03,M,M,,0.9446366782006375,0.055241673875393256,18.06249999998047,455.11111075946735,90.66666654055872,0.01073560005908123,4.249999999723827,21.33333330365422,0.2947183216111961,0.9999999999999868,3.3534899343808614e-05,1.0,0.0,1.0,1.0,0.9999999999999997,1.0,3.3306690738754696e-16,0.0,0.014500939392290734,0.014500939392290734,0.055241673875393235,0.055241673875393235
Cabinet_03_12.obj,Cabinet_03,M,M,,0.9446366782006375,0.055241673875393256,18.06249999998047,455.11111075946735,90.66666654055872,0.01073560005908123,4.249999999723827,21.33333330365422,0.2947183216111956,0.9999999999999885,3.3534899343808614e-05,1.0,0.0,1.0,1.0,0.9999999999999997,1.0,3.3306690738754696e-16,0.0,0.014500939392290734,0.014500939392290734,0.055241673875393235,0.055241673875393235
Cabinet_03_13.obj,Cabinet_03,M,M,,0.9519609682865797,0.04686620379068615,20.816406249931905,40.9599999984225,29.199999988232477,0.03343378559424462,4.562499999698525,6.3999999974258275,0.09949702884429486,0.9999999999999962,9.371396529095726e-06,1.0,0.0,1.0,1.0,1.0,1.0,0.0,0.0,0.012302378495055112,0.012302378495055112,0.04686620379068615,0.04686620379068615
Cabinet_03_14.obj,Cabinet_03,M,M,,0.9484935365423178,0.050248981439626084,19.41503906245699,40.959999998424024,28.19999998865096,0.0345609275935339,4.406249999711176,6.3999999974259625,0.09959852509554715,0.999999999999996,9.703715554945264e-06,1.0,0.0,1.0,1.0,0.9999999999999993,0.9999999999999999,6.661338147750939e-16,1.1102230246251565e-16,0.013190357627901859,0.013190357627901859,0.05024898143962605,0.05024898143962604
Cabinet_03_15.obj,Cabinet_03,M,M,,0.9484935365423178,0.050248981439626084,19.41503906245699,40.959999998424024,28.19999998865096,0.0345609275935339,4.406249999711176,6.3999999974259625,0.09959852509554715,0.999999999999996,9.703715554945264e-06,1.0,0.0,1.0,1.0,0.9999999999999993,0.9999999999999999,6.661338147750939e-16,1.1102230246251565e-16,0.013190357627901859,0.013190357627901859,0.05024898143962605,0.05024898143962604
Cabinet_03_16.obj,Cabinet_03,M,M,,0.9446366782006376,0.0540116782006955,18.062499999980503,40.95999999842279,27.199999989068335,0.03576450074953044,4.249999999723832,6.399999997425841,0.09970748430644713,0.999999999999991,1.0060469803282935e-05,1.0,0.0,1.0,1.0,1.0,1.0,0.0,0.0,0.014178065527682566,0.014178065527682566,0.0540116782006955,0.0540116782006955
Cabinet_03_17.obj,Cabinet_03,M,M,,0.9446366782006376,0.055241673875393166,18.062499999980503,455.11111075951095,90.66666654055881,0.010735600059081219,4.249999999723832,21.33333330365422,0.2947183216111963,0.9999999999999859,3.353489934380857e-05,1.0,0.0,1.0,1.0,1.0,1.0,0.0,0.0,0.014500939392290704,0.014500939392290704,0.055241673875393166,0.055241673875393166
Cabinet_03_18.obj,Cabinet_03,M,M,,0.9446366782006376,0.05524167387539314,18.062499999980506,455.11111075945047,90.66666654055881,0.010735600059081219,4.249999999723832,21.33333330365422,0.2947183216111963,0.9999999999999859,3.353489934380857e-05,1.0,0.0,1.0,1.0,1.0,1.0,0.0,0.0,0.014500939392290696,0.014500939392290696,0.05524167387539314,0.05524167387539314
Cabinet_03_19.obj,Cabinet_03,M,M,,0.9446366782006376,0.05524167387539319,18.0624999999805,455.1111107594995,90.66666654055881,0.010735600059081219,4.249999999723832,21.33333330365422,0.29471832161119854,0.999999999999978,3.353489934380857e-05,1.0,0.0,1.0,1.0,1.0,1.0,0.0,0.0,0.01450093939229071,0.01450093939229071,0.05524167387539319,0.05524167387539319
Cabinet_03_20.obj,Cabinet_03,M,M,,0.9446366782006376,0.05524167387539315,18.06249999998051,455.111110759499,90.66666654055881,0.010735600059081219,4.249999999723832,21.33333330365422,0.29471832161119743,0.9999999999999819,3.353489934380857e-05,1.0,0.0,1.0,1.0,0.9999999999999999,1.0,1.1102230246251565e-16,0.0,0.014500939392290703,0.014500939392290703,0.055241673875393145,0.055241673875393145
Cabinet_03_21.obj,Cabinet_03,M,M,,0.9446366782006375,0.055241673875393256,18.06249999998047,455.11111075946735,90.66666654055872,0.01073560005908123,4.249999999723827,21.33333330365422,0.2947183216111956,0.9999999999999885,3.3534899343808614e-05,1.0,0.0,1.0,1.0,0.9999999999999997,1.0,3.3306690738754696e-16,0.0,0.014500939392290734,0.014500939392290734,0.055241673875393235,0.055241673875393235
Cabinet_03_22.obj,Cabinet_03,M,M,,0.9446366782006375,0.055241673875393256,18.06249999998047,455.11111075946735,90.66666654055872,0.01073560005908123,4.249999999723827,21.33333330365422,0.2947183216111966,0.999999999999985,3.3534899343808614e-05,1.0,0.0,1.0,1.0,0.9999999999999997,1.0,3.3306690738754696e-16,0.0,0.014500939392290734,0.014500939392290734,0.055241673875393235,0.055241673875393235
Cabinet_03_23.obj,Cabinet_03,M,M,,0.9446366782006375,0.055241673875393256,18.06249999998047,455.11111075946735,90.66666654055872,0.01073560005908123,4.249999999723827,21.33333330365422,0.2947183216111961,0.9999999999999868,3.3534899343808614e-05,1.0,0.0,1.0,1.0,0.9999999999999997,1.0,3.3306690738754696e-16,0.0,0.014500939392290734,0.014500939392290734,0.055241673875393235,0.055241673875393235
Cabinet_03_24.obj,Cabinet_03,M,M,,0.9446366782006375,0.055241673875393256,18.06249999998047,455.11111075946735,90.66666654055872,0.01073560005908123,4.249999999723827,21.33333330365422,0.2947183216111956,0.9999999999999885,3.3534899343808614e-05,1.0,0.0,1.0,1.0,0.9999999999999997,1.0,3.3306690738754696e-16,0.0,0.014500939392290734,0.014500939392290734,0.055241673875393235,0.055241673875393235
Cabinet_04_01.obj,Cabinet_04,OB,OB,,0.84861992120508,0.15136956352055744,6.605889017634124,14396.208180257736,308.3824789285673,0.00302203134542976,2.570192408606104,119.98419958253106,0.6979214847924012,0.9999999999999888,2.6627485698617323e-05,1.0,0.0,1.0,1.0,0.9999999999999998,1.0,2.220446049250313e-16,0.0,0.03973451042414633,0.03973451042414633,0.15136956352055742,0.15136956352055742
Cabinet_04_02.obj,Cabinet_04,OB,OB,,0.8888602906899814,0.11051454469374955,8.997684141949845,177.7767109933004,39.994733284328255,0.023713230365992707,2.9996139985712604,13.333293317049737,0.252976612654059,0.9999999999999846,6.842895591634134e-05,1.0,0.0,1.0,1.0,1.0,1.0,0.0,0.0,0.029010067982109252,0.029010067982109252,0.11051454469374955,0.11051454469374955
Cabinet_04_03.obj,Cabinet_04,M,M,,0.9934265727550092,0.005948262628822396,152.12764403252902,10.514714164326008,39.994733287548954,0.024913780829246772,12.334003564629272,3.2426399963156114,0.3066512867616804,0.9999999999998826,0.00028137053197258634,1.0,1.5700924586837752e-16,1.0,1.0,1.0,1.0,0.0,0.0,0.0015614189400658788,0.0015614189400658788,0.005948262628822396,0.005948262628822396
Cabinet_04_04.obj,Cabinet_04,OB,OB,,0.8888602906899815,0.11051454469383575,8.99768414194985,177.7767110178296,39.994733287087286,0.02371323036435777,2.9996139985712604,13.333293317969533,0.25297661266992705,0.9999999999999712,6.84289559210619e-05,1.0,1.1102230246251565e-16,1.0,1.0,1.0,1.0,0.0,0.0,0.02901006798213188,0.02901006798213188,0.11051454469383575,0.11051454469383575
Cabinet_04_05.obj,Cabinet_04,OB,OB,,0.8888602906899815,0.1105145446938933,8.997684141949849,177.77671103418274,39.99473328892716,0.023713230363267505,2.9996139985712604,13.333293318582903,0.25297661268050514,0.9999999999999781,6.842895592420984e-05,1.0,9.064933036736789e-17,1.0,1.0,1.0,1.0,0.0,0.0,0.029010067982146986,0.029010067982146986,0.1105145446938933,0.1105145446938933
Cabinet_04_06.obj,Cabinet_04,M,M,,0.9808685781265591,0.01904248399319341,52.270030247370336,215.109937634876,106.03679987061628,0.009341343489399141,7.229801535263803,14.666626648754017,0.24782721548108144,0.9999999999999913,2.3463527394067988e-05,1.0,6.409875621278546e-17,1.0,1.0,0.9999999999999992,0.9999999999999999,7.771561172376096e-16,1.1102230246251565e-16,0.0049986520482132755,0.004998652048213274,0.019042483993193395,0.01904248399319339
Cabinet_04_07.obj,Cabinet_04,M,M,,0.9808685781265591,0.019042483993193478,52.27003024737014,215.1099376348712,106.03679987061489,0.009341343489399263,7.229801535263803,14.666626648753825,0.24782721548107836,0.9999999999999916,2.346352739406768e-05,1.0,1.2819751242557092e-16,1.0,1.0,0.9999999999999992,0.9999999999999999,7.771561172376096e-16,1.1102230246251565e-16,0.004998652048213294,0.004998652048213292,0.019042483993193464,0.01904248399319346
Cabinet_04_08.obj,Cabinet_04,M,M,,0.9934265727550092,0.005948262628822396,152.12764403252902,10.514714164326008,39.994733287548954,0.024913780829246772,12.334003564629272,3.2426399963156114,0.3066512867616804,0.9999999999998826,0.00028137053197258634,1.0,1.5700924586837752e-16,1.0,1.0,1.0,1.0,0.0,0.0,0.0015614189400658788,0.0015614189400658788,0.005948262628822396,0.005948262628822396
Cabinet_04_09.obj,Cabinet_04,OB,OB,,0.8888602906899815,0.11051454469374954,8.997684141949849,177.77671099330138,39.99473328432773,0.023713230365993012,2.9996139985712604,13.333293317049563,0.252976612654059,0.9999999999999715,6.842895591634044e-05,1.0,0.0,1.0,1.0,1.0,1.0,0.0,0.0,0.02901006798210925,0.02901006798210925,0.11051454469374954,0.11051454469374954
Cabinet_04_10.obj,Cabinet_04,OB,OB,,0.8888602906899815,0.11051454469374951,8.99768414194985,177.77671099330294,39.99473328432814,0.023713230365992773,2.9996139985712604,13.3332933170497,0.25297661265406146,0.9999999999999711,6.842895591634115e-05,1.0,0.0,1.0,1.0,1.0,1.0,0.0,0.0,0.02901006798210924,0.02901006798210924,0.11051454469374951,0.11051454469374951
Cabinet_04_11.obj,Cabinet_04,OB,OB,,0.8888602906899815,0.11051454469389325,8.997684141949852,177.77671103418737,39.99473328892716,0.023713230363267505,2.9996139985712604,13.333293318582903,0.2529766126805067,0.9999999999999715,6.842895592420984e-05,1.0,9.064933036736789e-17,1.0,1.0,1.0,1.0,0.0,0.0,0.029010067982146975,0.029010067982146975,0.11051454469389325,0.11051454469389325
Cabinet_04_12.obj,Cabinet_04,OB,OB,,0.8888602906899815,0.11051454469374956,8.997684141949847,177.77671099330786,39.994733284328255,0.023713230365992707,2.9996139985712604,13.333293317049737,0.252976612654062,0.9999999999999715,6.842895591634134e-05,1.0,6.409875621278546e-17,1.0,1.0,1.0,1.0,0.0,0.0,0.029010067982109256,0.029010067982109256,0.11051454469374956,0.11051454469374956
Cabinet_05_01.obj,Cabinet_05,OB,OB,,0.9236645513603512,0.07562609952101719,13.100073659362824,107.61336926282364,37.54654528238467,0.02566333735726658,3.6194023896116687,10.3736863820582,0.1291510126182354,0.9999999999999952,1.1714829082570472e-05,1.0,0.0,1.0,1.0,1.0,1.0,0.0,0.0,0.01985185112426701,0.01985185112426701,0.07562609952101719,0.07562609952101719
Cabinet_05_02.obj,Cabinet_05,OB,OB,,0.7902831973710167,0.20891108101512695,4.768335142745111,260.28444443132156,35.229582205681126,0.025799189918756463,2.1836517905689083,16.133333325742235,0.10776145125002042,0.9999999999999977,5.0951832996006756e-06,1.0,0.0,1.0,1.0,1.0,1.0,0.0,0.0,0.054839158766470816,0.054839158766470816,0.20891108101512695,0.20891108101512695
Cabinet_05_03.obj,Cabinet_05,OB,OB,,0.7902831973710167,0.20933443301363835,4.768335142745111,548.466180922115,51.139716091169454,0.01777588390027592,2.1836517905689083,23.41935482134705,0.15239448367178385,0.999999999999997,7.396233821648236e-06,1.0,0.0,1.0,1.0,1.0,1.0,0.0,0.0,0.05495028866608006,0.05495028866608006,0.20933443301363835,0.20933443301363835
Cabinet_05_04.obj,Cabinet_05,OB,OB,,0.9359646951361936,0.06397800910452443,15.616385400628184,1117.6273020238168,132.11093309025654,0.007337895584236891,3.9517572545534922,33.430933271699864,0.38450484135014273,0.9999999999999823,3.457784739542617e-05,1.0,0.0,1.0,1.0,1.0,1.0,0.0,0.0,0.01679422738993766,0.01679422738993766,0.06397800910452443,0.06397800910452443
Cabinet_05_05.obj,Cabinet_05,OB,OB,,0.9359646951361936,0.06397800910452443,15.616385400628184,1117.6273020238168,132.11093309025654,0.007337895584236891,3.9517572545534922,33.430933271699864,0.38450484135014273,0.9999999999999823,3.457784739542617e-05,1.0,0.0,1.0,1.0,1.0,1.0,0.0,0.0,0.01679422738993766,0.01679422738993766,0.06397800910452443,0.06397800910452443
Cabinet_05_06.obj,Cabinet_05,OB,OB,,0.18863475390221562,0.8112242473725669,1.2324905519547025,5754.41547323112,84.21557272846238,0.008822418908121013,1.1101759103477418,75.8578635531481,0.24217143396363597,0.9999999999999974,6.192316412501732e-06,1.0,0.0,1.0,1.0,1.0,1.0,0.0,0.0,0.21294636493529878,0.21294636493529878,0.8112242473725669,0.8112242473725669
Cabinet_05_07.obj,Cabinet_05,OB,OB,,0.9236645513603512,0.0759491030224835,13.100073659362819,197.58331723716523,50.875888260219426,0.018942454072417958,3.6194023896116687,14.0564332950164,0.16997775171955912,0.9999999999999933,1.5873693066342047e-05,1.0,0.0,1.0,1.0,1.0,1.0,0.0,0.0,0.019936639543401916,0.019936639543401916,0.0759491030224835,0.0759491030224835
Cabinet_06_01.obj,Cabinet_06,M,M,,0.9850925320028824,0.012709518296795251,67.08047269944481,6.782442743538179,19.99999997565695,0.04955294307986914,7.999999995931909,2.4999999970060083,0.34855783626236225,0.9976633333320345,0.003506947548890991,1.0,3.0361802169185174e-10,1.0000000003700737,1.0000000004064247,0.9998999999999639,0.9936981996857988,0.00010000000003607123,0.006301800314201245,0.0033607212409966013,0.0033607212409966013,0.012668204926409389,0.012628162507853664
Cabinet_06_02.obj,Cabinet_06,M,M,,0.9850925320024105,0.012709518297267052,67.0804726973218,6.782442743752832,19.99999997565695,0.04955294307990632,7.99999999632298,2.4999999968837985,0.34855783627251213,0.9976633333370255,0.0035069475490624247,1.0,3.036180983306366e-10,1.0000000003700737,1.000000000406425,0.9999000000002035,0.9936981996954424,9.99999997964851e-05,0.006301800304557625,0.0033607212410835226,0.003360721241083522,0.012668204926943968,0.012628162508448025
Cabinet_06_03.obj,Cabinet_06,CA,CA,,0.43528423845546554,2.541614826304623e-05,1.7708023530398984,1.0000450078352676,1.035714284838527,0.5638472868248205,0.9999999991821986,1.0357142848124008,0.5488079136178553,0.441401811292271,11.996740162208745,0.9998198216855353,0.01831704369984902,1.025447028914179,1.0267668815122803,0.730090330184646,0.6016527081239917,0.269909669815354,0.39834729187600826,1.2243167417260095e-05,1.2243167417260095e-05,1.4860201157363558e-05,1.1164318237337778e-05
Cabinet_06_05.obj,Cabinet_06,OB,OB,,0.4374818922632695,0.5607255122053543,1.7777205502278501,313.80090929032417,22.569446050180744,0.035419246949224666,1.3328459338314025,16.933274488601427,0.2686795112806866,0.9802756624253669,0.0004323514404958641,0.9999999955604849,7.693840186251882e-05,1.0000937660676406,1.000103177485133,0.9999979879293835,0.9985952172552308,2.01207061645281e-06,0.001404782744769184,0.14743865583808868,0.14743865583808868,0.5603305360164299,0.5599366880468324
Cabinet_06_06.obj,Cabinet_06,M,M,,0.9780626673790874,0.02186923711609972,45.58439338457567,322.1553710660252,117.9999998564695,0.008382594949102566,6.7428609954553655,17.49998997869868,0.2601547810943698,0.9999471392795758,8.491403275849737e-05,1.0,7.626237403533202e-11,1.000000000093402,1.0000000000935496,0.9999996125905779,0.9995824477454917,3.874094220979174e-07,0.00041755225450834654,0.005743417173508944,0.005743417173508943,0.021864662870888927,0.021860097098026648
Cabinet_06_07.obj,Cabinet_06,M,M,,0.9780626673790874,0.021869237116099706,45.584393384575705,322.1553710660245,117.9999998564695,0.008382594949102566,6.7428609954553655,17.49998997869868,0.26015478109436985,0.9999471392795751,8.491403275849737e-05,1.0,7.626240604268098e-11,1.000000000093402,1.0000000000935494,0.9999996125905779,0.9995824477454917,3.874094220979174e-07,0.00041755225450834654,0.0057434171735089405,0.00574341717350894,0.021864662870888913,0.021860097098026634
Cabinet_06_08.obj,Cabinet_06,OB,OB,,0.9720843634430151,0.02757540279941042,35.8222173425114,82.04840329445184,51.111110971619446,0.01929109582415994,5.9508408777206565,8.58888886557348,0.6135869118068984,0.999454804148622,0.004383383078463939,1.0,7.557533163846782e-11,1.0000000000925604,1.0000000000925644,0.9999910006187142,0.9978925023564509,8.999381285845764e-06,0.0021074976435491166,0.007256064620858198,0.007256064620858198,0.027546097351136636,0.02751704006442675
Cabinet_06_09.obj,Cabinet_06,M,M,,0.9995471641318451,0.0003863625062488904,2208.305636376536,6.812290745117937,114.49999986065151,0.008731210597376703,45.79999997761151,2.4999999969571465,0.46360738251890066,0.9979411935959571,0.0006636145289153058,0.9240548685385056,0.2865110629991363,1.329519117033799,1.3329581281264322,0.9999825327510874,0.9987906649799073,1.746724891260598e-05,0.0012093350200926833,0.00012557119930318964,0.00012557119930318961,0.0003861221407849081,0.000385888524010993
Cabinet_06_10.obj,Cabinet_06,M,M,,0.9995471641318451,0.00038636250624870784,2208.305636376532,6.812290745099161,114.49999986065151,0.008731210597376703,45.79999997761151,2.4999999969571465,0.46360738251890077,0.997941193595957,0.0006636145289153058,0.942709744682953,0.25854768154027047,1.361158445582245,1.393917434050557,0.9999825327510872,0.9987906649799074,1.7467248912828026e-05,0.0012093350200925723,0.0001280131381757279,0.0001280131381757279,0.0003861221407847256,0.0003858885240108106
Cabinet_06_11.obj,Cabinet_06,OB,OB,,0.39453298807831944,0.6053598213199021,1.6516176444115873,5648.508375502982,80.95238063886117,0.009710242928705298,1.2718204488017562,63.65079340420648,2.366465244105861,0.9629160461984559,0.0010547411235540367,0.9787857214102238,0.2022452448220294,1.3119679698599116,1.3119679698599116,0.8805150234710412,0.9158042905813407,0.11948497652895884,0.08419570941865928,0.23509250372656018,0.23509250372656018,0.510589064411409,0.48814971154489933
Cabinet_06_12.obj,Cabinet_06,OB,OB,,0.391517442234386,0.6083754364060249,1.6434324817313901,5680.310258378822,80.95238063889998,0.009710242928702423,1.2718204488023659,63.65079340420648,2.366465244106684,0.9629160461978387,0.001054741123553531,0.984858242116711,0.17478410703932365,1.260677526334262,1.260677526334262,0.9536649979673694,0.969930617863245,0.046335002032630634,0.03006938213675503,0.2054311453788023,0.2054311453788023,0.5714634366490329,0.5627405139745166
Cabinet_06_13.obj,Cabinet_06,OB,OB,,0.39353761970568596,0.6063553983706715,1.648906894296903,5668.830393445196,81.11111079705324,0.009698488114540016,1.2743142143888464,63.65079340420648,1.962776978626257,0.9619855116617324,0.0010300388347557307,0.7799017803991509,0.5102369513497638,1.2334066945901752,1.8078914288130368,0.9517781990243289,0.9686570037321479,0.04822180097567108,0.031342996267852086,0.23002401230061412,0.23002401230061412,0.5680715790787858,0.5590273091276543
Cabinet_06_14.obj,Cabinet_06,OB,OB,,0.3930417753733563,0.6068491350486445,1.6475598474905595,5563.851614040462,81.1111107972589,0.0096984881145248,1.2743142143920771,63.65079340420648,1.5593816318308873,0.9619863041892793,0.0009960815105304888,0.9540855013572039,0.28609368920016964,1.4737700177417588,1.4737700177417588,0.9516365657829862,0.9685607262001565,0.048363434217013834,0.03143927379984346,0.22732292987526542,0.22732292987526542,0.5684217392385942,0.5593436516511207
Cabinet_06_15.obj,Cabinet_06,M,M,,0.9851260674184565,0.012683574325576409,67.23171525191412,6.79063917490186,19.99999997565695,0.04955294307990632,7.999999996323003,2.4999999968837914,0.46642561316746206,0.9976633333319266,0.0037991931781509703,0.9239222005302167,0.2865218201384836,1.329338492183217,1.3336523055326919,0.9998999999999592,0.9936981996857648,0.0001000000000408452,0.0063018003142352175,0.004142278118756609,0.004142278118756609,0.012642345288275698,0.012602384608408061
Cabinet_06_16.obj,Cabinet_06,M,M,,0.9851260674170749,0.01268357432695817,67.23171524566843,6.790639175532696,19.99999997565695,0.049552943079882894,7.999999996076527,2.4999999969608155,0.4664256131684088,0.9976633333330878,0.0037991931780339185,0.9239222004692886,0.2865218201946151,1.3293384922902851,1.3336523058301477,0.9999000000000147,0.9936981996833831,9.999999998533404e-05,0.006301800316616868,0.004142278119543474,0.004142278119543474,0.012642345289638566,0.012602384609751473
Cabinet_06_17.obj,Cabinet_06,M,M,,0.9851260674169613,0.012683574327071727,67.23171524515513,6.7906391755845394,19.99999997565695,0.04955294307986914,7.999999995931909,2.4999999970060083,0.4664256131631575,0.9976633333320345,0.0037991931779652404,0.9239222005302204,0.28652182013848737,1.3293384921832339,1.3336523055326661,0.999899999999964,0.9936981996857989,0.00010000000003596021,0.006301800314201134,0.0041422781192448094,0.0041422781192448094,0.01264234528976643,0.0126023846098943
Cabinet_07_01.obj,Cabinet_07,OB,OB,,0.06297599999192546,0.9369067354931366,1.0672085239968443,7990.686700939367,92.34570365493838,0.007780413096376771,1.033057851164413,89.39064113836025,1.253409087792919,0.9999999999997201,0.0006703757299143211,1.0,0.0,1.0,1.0,1.0,1.0,0.0,0.0,0.24593801806694832,0.24593801806694832,0.9369067354931366,0.9369067354931366
Cabinet_07_02.obj,Cabinet_07,OB,OB,,0.04632568359564669,0.9535624842482314,1.0485760000003217,8527.728959846769,94.56200054275477,0.0075656253747369675,1.023999999933063,92.34570365493838,1.2526587941346754,0.9999999999997362,0.0006337145571866786,1.0,1.1102230246251565e-16,1.0,1.0,1.0,1.0,0.0,0.0,0.2503101521151607,0.2503101521151607,0.9535624842482314,0.9535624842482314
Cabinet_07_03.obj,Cabinet_07,OB,OB,,0.04632568359564567,0.9535624842482324,1.0485760000003206,8527.728959846767,94.56200054275477,0.0075656253747369675,1.023999999933063,92.34570365493838,1.2526587941346758,0.9999999999997357,0.0006337145571866786,1.0,0.0,1.0,1.0,1.0,1.0,0.0,0.0,0.25031015211516094,0.25031015211516094,0.9535624842482324,0.9535624842482324
Cabinet_07_04.obj,Cabinet_07,OB,OB,,0.04632568360677753,0.9535624842371019,1.0485760000125601,8527.728959846765,94.56200054330662,0.007565625374714369,1.023999999939039,92.34570365493838,1.2526587941345995,0.9999999999997362,0.0006337145571829804,1.0,0.0,1.0,1.0,1.0,1.0,0.0,0.0,0.2503101521122392,0.2503101521122392,0.9535624842371019,0.9535624842371019
Cabinet_07_05.obj,Cabinet_07,OB,OB,,0.04632568359564611,0.953562484248232,1.048576000000321,8527.728959848266,94.56200054275473,0.007565625374736969,1.0239999999330627,92.34570365493838,1.2526587941346758,0.9999999999997359,0.0006337145571866787,1.0,0.0,1.0,1.0,1.0,1.0,0.0,0.0,0.25031015211516083,0.25031015211516083,0.953562484248232,0.953562484248232
Cabinet_07_06.obj,Cabinet_07,OB,OB,,0.06297599999192546,0.9369067354931366,1.0672085239968443,7990.686700939367,92.34570365493838,0.007780413096376771,1.033057851164413,89.39064113836025,1.253409087792919,0.9999999999997201,0.0006703757299143211,1.0,0.0,1.0,1.0,1.0,1.0,0.0,0.0,0.24593801806694832,0.24593801806694832,0.9369067354931366,0.9369067354931366
Cabinet_07_07.obj,Cabinet_07,OB,OB,,0.04632568359564669,0.9535624842482314,1.0485760000003217,8527.728959846769,94.56200054275477,0.0075656253747369675,1.023999999933063,92.34570365493838,1.2526587941346754,0.9999999999997362,0.0006337145571866786,1.0,1.1102230246251565e-16,1.0,1.0,1.0,1.0,0.0,0.0,0.2503101521151607,0.2503101521151607,0.9535624842482314,0.9535624842482314
Cabinet_07_08.obj,Cabinet_07,OB,OB,,0.04632568359564567,0.9535624842482324,1.0485760000003206,8527.728959846767,94.56200054275477,0.0075656253747369675,1.023999999933063,92.34570365493838,1.2526587941346754,0.9999999999997359,0.0006337145571866786,1.0,0.0,1.0,1.0,1.0,1.0,0.0,0.0,0.25031015211516094,0.25031015211516094,0.9535624842482324,0.9535624842482324
Cabinet_07_09.obj,Cabinet_07,OB,OB,,0.04632568360677753,0.9535624842371019,1.0485760000125601,8527.728959846765,94.56200054330662,0.007565625374714369,1.023999999939039,92.34570365493838,1.2526587941345995,0.9999999999997362,0.0006337145571829804,1.0,0.0,1.0,1.0,1.0,1.0,0.0,0.0,0.2503101521122392,0.2503101521122392,0.9535624842371019,0.9535624842371019
Cabinet_07_10.obj,Cabinet_07,OB,OB,,0.04632568359564611,0.953562484248232,1.048576000000321,8527.728959846767,94.56200054275473,0.007565625374736969,1.0239999999330627,92.34570365493838,1.2526587941346758,0.9999999999997359,0.0006337145571866787,1.0,0.0,1.0,1.0,1.0,1.0,0.0,0.0,0.25031015211516083,0.25031015211516083,0.953562484248232,0.953562484248232
Cabinet_07_11.obj,Cabinet_07,OB,OB,,0.6713862631342717,0.32601728264838403,3.043086419750982,126.56249999338023,19.62499999036372,0.04416385931041107,1.7444444443641411,11.249999994475122,0.11826442535447537,0.9999999999999937,1.5176961967195102e-05,1.0,0.0,1.0,1.0,1.0,1.0,0.0,0.0,0.0855795366952008,0.0855795366952008,0.32601728264838403,0.32601728264838403
Cabinet_07_12.obj,Cabinet_07,OB,OB,,0.6415270396403838,0.35587650614200256,2.7896106835966963,138.06249997690773,19.624999989345593,0.04367673815967867,1.6702127658931787,11.749999993554281,0.11787197184762785,0.9999999999999939,1.4531133797705695e-05,1.0,0.0,1.0,1.0,1.0,1.0,0.0,0.0,0.09341758286227565,0.09341758286227565,0.35587650614200256,0.35587650614200256
Cabinet_07_13.obj,Cabinet_07,OB,OB,,0.9304756977713565,0.06902073100372566,14.383459710408335,138.06249997691532,44.56249997577732,0.021693663900881052,3.7925531913408226,11.74999999355452,0.1149133988214369,0.9999999999999981,6.3994053471007445e-06,1.0,0.0,1.0,1.0,0.9999999999999996,1.0,4.440892098500626e-16,0.0,0.018117941888477995,0.018117941888477995,0.06902073100372563,0.06902073100372563
Cabinet_07_14.obj,Cabinet_07,OB,OB,,0.9304756977713565,0.06902073100372566,14.383459710408335,138.06249997691532,44.56249997577732,0.021693663900881052,3.7925531913408226,11.74999999355452,0.1149133988214369,0.9999999999999981,6.3994053471007445e-06,1.0,0.0,1.0,1.0,0.9999999999999997,1.0,3.3306690738754696e-16,0.0,0.01811794188847799,0.01811794188847799,0.06902073100372563,0.06902073100372563
Cabinet_07_15.obj,Cabinet_07,OB,OB,,0.5555555555579734,0.4412252904757439,2.2500000000114606,138.06249999123543,17.624999991297454,0.04715600957686101,1.4999999999381783,11.749999994163796,0.11847190077253875,0.9999999999999875,1.6180056782726078e-05,1.0,0.0,1.0,1.0,1.0,1.0,0.0,0.0,0.11582163874988274,0.11582163874988274,0.4412252904757439,0.4412252904757439
Cabinet_07_16.obj,Cabinet_07,OB,OB,,0.5555555555579735,0.4412252904757439,2.250000000011461,138.06249999123594,17.62499999129766,0.047156009576860454,1.4999999999381783,11.749999994163934,0.11847190077253943,0.9999999999999931,1.6180056782726268e-05,1.0,0.0,1.0,1.0,1.0,1.0,0.0,0.0,0.11582163874988274,0.11582163874988274,0.4412252904757439,0.4412252904757439
Cabinet_07_17.obj,Cabinet_07,OB,OB,,0.5555555555579735,0.4412252904757439,2.250000000011461,138.06249999123594,17.62499999129766,0.047156009576860454,1.4999999999381783,11.749999994163934,0.11847190077253943,0.9999999999999931,1.6180056782726268e-05,1.0,0.0,1.0,1.0,1.0,1.0,0.0,0.0,0.11582163874988274,0.11582163874988274,0.4412252904757439,0.4412252904757439
Cabinet_07_18.obj,Cabinet_07,OB,OB,,0.5555555555579734,0.44122529047574394,2.2500000000114606,138.0624999912355,17.624999991297557,0.04715600957686073,1.4999999999381783,11.749999994163865,0.11847190077253875,0.9999999999999932,1.618005678272617e-05,1.0,0.0,1.0,1.0,1.0,1.0,0.0,0.0,0.11582163874988276,0.11582163874988276,0.44122529047574394,0.44122529047574394
Cabinet_07_19.obj,Cabinet_07,OB,OB,,0.5555555555579734,0.44122529047574394,2.2500000000114606,138.06249999123483,17.62499999129761,0.04715600957686059,1.4999999999381783,11.7499999941639,0.11847190077253908,0.9999999999999932,1.618005678272622e-05,1.0,0.0,1.0,1.0,1.0,1.0,0.0,0.0,0.11582163874988276,0.11582163874988276,0.44122529047574394,0.44122529047574394
Cabinet_07_20.obj,Cabinet_07,OB,OB,,0.9272471279872763,0.07064504774428924,13.745161838079113,34.51562499880691,21.781249994388983,0.04428341540399395,3.707446808367736,5.874999998453617,0.06308939895163958,0.9999999999999986,3.273153524102157e-06,1.0,0.0,1.0,1.0,1.0,1.0,0.0,0.0,0.018544325032875925,0.018544325032875925,0.07064504774428924,0.07064504774428924
Cabinet_07_21.obj,Cabinet_07,OB,OB,,0.8363060379704812,0.1636841533785453,6.108960816890818,16688.73349385048,319.29738303312297,0.0029032432066902814,2.4716312056076073,129.18488093988566,0.7687544363657743,0.9999999999999867,3.198804349246794e-05,1.0,0.0,1.0,1.0,1.0,1.0,0.0,0.0,0.04296709026186814,0.04296709026186814,0.1636841533785453,0.1636841533785453
Cabinet_08_01.obj,Cabinet_08,M,M,,0.9773727018097189,0.022569125251428672,44.19440587164198,388.96604910479886,131.11111092981176,0.007542050899511395,6.647887323450455,19.72222219497614,0.3042809127113555,0.9999999999999852,2.7573066230002285e-05,1.0,0.0,1.0,1.0,0.9999999999999986,0.9999999999999999,1.4432899320127035e-15,1.1102230246251565e-16,0.005924395378500038,0.005924395378500038,0.02256912525142864,0.022569125251428637
Cabinet_08_02.obj,Cabinet_08,M,M,,0.9773727018097189,0.022569125251428672,44.19440587164198,388.96604910479886,131.11111092981176,0.007542050899511395,6.647887323450455,19.72222219497614,0.3042809127113555,0.9999999999999852,2.7573066230002285e-05,1.0,0.0,1.0,1.0,0.9999999999999986,0.9999999999999999,1.4432899320127035e-15,1.1102230246251565e-16,0.005924395378500038,0.005924395378500038,0.02256912525142864,0.022569125251428637
Cabinet_08_03.obj,Cabinet_08,OB,OB,,0.8643865894187723,0.135264759559132,7.3739020035982845,388.96604910483177,53.5555554817295,0.017519171236752985,2.7154929575565068,19.72222219497743,0.30745648452288254,0.999999999999988,6.750252728478549e-05,1.0,0.0,1.0,1.0,1.0,1.0,0.0,0.0,0.035506999384272146,0.035506999384272146,0.135264759559132,0.135264759559132
Cabinet_08_04.obj,Cabinet_08,OB,OB,,0.8704298737974984,0.12922147518040591,7.717828401562555,371.63271578371706,53.555555481729286,0.017565958735748843,2.7780979825104577,19.2777777511431,0.3077925761675692,0.9999999999999707,6.90587815161482e-05,1.0,0.0,1.0,1.0,1.0,1.0,0.0,0.0,0.03392063723485655,0.03392063723485655,0.12922147518040591,0.12922147518040591
Cabinet_08_05.obj,Cabinet_08,OB,OB,,0.87560475887185,0.12170503262598227,8.038892733601655,46.23999999539765,19.279999990163027,0.04885562222426377,2.835294117441198,6.799999996506735,0.12409318935599091,0.9999999999999895,2.5373008783982835e-05,1.0,0.0,1.0,1.0,1.0,1.0,0.0,0.0,0.03194757106432034,0.03194757106432034,0.12170503262598227,0.12170503262598227
Cabinet_08_06.obj,Cabinet_08,OB,OB,,0.8202896263744051,0.17969799709114265,5.564509047670944,14520.249939074443,284.24999907807796,0.0032389895687236834,2.358921161754632,120.4999996095736,0.6545418949659526,0.9999999999999902,2.3710485340922994e-05,1.0,0.0,1.0,1.0,0.9999999999999998,1.0,2.220446049250313e-16,0.0,0.047170724236424946,0.047170724236424946,0.17969799709114262,0.17969799709114262
Cabinet_09_01.obj,Cabinet_09,OB,OB,,0.9228392255891331,0.07705874400574285,12.95995287288237,756.2527495321808,98.9999998788481,0.009732041963730868,3.5999934544047787,27.50004996630789,0.25204306650704217,0.9999999999999926,1.539583475599415e-05,1.0,0.0,1.0,1.0,1.0,1.0,0.0,0.0,0.020227920301507496,0.020227920301507496,0.07705874400574285,0.07705874400574285
Cabinet_09_02.obj,Cabinet_09,OB,OB,,0.9228392255891331,0.07705874400574285,12.95995287288237,756.2527495321808,98.9999998788481,0.009732041963730868,3.5999934544047787,27.50004996630789,0.25204306650704217,0.9999999999999926,1.539583475599415e-05,1.0,0.0,1.0,1.0,1.0,1.0,0.0,0.0,0.020227920301507496,0.020227920301507496,0.07705874400574285,0.07705874400574285
Cabinet_09_03.obj,Cabinet_09,OB,OB,,0.7933876784368566,0.20633911618082804,4.83998240005366,756.2527495322153,60.49999992593936,0.015045671857644138,2.1999959999130616,27.500049966309398,0.25359124268909056,1.000000000000003,2.5193184146184626e-05,1.0,9.064933036736789e-17,1.0,1.0,1.0,1.0,0.0,0.0,0.054164017997467354,0.054164017997467354,0.20633911618082804,0.20633911618082804
Cabinet_09_04.obj,Cabinet_09,OB,OB,,0.6508264462817369,0.3491480059922648,2.8639053254497298,13667.500338108908,197.84445128985865,0.004351491130814346,1.6923076922747546,116.90808485296706,0.4878755115401248,0.999999999999994,1.4463371438672334e-05,1.0,0.0,1.0,1.0,1.0,1.0,0.0,0.0,0.0916513515729695,0.0916513515729695,0.3491480059922648,0.3491480059922648
Cabinet_09_05.obj,Cabinet_09,OB,OB,,0.08656092434112886,0.9121860409646955,1.094763763284338,728.9814718650763,28.24999996539803,0.025581857413773893,1.0463095924187786,26.99965685952645,0.25829827120703325,0.9999999999999771,5.495348277267576e-05,1.0,0.0,1.0,1.0,1.0,1.0,0.0,0.0,0.23944883575323253,0.23944883575323253,0.9121860409646955,0.9121860409646955
Cabinet_09_06.obj,Cabinet_09,OB,OB,,0.08656092434112886,0.9121860409646955,1.094763763284338,728.9814718650763,28.24999996539803,0.025581857413773893,1.0463095924187786,26.99965685952645,0.25829827120703325,0.9999999999999771,5.495348277267576e-05,1.0,0.0,1.0,1.0,1.0,1.0,0.0,0.0,0.23944883575323253,0.23944883575323253,0.9121860409646955,0.9121860409646955
Cabinet_09_07.obj,Cabinet_09,OB,OB,,0.08656092434112926,0.9121860409646951,1.0947637632843386,728.9814718651227,28.2499999653978,0.0255818574137741,1.0463095924187786,26.99965685952623,0.25829827120703136,0.9999999999999769,5.495348277267531e-05,1.0,0.0,1.0,1.0,1.0,1.0,0.0,0.0,0.23944883575323242,0.23944883575323242,0.9121860409646951,0.9121860409646951
Cabinet_09_08.obj,Cabinet_09,OB,OB,,0.08656092434112926,0.9121860409646951,1.0947637632843386,728.9814718651227,28.2499999653978,0.0255818574137741,1.0463095924187786,26.99965685952623,0.25829827120703136,0.9999999999999769,5.495348277267531e-05,1.0,0.0,1.0,1.0,1.0,1.0,0.0,0.0,0.23944883575323242,0.23944883575323242,0.9121860409646951,0.9121860409646951
Cabinet_09_09.obj,Cabinet_09,OB,OB,,0.08656092434112926,0.9121860409647313,1.0947637632843386,728.9814718861588,28.249999965806225,0.02558185741340449,1.0463095924187786,26.999656859916577,0.25829827121051185,0.9999999999999838,5.495348277346981e-05,1.0,0.0,1.0,1.0,1.0,1.0,0.0,0.0,0.23944883575324194,0.23944883575324194,0.9121860409647313,0.9121860409647313
Cabinet_09_10.obj,Cabinet_09,OB,OB,,0.052389067269662755,0.9463578980361617,1.05528541879312,756.2527495322745,28.249999965397993,0.02535658628712552,1.0272708594628317,27.500049966308833,0.2581359520376301,0.9999999999999774,5.3953544808678474e-05,1.0,0.0,1.0,1.0,1.0,1.0,0.0,0.0,0.2484189482344924,0.2484189482344924,0.9463578980361617,0.9463578980361617
Cabinet_09_11.obj,Cabinet_09,OB,OB,,0.08656092434112886,0.9121860409646954,1.094763763284338,728.9814718650562,28.249999965397993,0.025581857413773924,1.0463095924187786,26.999656859526414,0.2582982712070329,0.9999999999999769,5.495348277267569e-05,1.0,0.0,1.0,1.0,1.0,1.0,0.0,0.0,0.2394488357532325,0.2394488357532325,0.9121860409646954,0.9121860409646954
Cabinet_09_12.obj,Cabinet_09,OB,OB,,0.9228392255891333,0.07675265279056548,12.95995287288238,189.0631874730459,49.499999970243316,0.019461319274022577,3.5999934544047787,13.75002499171487,0.13161707635189712,0.9999999999999969,7.697917378154765e-06,1.0,0.0,1.0,1.0,0.9999999999999999,1.0,1.1102230246251565e-16,0.0,0.020147571357523437,0.020147571357523437,0.07675265279056546,0.07675265279056546
Cabinet_09_13.obj,Cabinet_09,OB,OB,,0.4987861226378756,0.5010696560092277,1.995156249987026,3475.309774139468,83.26935812318219,0.009801050705219477,1.412499999911381,58.95175796346374,0.7305007177936288,0.9999999999999091,0.00021867052000627436,1.0,0.0,1.0,1.0,1.0,1.0,0.0,0.0,0.13153078470242224,0.13153078470242224,0.5010696560092277,0.5010696560092277
Cabinet_09_14.obj,Cabinet_09,OB,OB,,0.055944647785797164,0.9439191992740972,1.0592599233232431,6933.786016525836,85.70111801537377,0.00836843004960491,1.029203538292452,83.26935812318219,0.7267419358255848,0.999999999999937,0.00015041824269833342,1.0,0.0,1.0,1.0,1.0,1.0,0.0,0.0,0.24777878980945048,0.24777878980945048,0.9439191992740972,0.9439191992740972
Cabinet_09_15.obj,Cabinet_09,OB,OB,,0.055944647785797164,0.9439191992740972,1.0592599233232431,6933.786016525398,85.70111801537377,0.00836843004960491,1.029203538292452,83.26935812318219,0.7267419358255847,0.999999999999937,0.00015041824269833342,1.0,0.0,1.0,1.0,0.9999999999999999,1.0,1.1102230246251565e-16,0.0,0.2477787898094505,0.2477787898094505,0.9439191992740971,0.9439191992740971
Cabinet_09_16.obj,Cabinet_09,OB,OB,,0.6442352494257165,0.35562052922138676,2.810846207739948,2466.796652701366,83.26935812318219,0.01031334424869079,1.6765578449143683,49.666856631173395,0.7327520046926048,0.9999999999998915,0.0002595495757841735,1.0,0.0,1.0,1.0,1.0,1.0,0.0,0.0,0.09335038892061401,0.09335038892061401,0.35562052922138676,0.35562052922138676
Cabinet_09_17.obj,Cabinet_09,OB,OB,,0.6442352494257165,0.35562052922138676,2.810846207739948,2466.796652701366,83.26935812318219,0.01031334424869079,1.6765578449143683,49.666856631173395,0.7327520046926046,0.9999999999998919,0.0002595495757841735,1.0,0.0,1.0,1.0,1.0,1.0,0.0,0.0,0.09335038892061401,0.09335038892061401,0.35562052922138676,0.35562052922138676
Cabinet_09_18.obj,Cabinet_09,OB,OB,,0.4987861226378756,0.5010696560092277,1.995156249987026,3475.309774139468,83.26935812318219,0.009801050705219477,1.412499999911381,58.95175796346374,0.7305007177936288,0.999999999999909,0.00021867052000627436,1.0,0.0,1.0,1.0,1.0,1.0,0.0,0.0,0.13153078470242224,0.13153078470242224,0.5010696560092277,0.5010696560092277
Cabinet_09_19.obj,Cabinet_09,OB,OB,,0.7718988854424731,0.22806821750618825,4.384020665307336,6933.786016525399,174.34982398239083,0.005175539241532187,2.0938053073141143,83.26935812318219,0.7225300034875558,0.9999999999999691,7.393762307702358e-05,1.0,0.0,1.0,1.0,1.0,1.0,0.0,0.0,0.05986790709537441,0.05986790709537441,0.22806821750618825,0.22806821750618825
Cabinet_10_01.obj,Cabinet_10,OB,OB,,0.922839506172761,0.07705846342212176,12.959999999986202,756.2499995818066,98.99999988854131,0.009732043231360175,3.599999999857266,27.49999996904533,0.22692664879264546,0.9999999999999966,1.123663264071978e-05,1.0,0.0,1.0,1.0,1.0,1.0,0.0,0.0,0.020227846648306957,0.020227846648306957,0.07705846342212176,0.07705846342212176
Cabinet_10_02.obj,Cabinet_10,OB,OB,,0.922839506172761,0.07705846342212176,12.959999999986202,756.2499995818066,98.99999988854131,0.009732043231360175,3.599999999857266,27.49999996904533,0.22692664879264546,0.9999999999999966,1.123663264071978e-05,1.0,0.0,1.0,1.0,1.0,1.0,0.0,0.0,0.020227846648306957,0.020227846648306957,0.07705846342212176,0.07705846342212176
Cabinet_10_03.obj,Cabinet_10,OB,OB,,0.17355371901291247,0.825353459457906,1.2100000000061832,756.2499995818692,30.24999996603656,0.02445351430500529,1.0999999999597825,27.49999996904533,0.23190485712891323,0.9999999999999968,3.677443409678717e-05,1.0,0.0,1.0,1.0,1.0,1.0,0.0,0.0,0.21665528310770027,0.21665528310770027,0.825353459457906,0.825353459457906
Cabinet_10_04.obj,Cabinet_10,OB,OB,,0.05239251311794053,0.9463544521879694,1.0552892561979854,756.2499995817147,28.249999968204314,0.02535660870464886,1.0272727272323685,27.49999996904459,0.23241237004958515,0.9999999999999833,3.9377933855958e-05,1.0,0.0,1.0,1.0,1.0,1.0,0.0,0.0,0.24841804369934192,0.24841804369934192,0.9463544521879694,0.9463544521879694
Cabinet_10_05.obj,Cabinet_10,OB,OB,,0.052392513117941276,0.9463544521879688,1.0552892561979863,756.2499995817656,28.249999968204374,0.025356608704648807,1.0272727272323685,27.49999996904465,0.2324123700495856,0.9999999999999836,3.9377933855958084e-05,1.0,0.0,1.0,1.0,1.0,1.0,0.0,0.0,0.24841804369934176,0.24841804369934176,0.9463544521879688,0.9463544521879688
Cabinet_10_06.obj,Cabinet_10,OB,OB,,0.9169031132859552,0.08304583097336456,12.034145195369101,1627.5718578768967,139.95154880074475,0.006865598475557145,3.469026548536697,40.34317605738924,0.3195684782417445,0.9999999999999934,1.5780151823540855e-05,1.0,0.0,1.0,1.0,1.0,1.0,0.0,0.0,0.021799530630508192,0.021799530630508192,0.08304583097336456,0.08304583097336456
Cabinet_10_07.obj,Cabinet_10,OB,OB,,0.9169031132859552,0.08304583097336456,12.034145195369101,1627.5718578768967,139.95154880074475,0.006865598475557145,3.469026548536697,40.34317605738924,0.3195684782417445,0.9999999999999934,1.5780151823540855e-05,1.0,0.0,1.0,1.0,1.0,1.0,0.0,0.0,0.021799530630508192,0.021799530630508192,0.08304583097336456,0.08304583097336456
Cabinet_11_01.obj,Cabinet_11,OB,OB,,0.4177091218255602,0.5549484015105499,1.7173547405266647,21.29620097442593,5.875019998061895,0.13391085960787782,1.305559999889876,4.499999998512759,0.0979740636099292,0.999999638847561,5.495655002750566e-05,0.9716223937907018,0.12147662764744657,1.0614104167249068,1.061410416724907,0.9999999945199487,0.9999999945379765,5.480051301631761e-09,5.462023500157898e-09,0.1544146202805788,0.1544146202805788,0.5549483969538337,0.554948395438263
Cabinet_11_02.obj,Cabinet_11,OB,OB,,0.3792248624722163,0.5906882683550071,1.6108892569065276,20.632759559032365,5.875019997612678,0.1339108596179334,1.305559999889876,4.499999998168678,0.09797406360406016,0.9999996388475622,5.7070263485738294e-05,0.9724849374473409,0.12651444896770694,1.0969676129366632,1.0969676129366632,0.8651167036582563,0.9030459126261722,0.13488329634174367,0.09695408737382782,0.21268928123915593,0.21268928123915595,0.486241825663834,0.4614693637187808
Cabinet_11_03.obj,Cabinet_11,OB,OB,,0.4177091231649227,0.5549483928879494,1.7173547444768562,21.29619525275606,5.875019997747402,0.1339108596149176,1.305559999889876,4.499999998271871,0.09797406683324329,0.9999996388475564,5.4956550024563805e-05,0.9763313608074481,0.11101575789624134,1.023668643267003,1.023668643267003,0.9999999999999966,0.9999999999999981,3.4416913763379853e-15,1.887379141862766e-15,0.15129451516967746,0.15129451516967746,0.5549483928879471,0.5549483928879465
Cabinet_11_04.obj,Cabinet_11,OB,OB,,0.41770912048629816,0.5549484101301312,1.7173547365767694,21.296206693821617,5.875019998061883,0.13391085960787813,1.305559999889876,4.499999998512749,0.09797406038252211,0.9999996388475588,5.4956550027505536e-05,0.967090662751211,0.1285015964227839,1.0329093372513198,1.0329093372531282,1.0,1.0,0.0,0.0,0.15223333859163338,0.15223333859163338,0.5549484101301312,0.5549484101301312
Cabinet_11_05.obj,Cabinet_11,OB,OB,,0.41379945605108753,0.5580797277968901,1.705900839432619,20.845787006258817,5.875019997612678,0.1339108596179334,1.305559999889876,4.499999998168678,0.09797406360403674,0.9999996388475616,5.072912309843404e-05,0.972111433840532,0.1248682588203699,1.048888337418698,1.048888337418698,0.9999999940475214,0.9999999939372181,5.952478621118473e-09,6.062781943150242e-09,0.15450660185268794,0.15450660185268794,0.5580797227831746,0.5580797210914168
Cabinet_11_06.obj,Cabinet_11,OB,OB,,0.4137994549957625,0.5580797374560149,1.7059008363615198,20.845793421732512,5.875019997612626,0.1339108596179345,1.305559999889876,4.499999998168639,0.09797406037662847,0.9999996388475582,5.07291230984336e-05,0.9722222321237531,0.12422598103759096,1.0277778075800275,1.027777841079193,0.9999999999999998,1.0,2.220446049250313e-16,0.0,0.152833424409766,0.152833424409766,0.5580797374560148,0.5580797374560148
Cabinet_11_07.obj,Cabinet_11,OB,OB,,0.4173036234688507,0.5550203022234018,1.71615963351516,21.054155659870446,5.875019997612704,0.13391085961793278,1.305559999889876,4.499999998168699,0.09797406360405915,0.9999996388475647,5.284283656086904e-05,0.972641162325961,0.12817085709298928,1.1079826146572944,1.108777214506692,0.8727060030366378,0.9091861272798671,0.1272939969633622,0.09081387272013286,0.198327481021713,0.19832748102171302,0.462375812246057,0.44038207493454234
Cabinet_11_08.obj,Cabinet_11,OB,OB,,0.9448389082502163,0.05491968179486242,18.128720231572007,228.49551406310027,37.37481776274483,0.026422200065879503,6.361680470462577,5.8749913539110885,0.0966382547874916,0.9999999999999584,5.318897175026224e-05,0.8956269381024972,0.3201761495478075,1.3318360301000447,1.3318360301614687,0.9916291042096821,0.9983153721135885,0.008370895790317912,0.0016846278864115494,0.01799289374354095,0.01799289374354095,0.05441408248239382,0.05436821010306744
Cabinet_12_01.obj,Cabinet_12,OB,OB,,0.15972782405013003,0.8224945166880977,1.1900905785301075,47.26562499460565,7.500024996910856,0.09781570961001494,1.0909127272140127,6.874999997150965,0.09906787382430812,0.9999999999999887,2.705137144680952e-05,1.0,0.0,1.0,1.0,1.0,0.9999999999999999,0.0,1.1102230246251565e-16,0.21590481063062567,0.21590481063062567,0.8224945166880977,0.8224945166880976
Cabinet_12_02.obj,Cabinet_12,OB,OB,,0.9550497071998401,0.04415118181107899,22.246796132024162,56.25037499710569,35.37499998611316,0.02764329055840388,4.716650944234687,7.500024997085304,0.08998945549199844,0.999999999999998,5.257333673537984e-06,1.0,0.0,1.0,1.0,1.0,1.0,0.0,0.0,0.011589685225408234,0.011589685225408234,0.04415118181107899,0.04415118181107899
Cabinet_12_03.obj,Cabinet_12,OB,OB,,0.9550497071998401,0.04415118181107899,22.246796132024162,56.25037499710569,35.37499998611316,0.02764329055840388,4.716650944234687,7.500024997085304,0.08998945549199842,0.9999999999999981,5.257333673537984e-06,1.0,0.0,1.0,1.0,1.0,1.0,0.0,0.0,0.011589685225408234,0.011589685225408234,0.04415118181107899,0.04415118181107899
Cabinet_12_04.obj,Cabinet_12,OB,OB,,0.15972782405013083,0.8224945166880966,1.1900905785301088,47.265624994604764,7.500024996910786,0.09781570961001584,1.0909127272140127,6.874999997150901,0.09906787382430769,0.9999999999999846,2.705137144680927e-05,1.0,0.0,1.0,1.0,1.0,0.9999999999999999,0.0,1.1102230246251565e-16,0.21590481063062536,0.21590481063062536,0.8224945166880966,0.8224945166880965
Cabinet_12_05.obj,Cabinet_12,OB,OB,,0.5775028166554123,0.404719524084193,2.366879684457767,23.76562499905513,7.500024997201363,0.11110013879307706,1.538466666550698,4.874999998161015,0.10369080210183548,0.9999999999999841,3.8149369990627244e-05,1.0,0.0,1.0,1.0,1.0,1.0,0.0,0.0,0.10623887507210064,0.10623887507210064,0.404719524084193,0.404719524084193
Cabinet_12_06.obj,Cabinet_12,OB,OB,,0.5775028166554123,0.4047195240841927,2.366879684457767,23.76562499905474,7.500024997201363,0.11110013879307706,1.538466666550698,4.874999998161015,0.10369080210183548,0.9999999999999841,3.8149369990627244e-05,1.0,0.0,1.0,1.0,1.0,1.0,0.0,0.0,0.10623887507210057,0.10623887507210057,0.4047195240841927,0.4047195240841927
Cabinet_12_07.obj,Cabinet_12,OB,OB,,0.5775028166554124,0.4047195240841926,2.3668796844577673,23.765624999054694,7.500024997201363,0.11110013879307706,1.538466666550698,4.874999998161015,0.10369080210183548,0.9999999999999841,3.8149369990627244e-05,1.0,0.0,1.0,1.0,1.0,1.0,0.0,0.0,0.10623887507210054,0.10623887507210054,0.4047195240841926,0.4047195240841926
Cabinet_13_01.obj,Cabinet_13,M,M,,0.9790786452553581,0.020848230564295543,47.79805190464843,286.1072034655694,113.99999984584755,0.008679333379038407,6.839999999507602,16.666666644111963,0.2602660544802076,0.9999999999999909,1.9951390784311885e-05,0.9972729337404377,0.06403967619183602,1.0708740138427837,1.0991014037660822,0.9462268380209904,0.9896319840907635,0.05377316197900961,0.010368015909236528,0.006287799167694069,0.006287799167694069,0.01962488955526555,0.019522623825345153
Cabinet_13_02.obj,Cabinet_13,OB,OB,,0.805455994895468,0.1938265306144574,5.140225212605534,271.15111100871314,37.33333329169144,0.024500320762488773,2.267206477552631,16.46666664839054,0.26483021275004354,0.9999999999999708,7.047194548814025e-05,1.0,9.064933036736789e-17,1.0,1.0,1.0,1.0,0.0,0.0,0.050879464286295056,0.050879464286295056,0.1938265306144574,0.1938265306144574
Cabinet_13_03.obj,Cabinet_13,OB,OB,,0.805455994895468,0.19382653061428276,5.140225212605534,271.1511109427071,37.33333328714586,0.024500320765470054,2.267206477552631,16.466666646385615,0.2648302127203937,0.9999999999999706,7.047194547955985e-05,1.0,1.2819751242557092e-16,1.0,1.0,1.0,1.0,0.0,0.0,0.05087946428624922,0.05087946428624922,0.19382653061428276,0.19382653061428276
Cabinet_13_04.obj,Cabinet_13,OB,OB,,0.805455994895468,0.1938265306144574,5.140225212605534,271.15111100871593,37.33333329169176,0.02450032076248856,2.267206477552631,16.46666664839068,0.26483021275004576,0.9999999999999706,7.047194548814087e-05,1.0,9.064933036736789e-17,1.0,1.0,1.0,1.0,0.0,0.0,0.050879464286295056,0.050879464286295056,0.1938265306144574,0.1938265306144574
Cabinet_13_05.obj,Cabinet_13,OB,OB,,0.8839440172303629,0.11605459418009816,8.616531230319094,83578.32139658586,838.5799922543144,0.0011280377453610619,2.91679999990631,287.49999734456054,1.834921597593796,0.9999999999999684,6.949148669242912e-05,0.9988927719321026,0.04007006036091869,1.0395299308688435,1.0395299308688435,0.887895742336686,0.9506329250024772,0.112104257663314,0.0493670749975228,0.03777011829694066,0.03777011829694066,0.10050088023209261,0.09795738041306415
Cabinet_13_06.obj,Cabinet_13,OB,OB,,0.805455994895468,0.1938265306143177,5.140225212605533,271.1511109558983,37.33333328805463,0.024500320764874024,2.267206477552631,16.466666646786447,0.26483021272632135,0.9999999999999706,7.047194548127527e-05,1.0,1.2819751242557092e-16,1.0,1.0,1.0,1.0,0.0,0.0,0.05087946428625839,0.05087946428625839,0.1938265306143177,0.1938265306143177
Cabinet_13_07.obj,Cabinet_13,OB,OB,,0.805455994895468,0.1938265306141779,5.140225212605534,271.1511109030769,37.3333332844175,0.02450032076725949,2.267206477552631,16.46666664518221,0.2648302127026004,0.9999999999999569,7.047194547440968e-05,1.0,9.064933036736789e-17,1.0,1.0,1.0,1.0,0.0,0.0,0.05087946428622169,0.05087946428622169,0.1938265306141779,0.1938265306141779
Cabinet_13_08.obj,Cabinet_13,M,M,,0.9790786452553581,0.020848230564295543,47.79805190464843,286.1072034655694,113.99999984584755,0.008679333379038407,6.839999999507602,16.666666644111963,0.2602660544802076,0.9999999999999909,1.9951390784311885e-05,0.9972729337404377,0.06403967619183602,1.0708740138427837,1.0991014037660822,0.9462268380209904,0.9896319840907635,0.05377316197900961,0.010368015909236528,0.006287799167694069,0.006287799167694069,0.01962488955526555,0.019522623825345153
Cabinet_13_09.obj,Cabinet_13,OB,OB,,0.805455994895468,0.19382653061428276,5.1402252126055314,271.15111094268934,37.333333287146125,0.024500320765469884,2.267206477552631,16.46666664638573,0.264830212720392,0.9999999999999845,7.047194547956034e-05,0.9999999999999999,1.1102230246251565e-16,1.0,1.0,1.0,1.0,0.0,0.0,0.05087946428624922,0.05087946428624922,0.19382653061428276,0.19382653061428276
Cabinet_14_01.obj,Cabinet_14,M,M,,0.973946805910725,0.025972000281410324,38.383009644549226,320.8766133085069,110.97842187126604,0.008895274072900543,6.195402298440664,17.913029133206695,0.2530929524870396,0.9999999999999916,2.0263086497634165e-05,1.0,0.0,1.0,1.0,0.9999999999999996,1.0,4.440892098500626e-16,0.0,0.0068176500738702135,0.0068176500738702135,0.025972000281410314,0.025972000281410314
Cabinet_14_02.obj,Cabinet_14,M,M,,0.973946805910725,0.025987856758799287,38.38300964454922,398.7489831547826,123.71413030209388,0.00797961480679465,6.195402298440664,19.968700067310266,0.28036902716695766,0.9999999999999934,2.258844630662249e-05,1.0,0.0,1.0,1.0,1.0,1.0,0.0,0.0,0.006821812399184812,0.006821812399184812,0.025987856758799287,0.025987856758799287
Cabinet_14_03.obj,Cabinet_14,OB,OB,,0.7572477015466339,0.2420187705467361,4.1194254652615685,330.93805465181606,36.92254930612018,0.024287784489007522,2.029636781476485,18.1917028902141,0.26118636312794247,0.99999999999996,6.281467374520353e-05,1.0,9.064933036736789e-17,1.0,1.0,1.0,1.0,0.0,0.0,0.06352992726851821,0.06352992726851821,0.2420187705467361,0.2420187705467361
Cabinet_14_04.obj,Cabinet_14,OB,OB,,0.7572477015466339,0.2420187705467361,4.1194254652615685,330.9380546518141,36.92254930612018,0.024287784489007522,2.029636781476485,18.1917028902141,0.26118636312794247,0.99999999999996,6.281467374520353e-05,1.0,9.064933036736789e-17,1.0,1.0,1.0,1.0,0.0,0.0,0.06352992726851821,0.06352992726851821,0.2420187705467361,0.2420187705467361
Cabinet_14_05.obj,Cabinet_14,OB,OB,,0.7572477015466339,0.24201877054673607,4.1194254652615685,330.93805465179906,36.92254930612018,0.024287784489007522,2.029636781476485,18.1917028902141,0.2611863631279391,0.9999999999999739,6.281467374520353e-05,1.0,0.0,1.0,1.0,1.0,1.0,0.0,0.0,0.06352992726851821,0.06352992726851821,0.24201877054673607,0.24201877054673607
Cabinet_14_06.obj,Cabinet_14,OB,OB,,0.7572477015466339,0.2420187705467361,4.1194254652615685,330.9380546518098,36.92254930612018,0.024287784489007522,2.029636781476485,18.1917028902141,0.2611863631279391,0.9999999999999739,6.281467374520353e-05,1.0,0.0,1.0,1.0,1.0,1.0,0.0,0.0,0.06352992726851821,0.06352992726851821,0.2420187705467361,0.2420187705467361
Cabinet_14_07.obj,Cabinet_14,OB,OB,,0.7572477015466339,0.24201877054673607,4.1194254652615685,330.93805465180975,36.92254930612018,0.024287784489007522,2.029636781476485,18.1917028902141,0.2611863631279391,0.9999999999999739,6.281467374520353e-05,1.0,0.0,1.0,1.0,1.0,1.0,0.0,0.0,0.06352992726851821,0.06352992726851821,0.24201877054673607,0.24201877054673607
Cabinet_14_08.obj,Cabinet_14,OB,OB,,0.7578192927165851,0.24161145562492803,4.129148069706938,425.4369814691995,41.91291313338418,0.021402291426902236,2.0320305286009663,20.626123742077915,0.2934802545006108,0.9999999999999704,7.113665980966249e-05,1.0,0.0,1.0,1.0,1.0,1.0,0.0,0.0,0.0634230071015436,0.0634230071015436,0.24161145562492803,0.24161145562492803
Cabinet_14_09.obj,Cabinet_14,OB,OB,,0.8868240618676424,0.1131364341954297,8.835800405122043,2864.9280789204718,159.10352800246184,0.005957040850583646,2.9725074271646235,53.525022862274525,0.35823271379437344,0.9999999999999937,1.50400509242877e-05,1.0,0.0,1.0,1.0,1.0,1.0,0.0,0.0,0.02969831397630029,0.02969831397630029,0.1131364341954297,0.1131364341954297
Cabinet_15_01.obj,Cabinet_15,OB,OB,,0.9313173377590213,0.06859647218358395,14.559715179520701,796.8745388607884,85.85999989531533,0.011276915846734296,3.8762979681888075,22.149999972912614,0.27269127443033647,0.9999999999999892,9.964256011673391e-05,0.8790170132325141,0.3896891864415917,1.1209829867674859,1.1209829867674859,0.9999999999999999,1.0,1.1102230246251565e-16,0.0,0.020490795605527846,0.020490795605527846,0.06859647218358393,0.06859647218358393
Cabinet_15_02.obj,Cabinet_15,OB,OB,,0.9313173377590495,0.06859647218355588,14.55971517952665,796.8745388604461,85.85999989531533,0.011276915846730254,3.876297968166531,22.149999973039904,0.2726912744302445,0.9999999999999891,9.964256011616129e-05,0.8790170132325141,0.3896891864415916,1.1209829867674859,1.1209829867674859,0.9999999999999292,0.9999999999999782,7.083222897108499e-14,2.1760371282653068e-14,0.02049079560552161,0.020490795605521608,0.06859647218355028,0.06859647218354953
Cabinet_15_03.obj,Cabinet_15,OB,OB,,0.9313173377590214,0.06859647218358397,14.559715179520694,796.8745388608063,85.85999989531533,0.011276915846734294,3.8762979681887972,22.14999997291267,0.2726912744303364,0.9999999999999891,9.964256011673364e-05,0.8790170132325142,0.3896891864415917,1.1209829867674859,1.1209829867674859,1.0,1.0,0.0,0.0,0.02049079560552785,0.02049079560552785,0.06859647218358397,0.06859647218358397
Cabinet_15_04.obj,Cabinet_15,CA,CA,,0.03461267976545598,0.3459845186893669,1.0358536699429572,1.5585775789318599,1.7742782129634889,0.3702384724856851,1.0001479501559307,1.7740157457212857,0.7707372490096657,0.3504412241841416,0.5687055383154569,0.6379127609125607,0.8139106963261845,2.5633773402050943,2.5633773402050943,0.7762679755928888,0.5000038273244065,0.22373202440711115,0.4999961726755935,0.2275424480416815,0.2275424480416815,0.20143304039718926,0.13428937888490367
Cabinet_15_05.obj,Cabinet_15,CA,CA,,0.03461317301321846,0.34598405090279255,1.035854199194539,1.5585768466708128,1.7742782129634889,0.3702621037232881,1.0002959447823419,1.7737532785993277,0.7707577090725941,0.3504855605440634,0.568789691228764,0.6379131290589679,0.8139083648049698,2.563375573173897,2.563375573173897,0.7763600384494744,0.5000212980361094,0.22363996155052557,0.4999787019638906,0.2275291237394069,0.2275291237394069,0.20145900370982397,0.134309816357851
Cabinet_15_06.obj,Cabinet_15,CA,CA,,0.0346131729928998,0.3459840509231327,1.035854199172737,1.5585768467036705,1.7742782129634889,0.37026210371605767,1.0002959447370543,1.7737532786796328,0.7707577090800958,0.3504855605329854,0.5687896912030125,0.7668786366787874,0.7378821430183897,2.1953244287339126,2.1953244287339126,0.7763600384425836,0.5000212980081513,0.2236399615574164,0.4999787019918487,0.23069348706245438,0.2306934870624544,0.2014590037161246,0.1343098163570451
Cabinet_15_09.obj,Cabinet_15,OB,OB,,0.8494664393207944,0.15037541663243334,6.643036911422869,951.8762403738606,75.31999990429536,0.012389089118431219,2.597241379189391,28.99999996322961,0.26662371817291364,0.9999999999999906,3.7720144410695246e-05,0.9575158263563436,0.24544468487167462,1.172476253612341,1.442405035767804,0.7838060741855555,0.881545086761102,0.21619392581444452,0.11845491323889801,0.06511528274848323,0.06511528274848322,0.11088431101979478,0.10390345707490471
Cabinet_15_10.obj,Cabinet_15,M,M,,0.999340645632971,4.02253469363885e-14,1516.6351358314148,0.999999999957399,38.94399998122074,0.025660982359279008,38.94399998003281,0.9999999995215629,0.2061899996052295,0.9999999999999669,8.12404506512326e-05,1.0,0.0,1.0,1.0,1.0,1.0,0.0,0.0,1.0559153570801979e-14,1.0559153570801979e-14,4.02253469363885e-14,4.02253469363885e-14
Cabinet_15_11.obj,Cabinet_15,M,M,,0.9993406456329643,4.6939360409990975e-14,1516.6351358159698,0.9999999999675817,38.94399998122074,0.02566098235927892,38.943999979834516,0.9999999995266546,0.20618999960471157,0.9999999999999654,8.124045065081894e-05,1.0,0.0,1.0,1.0,0.9999999999999999,1.0,1.1102230246251565e-16,0.0,1.2321582107622631e-14,1.2321582107622631e-14,4.693936040999097e-14,4.693936040999097e-14
Cabinet_15_12.obj,Cabinet_15,M,M,,0.999340645632971,4.02564128036155e-14,1516.6351358314143,0.999999999957446,38.943999981221644,0.02566098235927841,38.94399998003281,0.9999999995215861,0.20618999960523185,0.9999999999999667,8.124045065123447e-05,1.0,0.0,1.0,1.0,0.9999999999999997,1.0,3.3306690738754696e-16,0.0,1.0567308360949072e-14,1.0567308360949072e-14,4.025641280361549e-14,4.025641280361549e-14
Cabinet_15_13.obj,Cabinet_15,M,M,,0.9993406456329643,4.69713000047337e-14,1516.6351358159682,0.9999999999676301,38.943999981221644,0.025660982359278328,38.943999979834516,0.9999999995266777,0.20618999960471343,0.9999999999999675,8.124045065082082e-05,1.0,0.0,1.0,1.0,1.0,1.0,0.0,0.0,1.2329966251242594e-14,1.2329966251242594e-14,4.69713000047337e-14,4.69713000047337e-14
Cabinet_15_14.obj,Cabinet_15,M,M,,0.9876543209865447,5.020263820917936e-13,80.99999999261568,0.9999999999370559,8.999999995658518,0.10976425998068721,8.99999999547553,0.9999999995113912,0.21488608822147906,0.9999999999998549,0.0003515364566882202,1.0,0.0,1.0,1.0,0.9999999999999998,1.0,2.220446049250313e-16,0.0,1.317819252990958e-13,1.317819252990958e-13,5.020263820917935e-13,5.020263820917935e-13
Cabinet_15_15.obj,Cabinet_15,SL,OB,x,0.935886067090513,0.06410601760905182,15.597233777744862,8099.999922277667,355.4399983269141,0.002727332071780465,3.9493333331083607,89.99999957639986,1.0320549873589822,0.9999999999999707,9.890177155396923e-05,1.0,0.0,1.0,1.0,0.9999999999999989,0.9999999999999999,1.1102230246251565e-15,1.1102230246251565e-16,0.01682782962237613,0.01682782962237613,0.06410601760905175,0.06410601760905174
Cabinet_15_16.obj,Cabinet_15,OB,OB,,0.8555044911194026,0.14330133112107557,6.920630320948025,120.99999998186458,28.937799984523895,0.032285014622215544,2.630709090780194,10.99999999414716,0.1145590954563299,0.9999999999999958,9.939274487835555e-06,1.0,0.0,1.0,1.0,1.0,1.0,0.0,0.0,0.03761659941928233,0.03761659941928233,0.14330133112107557,0.14330133112107557
Cabinet_15_17.obj,Cabinet_15,OB,OB,,0.935886067090513,0.06410601760905187,15.597233777744854,8099.99992228143,355.4399983269964,0.002727332071779834,3.9493333331083607,89.99999957642069,1.0320549873592324,0.9999999999999565,9.890177155399212e-05,1.0,0.0,1.0,1.0,0.9999999999999999,1.0,1.1102230246251565e-16,0.0,0.016827829622376115,0.016827829622376115,0.06410601760905185,0.06410601760905185
Cabinet_15_18.obj,Cabinet_15,M,M,,0.9876543209865446,5.027352971554139e-13,80.99999999261478,0.9999999999371133,8.999999995658726,0.1097642599806847,8.99999999547553,0.9999999995114143,0.21488608822148178,0.9999999999998531,0.0003515364566882283,1.0,0.0,1.0,1.0,0.9999999999999977,0.9999999999999999,2.3314683517128287e-15,1.1102230246251565e-16,1.3196801550329657e-13,1.3196801550329654e-13,5.027352971554127e-13,5.027352971554126e-13
Cabinet_15_19.obj,Cabinet_15,OB,OB,,0.42563013259649823,0.5743619521030667,1.7410384087879143,72564.50618783024,355.4399983270786,0.002242225169761424,1.319484144930273,269.377998732335,1.0245238294732748,0.9999999999999862,3.3043379340030906e-05,1.0,0.0,1.0,1.0,0.9999999999999999,1.0,1.1102230246251565e-16,0.0,0.150770012427055,0.150770012427055,0.5743619521030666,0.5743619521030666
Cabinet_15_20.obj,Cabinet_15,OB,OB,,0.42563013259649823,0.5743619521030667,1.7410384087879143,72564.50618783024,355.4399983270786,0.002242225169761424,1.319484144930273,269.377998732335,1.0245238294732748,0.9999999999999862,3.3043379340030906e-05,1.0,0.0,1.0,1.0,0.9999999999999999,1.0,1.1102230246251565e-16,0.0,0.150770012427055,0.150770012427055,0.5743619521030666,0.5743619521030666
Cabinet_16_01.obj,Cabinet_16,OB,OB,,0.7559878066496398,0.239883227688501,4.098155859629847,59.097656249432326,15.562499996511907,0.057516014315875115,2.0243902438469705,7.687499998254476,0.05568642483259857,0.9999999999999982,2.541690469423999e-06,1.0,0.0,1.0,1.0,0.9999999999999999,1.0,1.1102230246251565e-16,0.0,0.06296934726823152,0.06296934726823152,0.23988322768850098,0.23988322768850098
Cabinet_16_02.obj,Cabinet_16,OB,OB,,0.7559878066496398,0.239883227688501,4.098155859629847,59.097656249432326,15.562499996511907,0.057516014315875115,2.0243902438469705,7.687499998254476,0.055686424832598516,0.9999999999999992,2.541690469423999e-06,1.0,0.0,1.0,1.0,0.9999999999999999,1.0,1.1102230246251565e-16,0.0,0.06296934726823152,0.06296934726823152,0.23988322768850098,0.23988322768850098
Cabinet_16_03.obj,Cabinet_16,OB,OB,,0.6787147741537269,0.3158487120107646,3.1124991737975427,59.09765624943121,13.5624999969781,0.06401331615323744,1.7642276422304217,7.687499998254446,0.05612823209077232,0.9999999999999989,2.9165019672153645e-06,1.0,0.0,1.0,1.0,1.0,1.0,0.0,0.0,0.08291028690282569,0.08291028690282569,0.3158487120107646,0.3158487120107646
Cabinet_16_04.obj,Cabinet_16,OB,OB,,0.678714774153727,0.31992609738728317,3.1124991737975436,236.3906249781225,27.124999987392346,0.032055954418889705,1.7642276422304217,15.374999992788366,0.102753567209822,0.9999999999999978,5.833003934379049e-06,1.0,0.0,1.0,1.0,1.0,1.0,0.0,0.0,0.08398060056416182,0.08398060056416182,0.31992609738728317,0.31992609738728317
Cabinet_16_05.obj,Cabinet_16,OB,OB,,0.6787147741537269,0.3158487120107646,3.1124991737975427,59.09765624943149,13.562499996978083,0.06401331615323753,1.7642276422304217,7.687499998254436,0.056128232090772265,0.9999999999999988,2.9165019672153607e-06,1.0,0.0,1.0,1.0,1.0,1.0,0.0,0.0,0.08291028690282569,0.08291028690282569,0.3158487120107646,0.3158487120107646
Cabinet_16_06.obj,Cabinet_16,OB,OB,,0.678714774153727,0.31992609738728317,3.1124991737975436,236.3906249781224,27.124999987392336,0.03205595441888971,1.764227642230421,15.374999992788366,0.10275356720982198,0.9999999999999978,5.8330039343790514e-06,1.0,0.0,1.0,1.0,1.0,1.0,0.0,0.0,0.08398060056416182,0.08398060056416182,0.31992609738728317,0.31992609738728317
Cabinet_16_07.obj,Cabinet_16,OB,OB,,0.7559878066496398,0.239883227688501,4.098155859629847,59.097656249432326,15.562499996511907,0.057516014315875115,2.0243902438469705,7.687499998254476,0.05568642483259857,0.9999999999999982,2.541690469423999e-06,1.0,0.0,1.0,1.0,0.9999999999999999,1.0,1.1102230246251565e-16,0.0,0.06296934726823152,0.06296934726823152,0.23988322768850098,0.23988322768850098
Cabinet_16_08.obj,Cabinet_16,OB,OB,,0.7559878066496398,0.239883227688501,4.098155859629847,59.097656249432326,15.562499996511907,0.057516014315875115,2.0243902438469705,7.687499998254476,0.055686424832598516,0.9999999999999992,2.541690469423999e-06,1.0,0.0,1.0,1.0,0.9999999999999999,1.0,1.1102230246251565e-16,0.0,0.06296934726823152,0.06296934726823152,0.23988322768850098,0.23988322768850098
Cabinet_16_09.obj,Cabinet_16,OB,OB,,0.6787147741537269,0.3158487120107646,3.1124991737975427,59.09765624943121,13.5624999969781,0.06401331615323744,1.7642276422304217,7.687499998254446,0.05612823209077232,0.9999999999999989,2.9165019672153645e-06,1.0,0.0,1.0,1.0,1.0,1.0,0.0,0.0,0.08291028690282569,0.08291028690282569,0.3158487120107646,0.3158487120107646
Cabinet_16_10.obj,Cabinet_16,OB,OB,,0.678714774153727,0.31992609738728317,3.1124991737975436,236.3906249781225,27.124999987392346,0.032055954418889705,1.7642276422304217,15.374999992788366,0.102753567209822,0.9999999999999978,5.833003934379049e-06,1.0,0.0,1.0,1.0,1.0,1.0,0.0,0.0,0.08398060056416182,0.08398060056416182,0.31992609738728317,0.31992609738728317
Cabinet_16_11.obj,Cabinet_16,OB,OB,,0.6787147741537269,0.3158487120107646,3.1124991737975427,59.09765624943149,13.562499996978083,0.06401331615323753,1.7642276422304217,7.687499998254436,0.056128232090772265,0.9999999999999988,2.9165019672153607e-06,1.0,0.0,1.0,1.0,1.0,1.0,0.0,0.0,0.08291028690282569,0.08291028690282569,0.3158487120107646,0.3158487120107646
Cabinet_16_12.obj,Cabinet_16,OB,OB,,0.678714774153727,0.31992609738728317,3.1124991737975436,236.3906249781224,27.124999987392336,0.03205595441888971,1.764227642230421,15.374999992788366,0.10275356720982198,0.9999999999999978,5.8330039343790514e-06,1.0,0.0,1.0,1.0,1.0,1.0,0.0,0.0,0.08398060056416182,0.08398060056416182,0.31992609738728317,0.31992609738728317
Cabinet_17_01.obj,Cabinet_17,OB,OB,,0.8361317508058792,0.16369809777509736,6.1024634419275925,963.0730682967516,109.24999981592681,0.008810615433090134,3.552845528255348,30.749999948233945,0.35906157849287235,0.9999999999999857,9.137419079266835e-05,1.0,3.925231146709438e-17,1.0,1.0,0.9999999999999999,1.0,1.1102230246251565e-16,0.0,0.04297075066596306,0.04297075066596306,0.16369809777509733,0.16369809777509733
Cabinet_17_02.obj,Cabinet_17,OB,OB,,0.9207777178491793,0.07788175044133157,12.622711349013377,59.09765624336844,27.312499987884262,0.035221961399850635,3.552845528255348,7.687499996600854,0.09837782740776004,0.999999999999997,8.566330386611065e-06,1.0,0.0,1.0,1.0,0.9999999999999991,0.9999999999999999,8.881784197001252e-16,1.1102230246251565e-16,0.020443959490849564,0.02044395949084956,0.0778817504413315,0.07788175044133148
Cabinet_17_03.obj,Cabinet_17,OB,OB,,0.9207777178491795,0.07913849891889214,12.622711349013395,945.562498930159,109.24999981593527,0.008810615433089454,3.5528455282553506,30.749999948236304,0.35134333271680335,0.9999999999999952,3.426532154725323e-05,1.0,0.0,1.0,1.0,1.0,1.0,0.0,0.0,0.020773855966209183,0.020773855966209183,0.07913849891889214,0.07913849891889214
Cabinet_17_04.obj,Cabinet_17,OB,OB,,0.920777717849445,0.07913849891862322,12.622711349055702,945.5624988885882,109.22815419073589,0.008812377418894976,3.5528455282553506,30.743851179587498,0.35134333270940316,0.9998000400668737,3.425846985503922e-05,1.0,9.064933036736789e-17,1.0,1.0,1.0,1.0,0.0,0.0,0.020773855966138594,0.020773855966138594,0.07913849891862322,0.07913849891862322
Cabinet_17_05.obj,Cabinet_17,OB,OB,,0.9207777178491793,0.0791384989188882,12.62271134901339,945.562498885359,109.24999981335367,0.008810615433297633,3.5528455282553506,30.749999947509675,0.35134333270883644,0.9999999999999856,3.4265321546443536e-05,1.0,0.0,1.0,1.0,1.0,1.0,0.0,0.0,0.02077385596620815,0.02077385596620815,0.0791384989188882,0.0791384989188882
Cabinet_17_06.obj,Cabinet_17,OB,OB,,0.8361317508058792,0.16369809777508934,6.1024634419275925,963.0730682512556,109.24999981334626,0.00881061543329823,3.552845528255348,30.749999947507614,0.35906157848472314,0.9999999999999857,9.137419079051003e-05,1.0,3.925231146709438e-17,1.0,1.0,1.0,1.0,0.0,0.0,0.04297075066596095,0.04297075066596095,0.16369809777508934,0.16369809777508934
Cabinet_17_07.obj,Cabinet_17,OB,OB,,0.8361317508058792,0.16369809777508937,6.1024634419275925,963.0730682514044,109.24999981335465,0.008810615433297555,3.552845528255348,30.74999994750997,0.35906157848474884,0.9999999999999879,9.137419079051703e-05,1.0,2.7755575615628914e-17,1.0,1.0,0.9999999999999999,1.0,1.1102230246251565e-16,0.0,0.04297075066596096,0.04297075066596096,0.16369809777508934,0.16369809777508934
Cabinet_17_08.obj,Cabinet_17,OB,OB,,0.933398161326439,0.06542756866013189,15.014600496260574,56.71765259421476,29.31249998704078,0.03298120902728508,3.8130081298724465,7.68749999660078,0.09816718018828352,0.9999999999999966,6.984116378625712e-06,0.9972729337404379,0.06403967619183602,1.0708740138427837,1.0991014037660825,0.840215490019493,0.9403802800953671,0.15978450998050697,0.059619719904632884,0.02312721787526688,0.02312721787526688,0.05333451158032317,0.05169576649808961
Cabinet_17_09.obj,Cabinet_17,OB,OB,,0.933398161326439,0.06542756866013189,15.014600496260574,56.71765259421476,29.312499987040795,0.03298120902728507,3.8130081298724465,7.687499996600784,0.09816718018828356,0.9999999999999966,6.984116378625715e-06,0.9972729337404379,0.06403967619183601,1.0708740138427837,1.0991014037660825,0.840215490019493,0.9403802800953671,0.15978450998050697,0.059619719904632884,0.02312721787526688,0.02312721787526688,0.05333451158032317,0.05169576649808961
Cabinet_17_10.obj,Cabinet_17,OB,OB,,0.9207777178491794,0.07788175044133147,12.622711349013391,59.09765624336832,27.312499987884262,0.035221961399850635,3.552845528255348,7.687499996600854,0.09837782740776004,0.999999999999997,8.566330386611065e-06,1.0,0.0,1.0,1.0,0.9999999999999997,1.0,3.3306690738754696e-16,0.0,0.020443959490849515,0.020443959490849515,0.07788175044133144,0.07788175044133144
Cabinet_17_11.obj,Cabinet_17,OB,OB,,0.8361317508058792,0.16369809777509736,6.1024634419275925,963.0730682967516,109.24999981592681,0.008810615433090134,3.552845528255348,30.749999948233945,0.35906157849287235,0.9999999999999857,9.137419079266835e-05,1.0,3.925231146709438e-17,1.0,1.0,0.9999999999999999,1.0,1.1102230246251565e-16,0.0,0.04297075066596306,0.04297075066596306,0.16369809777509733,0.16369809777509733
Cabinet_17_12.obj,Cabinet_17,OB,OB,,0.9207777178491793,0.07788175044133157,12.622711349013377,59.09765624336844,27.312499987884262,0.035221961399850635,3.552845528255348,7.687499996600854,0.09837782740776004,0.999999999999997,8.566330386611065e-06,1.0,0.0,1.0,1.0,0.9999999999999991,0.9999999999999999,8.881784197001252e-16,1.1102230246251565e-16,0.020443959490849564,0.02044395949084956,0.0778817504413315,0.07788175044133148
Cabinet_17_13.obj,Cabinet_17,OB,OB,,0.9207777178491795,0.07913849891889214,12.622711349013395,945.562498930159,109.24999981593527,0.008810615433089454,3.5528455282553506,30.749999948236304,0.35134333271680335,0.9999999999999952,3.426532154725323e-05,1.0,0.0,1.0,1.0,1.0,1.0,0.0,0.0,0.020773855966209183,0.020773855966209183,0.07913849891889214,0.07913849891889214
Cabinet_17_14.obj,Cabinet_17,OB,OB,,0.920777717849445,0.07913849891862322,12.622711349055702,945.5624988885882,109.22815419073589,0.008812377418894976,3.5528455282553506,30.743851179587498,0.35134333270940316,0.9998000400668737,3.425846985503922e-05,1.0,9.064933036736789e-17,1.0,1.0,1.0,1.0,0.0,0.0,0.020773855966138594,0.020773855966138594,0.07913849891862322,0.07913849891862322
Cabinet_17_15.obj,Cabinet_17,OB,OB,,0.9207777178491793,0.0791384989188882,12.62271134901339,945.562498885359,109.24999981335367,0.008810615433297633,3.5528455282553506,30.749999947509675,0.35134333270883644,0.9999999999999856,3.4265321546443536e-05,1.0,0.0,1.0,1.0,1.0,1.0,0.0,0.0,0.02077385596620815,0.02077385596620815,0.0791384989188882,0.0791384989188882
Cabinet_17_16.obj,Cabinet_17,OB,OB,,0.8361317508058792,0.16369809777508934,6.1024634419275925,963.0730682512556,109.24999981334626,0.00881061543329823,3.552845528255348,30.749999947507614,0.35906157848472314,0.9999999999999857,9.137419079051003e-05,1.0,3.925231146709438e-17,1.0,1.0,1.0,1.0,0.0,0.0,0.04297075066596095,0.04297075066596095,0.16369809777508934,0.16369809777508934
Cabinet_17_17.obj,Cabinet_17,OB,OB,,0.8361317508058792,0.16369809777508937,6.1024634419275925,963.0730682514044,109.24999981335465,0.008810615433297555,3.552845528255348,30.74999994750997,0.35906157848474884,0.9999999999999879,9.137419079051703e-05,1.0,2.7755575615628914e-17,1.0,1.0,0.9999999999999999,1.0,1.1102230246251565e-16,0.0,0.04297075066596096,0.04297075066596096,0.16369809777508934,0.16369809777508934
Cabinet_17_18.obj,Cabinet_17,OB,OB,,0.933398161326439,0.06542756866013189,15.014600496260574,56.71765259421476,29.31249998704078,0.03298120902728508,3.8130081298724465,7.68749999660078,0.09816718018828352,0.9999999999999966,6.984116378625712e-06,0.9972729337404379,0.06403967619183602,1.0708740138427837,1.0991014037660825,0.840215490019493,0.9403802800953671,0.15978450998050697,0.059619719904632884,0.02312721787526688,0.02312721787526688,0.05333451158032317,0.05169576649808961
Cabinet_17_19.obj,Cabinet_17,OB,OB,,0.933398161326439,0.06542756866013189,15.014600496260574,56.71765259421476,29.312499987040795,0.03298120902728507,3.8130081298724465,7.687499996600784,0.09816718018828356,0.9999999999999966,6.984116378625715e-06,0.9972729337404379,0.06403967619183601,1.0708740138427837,1.0991014037660825,0.840215490019493,0.9403802800953671,0.15978450998050697,0.059619719904632884,0.02312721787526688,0.02312721787526688,0.05333451158032317,0.05169576649808961
Cabinet_17_20.obj,Cabinet_17,OB,OB,,0.9207777178491794,0.07788175044133147,12.622711349013391,59.09765624336832,27.312499987884262,0.035221961399850635,3.552845528255348,7.687499996600854,0.09837782740776004,0.999999999999997,8.566330386611065e-06,1.0,0.0,1.0,1.0,0.9999999999999997,1.0,3.3306690738754696e-16,0.0,0.020443959490849515,0.020443959490849515,0.07788175044133144,0.07788175044133144
Cabinet_18_01.obj,Cabinet_18,OB,OB,,2.7509380918349296e-10,0.9999999981785938,0.9999999987287813,646699810.025525,508605863.1999549,0.0,0.9999999981713992,508605863.129992,1293399620.228953,1.0,400000000.0,0.0,0.0,0.0,0.0,1.0,1.0,0.0,0.0,0.0,0.0,0.9999999981785938,0.9999999981785938
Cabinet_18_02.obj,Cabinet_18,OB,OB,,2.3577552482644893e-10,0.999999998217912,0.999999998689463,646699810.0509521,508605863.1999549,0.0,0.9999999981517288,508605863.13999647,1293399620.2543802,1.0,400000000.0,0.0,0.0,0.0,0.0,1.0,1.0,0.0,0.0,0.0,0.0,0.999999998217912,0.999999998217912
Cabinet_18_03.obj,Cabinet_18,OB,OB,,0.8845544938015975,0.1153822314049418,8.662095502282666,1824.5102019977166,125.71428550204239,0.007531454751377875,2.9431438125930125,42.71428564216971,0.34762789526075566,0.9999999999999912,2.139286769771182e-05,1.0,9.064933036736789e-17,1.0,1.0,1.0,1.0,0.0,0.0,0.030287835743797217,0.030287835743797217,0.1153822314049418,0.1153822314049418
Cabinet_18_04.obj,Cabinet_18,OB,OB,,0.948605049070138,0.05133167613640131,19.457164213749607,812.2499990729835,125.71428550204239,0.007757456633093313,4.411027568659677,28.499999951895052,0.35156347644975555,0.9999999999999868,3.2062493441669075e-05,1.0,9.064933036736789e-17,1.0,1.0,1.0,1.0,0.0,0.0,0.013474564985805342,0.013474564985805342,0.05133167613640131,0.05133167613640131
Cabinet_18_05.obj,Cabinet_18,OB,OB,,0.948605049069956,0.051331676136583196,19.45716421368075,812.2499990758583,125.71428550204239,0.007757456633092643,4.411027568651873,28.49999995194548,0.3515634764497347,0.9999999999999867,3.2062493441612344e-05,1.0,0.0,1.0,1.0,1.0,1.0,0.0,0.0,0.013474564985853086,0.013474564985853086,0.051331676136583196,0.051331676136583196
Cabinet_18_06.obj,Cabinet_18,OB,OB,,0.8956314590900846,0.09716187473025466,9.58143125572228,14.482222194898673,12.499999973752868,0.07567702695227453,2.999999998560793,4.166666657950362,0.2919352896959085,0.9999999999985388,0.007296711006483152,0.96,0.22627416997969516,1.04,1.44,0.999999999999868,0.9999999999999496,1.3200551762793111e-13,5.040412531798211e-14,0.03021724489530381,0.030217244895303818,0.09716187473023939,0.09716187473023694
Cabinet_18_07.obj,Cabinet_18,OB,OB,,0.8996819150638355,0.09315030558001838,9.968292363481504,13.995699356789348,12.499999975472903,0.07567702694192077,2.999999998560793,4.166666658523707,0.291935289715474,0.9999999999985408,0.006858908347037969,0.9477077884957248,0.2540547936643339,1.0827408476584806,1.3804294917618816,0.9635004922877906,0.9852895875299872,0.036499507712209445,0.014710412470012812,0.030547140548552964,0.030547140548552964,0.08909023283678143,0.08843010039045703
Cabinet_18_08.obj,Cabinet_18,OB,OB,,0.8996819150638157,0.09315030557806576,9.968292363479536,13.995699352940747,12.49999997375175,0.07567702695228125,2.999999998560793,4.166666657949989,0.29193528969589544,0.9999999999985401,0.00685890834609355,0.9477077884957248,0.2540547936643339,1.0827408476584806,1.3804294917618813,0.9635004922879087,0.9852895875299684,0.03649950771209132,0.014710412470031575,0.030547140547909305,0.030547140547909305,0.08909023283492401,0.08843010038861251
Cabinet_18_09.obj,Cabinet_18,OB,OB,,0.8672959183671781,0.1305484693878129,7.535563244895357,61.5621301743668,21.53846153065461,0.04358271036631887,2.745098039087963,7.846153843311975,0.085219711631645,0.9999999999999972,6.792025760054771e-06,1.0,0.0,1.0,1.0,1.0,1.0,0.0,0.0,0.03426897321430088,0.03426897321430088,0.1305484693878129,0.1305484693878129
Cabinet_18_10.obj,Cabinet_18,OB,OB,,0.9147900030073858,0.0851348190714611,11.735712185116071,1133.4444433370777,115.33333315287986,0.008322872097841888,3.425742574104149,33.66666661392434,0.32665718295633017,0.9999999999999896,2.4053714533118805e-05,1.0,0.0,1.0,1.0,1.0,1.0,0.0,0.0,0.022347890006258534,0.022347890006258534,0.0851348190714611,0.0851348190714611
Cabinet_18_11.obj,Cabinet_18,OB,OB,,0.91458198208551,0.08534412689546339,11.70713187235279,1155.9999989137702,116.33333315328741,0.008250543006415279,3.4215686272935706,33.99999994737038,0.3265421273364156,0.9999999999999917,2.3613155460539535e-05,1.0,0.0,1.0,1.0,0.9999999999999997,0.9999999999999999,3.3306690738754696e-16,1.1102230246251565e-16,0.02240283331005915,0.02240283331005915,0.08534412689546336,0.08534412689546335
Cabinet_18_12.obj,Cabinet_18,OB,OB,,0.9145819820855099,0.0853441268954634,11.70713187235279,1155.9999989137696,116.33333315328741,0.008250543006415279,3.4215686272935706,33.99999994737038,0.3265421273364156,0.9999999999999917,2.3613155460539535e-05,1.0,0.0,1.0,1.0,0.9999999999999998,1.0,2.220446049250313e-16,0.0,0.022402833310059145,0.022402833310059145,0.08534412689546339,0.08534412689546339
Cabinet_18_13.obj,Cabinet_18,OB,OB,,0.86142042730031,0.13845969417644316,7.216070742020104,1155.9999985500096,91.33333317761179,0.010260443571805214,2.6862745096803904,33.99999994202126,0.32728232058514795,0.9999999999999875,3.007661041763354e-05,1.0,9.064933036736789e-17,1.0,1.0,1.0,1.0,0.0,0.0,0.03634566972131632,0.03634566972131632,0.13845969417644316,0.13845969417644316
Cabinet_18_14.obj,Cabinet_18,OB,OB,,0.25480312660273663,0.7449746850702313,1.3419272620407932,3353.897494756237,67.08715578358506,0.011282640789451627,1.1584158415338484,57.91284388136576,0.5585550968793955,0.99999999999998,0.0001223621681456029,1.0,0.0,1.0,1.0,1.0,1.0,0.0,0.0,0.19555585483093568,0.19555585483093568,0.7449746850702313,0.7449746850702313
Cabinet_18_15.obj,Cabinet_18,OB,OB,,0.25480312660273685,0.7449746850702311,1.3419272620407936,3353.897494756222,67.08715578358299,0.011282640789451974,1.1584158415338484,57.91284388136398,0.5585550968793955,0.9999999999999493,0.00012236216814559913,1.0,0.0,1.0,1.0,1.0,1.0,0.0,0.0,0.19555585483093563,0.19555585483093563,0.7449746850702311,0.7449746850702311
Cabinet_18_16.obj,Cabinet_18,OB,OB,,0.25480312660273663,0.7449746850702313,1.3419272620407932,3353.897494756237,67.08715578358299,0.011282640789451974,1.1584158415338484,57.91284388136398,0.5585550968793955,0.9999999999999493,0.00012236216814559913,1.0,0.0,1.0,1.0,1.0,1.0,0.0,0.0,0.19555585483093568,0.19555585483093568,0.7449746850702313,0.7449746850702313
Cabinet_18_17.obj,Cabinet_18,OB,OB,,0.25480312660273663,0.7449746850702313,1.3419272620407932,3353.897494755591,67.08715578358402,0.0112826407894518,1.1584158415338484,57.91284388136487,0.5585550968794039,0.9999999999999489,0.000122362168145601,1.0,0.0,1.0,1.0,1.0,1.0,0.0,0.0,0.19555585483093568,0.19555585483093568,0.7449746850702313,0.7449746850702313
Cabinet_18_18.obj,Cabinet_18,OB,OB,,0.38361754008582705,0.6163742498008775,1.6223693324095727,75075.9992878973,348.9999982522198,0.002253727508712009,1.2737226277152662,273.9999986278225,0.9499048632058558,0.9999999999999889,2.6370896235952816e-05,1.0,0.0,1.0,1.0,1.0,1.0,0.0,0.0,0.16179824057273032,0.16179824057273032,0.6163742498008775,0.6163742498008775
Cabinet_18_19.obj,Cabinet_18,OB,OB,,2.7509380918349296e-10,0.9999999981785938,0.9999999987287813,646699810.025525,508605863.1999549,0.0,0.9999999981713992,508605863.129992,1293399620.228953,1.0,400000000.0,0.0,0.0,0.0,0.0,1.0,1.0,0.0,0.0,0.0,0.0,0.9999999981785938,0.9999999981785938
Cabinet_18_20.obj,Cabinet_18,OB,OB,,2.3577552482644893e-10,0.999999998217912,0.999999998689463,646699810.0509521,508605863.1999549,0.0,0.9999999981517288,508605863.13999647,1293399620.2543802,1.0,400000000.0,0.0,0.0,0.0,0.0,1.0,1.0,0.0,0.0,0.0,0.0,0.999999998217912,0.999999998217912
Cabinet_18_21.obj,Cabinet_18,OB,OB,,0.8845544938015975,0.1153822314049418,8.662095502282666,1824.5102019977166,125.71428550204239,0.007531454751377875,2.9431438125930125,42.71428564216971,0.34762789526075566,0.9999999999999912,2.139286769771182e-05,1.0,9.064933036736789e-17,1.0,1.0,1.0,1.0,0.0,0.0,0.030287835743797217,0.030287835743797217,0.1153822314049418,0.1153822314049418
Cabinet_18_22.obj,Cabinet_18,OB,OB,,0.948605049070138,0.05133167613640131,19.457164213749607,812.2499990729835,125.71428550204239,0.007757456633093313,4.411027568659677,28.499999951895052,0.35156347644975555,0.9999999999999868,3.2062493441669075e-05,1.0,9.064933036736789e-17,1.0,1.0,1.0,1.0,0.0,0.0,0.013474564985805342,0.013474564985805342,0.05133167613640131,0.05133167613640131
Cabinet_18_23.obj,Cabinet_18,OB,OB,,0.948605049069956,0.051331676136583196,19.45716421368075,812.2499990758583,125.71428550204239,0.007757456633092643,4.411027568651873,28.49999995194548,0.3515634764497347,0.9999999999999867,3.2062493441612344e-05,1.0,0.0,1.0,1.0,1.0,1.0,0.0,0.0,0.013474564985853086,0.013474564985853086,0.051331676136583196,0.051331676136583196
Cabinet_18_24.obj,Cabinet_18,OB,OB,,0.8956314590900846,0.09716187473025466,9.58143125572228,14.482222194898673,12.499999973752868,0.07567702695227453,2.999999998560793,4.166666657950362,0.2919352896959085,0.9999999999985388,0.007296711006483152,0.96,0.22627416997969516,1.04,1.44,0.999999999999868,0.9999999999999496,1.3200551762793111e-13,5.040412531798211e-14,0.03021724489530381,0.030217244895303818,0.09716187473023939,0.09716187473023694
Cabinet_18_25.obj,Cabinet_18,OB,OB,,0.8996819150638355,0.09315030558001838,9.968292363481504,13.995699356789348,12.499999975472903,0.07567702694192077,2.999999998560793,4.166666658523707,0.291935289715474,0.9999999999985408,0.006858908347037969,0.9477077884957248,0.2540547936643339,1.0827408476584806,1.3804294917618816,0.9635004922877906,0.9852895875299872,0.036499507712209445,0.014710412470012812,0.030547140548552964,0.030547140548552964,0.08909023283678143,0.08843010039045703
Cabinet_18_26.obj,Cabinet_18,OB,OB,,0.8996819150638157,0.09315030557806576,9.968292363479536,13.995699352940747,12.49999997375175,0.07567702695228125,2.999999998560793,4.166666657949989,0.29193528969589544,0.9999999999985401,0.00685890834609355,0.9477077884957248,0.2540547936643339,1.0827408476584806,1.3804294917618813,0.9635004922879087,0.9852895875299684,0.03649950771209132,0.014710412470031575,0.030547140547909305,0.030547140547909305,0.08909023283492401,0.08843010038861251
Cabinet_18_27.obj,Cabinet_18,OB,OB,,0.8672959183671781,0.1305484693878129,7.535563244895357,61.5621301743668,21.53846153065461,0.04358271036631887,2.745098039087963,7.846153843311975,0.085219711631645,0.9999999999999972,6.792025760054771e-06,1.0,0.0,1.0,1.0,1.0,1.0,0.0,0.0,0.03426897321430088,0.03426897321430088,0.1305484693878129,0.1305484693878129
Cabinet_18_28.obj,Cabinet_18,OB,OB,,0.9147900030073858,0.0851348190714611,11.735712185116071,1133.4444433370777,115.33333315287986,0.008322872097841888,3.425742574104149,33.66666661392434,0.32665718295633017,0.9999999999999896,2.4053714533118805e-05,1.0,0.0,1.0,1.0,1.0,1.0,0.0,0.0,0.022347890006258534,0.022347890006258534,0.0851348190714611,0.0851348190714611
Cabinet_18_29.obj,Cabinet_18,OB,OB,,0.91458198208551,0.08534412689546339,11.70713187235279,1155.9999989137702,116.33333315328741,0.008250543006415279,3.4215686272935706,33.99999994737038,0.3265421273364156,0.9999999999999917,2.3613155460539535e-05,1.0,0.0,1.0,1.0,0.9999999999999997,0.9999999999999999,3.3306690738754696e-16,1.1102230246251565e-16,0.02240283331005915,0.02240283331005915,0.08534412689546336,0.08534412689546335
Cabinet_18_30.obj,Cabinet_18,OB,OB,,0.9145819820855099,0.0853441268954634,11.70713187235279,1155.9999989137696,116.33333315328741,0.008250543006415279,3.4215686272935706,33.99999994737038,0.3265421273364156,0.9999999999999917,2.3613155460539535e-05,1.0,0.0,1.0,1.0,0.9999999999999998,1.0,2.220446049250313e-16,0.0,0.022402833310059145,0.022402833310059145,0.08534412689546339,0.08534412689546339
Cabinet_18_31.obj,Cabinet_18,OB,OB,,0.86142042730031,0.13845969417644316,7.216070742020104,1155.9999985500096,91.33333317761179,0.010260443571805214,2.6862745096803904,33.99999994202126,0.32728232058514795,0.9999999999999875,3.007661041763354e-05,1.0,9.064933036736789e-17,1.0,1.0,1.0,1.0,0.0,0.0,0.03634566972131632,0.03634566972131632,0.13845969417644316,0.13845969417644316
Cabinet_18_32.obj,Cabinet_18,OB,OB,,0.25480312660273663,0.7449746850702313,1.3419272620407932,3353.897494756237,67.08715578358506,0.011282640789451627,1.1584158415338484,57.91284388136576,0.5585550968793955,0.99999999999998,0.0001223621681456029,1.0,0.0,1.0,1.0,1.0,1.0,0.0,0.0,0.19555585483093568,0.19555585483093568,0.7449746850702313,0.7449746850702313
Cabinet_18_33.obj,Cabinet_18,OB,OB,,0.25480312660273685,0.7449746850702311,1.3419272620407936,3353.897494756222,67.08715578358299,0.011282640789451974,1.1584158415338484,57.91284388136398,0.5585550968793955,0.9999999999999493,0.00012236216814559913,1.0,0.0,1.0,1.0,1.0,1.0,0.0,0.0,0.19555585483093563,0.19555585483093563,0.7449746850702311,0.7449746850702311
Cabinet_18_34.obj,Cabinet_18,OB,OB,,0.25480312660273663,0.7449746850702313,1.3419272620407932,3353.897494756237,67.08715578358299,0.011282640789451974,1.1584158415338484,57.91284388136398,0.5585550968793955,0.9999999999999493,0.00012236216814559913,1.0,0.0,1.0,1.0,1.0,1.0,0.0,0.0,0.19555585483093568,0.19555585483093568,0.7449746850702313,0.7449746850702313
Cabinet_18_35.obj,Cabinet_18,OB,OB,,0.25480312660273663,0.7449746850702313,1.3419272620407932,3353.897494755591,67.08715578358402,0.0112826407894518,1.1584158415338484,57.91284388136487,0.5585550968794039,0.9999999999999489,0.000122362168145601,1.0,0.0,1.0,1.0,1.0,1.0,0.0,0.0,0.19555585483093568,0.19555585483093568,0.7449746850702313,0.7449746850702313
Cabinet_18_36.obj,Cabinet_18,OB,OB,,0.38361754008582705,0.6163742498008775,1.6223693324095727,75075.9992878973,348.9999982522198,0.002253727508712009,1.2737226277152662,273.9999986278225,0.9499048632058558,0.9999999999999889,2.6370896235952816e-05,1.0,0.0,1.0,1.0,1.0,1.0,0.0,0.0,0.16179824057273032,0.16179824057273032,0.6163742498008775,0.6163742498008775
Cabinet_19_01.obj,Cabinet_19,OB,OB,,0.5075407817765746,0.48968913512060686,2.0306249999891173,177.77777775761862,18.999999988663948,0.04304200558042016,1.424999999931294,13.3333333254083,0.13819609470957703,0.9999999999999977,2.179789416383416e-05,1.0,1.4332917616497527e-16,1.0,1.0,1.0,1.0,0.0,0.0,0.12854339796915928,0.12854339796915928,0.48968913512060686,0.48968913512060686
Cabinet_19_02.obj,Cabinet_19,OB,OB,,0.5075407817765746,0.48968913512060663,2.0306249999891173,177.77777775760555,18.99999998866368,0.043042005580420754,1.424999999931294,13.333333325408114,0.1381960947095762,0.9999999999999909,2.1797894163833862e-05,1.0,0.0,1.0,1.0,1.0,1.0,0.0,0.0,0.12854339796915923,0.12854339796915923,0.48968913512060663,0.48968913512060663
Cabinet_19_03.obj,Cabinet_19,OB,OB,,0.5075407817765746,0.4896891351206067,2.0306249999891173,177.7777777576095,18.99999998866368,0.043042005580420754,1.424999999931294,13.333333325408114,0.13819609470957658,0.9999999999999876,2.1797894163833862e-05,1.0,9.064933036736789e-17,1.0,1.0,1.0,1.0,0.0,0.0,0.12854339796915923,0.12854339796915923,0.4896891351206067,0.4896891351206067
Cabinet_19_04.obj,Cabinet_19,OB,OB,,0.9708733679512119,0.02635654894573173,34.33284007311767,10.514714167324325,18.999999987848597,0.051811752713639574,5.859423184975815,3.242639997905619,0.16679912698426974,0.9999999999999626,8.963023611660265e-05,1.0,0.0,1.0,1.0,1.0,1.0,0.0,0.0,0.006918594098254578,0.006918594098254578,0.02635654894573173,0.02635654894573173
Cabinet_19_05.obj,Cabinet_19,OB,OB,,0.5075407817765746,0.4896891351206067,2.0306249999891173,177.77777775761191,18.99999998866373,0.04304200558042064,1.424999999931294,13.33333332540815,0.13819609470957647,0.9999999999999909,2.1797894163833916e-05,1.0,0.0,1.0,1.0,1.0,1.0,0.0,0.0,0.12854339796915923,0.12854339796915923,0.4896891351206067,0.4896891351206067
Cabinet_19_06.obj,Cabinet_19,OB,OB,,0.8760366967863386,0.12392514891899302,8.06690346316735,3248.999995712266,161.89307970484577,0.005826238748484183,2.840229473590184,56.99999989612954,0.3763841380820976,0.9999999999999932,1.615725205591216e-05,1.0,0.0,1.0,1.0,1.0,1.0,0.0,0.0,0.032530351591235664,0.032530351591235664,0.12392514891899302,0.12392514891899302
Cabinet_19_07.obj,Cabinet_19,OB,OB,,0.9305819498723309,0.06909534224997192,14.40547520653229,215.11111108599164,55.66666663335218,0.01736862793736162,3.7954545452868516,14.666666657924438,0.1331118452964445,0.9999999999999959,6.763636185862102e-06,1.0,9.064933036736789e-17,1.0,1.0,1.0,1.0,0.0,0.0,0.018137527340617625,0.018137527340617625,0.06909534224997192,0.06909534224997192
Cabinet_19_08.obj,Cabinet_19,OB,OB,,0.9305819498723309,0.06909534224997192,14.405475206532289,215.11111108599172,55.66666663335218,0.01736862793736162,3.7954545452868516,14.666666657924438,0.1331118452964445,0.9999999999999959,6.763636185862102e-06,1.0,9.064933036736789e-17,1.0,1.0,1.0,1.0,0.0,0.0,0.018137527340617625,0.018137527340617625,0.06909534224997192,0.06909534224997192
Cabinet_19_09.obj,Cabinet_19,OB,OB,,0.9708733679512119,0.02635654894573173,34.33284007311767,10.514714167324325,18.999999987848597,0.051811752713639574,5.859423184975815,3.242639997905619,0.16679912698426974,0.9999999999999626,8.963023611660265e-05,1.0,0.0,1.0,1.0,1.0,1.0,0.0,0.0,0.006918594098254578,0.006918594098254578,0.02635654894573173,0.02635654894573173
Cabinet_20_01.obj,Cabinet_20,OB,OB,,0.5925772940446232,0.4064043216588705,2.4544532874150833,400.0677419642067,31.336042875613835,0.026889733837045675,1.5666694888248136,20.00169346364763,0.17822299470000194,0.9999999999999863,2.1395905346913867e-05,1.0,6.409875621278546e-17,1.0,1.0,1.0,1.0,0.0,0.0,0.10668113443545349,0.10668113443545349,0.4064043216588705,0.4064043216588705
Cabinet_20_02.obj,Cabinet_20,OB,OB,,0.5045249426645623,0.4944566730389298,2.0182650674234064,486.5305357065111,31.33604287558831,0.02608665760134433,1.4206565620422842,22.05743718198199,0.17745542009466903,0.9999999999999919,1.940181611284722e-05,1.0,6.409875621278546e-17,1.0,1.0,1.0,1.0,0.0,0.0,0.12979487667271905,0.12979487667271905,0.4944566730389298,0.4944566730389298
Cabinet_20_03.obj,Cabinet_20,OB,OB,,0.5915685708042674,0.40671195862931764,2.4483914031026384,237.5332484155472,24.000105650074328,0.034727659164454486,1.5113391639755516,15.880026284799152,0.13100559783334612,0.9999999999999942,1.1488776160869795e-05,0.997272933740438,0.06403967619183606,1.0708740138427837,1.0991014037660825,0.7159893912672567,0.7619766191098019,0.2840106087327433,0.23802338089019814,0.18321495751126485,0.18321495751126485,0.25654507113164776,0.22188869458317678
Cabinet_20_04.obj,Cabinet_20,OB,OB,,0.591568571532605,0.406712129096353,2.4483914074687463,237.5568998315946,24.00130053370406,0.034725932363395565,1.5113391639755516,15.880816897295784,0.13101150231895345,1.0000000000000013,1.1489348147958877e-05,0.997272933740438,0.06403967619183605,1.0708740138427837,1.0991014037660825,0.7159893845350814,0.7619766209507346,0.28401061546491857,0.2380233790492654,0.1832150350366855,0.1832150350366855,0.2565451765143965,0.22188878603414267
Cabinet_20_05.obj,Cabinet_20,OB,OB,,0.5925772940446232,0.4064040342031218,2.4544532874150833,399.9548481178327,31.331621254421208,0.026893525860098348,1.5666694888248136,19.998871157332236,0.17819975070221697,0.9999999999999912,2.1392886312603413e-05,1.0,6.409875621278546e-17,1.0,1.0,1.0,1.0,0.0,0.0,0.10668105897831946,0.10668105897831946,0.4064040342031218,0.4064040342031218
Cabinet_20_06.obj,Cabinet_20,SL,SL,,0.00030305430120751073,0.768007308381492,1.000303146046841,4.314810783727977,2.6666621483735025,0.25630770276617815,0.99999999966647,2.6666621482746176,0.3400080658059018,0.7569775173262047,0.03217169297328836,0.8716414058170212,0.45438361579259506,1.8445177860093145,1.8445177860093145,0.7855710142013089,0.5004294121366442,0.21442898579869107,0.49957058786335584,0.4836053316220684,0.4836053316220684,0.4526227475035658,0.30192121484786555
Cabinet_20_07.obj,Cabinet_20,SL,SL,,0.000298358688335936,0.7680164870520573,1.0002984476086956,4.314914541599868,2.6666790816452943,0.2563069424471994,1.0000063496171008,2.6666621483734123,0.3400068441619886,0.7569881319090408,0.03217148868353963,0.8716413372290611,0.45438428544263965,1.8445187530186058,1.8445187530186062,0.7784860369224519,0.5004846835344926,0.22151396307754811,0.4995153164655074,0.48550300182128625,0.48550300182128625,0.44856247721838544,0.2992348431405111
Cabinet_20_08.obj,Cabinet_20,SL,SL,,0.00030328482753165254,0.7680075772997293,1.000303376713006,4.314819090040797,2.6666621483734123,0.25630770276618214,0.9999999996664364,2.6666621482746176,0.34000818451616327,0.7569773848109139,0.032171692973289444,0.8716424525059526,0.4543814353005252,1.8445147344110595,1.8445147344110595,0.786582015989496,0.5004192655889965,0.21341798401050405,0.4995807344110035,0.4833357026143945,0.4833357026143945,0.4532023507057044,0.3023037529637791
Cabinet_20_09.obj,Cabinet_20,SL,SL,,0.0002985975942932679,0.7680158031067531,1.000298686657333,4.31490522201888,2.6666790816452943,0.2563069424471954,1.000006349617067,2.6666621483735025,0.3400067631390975,0.7569881804721267,0.03217148868353855,0.8716402904339784,0.45438646615806044,1.844521804962899,1.8445218049628995,0.778085940329351,0.5004948372088702,0.22191405967064903,0.4995051627911298,0.48560815440090044,0.48560815440090044,0.4483345767393822,0.2990868551306447
Cabinet_20_10.obj,Cabinet_20,OB,OB,,0.7775156304707972,0.22247936153103232,4.494697771875105,44425.80886776735,426.7828007753986,0.0021216574727746544,2.133726115514802,200.01761128648155,0.9956390612315955,0.9999999999999857,5.089925778986495e-05,0.9506172839506173,0.2793508271354262,1.271604938271605,1.4938271604938274,0.9999999999998035,0.9999999999999039,1.965094753586527e-13,9.614531393253856e-14,0.07441357566722492,0.07441357566722492,0.22247936153097791,0.2224793615309672
Cabinet_20_11.obj,Cabinet_20,OB,OB,,0.8916985420175823,0.1080873837453016,9.233486036377148,505.90607931800076,68.34673885950606,0.01392287155841108,3.098842602831004,22.055569648653503,0.1745945882073594,0.9999999999999979,9.264542178153171e-06,0.9984000000000001,0.047893214550706456,1.0815999999999997,1.0816000000000001,0.9999999999999994,0.9999999999999999,5.551115123125783e-16,1.1102230246251565e-16,0.03003950045057854,0.030039500450578537,0.10808738374530154,0.10808738374530152
Cabinet_20_12.obj,Cabinet_20,OB,OB,,0.8916985420175823,0.1080873595779578,9.233486036377148,505.84897283853616,68.34288127412974,0.013923657276728087,3.098842602831004,22.054324801505516,0.17458529138735704,0.9999999999999966,9.264019274455778e-06,0.9984000000000002,0.047893214550706505,1.0816000000000001,1.0816000000000001,0.9999999999999994,0.9999999999999998,5.551115123125783e-16,2.220446049250313e-16,0.03003949373402283,0.030039493734022833,0.10808735957795773,0.10808735957795772
Chair_001_01.obj,Chair_001,M,M,,0.987164226103591,0.008880962944703889,77.90726200618278,3.2456099805543164,13.151211081750162,0.07362921979281434,4.057674309823071,3.241071134988163,0.10225807529101674,0.22394531541034723,0.0018687143435549749,0.9996950532534731,0.02538550485974655,1.0343007329510314,1.034846896050993,0.9976763493209662,0.9979022617239826,0.0023236506790338396,0.0020977382760174468,0.002406446189524164,0.002406446189524164,0.008851033365910053,0.008841740042693154
Chair_001_02.obj,Chair_001,M,M,,0.9967008824410079,0.002534066137308307,303.1113569367186,4.312282109924976,32.622430564440805,0.030584885181280014,16.739013357084865,1.9488861057920877,0.14694889193160138,0.9830980062306095,0.0026940466136865866,0.9784368668727986,0.18021787650836762,1.2794170784983323,1.3056722992700247,0.9994539042653389,0.9955258324695012,0.0005460957346611339,0.004474167530498785,0.0008061300764081412,0.0008061300764081412,0.0025270164721555907,0.002521350649711808
Chair_001_03.obj,Chair_001,M,M,,0.9951485505873554,0.0037549899187010113,206.12396728151177,4.424649920318289,27.027078340416452,0.03688045950132947,13.975041295066434,1.9339533789573895,0.1470962773127175,0.9739858174788713,0.0033037421000474783,0.9743475114372153,0.18158148276626726,1.2666705081555203,1.3089071886546135,0.997829685026189,0.9944918618797118,0.0021703149738110383,0.005508138120288164,0.001193893188168707,0.001193893188168707,0.003736521350613377,0.0037262022933728088
Chair_001_04.obj,Chair_001,M,M,,0.9871642261035914,0.008880962944703735,77.90726200618461,3.2456099805543617,13.15121108175018,0.07362921979281424,4.057674309823071,3.2410711349881676,0.1022580752910173,0.22394531541034635,0.0018687143435549777,0.999695053253473,0.025385504859748255,1.034300732951033,1.0348468960509953,0.9976763493209642,0.9979022617239822,0.002323650679035838,0.00209773827601778,0.0024064461895241334,0.0024064461895241334,0.00885103336590988,0.008841740042692978
Chair_001_05.obj,Chair_001,M,M,,0.9967008824410076,0.002534066137308216,303.1113569367185,4.312282109924459,32.622430564440805,0.030584885181280014,16.73901335708484,1.9488861057920905,0.14694889193160127,0.9830980062306093,0.002694046613686583,0.9784368668727995,0.18021787650836138,1.2794170784983294,1.3056722992700107,0.9994539042653395,0.9955258324695011,0.0005460957346604678,0.004474167530498896,0.0008061300764081079,0.0008061300764081078,0.0025270164721555017,0.002521350649711719
Chair_001_06.obj,Chair_001,M,M,,0.9951485505873554,0.0037549899187010764,206.123967281509,4.424649920318348,27.027078340416452,0.03688045950132947,13.975041295066456,1.9339533789573864,0.14709627731271774,0.9739858174788707,0.0033037421000474835,0.9743475114372152,0.1815814827662675,1.2666705081555096,1.3089071886545784,0.9978296850261892,0.9944918618797117,0.0021703149738108163,0.005508138120288275,0.0011938931881687155,0.0011938931881687155,0.0037365213506134424,0.003726202293372874
Chair_001_07.obj,Chair_001,M,M,,0.9945018796929015,0.004383178122372056,181.88034167036642,4.93130530198597,26.190132068139388,0.03804190872621526,12.977548210376286,2.018110943380106,0.15181008572413646,0.9803720315068866,0.0034226115583799754,0.9999999787703778,0.00015497794919555426,1.000217230518028,1.000259084154016,0.9998273644822395,0.9943793978744304,0.0001726355177604777,0.005620602125569585,0.001158445500523332,0.0011584455005233317,0.00437010550654475,0.004357789582942035
Chair_001_08.obj,Chair_001,M,M,,0.993327155237074,0.00514064752978257,149.8611215348147,4.355082112402585,23.741033889443916,0.03979240843210092,2.9025655051782024,8.179327510663054,0.14867350874207752,0.23924579712291608,0.0007530654523302212,0.8688313720790851,0.3477357366486444,1.3915498545229927,1.5853883563449997,0.8607685833741758,0.9433419780905616,0.13923141662582417,0.05665802190943836,0.002112666294677845,0.002112666294677845,0.004299554627695428,0.0041742013635539576
Chair_001_09.obj,Chair_001,M,M,,0.993327155237074,0.005140647529782651,149.86112153481287,4.355082112402636,23.741033889444015,0.03979240843210075,2.9025655051782024,8.17932751066309,0.14867350874208124,0.2392457971229111,0.0007530654523302243,0.8688313720792679,0.3477357366484196,1.3915498545207303,1.5853883563461464,0.8607685833741762,0.9433419780905616,0.13923141662582383,0.05665802190943836,0.00211266629467749,0.00211266629467749,0.004299554627695498,0.004174201363554024
Chair_001_10.obj,Chair_001,M,M,,0.9937737882676858,0.004751762925353393,160.61130635981962,4.222738492340404,16.37684506428445,0.060700069352858085,11.025470122665947,1.4853647852036558,0.1500256744834365,0.6236614101977465,0.0023113383927041297,0.9999999510717243,0.0002691733254075289,1.000358437710403,1.0003986453823992,0.9997644699244727,0.9939392631845341,0.00023553007552734595,0.006060736815465928,0.001256732949093809,0.001256732949093809,0.00473624754155972,0.004721851340846742
Chair_001_11.obj,Chair_001,M,M,,0.9824361731483301,0.016188243487018122,56.935200309421575,12.768275120817883,13.065783518291877,0.07558322541691284,7.159920874783708,1.8248502664825605,0.13221832704670394,0.5259754373513045,0.001197467258559014,0.9999999507537572,0.00023820310892960216,1.0003377139916905,1.0003814939525588,0.9998635344794092,0.9942311162281616,0.00013646552059076722,0.005768883771838373,0.004279355842005215,0.004279355842005215,0.01613934667449731,0.01609265899905141
Chair_001_12.obj,Chair_001,M,M,,0.9824360866653331,0.01618833077054653,56.93491996604582,12.768345421507291,13.067512957939574,0.07557324626942787,7.159756005815087,1.825133837714194,0.13221438795948218,0.5260851431513365,0.0011976809166564543,0.9999999660464908,0.0002068786449080685,1.0002852050436037,1.000328145059381,0.9998653958386945,0.9942272970784948,0.00013460416130550712,0.005772702921505224,0.004279222620324813,0.004279222620324813,0.016139432831101506,0.016092713908342788
Chair_001_13.obj,Chair_001,M,M,,0.9824362085066671,0.016188220601731064,56.935314927839784,12.768365193235681,13.066924703583926,0.07557662995954598,7.159760599179384,1.8250505056178337,0.13220528812555993,0.5261003040557201,0.0011976254645117296,0.9999999544804726,0.000243986777272364,1.000325172312664,1.0003588873171374,0.9998750696094992,0.9942078281024767,0.00012493039050076593,0.005792171897523346,0.004279365904224808,0.004279365904224808,0.016139321579835962,0.016092444958662147
Chair_001_14.obj,Chair_001,M,M,,0.9824360754945254,0.01618830735950137,56.93488375494468,12.768032556669114,13.067521341444348,0.07557319898452283,7.159760599179386,1.8251338377142166,0.13221992837687457,0.5260622697521992,0.0011976801482809505,0.9999999314672035,0.0002830082221635064,1.0003893201002236,1.0004528652358253,0.9998806252085491,0.9942253704972829,0.00011937479145085472,0.005774629502717121,0.0042795065791449965,0.0042795065791449965,0.016139639724713696,0.01609290456574101
Chair_001_15.obj,Chair_001,M,M,,0.9824361549726424,0.01618827480797062,56.935141390863535,12.768410350588049,13.066844503960047,0.07557709117237782,7.159760599179369,1.8250393041785216,0.13219572224291753,0.526136856451912,0.0011976181139595516,0.9999998201317336,0.000451800565240526,1.0006281103908887,1.0007428518615216,0.999866187498114,0.9942333399733357,0.00013381250188604366,0.005766660026664261,0.004280379141049474,0.004280379141049474,0.016139438721650343,0.01609276882888334
Chair_001_16.obj,Chair_001,M,M,,0.9923837918088234,0.005859241817001785,131.29893181731578,4.334862808364872,21.556659508046554,0.04578221998000205,6.3825690551415,3.377426756952449,0.15099468435613986,0.5449371617951089,0.002040458089880763,0.9775038179906486,0.14266043082503388,1.1360989799185996,1.3144315654909269,0.8298878647672039,0.923921125687037,0.1701121352327961,0.07607887431296301,0.0022624117768148735,0.0022624117768148735,0.004677546397088085,0.004492579113509847
Chair_001_17.obj,Chair_001,M,M,,0.9923837918088235,0.005859241817001605,131.2989318173189,4.33486280836477,21.556659508046497,0.045782219980002176,6.3825690551415,3.3774267569524397,0.15099468435614075,0.5449371617951042,0.0020404580898807576,0.9775038179908367,0.1426604308246867,1.136098979918831,1.3144315654897385,0.8298878647672021,0.9239211256870365,0.1701121352327979,0.07607887431296345,0.002262411776814373,0.002262411776814373,0.00467754639708793,0.0044925791135096965
Chair_001_18.obj,Chair_001,M,M,,0.9945018820777206,0.004383194522567472,181.88042056131152,4.931386249092057,26.184414413204227,0.03805020013078955,12.977349205189409,2.017701303452548,0.15180612187541148,0.9802308688302092,0.003421969304739863,0.9999999990542148,3.245623945081137e-05,1.0000462815519304,1.000053615330943,0.9998297170150967,0.9944060206431217,0.00017028298490329163,0.005593979356878331,0.0011582487444242572,0.0011582487444242572,0.004370190476909341,0.004357932814697926
Chair_001_19.obj,Chair_001,M,M,,0.9827796727869306,0.01574586759030075,58.07090583278033,11.679076827181953,19.99723037687957,0.049473992684701644,7.224543352116697,2.7679576963174144,0.13220994286963428,0.8121800020050866,0.0018489291831924586,0.999999900461851,0.0003733601678700904,1.0004920584356427,1.000558388600212,0.9998104386512172,0.9942321043020355,0.0001895613487827852,0.005767895697964542,0.004163253105777921,0.004163253105777921,0.015697481129465486,0.015652079476528396
Chair_001_20.obj,Chair_001,M,M,,0.9827797679148074,0.015745771765685066,58.07122662764249,11.679006791290222,19.997230376879372,0.04947412551126519,7.225577867812404,2.767561396431799,0.1322175823991196,0.8122375151822162,0.001849193939892946,0.9999999961648383,8.204792194329564e-05,1.0001132567838955,1.0001202454486968,0.9998688927743763,0.9942510941545857,0.00013110722562370558,0.0057489058454143205,0.004161514312493568,0.004161514312493569,0.015698452835537332,0.0156531982898411
Chair_001_21.obj,Chair_001,M,M,,0.9827799156752931,0.01574561855247521,58.07172491978172,11.678863388241242,19.996404308560248,0.04947616464492692,7.225580350956001,2.7674461197992093,0.13221226261129937,0.8122327151652369,0.0018491162803524566,0.9999999824515281,0.00014473856962279993,1.0001939354586507,1.0002264093502626,0.9998505783790288,0.994218047823429,0.00014942162097120182,0.005781952176570959,0.004162023131344806,0.004162023131344806,0.015697752411600513,0.01565223900657312
Chair_001_22.obj,Chair_001,M,M,,0.9827799522021752,0.015745590508619716,58.07184810056941,11.678905807392752,19.996129429916117,0.04947687335301921,7.225815956332751,2.7673178430986236,0.13221352146851664,0.8122647930141133,0.0018492274148151167,0.9999999875307772,0.00011770291353456246,1.0001671373283507,1.0001977132160278,0.9998498648427202,0.9942067343089408,0.00015013515727979598,0.005793265691059202,0.004161974688616081,0.004161974688616081,0.015697624194816323,0.015652021847720406
Chair_001_23.obj,Chair_001,M,M,,0.9827800285683745,0.015745514700898185,58.07210563446459,11.678858438222775,19.996840949246327,0.049475111565453464,7.225772085429151,2.7674331143879165,0.1322147518248092,0.8123093161634839,0.0018493156714475645,0.9999999536096102,0.0002271122046927417,1.0003179611462065,1.0003692061506868,0.9998658578051226,0.9941967634242653,0.00013414219487739576,0.0058032365757346716,0.004162419537885186,0.004162419537885186,0.015697721218206683,0.015652039873416634
Chair_001_24.obj,Chair_001,M,M,,0.28933282961167284,0.7044357080292964,1.4071284585348198,114.04500732612811,16.48916252700089,0.045911198192772534,1.1615334099349983,14.196029477652138,0.01447561918474679,0.9154154224092985,0.0005022526538248909,0.993245405980339,0.1113794450324348,1.1565083584613143,1.1649992558160953,0.5808427209589844,0.44932026052331386,0.41915727904101563,0.5506797394766861,0.42677023359115085,0.42677023359115096,0.2965065429480275,0.1838467325036498
Chair_001_25.obj,Chair_001,M,M,,0.28976577448670127,0.7040062304033535,1.407986216486697,114.03898252568797,16.48953744857752,0.045910220842760495,1.1615372414014278,14.196305430893082,0.014476469493677882,0.9153936297067355,0.0005021383812306605,0.993232997688997,0.11147002683030433,1.15667570806245,1.1651143432115856,0.5805614110827861,0.44847685844537943,0.41943858891721386,0.5515231415546206,0.4267759138412122,0.4267759138412122,0.2960098983044793,0.18330094607491465
Chair_001_26.obj,Chair_001,M,M,,0.779604064155128,0.21941254590464104,4.537288748843973,224.11855849669195,27.91023812789978,0.027516222955942353,1.2002056862935544,23.254545821649938,0.04171264521952774,0.44639137654822736,0.00037640705282255215,0.9662936599404265,0.2293708904550457,1.3262349399175093,1.3640868904189771,0.5332121765533634,0.4748043315117094,0.4667878234466366,0.5251956684882906,0.14211304370957734,0.14211304370957736,0.08627121689424837,0.05554899262356834
Chair_001_27.obj,Chair_001,M,CA,x,0.7796043467360507,0.21941225784862697,4.537294566341838,224.11702335585625,27.911293833269838,0.027514936683934923,1.2001794476336822,23.255933841992743,0.041712359868553324,0.4464239291871629,0.0003764377494632769,0.9663144817274771,0.229348705816827,1.3270221283196022,1.363993137884804,0.5332106648535876,0.4748048613770509,0.4667893351464124,0.5251951386229491,0.14212372246623053,0.14212372246623053,0.0862708900426607,0.05554882420082822
Chair_002_01.obj,Chair_002,SL,SL,,0.4664965939541327,0.5254695128901165,1.8744009536372632,66.40649667155145,7.135189233706773,0.12506922222636374,2.0581892974495495,3.466731109517625,78.08195339582728,0.45738567919065276,94859.7106835328,0.9637822863600987,0.2058644202089568,1.1193452324239304,1.408036414156409,0.8688998679857235,0.8815492068159677,0.1311001320142765,0.11845079318403229,0.20725225199726713,0.20725225199726713,0.4295392356843074,0.4024980809878703
Chair_002_02.obj,Chair_002,M,M,,0.9979849161460865,0.0005587626127073528,496.2572192599724,1.383619022843693,10.113706739473514,0.09761105400285833,7.831782063267319,1.2913670933333974,138.81105243014363,0.13134883804378164,5953.248656156875,0.9740126923250474,0.2000676328273121,1.2875084438096216,1.3388471979948882,0.9523105101119503,0.9933954458201735,0.04768948988804966,0.006604554179826527,0.00018961053590869865,0.00018961053590869865,0.0005303583158851294,0.0005286011230314337
Chair_002_03.obj,Chair_002,M,M,,0.9979849266565147,0.0005587500667312506,496.25980768976353,1.383609871796287,10.156195113636628,0.09716985489668059,7.651934056519329,1.32727150527551,138.81062322639036,0.1289150478677971,5842.9288903756105,0.9740137324778642,0.20006327042704308,1.2875022855984501,1.3388395874683905,0.9523118614215298,0.9933965319932065,0.04768813857847021,0.006603468006793456,0.0001896051516060873,0.0001896051516060873,0.0005303474492043596,0.0005285905822904778
Chair_002_04.obj,Chair_002,M,M,,0.9953215756662518,0.0009359678251778608,213.74713651802438,1.2500423392919855,7.643868795737559,0.12828510254003514,6.614624050773364,1.1556012297925755,139.34718425744,0.21248761246837108,11707.382714018748,0.9988928031011387,0.04006946965802806,1.039532448963269,1.039532513071774,0.9995732493264537,0.9990059812680797,0.00042675067354625007,0.0009940187319202876,0.00025444525185382995,0.00025444525185382995,0.000935103414020614,0.0009346384277631795
Chair_002_05.obj,Chair_002,M,M,,0.9953214676332272,0.0009360813942445698,213.74220083572106,1.2500730554099022,7.6590545546782085,0.1279769712232743,6.482384329362182,1.1815179534905016,139.3462119646414,0.2086891932672594,11497.95582750829,0.9988928505165305,0.040068783932911335,1.0395292698455212,1.0395292698455338,0.9995724942772582,0.9990047352942525,0.00042750572274175003,0.0009952647057475117,0.00025447625161393743,0.00025447625161393743,0.00093521558884747,0.0009347499636033618
Chair_002_06.obj,Chair_002,OB,SL,x,0.5488074808972909,0.4500879904984202,2.2163482877786596,408.49307525634333,11.30567760156466,0.06452253026496603,1.0712367432229486,10.553855065829946,117.45869503972207,0.43113483557743,29075.65233078105,0.997308494418868,0.08618092432797994,1.1063121895975616,1.1063712600724998,0.9439273638038507,0.9621004121381115,0.05607263619614933,0.03789958786188852,0.14204518717351716,0.14204518717351716,0.4167995433813106,0.4087487164116748
Chair_002_07.obj,Chair_002,M,M,,0.9405125646632422,0.04986303276420652,16.81025595604872,6.180793983639961,11.62504255388046,0.08436920687280786,5.577655785598244,2.084216191753243,137.36015894902866,0.675285558011237,337779.5601978888,0.9995985414632231,0.03125821708470673,1.04045433644711,1.0404673130828492,0.9503919464317153,0.963041826106525,0.04960805356828468,0.036958173893475,0.014924040695625774,0.014924040695625774,0.04651371146319718,0.04563799816263174
Chair_002_08.obj,Chair_002,M,M,,0.9405119870134673,0.04986358977491381,16.8100927224577,6.180840748264419,12.755668858998668,0.07693639327531666,5.5753886515875655,2.2878524535031577,137.35755998114914,0.7415797479416247,370932.0103013476,0.9995985396443706,0.03125833875836352,1.0404537640753362,1.0404670123098128,0.9503922675755113,0.9630422750284771,0.04960773242448868,0.03695772497152294,0.014924192561269894,0.014924192561269896,0.046514257413925085,0.04563854467221476
Chair_002_09.obj,Chair_002,M,M,,0.9802118291980885,0.016674979559830935,50.535225331450526,6.356127727158527,14.745960850616907,0.06660034219824375,5.571539831867465,2.646657648885579,147.41089519552898,0.6468871212364529,41682.06756812616,0.9988925525336113,0.04007382651780692,1.039543848195702,1.0395439056697704,0.9092487938412872,0.9817044142185004,0.0907512061587128,0.01829558578149959,0.005146874814889646,0.005146874814889646,0.015023008914417109,0.014884312776729823
Chair_002_10.obj,Chair_002,M,M,,0.9802118227069554,0.016674908581266277,50.535208754348254,6.3559716481392865,14.543384572262951,0.06752026640525177,5.5621123682891636,2.61472284391491,147.40956845335802,0.6369044075925436,41038.30865452539,0.9988927612237105,0.040070086390113085,1.039532398231015,1.0395324114047133,0.9092502489118962,0.9817050229697797,0.09074975108810379,0.018294977030220316,0.005146809557109607,0.005146809557109608,0.015022973623671861,0.014884282469244245
Chair_011_01.obj,Chair_011,CA,SL,x,0.5070438785674198,0.4901495807917462,2.028578115824508,175.64545984481262,6.688359712146882,0.11374519342628343,1.1906024069376793,5.61762656707835,0.07317696199821488,0.20348751408461768,8.364191755676264e-06,0.9725456810814646,0.17388116372487225,1.235012610841354,1.2920009900320153,0.7880468194526878,0.6118348468769226,0.21195318054731216,0.3881651531230774,0.2459940948279973,0.2459940948279973,0.31129432337817314,0.23632782855734236
Chair_011_02.obj,Chair_011,SL,SL,,0.6775483217497251,0.3113369472030252,3.1012398677099027,29.011199360490114,2.330523688190159,0.32852707813336807,1.3843939821898092,1.6834251796001427,0.046833055103025,0.3481315727786277,3.147708557874645e-05,0.9704217412678322,0.23205347378084087,1.3515546325589611,1.3651657005070783,0.9601754948297596,0.9741070830617437,0.03982450517024039,0.02589291693825635,0.10929739371665448,0.10929739371665446,0.2950679175479415,0.2911977277564315
Chair_011_03.obj,Chair_011,SL,SL,,0.6774937593982003,0.3116120131493156,3.1007151927780043,29.603406208301347,2.330516280997619,0.32852777799282473,1.3843907912039095,1.6834237093458322,0.046832995319450677,0.3481328873151218,3.0771131745290615e-05,0.9672308533928984,0.24704295878680688,1.3750768930693875,1.3883212242474121,0.9789726256665939,0.9864032306611413,0.021027374333406068,0.013596769338858672,0.10749945063214739,0.10749945063214739,0.3029857179854122,0.30091180526878564
Chair_011_04.obj,Chair_011,SL,OB,x,0.3272287176185662,0.6687453820639362,1.486389247264003,167.1107651267882,10.563330286728316,0.07499049819265079,1.3078188535988995,8.077059187026508,0.0579128252846559,0.9212279172296975,7.5617593610571955e-06,0.9144679753278743,0.2253833825523498,1.0688864989022433,1.424125381780467,0.9999999999906538,0.999999999934722,9.346190488201955e-12,6.527800522349025e-11,0.20480608507838519,0.20480608507838519,0.6687453820358588,0.6687453820140316
Chair_011_05.obj,Chair_011,SL,SL,,0.1967939299211699,0.7825302469945785,1.2450105113145167,38.847598318365435,6.215585848973123,0.12881600057643058,1.3684336087465065,4.542117212761994,0.03338880218828169,0.8635742259512902,2.5846004654009318e-05,0.9883985766972392,0.14204196566336477,1.210450659930831,1.2182437822178998,0.7749625733525713,0.8213155028863307,0.22503742664742865,0.1786844971136693,0.34109285009107737,0.34109285009107737,0.5522516863783573,0.4980717188195729
Chair_011_06.obj,Chair_011,M,M,,0.9755868610385015,0.0009956601765682565,40.961549499065896,1.0425178211841633,4.583427013755612,0.20847905174750425,4.583427013755612,0.9999999997715643,0.10213053688363394,0.7764587472790404,0.00037971198792791674,0.9990628740398471,0.03580264505455438,1.051337180088703,1.0575873225949282,0.9812430874200354,0.9949037616563651,0.01875691257996459,0.005096238343634929,0.0002800159231156244,0.0002800159231156244,0.0009744951923198303,0.0009720057189626472
Chair_011_07.obj,Chair_011,M,M,,0.9907574598663454,0.003177585253498934,108.19536464421058,1.5239256211764385,7.166031255134405,0.11731512813241382,1.590198367434535,4.506375683342543,0.17340364439160333,0.10607253801761186,1.5361223978062806e-05,0.9911775111087913,0.10659385603602299,1.1885370015499337,1.1885370015499344,0.904081678589331,0.9510840877141937,0.09591832141066903,0.04891591228580627,0.0010974984615996055,0.0010974984615996055,0.0028025338763529753,0.0027322711428619294
Chair_011_08.obj,Chair_011,M,M,,0.9907575059894087,0.0031774121104827663,108.19590457440945,1.5238861011785336,6.050917655626611,0.11627463855743175,1.0035913098037943,6.029264697931836,0.17340205134067216,0.09389257333721894,1.3597100912428647e-05,0.9911778118219408,0.1065916924557999,1.188533263249391,1.1885332678380651,0.9040808262471025,0.9510839687654071,0.09591917375289749,0.04891603123459287,0.001097437575027798,0.001097437575027798,0.0028023783566081253,0.002732119347043441
Chair_011_09.obj,Chair_011,M,M,,0.9907574894544248,0.0031775209333542863,108.19571101038592,1.5239120156851123,6.5612182794981155,0.12821814220351657,1.6018194073228649,4.096103623854743,0.17340329976469163,0.09752301691566723,1.4123031186739757e-05,0.9911779304274048,0.10659086643375205,1.1885317460395868,1.188531747393425,0.9040809034642594,0.9510836594307062,0.0959190965357406,0.04891634056929384,0.0010974745109083072,0.0010974745109083072,0.0028024741300255586,0.002732212263847578
Chair_011_10.obj,Chair_011,M,M,,0.9907574964684394,0.003177539101370138,108.19579311869019,1.5239171865619616,5.527863593856116,0.12706855876950882,1.0029800427806235,5.511439268800524,0.17340359029781463,0.08602797764293976,1.245836341399126e-05,0.9911771244725802,0.1065961339253046,1.1885413577895472,1.1885413610029159,0.9040815419465834,0.9510849333916208,0.09591845805341659,0.04891506660837919,0.0010974842884879663,0.0010974842884879663,0.0028024939627177814,0.0027322334750732873
Chair_011_11.obj,Chair_011,CA,OB,x,0.5973157538569034,0.2578826494401105,2.4833352920504654,2.7809378854361815,2.3050654524074807,0.36317643011705003,2.046752932756724,1.126206009262764,0.012131866524262746,0.8042275442017994,1.3967515520229077e-05,0.9980810659186091,0.04603700257088484,1.06476074643881,1.080081170950932,0.9692556204322622,0.9836684157789664,0.03074437956773779,0.016331584221033646,0.07532548737040683,0.07532548737040684,0.2479131332871612,0.24587205919253247
Chair_015_01.obj,Chair_015,CA,CA,,0.8267788678590664,0.15460524745998758,5.772967695339641,9.305017468119566,4.140831080901881,0.21422406115773923,2.1692434721919787,1.9088825822551156,0.02003869190311703,0.37619988344094096,2.2306488318518725e-05,0.9651771458305147,0.2025675109883221,1.3040239520851222,1.3353389391227344,0.760992184022198,0.6667904768082157,0.23900781597780196,0.3332095231917843,0.07797204164877256,0.07797204164877256,0.09805177077934431,0.07845015663282028
Chair_015_02.obj,Chair_015,M,M,,0.9733274681582585,0.018993441133391516,37.49175391120709,3.4733971578356964,7.076022522806856,0.13175861752184598,2.768534652857842,2.555872838716366,0.09537968646253166,0.18676945388795213,5.796826658124397e-05,0.9965671601135512,0.07270754430162638,1.104337506200166,1.1086408066325102,0.7961449862591793,0.9475113327388538,0.2038550137408207,0.052488667261146205,0.007036039054307968,0.007036039054307968,0.014724678374933742,0.014327823819708964
Chair_015_03.obj,Chair_015,M,M,,0.9733128508580601,0.019072398742778884,37.4712186258914,3.504664991288256,7.087570287739436,0.13154775639220584,2.7685522951023356,2.560027599895531,0.09518057267301738,0.1870804492416691,6.179556807159203e-05,0.9996275261099453,0.023714434674881893,1.0364037487698181,1.0370454597914458,0.7965596546312459,0.9476069188682714,0.2034403453687541,0.05239308113172858,0.006801081497026892,0.006801081497026892,0.014794317564395107,0.014396331773252856
Chair_015_04.obj,Chair_015,SL,SL,,0.05132471192143439,0.9409961731065695,1.0541014534330595,123.53966460168873,6.205893493211235,0.1156853543737365,1.0458845493255553,5.933631486447093,0.06172672352216855,0.4250487389051571,2.540100663903438e-05,0.9629012164435813,0.26738537460259165,1.3787189542783824,1.3899760972346413,0.6245284946386345,0.2380845326205313,0.37547150536136553,0.7619154673794687,0.6541334332642477,0.6541334332642477,0.3637980926358605,0.13991726182075923
Chair_015_05.obj,Chair_015,M,M,,0.9930009500202196,0.0024572545255084053,142.87653365651977,1.54103152597151,6.001902180122548,0.12757132356503564,1.2144721692734555,4.941984124310674,0.0615112449971275,0.0735267970052334,1.1000710391862212e-05,0.9891664073028822,0.14323445519111286,1.2155651702983297,1.217843803798569,0.9006460938546641,0.945815286781787,0.0993539061453359,0.054184713218213054,0.000872506724120955,0.000872506724120955,0.0021531581434226376,0.002093199596839434
Chair_015_06.obj,Chair_015,M,M,,0.9930380495155209,0.002369656659612186,143.63790754173436,1.5160071959120385,6.001288241927452,0.1275706704096245,1.2141491440194228,4.9427932897142535,0.06151141021737393,0.07352203299808201,1.0714319521435387e-05,0.9752670858040381,0.21062405453764854,1.3306418439442236,1.336630223800343,0.9086711327431318,0.9436539249553794,0.09132886725686817,0.056346075044620636,0.0008850141407704359,0.0008850141407704359,0.002092575329198774,0.0020319120572954374
Chair_015_07.obj,Chair_015,M,M,,0.989877956169893,0.005631938788142621,98.79427680656048,2.2543000075146526,11.502148696163788,0.08479971289222467,4.791122873565229,2.4007208745844717,0.08754016796081505,0.20084158631275043,2.420850379876038e-05,0.9846381587926912,0.1549759070402251,1.1974118697535028,1.231796250108486,0.8110863818189361,0.9476804948431611,0.1889136181810639,0.05231950515683892,0.002174146624600507,0.002174146624600507,0.004448491396090848,0.004328993937881374
Chair_015_08.obj,Chair_015,M,M,,0.9890784198538435,0.007764887810652748,91.56184239069862,3.45981774121148,16.638344748070036,0.05706453303864079,3.0760761403843553,5.408950880262579,0.09014570403147366,0.1649134288220154,2.018665453630891e-05,0.9961153680597785,0.06974628610533204,1.109481566485535,1.1231276062976399,0.7686595879831319,0.9636910783160922,0.23134041201686806,0.03630892168390776,0.002921705171851812,0.0029217051718518116,0.005860199558794282,0.0057518436523169795
Chair_015_09.obj,Chair_015,M,M,,0.990206852224124,0.00528906272492351,102.112213854577,2.1742812724074554,11.49989404096008,0.08481491641397708,4.789348387173995,2.4011395936159183,0.0875067922869732,0.20078863945106679,2.348038393096734e-05,0.9888699981252068,0.13262982989944236,1.1763375468993844,1.1995770301453577,0.8128778377130154,0.9473927044261131,0.18712216228698464,0.05260729557388688,0.0020115926680397945,0.0020115926680397945,0.004186272970991351,0.004073184070618369
Chair_015_10.obj,Chair_015,M,M,,0.9897327452769643,0.007117508987534613,97.39701867493021,3.25970906384102,16.63476071921412,0.0570768375362261,3.07610428623166,5.407736269828855,0.09011064907216944,0.16493125922333368,1.9446475617683292e-05,0.9965748772740238,0.06507504686061066,1.0948648454562004,1.113452492531672,0.7710720150791477,0.9639057495932304,0.2289279849208523,0.03609425040676961,0.002657035661400421,0.002657035661400421,0.0053890673530156636,0.005290022708669068
Chair_018_01.obj,Chair_018,SL,OB,x,0.46225621659643157,0.5200158022636223,1.8596216839001727,30.333052543229126,5.702328603781587,0.1431452784024683,1.4584779220400392,3.9097805441287505,0.028495585427020315,0.8823290403550171,7.938839794096106e-05,0.9525370490417535,0.29608543833411755,1.4604401780565062,1.4801318294558656,0.9881910614089184,0.9241178471276772,0.011808938591081564,0.0758821528723228,0.19517809229393163,0.19517809229393163,0.4943779981644016,0.474881028740504
Chair_018_02.obj,Chair_018,M,M,,0.9940011767253999,0.00047103931712189697,166.6993598950763,1.0852130474419657,5.272000847035297,0.1811438069335859,4.065428983452926,1.296788326096742,0.12935197751007546,0.20041990845234095,6.20953043848249e-05,0.9829102259745107,0.16102493097512888,1.2481295069761855,1.2481333024000267,0.7475750674669576,0.9418207972850184,0.25242493253304243,0.05817920271498156,0.0001954987770908038,0.0001954987770908038,0.0003418937170724007,0.00033165018486780966
Chair_018_03.obj,Chair_018,M,M,,0.9940011933566113,0.00047100110594298445,166.69982205570886,1.0852058022388833,5.272001377014451,0.18114379032606936,4.0654293921388645,1.296788326096742,0.12935207234769788,0.20042001149722646,6.209529814256234e-05,0.9829093912630749,0.16102939214600445,1.2481382887245709,1.2481420841323683,0.7475750452504264,0.9418208192774059,0.2524249547495736,0.05817918072259409,0.00019548363335489477,0.00019548363335489475,0.00034186597602552815,0.00033162327896272886
Chair_018_04.obj,Chair_018,M,M,,0.9940010782854447,0.0004711476916948345,166.696624423885,1.0852328060521284,5.272001377014451,0.18114379032606936,4.0654293921388645,1.296788326096742,0.1293515924484009,0.2004214203964366,6.209529814256234e-05,0.9829065741426406,0.16104612462253456,1.2481551221144305,1.2481586048536033,0.7475674922170314,0.9418183020331193,0.25243250778296855,0.05818169796688066,0.0001955477006458344,0.00019554770064583436,0.00034196847374487287,0.00033172224914559517
Chair_018_05.obj,Chair_018,M,M,,0.9939906847442245,0.0004886020003545248,166.4083106704049,1.088503419258423,5.272000847035297,0.1811438069335859,4.065428983452926,1.296788326096742,0.12935107637781415,0.20042250826066568,6.20953043848249e-05,0.9828022868011653,0.16037729068585543,1.2453627297091985,1.2453667490132212,0.7488858369334342,0.9417476234274346,0.25111416306656575,0.058252376572565434,0.00020235111124126203,0.00020235111124126203,0.0003552496383497714,0.0003445921587366945
Chair_018_06.obj,Chair_018,M,M,,0.9924948158520325,0.006994514230850175,133.24123436338843,14.69674225196461,31.984161946294197,0.031126359983035062,11.193542853944702,2.857376110002953,0.2523406229143775,0.811737401303847,0.00010716876237797542,0.9908594802771753,0.13844936494672105,1.1643136906728777,1.2003526503299058,1.0,1.0,0.0,0.0,0.002091508385912508,0.002091508385912508,0.006994514230850175,0.006994514230850175
Chair_018_07.obj,Chair_018,M,M,,0.9924948158520325,0.006994514230850175,133.24123436338843,14.69674225196461,31.984161946294197,0.031126359983035062,11.193542853944702,2.857376110002953,0.2523406229143775,0.811737401303847,0.00010716876237797542,0.9908594802771753,0.13844936494672105,1.1643136906728777,1.2003526503299058,1.0,1.0,0.0,0.0,0.002091508385912508,0.002091508385912508,0.006994514230850175,0.006994514230850175
Chair_018_08.obj,Chair_018,M,M,,0.9813415051377293,0.017409691752880305,53.59489108746197,14.941102181222785,17.797146920258832,0.055558074585885936,7.129028569391705,2.4964336644105356,0.25333307188840976,0.7092215202771012,0.00014701378110123137,0.9906378653779557,0.14121911327457703,1.1687754999813778,1.2028783522298376,1.0,1.0,0.0,0.0,0.005218129968265756,0.005218129968265756,0.017409691752880305,0.017409691752880305
Chair_018_09.obj,Chair_018,M,M,,0.9813415051377293,0.017409691752880305,53.59489108746197,14.941102181222785,17.797146920258832,0.055558074585885936,7.129028569391705,2.4964336644105356,0.25333307188841103,0.7092215202770976,0.00014701378110123137,0.9906378653779557,0.14121911327457712,1.168775499981378,1.202878352229838,0.9999999999999998,1.0,2.220446049250313e-16,0.0,0.005218129968265758,0.005218129968265758,0.0174096917528803,0.0174096917528803
Chair_019_01.obj,Chair_019,OB,OB,,0.8936432431177443,0.06307044592013632,9.40231753312113,2.457052923157712,3.2289212446123083,0.2746993820146123,2.38939190209409,1.3513569045271232,0.01632355385057204,0.8468418202374044,9.876193158658908e-06,0.9922329479898845,0.1060288971490454,1.1323432016656825,1.1588805078032105,0.9885171588263874,0.9477817600565701,0.011482841173612646,0.05221823994342989,0.01960836138143259,0.01960836138143259,0.060718413121161975,0.05909060823543748
Chair_019_02.obj,Chair_019,OB,OB,,0.8936425669364352,0.06307084715136958,9.402257756656091,2.4570529373519796,3.228893042913763,0.27470126960755714,2.389371032922926,1.3513569045271232,0.016323603335678928,0.8468430374901107,9.87627941900217e-06,0.9922376131751294,0.10599116079256993,1.1322763744841284,1.158870575774269,0.9885177899857635,0.9477867317870048,0.011482210014236549,0.05221326821299521,0.019607867018272163,0.019607867018272163,0.06071899314340892,0.059091331848216105
Chair_019_03.obj,Chair_019,OB,OB,,0.9434007375805981,0.055520209209823354,17.668074763765745,52.452707537468946,27.924284052292233,0.03468067022417125,3.923161063038767,7.117802099646009,0.03275132070660394,0.9895337646279541,1.9117595788783973e-05,0.9752616974372542,0.1614248206648627,1.218770061810563,1.2986781404025418,0.997344112339033,0.9963203691467154,0.0026558876609670268,0.003679630853284599,0.01731392471088685,0.01731392471088685,0.055270878124644665,0.055169002478040664
Chair_019_04.obj,Chair_019,OB,OB,,0.8124882327541757,0.14722081021777464,5.33299864156765,4.653941754602976,3.2094233798399783,0.26406405255961996,1.8405285022519051,1.7437509801366777,0.014071554835506546,0.8788695008437767,1.8467477818560137e-05,0.9535629380629386,0.2694319342104056,1.4616508808771498,1.469371131061229,0.7618314586789424,0.8127425967865024,0.23816854132105758,0.1872574032134976,0.07141600611986194,0.07141600611986194,0.10165628868303903,0.09115513276997503
Chair_019_05.obj,Chair_019,OB,OB,,0.8483670931925028,0.1082801437907948,6.594874562877451,3.497652658240217,3.20944734864789,0.26406221798702867,1.8405285022519051,1.7437640029221884,0.014071556132924894,0.878876052512223,1.9370063459709756e-05,0.9344313412070808,0.33390134607200794,1.5615469744043506,1.572163973896811,0.7810706937641777,0.8311168612627704,0.2189293062358223,0.1688831387372296,0.053093454678281506,0.053093454678281506,0.07743284799573322,0.07029124895990542
Chair_019_06.obj,Chair_019,OB,OB,,0.23022647475280514,0.7076601340073602,1.2990833890770694,12.39303650761627,3.397693464538457,0.2073178576265253,1.0376419665711265,3.274437208552013,0.01263188176215035,0.9438750681477338,5.060493391345343e-06,0.9973470140901359,0.06434687733161075,1.083116312248924,1.092914795245841,0.8534331001794836,0.8443573332485953,0.1465668998205164,0.1556426667514047,0.2675795677582065,0.2675795677582065,0.5569411206653319,0.5099416592913334
Chair_019_07.obj,Chair_019,OB,OB,,0.24924241335629946,0.6862301440943714,1.3319878717050047,11.634702337221883,3.3976975966332654,0.20731773252445976,1.0376432284963202,3.274437208552013,0.012631892155517195,0.9438755848068713,4.686340937567777e-06,0.9943436523868512,0.09082778605374504,1.128004525747959,1.1411667814914814,0.9379729980364071,0.9147094115313534,0.0620270019635929,0.08529058846864657,0.23050000296237033,0.2305000029623704,0.6162160475476399,0.5887667494961267
Chair_019_08.obj,Chair_019,OB,OB,,0.8414178044079383,0.15764646044969172,6.3058781363602705,169.47337810826048,28.54511459391533,0.032241774586609796,2.361215996920177,12.089158565252912,0.0320276693147126,0.9862348016402218,7.602901842212397e-06,0.88863444808708,0.31342952397315,1.2488319026466181,1.7510090396011713,0.97458957377233,0.9865723942713138,0.02541042622766998,0.013427605728686176,0.05662559967099383,0.05662559967099383,0.15260908401820197,0.15157757134002242
Chair_019_09.obj,Chair_019,M,M,,0.9336624972277012,0.0019573104240648252,15.074429368079615,1.0304023698668163,2.7714707719308227,0.3213947386546362,2.7714707719308187,0.9999999997492303,0.11694882889953567,0.7364511551975124,0.0031750930768815098,0.9970003577041766,0.0678865284116894,1.1003056063978844,1.1107700873851438,0.968218753017878,0.918326812956142,0.031781246982122036,0.08167318704385795,0.0006233511219656452,0.0006233511219656453,0.0018177150394543533,0.001740325420851768
Chair_019_10.obj,Chair_019,M,M,,0.9336625099371314,0.001957297738735478,15.07443225615102,1.0304021728404305,2.7714707719308227,0.3213947386546362,2.7714707719308187,0.9999999997492303,0.11694883735463142,0.7364511579179045,0.0031750930768815098,0.9970004702238331,0.0678850563676328,1.1003028589165016,1.1107682812406166,0.9682187529974531,0.9183268130407409,0.03178124700254692,0.08167318695925907,0.0006233462329662944,0.0006233462329662944,0.001817703258884545,0.0017403141419258911
Chair_019_11.obj,Chair_019,M,M,,0.9336624977626928,0.0019603106050273687,15.074429489650255,1.0304503901323865,2.7714707719308227,0.3213922410347782,2.771262286165674,1.0000752310855732,0.1169508059491182,0.7363653069182345,0.0031748542283551564,0.9970018069925224,0.06787298389255204,1.1002843007828964,1.110736415719594,0.9682187565584489,0.9183268112463668,0.03178124344155109,0.08167318875363316,0.0006242970787901116,0.0006242970787901116,0.0018205012525373326,0.0017429930086067253
Chair_019_12.obj,Chair_019,M,M,,0.9336625104733378,0.001960297917269026,15.074432377997729,1.0304501930585297,2.7714707719308227,0.3213922410347782,2.771262286165674,1.0000752310855732,0.11695083101174097,0.7363652080193295,0.0031748542283551564,0.9970019195346971,0.06787151126005424,1.1002815512421709,1.110734609505447,0.9682187565380242,0.9183268113268835,0.03178124346197575,0.08167318867311646,0.0006242921873920944,0.0006242921873920944,0.0018204894697079225,0.00174298172751355
Chair_019_13.obj,Chair_019,M,M,,0.9977819879850014,0.0012727727693513107,450.8541852964596,2.3465085957419776,28.666301742082563,0.03477917802807164,14.389527039257848,1.9921642774707524,0.10029477969704803,0.946569110632163,6.840444409259986e-05,0.9849870904240277,0.10747583165898116,1.1408301800159917,1.1408301800159917,0.9982361185795835,0.9998390587019734,0.001763881420416502,0.00016094129802657342,0.0003696729306363698,0.0003696729306363698,0.0012704255089184793,0.001270323268725919
Chair_019_14.obj,Chair_019,M,M,,0.9977420096648566,0.0013246731670778346,442.8716918916484,2.419317261428592,28.670106161688437,0.03477456853791775,14.389527039257848,1.9924286655632075,0.10030306250823603,0.9465898325761353,6.71347648935396e-05,0.9816097210043891,0.12300815960968492,1.184723795545816,1.1847237955458163,0.9814426190969288,0.9982255901791607,0.01855738090307124,0.0017744098208393178,0.0004025670394718413,0.0004025670394718413,0.0012989372556890053,0.0012977838088337169
Chair_023_01.obj,Chair_023,SL,SL,,0.06265191604268704,0.900365078731655,1.0668395413769436,25.345373590856315,2.848212813763659,0.25210379975298447,1.106842323010677,2.5732778323416814,0.03326036888655635,0.3153937296376741,0.0002532077677955916,0.9880424445474233,0.16584852248760387,1.200216168295827,1.2051463212604092,0.8153972379316244,0.6580411266507192,0.18460276206837556,0.34195887334928077,0.4241808495933541,0.42418084959335406,0.6086297560860211,0.48310431384416114
Chair_023_02.obj,Chair_023,CA,CA,,0.6127653347478528,0.3820720203749827,2.58241342971766,75.00703117588847,2.584162167225655,0.2676569462269092,1.031132113379245,2.5061407104020814,0.08855291613871855,0.1334638748036244,0.0002395338931897209,0.999092382583198,0.046212100666948384,1.0530189783988164,1.054777290920277,0.5703721698146079,0.36628724818811187,0.4296278301853921,0.6337127518118881,0.2347686157634472,0.2347686157634472,0.14887287692580187,0.07982250656487375
Chair_023_03.obj,Chair_023,CA,CA,,0.6155116334251208,0.379307605963982,2.6008589256097028,74.21465600350636,2.584158732705292,0.2676572442617854,1.0311318375658953,2.5061380499340413,0.088553146489389,0.1334636447426675,0.0002402591079089509,0.9995834308283394,0.027466768131380062,1.0304777877202402,1.0321145099305506,0.5706171305153579,0.3672279784305402,0.4293828694846421,0.6327720215694598,0.23113085608390266,0.23113085608390266,0.14796101375583515,0.0794826098138528
Chair_023_04.obj,Chair_023,SL,SL,,0.14406064232220528,0.8462388883390024,1.1683070664170874,88.23690151303933,8.17086420474984,0.09133928331874232,1.1320083139381463,7.218024906656091,0.055111774865012376,0.5674051474625278,0.0006973162494159999,0.9744398108337003,0.28021799205389303,1.3375799227697978,1.3429499652193981,0.8375203807976075,0.7210312213318126,0.1624796192023925,0.27896877866818737,0.39949545314967844,0.39949545314967844,0.6098838268638983,0.5110253377203714
Chair_023_05.obj,Chair_023,CA,CA,,0.4305140895418016,0.035317438827221354,1.7559696941300325,1.0661166667475381,1.117537228244712,0.5450156358592149,1.0570889843957152,1.0571836852810896,0.014820722365825729,0.4484123085307723,0.0010310488151751987,0.9936251763561059,0.0908351907935353,1.1362714637986888,1.1620554026089078,0.7180520891232355,0.7341478249794942,0.2819479108767645,0.26585217502050584,0.01656343611503982,0.01656343611503982,0.021988786958018494,0.01861781318366862
Chair_023_06.obj,Chair_023,M,M,,0.9895770381438985,0.005873227433573328,95.9420185745001,2.2908945638416323,1.0931224376265642,0.5592371908492229,1.0917238153868822,1.0012811135665705,0.09032728701930423,0.028896182408348736,0.00016411149157051732,0.9996611709783705,0.013975981336022417,1.0205832468595917,1.0241323274563088,0.8718057449875899,0.9037312950355039,0.1281942550124101,0.09626870496449613,0.0020001868208316914,0.0020001868208316914,0.00487385044731634,0.004627387476424735
Chair_023_07.obj,Chair_023,M,M,,0.9895776491625149,0.005876478297393319,95.94764325173031,2.2927063495419144,1.0933082887941525,0.5592024101452387,1.0919141071146412,1.0012768235354568,0.0903048295075886,0.028902868686520703,0.0001640016802390263,0.9996495419511643,0.014051837690761132,1.0189789036187227,1.0235975100877164,0.8720411410586091,0.903808508232742,0.12795885894139092,0.09619149176725805,0.0019998243399992764,0.001999824339999276,0.0048780627068180545,0.004631594573771086
Chair_023_08.obj,Chair_023,M,M,,0.9895892645790005,0.005859972811457174,96.0546935024691,2.287690287021606,1.0931207051439846,0.5592385548137182,1.0917285150129243,1.0012752163775829,0.09032727429263475,0.028896248439244945,0.00016411191829773632,0.9996520799578805,0.01415719819590367,1.0182573475166354,1.023502985665098,0.8717867781551586,0.9037287613103804,0.1282132218448414,0.09627123868961962,0.0019945903389540056,0.0019945903389540056,0.004862738938808739,0.004616831060240402
Chair_023_09.obj,Chair_023,M,M,,0.9895750419363606,0.00586923636522279,95.9236472602443,2.2883219724887267,1.0929355117423674,0.5592732097821546,1.0915388768132377,1.0012795099743708,0.09034962475327815,0.028889597259860476,0.00016430350030755572,0.9996580505323579,0.014064811776684774,1.0193736017650277,1.024033581246117,0.8713516100632992,0.9036536355460943,0.1286483899367008,0.09634636445390565,0.001999403089667061,0.001999403089667061,0.004867802782858696,0.00462143700903845
Chair_023_10.obj,Chair_023,CA,CA,,0.3326261460355566,0.5203858277170742,1.4984105146754045,4.54032801856306,1.2690683666433813,0.5057379901693598,1.1133831479135108,1.1398307662533218,0.019599893485396317,0.33953413116026265,0.00012560253721030973,0.9876474665450141,0.1619204425220556,1.1956257398906527,1.217264365707266,0.8087596933368533,0.59310483250658,0.19124030666314673,0.40689516749342003,0.2565813416831942,0.2565813416831942,0.3352426914400945,0.24961830043888347
Chair_026_01.obj,Chair_026,SL,SL,,0.7611462155459634,0.2298513249389545,4.186661736531685,26.532058717218288,5.144127664920655,0.17092026981837585,1.9772795492288535,2.6016188083836917,0.060625268146773575,0.3658951232590321,0.00019749403351884798,0.9956384411996823,0.11191605184493911,1.1343375000414204,1.1355104709178725,0.8983228690403383,0.8415782355474674,0.10167713095966169,0.15842176445253264,0.08590951776992972,0.08590951776992972,0.1901251831297562,0.1737696645876277
Chair_026_02.obj,Chair_026,SL,SL,,0.3597933212517233,0.6209210186908077,1.561995576107893,33.19599520265692,5.489915847885692,0.13276689329463084,1.0852132688031622,5.058835904037059,0.0526797421183169,0.47574657634439016,0.0001436605909875755,0.9984608173221979,0.060442468490972394,1.0756851489334625,1.0767745159313582,0.9409523271766964,0.8339204497991549,0.05904767282330359,0.16607955020084508,0.21655421092970442,0.21655421092970442,0.5357405012111158,0.48722392489219113
Chair_026_03.obj,Chair_026,SL,SL,,0.41322610056197695,0.5792848862842979,1.7042339493241911,78.35129774685542,7.587083469643149,0.09932595868105326,1.159746637901104,6.542018076632246,0.061233711011260655,0.5245029191454348,0.00014841610514740837,0.9981413256091156,0.02743629041046393,1.0131298351632907,1.0200381022794027,0.9540630349973251,0.8818533257204303,0.04593696500267486,0.11814667427956971,0.18451190075420235,0.18451190075420235,0.5200259816768702,0.48737766661726273
Chair_026_04.obj,Chair_026,M,M,,0.9982477595084823,0.00013832504920022624,570.6979178032637,1.0857077423806722,6.1014448878907785,0.1594926860915249,5.860910325589774,1.0410404780920899,0.15701840910879025,0.0352803838932611,5.060565077215788e-05,0.9250799289826134,0.3403721480426437,1.6219380674609425,1.621939510898327,0.9742660427386294,0.9856713143945427,0.02573395726137062,0.014328685605457303,5.304513545822206e-05,5.304513545822206e-05,0.0001337998927845923,0.000132834387273254
Chair_026_05.obj,Chair_026,M,M,,0.9978187781683024,0.00024311794750303306,458.45864252209765,1.1254411330490848,6.110512905881534,0.1592537229169277,5.84988433741279,1.0445527728331574,0.15774654878552832,0.035269728470704365,6.175025115584032e-05,0.9479316515407772,0.3234442094316803,1.5076505987048114,1.5076511884269772,0.9921083216565789,0.9864315907005734,0.007891678343421082,0.013568409299426598,8.808813115362656e-05,8.808813115362655e-05,0.00023956299318561222,0.00023792664750939805
Chair_026_06.obj,Chair_026,M,M,,0.8348954680929267,0.16450244884204643,6.056768935711327,274.2221821164046,5.8498610057954465,0.14670709823983644,1.7447811284096029,3.3527764086894756,0.021822055275415295,0.15789676091950577,5.603698456959079e-05,0.9776434805488778,0.17350880335944646,1.2506191570128578,1.3188539524630212,0.754384618939282,0.8071665365245693,0.245615381060718,0.19283346347543073,0.07544442346102335,0.07544442346102335,0.11213298231057306,0.1001678474368602
Chair_026_07.obj,Chair_026,SL,SL,,0.3243834840445775,0.6748601440674764,1.4801295947976725,893.2332450768837,25.7609651703553,0.02873819647455153,1.102269142528713,23.370848530335184,0.033019703022942486,0.8615334030604044,0.0009421585955119943,0.9981221720978187,0.04775920890973325,1.058281272343781,1.0698696673448458,0.9328190556771293,0.8267581658588187,0.0671809443228707,0.17324183414118133,0.23681203059769654,0.23681203059769648,0.5749925944991742,0.5204627866951936
Chair_026_08.obj,Chair_026,SL,SL,,0.32372938107367094,0.54811917978917,1.478697982750168,5.27712075244114,1.7634931840995125,0.37291069738422333,1.0046626753710564,1.7553087491896906,0.023114093298260533,0.42091351504876073,5.184064914366602e-05,0.9973994426894117,0.08134262943957508,1.0964513334604906,1.099141193196588,0.9310482349727839,0.8140331844884237,0.06895176502721612,0.18596681551157634,0.19891987795476176,0.19891987795476176,0.46287360061555477,0.4154218063336728
Chair_027_01.obj,Chair_027,SL,SL,,0.14385302721621884,0.8356743307336004,1.1680237526829518,41.819075949471014,4.166396165332343,0.20694109613072,1.8647244078224305,2.234322749062216,0.062182596552045166,0.32759942889897603,5.6921768093375266e-05,0.9754810184583418,0.20101767667280637,1.3104668350717097,1.3119359435543996,0.8448986105731909,0.8192249728593772,0.15510138942680907,0.18077502714062277,0.35864774008748,0.35864774008748,0.6422410657821203,0.5784220506357403
Chair_027_02.obj,Chair_027,M,M,,0.9918369824984443,0.006598414020027922,122.50371873014868,5.217307514518916,11.366674907422345,0.08714083780276215,9.312456550878295,1.2205882351352695,0.055352869018837736,0.24434418519814424,0.0006594593739369871,0.9816964830559634,0.15365204899991103,1.1944973754682315,1.2110275345407575,0.638191616363871,0.8737119330588742,0.361808383636129,0.12628806694112582,0.003078875880324606,0.003078875880324606,0.003945149668312654,0.0036792468277456586
Chair_027_03.obj,Chair_027,M,M,,0.9918136611041217,0.006626509176221639,122.15472786050086,5.248226003503172,11.366674907422345,0.08714083780276215,9.312456550878295,1.2205882351352695,0.05534561260512443,0.24434418659117407,0.0006597771091207678,0.982322086881414,0.14622350196468706,1.178919473915162,1.1980385230136348,0.639204283719393,0.873951451799198,0.360795716280607,0.12604854820080202,0.0030721102005660406,0.0030721102005660406,0.003968741571660892,0.0037017900917750467
Chair_027_04.obj,Chair_027,SL,SL,,0.009747206298242399,0.9864285475118019,1.009843149506649,258.940649872954,12.651398649171439,0.056486023957023054,1.0249649527316307,12.343249996142733,0.07227129788940041,0.8501053528308642,0.0005575499363775817,0.9861164596125301,0.14931497438271493,1.2350191974674563,1.2403689462733267,0.8421475766452134,0.65736342439334,0.15785242335478655,0.34263657560666005,0.4588676381162125,0.4588676381162125,0.6884011550322123,0.546083899243703
Chair_027_05.obj,Chair_027,M,M,,0.9556410264080302,0.03868764557043217,22.543352990910723,7.821620160529146,5.700999089663582,0.13773106426176576,1.3006000728292448,4.383360579697236,0.09268660800222714,0.24559080191854155,0.015042517032624443,0.9895457569335542,0.11715902744014897,1.156658486179965,1.1795739869412813,0.7075900890233339,0.6600935497415107,0.29240991097666613,0.3399064502584893,0.0193176098612123,0.019317609861212295,0.022722525957659886,0.018070057342034478
Chair_027_06.obj,Chair_027,M,M,,0.9556410264080305,0.0386876455704319,22.54335299091087,7.821620160529118,5.700999089663582,0.13773106426176576,1.3006000728292448,4.383360579697236,0.09268662060874783,0.24559080191854113,0.015042517032624443,0.9895460355922717,0.11715413360258999,1.1567484349428607,1.179577883940441,0.7075900890233339,0.6600935497415106,0.29240991097666613,0.3399064502584894,0.019317848762385265,0.019317848762385265,0.022722525957659726,0.01807005734203435
Chair_027_07.obj,Chair_027,M,M,,0.9934964055634536,0.002295616266705655,153.76112544474077,1.5455390150706863,10.805599734705336,0.09107774581658401,6.467635302118212,1.670718775613945,0.16277085238790795,0.363185455660483,0.0016686758503231998,0.9736621070023629,0.11840590960330051,1.053343509822406,1.0687589520031078,0.7684107359984037,0.9263803606370202,0.2315892640015963,0.07361963936297977,0.0008753722727676166,0.0008753722727676166,0.0016990445397743602,0.0016341128944795207
Chair_027_08.obj,Chair_027,M,M,,0.9935093850147052,0.0022916521419496425,154.0686055581976,1.5457662348907346,10.805599734705336,0.09107774581658401,6.467635302118212,1.670718775613945,0.1627708523869752,0.36318545566048344,0.0016695672369953808,0.9737459585905786,0.11834221411165909,1.053322952758342,1.0687286522146637,0.768242908962992,0.9263462978281244,0.23175709103700803,0.07365370217187561,0.0008740212965694568,0.0008740212965694568,0.0016957101606145898,0.0016308748133665146
Chair_027_09.obj,Chair_027,M,SL,x,0.769598346005165,0.227841342212196,4.340246620025158,89.98968623917129,4.128623312602966,0.2127998742911443,2.0547208936719903,2.0093353433193033,0.039755576079321786,0.23858446557137258,0.0025816708436446237,0.9436520814016284,0.22899623741384492,1.2708759344886063,1.4332700461865362,0.8890471682983089,0.794314380432533,0.11095283170169112,0.205685619567467,0.09693827660121906,0.09693827660121905,0.18172968572063822,0.1608976713262376
Chair_027_10.obj,Chair_027,M,M,,0.7691359819408844,0.2282995005933275,4.331554169447163,90.02240036897382,9.164011573812754,0.09632771077302274,1.9195782674758937,4.773971308426457,0.03975629880593092,0.49473090654563096,0.005358459212609607,0.9436610452932045,0.22899832256462802,1.2707127324493048,1.4331377121650537,0.8890478776321217,0.7943179067609039,0.11095212236787833,0.20568209323909614,0.09712847766952902,0.09712847766952902,0.18209562289918957,0.16122205933140807
Chair_027_11.obj,Chair_027,M,M,,0.7283206817022256,0.2686621950310886,3.6808101782083766,90.04581327410156,12.744861625886518,0.06807448955263885,1.761334041697902,7.235913985267996,0.04064368851410037,0.7432108487843899,0.008731737893003747,0.9462565161758372,0.221460605233878,1.2630136294274898,1.4192839298890778,0.8890903385179834,0.7904703912266436,0.11090966148201664,0.20952960877335636,0.11410951725546759,0.1141095172554676,0.21384032091604321,0.1888156799049114
Chair_027_12.obj,Chair_027,M,M,,0.7691359819927226,0.2282995005424417,4.331554170419772,90.02240038219715,9.164011573812754,0.09632771077302274,1.9195782674758937,4.773971308426457,0.03975629880586841,0.494730906545631,0.005358459212609607,0.9436610725464909,0.22899821301762738,1.2707137135642341,1.4331261664032082,0.8890480729372056,0.7943180146248933,0.11095192706279444,0.20568198537510674,0.0971282843950706,0.0971282843950706,0.18209567380770877,0.16122211660563318
Chair_028_01.obj,Chair_028,M,M,,0.9538462634428024,0.021106822836542315,21.66671811631789,1.8426915615847264,5.090376709827083,0.18700167541609294,3.9222832544605306,1.2978095612030165,0.04177117451325491,0.40822685277382953,0.00030355729937206764,0.9940422996856635,0.09480597800513477,1.118885413512313,1.1307073930306075,0.723461974494489,0.6996189237262198,0.276538025505511,0.3003810762737802,0.01001391750286971,0.01001391750286971,0.0129765766516865,0.010683169578742727
Chair_028_02.obj,Chair_028,M,M,,0.9922353057446139,0.006329366919348922,128.78807163671826,5.409702762792718,9.267775992075089,0.10624669556065244,7.11821430125753,1.301980468564901,0.055673764212637554,0.16377557941048385,0.00039246156413587276,0.9956058418204259,0.05614738343716989,1.0693141015367287,1.0830450941007084,0.652816821539453,0.8806303098766249,0.347183178460547,0.11936969012337506,0.0027524187204306418,0.0027524187204306418,0.0038853043570761334,0.0036386915195059455
Chair_028_03.obj,Chair_028,M,M,,0.9922353057446137,0.006329366919348948,128.78807163671664,5.409702762792513,9.267775992075089,0.10624669556065244,7.11821430125753,1.301980468564901,0.0556736668692872,0.16377557941048385,0.00039246156413587276,0.9955882334899595,0.056309388360706335,1.0695377431800561,1.0833110763514413,0.6528168215394535,0.880630309876625,0.34718317846054647,0.11936969012337495,0.0027527117200088604,0.0027527117200088604,0.003885304357076154,0.003638691519505964
Chair_028_04.obj,Chair_028,M,M,,0.9566954787743145,0.03938467822578437,23.09227701163546,11.047514205685264,1.6934866050550763,0.3980269884537173,1.0832076388388803,1.5633997991629076,0.030178889193776415,0.04256487592102211,0.00010395441046818746,0.9944522814035974,0.09113927824357138,1.1232275138297543,1.13957150662968,0.6960928126500772,0.7361638620869102,0.30390718734992284,0.2638361379130898,0.01865689149189491,0.01865689149189491,0.023798805942853433,0.020182220444202374
Chair_028_05.obj,Chair_028,M,M,,0.9630514124226845,0.032956121355547145,27.064634010901315,9.254577377671412,1.7451044862655634,0.38795003630573416,1.0824973560688298,1.6121096984098873,0.031339503563482446,0.041967574322988775,0.00010613558986799145,0.9963326669841598,0.07485415564536331,1.102654178731568,1.1127026018328874,0.6840423090729464,0.7462307624436121,0.3159576909270536,0.2537692375563879,0.015502276987603737,0.015502276987603739,0.019682973001553163,0.01682256465296962
Chair_028_06.obj,Chair_028,SL,SL,,0.09403864395362388,0.8954075222402769,1.1037998401649216,85.84191988340646,9.582356655808548,0.07452638037666241,1.0260224949858197,9.33932413996279,0.07232931730556971,0.6426774352406903,8.452547526023183e-05,0.9999936000090413,0.0029147715309217944,1.0046276440205029,1.0046276798212896,0.8507118040087011,0.6701796464019689,0.14928819599129894,0.3298203535980311,0.3712351580969756,0.37123515809697555,0.6361161014178635,0.5104984542677399
Chair_028_07.obj,Chair_028,M,M,,0.9905731844883062,0.0017630924685498631,106.08036178907493,1.2300569133235457,8.70715465043073,0.11248974488671454,5.854139052756175,1.487350158711703,0.09980231277999155,0.26764722963328846,0.0009951065223660423,0.9999627049064536,0.00694299357977445,1.0092915689800204,1.0095149129848429,0.8626102872900591,0.9458124903667414,0.13738971270994094,0.05418750963325858,0.0005796378931809225,0.0005796378931809225,0.0014796558467828607,0.0014384499927509843
Chair_028_08.obj,Chair_028,M,M,,0.9905731844883066,0.001763092468550086,106.08036178907652,1.2300569133235857,8.70715465043073,0.11248974488671454,5.854139052756175,1.487350158711703,0.09980231278133266,0.2676472296332885,0.0009951065223660423,0.9999627044931227,0.006943064731194294,1.0092917516115372,1.0095150214261825,0.8626102872900591,0.9458124903667415,0.13738971270994094,0.05418750963325847,0.000579637939991482,0.000579637939991482,0.0014796558467830478,0.0014384499927511663
Chair_029_01.obj,Chair_029,SL,SL,,0.12885513837877594,0.838943109461059,1.147914708626767,27.052716177925838,2.8058120601269003,0.26084853104852623,1.16262378822779,2.4133447882861616,0.03657229098446371,0.36282454811912085,3.05522014074276e-05,0.9954967798183801,0.08255567617572417,1.098894198596969,1.1007035768645603,0.951618972535053,0.8608231426350198,0.04838102746494699,0.1391768573649802,0.2867761230252537,0.2867761230252537,0.7427979669334833,0.6872417540262712
Chair_029_02.obj,Chair_029,SL,SL,,0.01714674622902984,0.9804307332026364,1.0174458864158404,405.71513266722496,9.434715819905668,0.07483397226540395,1.0025952368821631,9.410293877958951,0.09945024613321166,0.3822578449797716,3.1713094846179724e-05,0.9777626575975151,0.20562645448265784,1.2856286939296324,1.3014137988024723,0.8890392461997179,0.7315158530676884,0.11096075380028214,0.2684841469323116,0.4296666339609793,0.4296666339609793,0.7546304511429002,0.6376195022882917
Chair_029_03.obj,Chair_029,M,M,,0.9425100992173002,0.041987484448869364,17.394359468032334,3.7084477374689917,3.270540475405916,0.27611744718043746,2.744679071318413,1.191593038605342,0.20862553685171198,0.31548299605328295,0.004780127264021384,0.9537664327311112,0.20486812325271594,1.0653296615940957,1.4745512672418222,0.9889056507650698,0.9798736974347548,0.011094349234930245,0.02012630256524517,0.013539910974773564,0.013539910974773564,0.04110382188044284,0.04068598312798828
Chair_029_04.obj,Chair_029,M,M,,0.9918978524268567,0.0027235458603641124,123.42406639372945,1.5063668970548483,6.1882566086402235,0.1558158635278309,4.49648540709986,1.3762430092686329,0.12859361366328842,0.20969154870126516,0.0005784758243427159,0.9224376180016377,0.2931021279592881,1.3286434522562116,1.503268079567332,0.9935722801010035,0.9835472996020944,0.006427719898996487,0.016452700397905584,0.000937075073490189,0.0009370750734901892,0.002683778840460309,0.0026615180104789973
Chair_029_05.obj,Chair_029,M,M,,0.9341540313663567,0.04973378159289525,15.186958605814315,4.086718237940318,1.9714996667921842,0.3421125847118315,1.030913509609103,1.91238125053045,0.062143319278159095,0.09416407936491417,0.00037050536425771056,0.9566352330297405,0.2446644160793197,1.3893773547861052,1.4158550555480443,0.6454429508117867,0.7041208932684646,0.3545570491882133,0.2958791067315354,0.02724520600777978,0.02724520600777978,0.027351411928113842,0.02260250510988045
Chair_029_06.obj,Chair_029,M,M,,0.9425100992173002,0.041987484448869364,17.394359468032334,3.7084477374689917,3.270540475405916,0.27611744718043746,2.744679071318413,1.191593038605342,0.20862553685171162,0.31548299605328345,0.004780127264021384,0.9537664327311283,0.20486812325266732,1.0653296615942427,1.474551267241721,0.9889056507650698,0.9798736974347548,0.011094349234930245,0.02012630256524517,0.01353991097477361,0.01353991097477361,0.04110382188044284,0.04068598312798828
Chair_029_07.obj,Chair_029,M,M,,0.9918978524268567,0.0027235458603641124,123.42406639372945,1.5063668970548483,6.1882566086402235,0.1558158635278309,4.49648540709986,1.3762430092686329,0.12859361366328798,0.2096915487012659,0.0005784758243427159,0.9224376180016377,0.29310212795928803,1.3286434522562116,1.5032680795673319,0.9935722801010032,0.9835472996020944,0.00642771989899682,0.016452700397905584,0.0009370750734901893,0.0009370750734901893,0.002683778840460308,0.0026615180104789964
Chair_029_08.obj,Chair_029,M,M,,0.9341540313663567,0.04973378159289525,15.186958605814315,4.086718237940318,1.9714996667921842,0.3421125847118315,1.030913509609103,1.91238125053045,0.062143319278159005,0.0941640793649143,0.00037050536425771056,0.9566352330297465,0.2446644160792996,1.389377354786095,1.415855055548028,0.6454429508117867,0.7041208932684646,0.3545570491882133,0.2958791067315354,0.02724520600777964,0.02724520600777964,0.027351411928113842,0.02260250510988045
Chair_029_09.obj,Chair_029,M,M,,0.9909078999146645,0.005110248766755532,109.98559085509568,2.283385128467519,6.728909023234089,0.14423530647928634,5.029605216610703,1.337860275745863,0.1272988631859143,0.2992507208724207,0.0011886034958031252,0.858980509016238,0.4089262766143877,1.663101740417228,1.7854923329092987,0.9643568618340984,0.9525315393064882,0.03564313816590159,0.04746846069351185,0.0020907222647410795,0.0020907222647410795,0.00481113872111509,0.004694173978330243
Chair_029_10.obj,Chair_029,M,M,,0.9722447647461478,0.014328481623155184,36.0292388391915,2.067159047990346,2.267438908205505,0.34809141048884357,1.5603223677120044,1.4531861844476521,0.07701739821453464,0.09862613931636648,0.00026787105761215104,0.8312367105996856,0.4540562559849847,1.7415141894703505,1.9351409806385578,0.6174664607527585,0.7060668031670956,0.38253353924724154,0.2939331968329044,0.008897829175806254,0.008897829175806254,0.0075470908966749455,0.00624682495753932
Chair_029_11.obj,Chair_029,M,M,,0.9945697272384607,0.00029335781142155967,184.15281219062035,1.057107780418288,3.7093643659205093,0.24638786246716343,2.833982397808754,1.3088875811222682,0.1286998356889272,0.0776426378646429,0.0001261205483012521,0.9472520771312943,0.25517055352690166,1.252272046672967,1.4619275713549356,0.9840901742632214,0.9786734922945397,0.01590982573677857,0.021326507705460296,9.983733965662394e-05,9.983733965662394e-05,0.0002856121592529419,0.000282533778742564
Chair_029_12.obj,Chair_029,M,M,,0.9909078999146645,0.005110248766755532,109.98559085509568,2.283385128467519,6.728909023234089,0.14423530647928634,5.029605216610703,1.337860275745863,0.1272988631859143,0.2992507208724207,0.0011886034958031252,0.8589805090162421,0.4089262766143848,1.663101740417226,1.785492332909292,0.9643568618340984,0.9525315393064882,0.03564313816590159,0.04746846069351185,0.0020907222647410777,0.0020907222647410777,0.00481113872111509,0.004694173978330243
Chair_029_13.obj,Chair_029,M,M,,0.9722447647461478,0.014328481623155184,36.0292388391915,2.067159047990346,2.267438908205505,0.34809141048884357,1.5603223677120044,1.4531861844476521,0.0770173982145347,0.0986261393163664,0.00026787105761215104,0.8312367105996739,0.45405625598499283,1.7415141894704096,1.9351409806385826,0.6174664607527587,0.7060668031670957,0.3825335392472413,0.2939331968329043,0.008897829175806326,0.008897829175806326,0.007547090896674949,0.006246824957539324
Chair_029_14.obj,Chair_029,M,M,,0.9945697272384607,0.00029335781142155967,184.15281219062035,1.057107780418288,3.7093643659205093,0.24638786246716343,2.833982397808754,1.3088875811222682,0.1286998356889282,0.0776426378646423,0.0001261205483012521,0.9472520771313095,0.255170553526853,1.2522720466728117,1.4619275713549251,0.9840901742632215,0.9786734922945397,0.01590982573677846,0.021326507705460296,9.98373396566198e-05,9.98373396566198e-05,0.00028561215925294197,0.000282533778742564
Chair_032_01.obj,Chair_032,CA,SL,x,0.8915093175186036,0.07955693496494808,9.217381411267818,3.7496242897503556,2.9007986074449392,0.30401021693591457,2.4470146420143926,1.1854439109167432,0.020704979270521513,0.5343594431945126,4.1992830198661174e-05,0.9943297325960132,0.08688087032212263,1.1447265792591472,1.1447462383051623,0.9603218324931787,0.9130481142905417,0.039678167506821294,0.08695188570945833,0.026225425692837524,0.026225425692837527,0.07307868816684202,0.06975711476060445
Chair_032_02.obj,Chair_032,M,M,,0.9972411217932121,0.0015805824797758027,362.4661637978524,2.34141408090935,26.19359958289126,0.03625575374814374,3.0521161113318356,8.582111107932551,0.12701829923737618,0.17445571020645065,4.181105427821261e-05,0.9839188175537356,0.1454795206608281,1.203323736931929,1.2284737844058278,0.9523318456802696,0.9672668286782997,0.04766815431973037,0.03273317132170028,0.0005215750612773989,0.0005215750612773988,0.0014806034066867223,0.0014559677831586571
Chair_032_03.obj,Chair_032,M,M,,0.9972411217932128,0.001580582479775187,362.4661637979335,2.3414140809088297,26.19359958289126,0.03625575374814374,3.0521161113318356,8.582111107932551,0.12701829925997873,0.17445571020645048,4.181105427821261e-05,0.9839182567363217,0.14548227338520833,1.203328019418036,1.2284781969609337,0.9523318456802743,0.9672668286783003,0.04766815431972571,0.03273317132169973,0.0005215762954214957,0.0005215762954214957,0.0014806034066861533,0.001455967783158098
Chair_032_04.obj,Chair_032,SL,SL,,0.3139297084710515,0.6856359700231898,1.4575765957904747,1579.6369335433237,13.463854487396501,0.05341843968547628,1.038240569502236,12.967952594581106,0.1428930644021192,0.432942803711318,9.444869544173838e-05,0.9233946864662297,0.294319444432988,1.2407797480719365,1.5710048905486937,0.8621386967065312,0.8105765658932521,0.1378613032934688,0.1894234341067479,0.3022092828378172,0.3022092828378172,0.5351279458422528,0.4791425900735945
Chair_032_05.obj,Chair_032,M,M,,0.988532638150963,0.006179158214159761,87.20401546268833,2.16847962757482,7.960089196523373,0.12310458999991053,6.248378786161371,1.273944725159091,0.1342201607360425,0.2410791716225155,4.217272191534632e-05,0.9293551852115731,0.28323658258470225,1.0775216387724103,1.6011582086802751,0.9616290898581921,0.9828774080639614,0.038370910141807935,0.0171225919360386,0.0021299768246529223,0.0021299768246529223,0.005891186569895972,0.005840314850219721
Chair_032_06.obj,Chair_032,M,M,,0.988532638150963,0.006179158214159763,87.20401546268785,2.1684796275748073,7.960089196523373,0.12310458999991053,6.248378786161371,1.273944725159091,0.13422016073603737,0.24107917162251566,4.217272191534632e-05,0.9293505670116557,0.2832440677166981,1.0775052718475016,1.6011808270469534,0.9616290898581917,0.9828774080639607,0.03837091014180827,0.017122591936039266,0.0021299800799600443,0.0021299800799600447,0.00589118656989597,0.0058403148502197185
Chair_032_07.obj,Chair_032,M,M,,0.9029223513740666,0.011600557339428495,10.301032360719294,1.1357153965244613,5.3141244921828585,0.17864814034077697,3.6730857868180045,1.4467738571926119,0.06604857683259781,0.4179419103243854,7.179850874711805e-05,0.9700185730678421,0.2417395836936507,1.3641122653615907,1.368827360485425,0.8328814588316862,0.8931843938492108,0.16711854116831382,0.10681560615078922,0.004893363730231198,0.004893363730231198,0.009145868848659958,0.008629848577196087
Chair_032_08.obj,Chair_032,M,M,,0.9007092397340558,0.012962993244660706,10.071430587496664,1.150160182409152,5.3141244921828585,0.17864814034077697,3.6730857868180045,1.4467738571926119,0.06604857683160055,0.4179419103243854,7.39417478141962e-05,0.96841615940853,0.24641802490630577,1.3715231488481778,1.3733386699057892,0.8349592833067452,0.9008826985733072,0.16504071669325482,0.09911730142669284,0.005442283596627984,0.005442283596627984,0.010287169947200704,0.009750768345329328
Chair_032_09.obj,Chair_032,OB,OB,,0.9370411348832083,0.043310162360170656,15.88338668658805,3.2042250267295023,7.628426813318372,0.12669169315479767,4.3261342771082605,1.7633356532773852,0.1329393674931926,0.8719886773818422,0.00011092815272863122,0.9826639344329503,0.16029216929250298,1.2386198633210272,1.2386198660400092,0.9998925348353754,0.9995034371265141,0.00010746516462456501,0.0004965628734858729,0.01333932469537067,0.01333932469537067,0.04329475607269102,0.043284004118939325
Chair_032_10.obj,Chair_032,M,M,,0.9809039811069978,0.014177473086199967,52.366936040585635,3.882452180531084,10.442872736876895,0.09453800373239266,7.708344281335599,1.3547491333947024,0.10998184432631894,0.6067436366644605,4.535908623697992e-05,0.8674639098430882,0.46643106182172467,1.2681383454363895,1.855113108405833,0.9999999999999999,1.0,1.1102230246251565e-16,0.0,0.005184767813508661,0.005184767813508661,0.014177473086199965,0.014177473086199965
Chair_053_01.obj,Chair_053,CA,SL,x,0.09834972486967627,0.8328458421739638,1.1090774633824942,13.104537547775088,1.7389599984532953,0.39900113677309773,1.1574177808127168,1.5024479727573106,0.02518212557287523,0.3171910786481909,6.250880909228681e-05,0.9459697430445839,0.3124518403356461,1.3656587491047432,1.4548851422173736,0.9314039751789955,0.8629973900547538,0.06859602482100446,0.13700260994524616,0.3379424362239466,0.3379424362239466,0.722578374748398,0.6694408213846678
Chair_053_02.obj,Chair_053,CA,CA,,0.655528057878795,0.32695079407448724,2.9029940547313284,19.66035223276063,4.110061219575169,0.1852250174904741,1.2251190970040564,3.354825852859521,0.041381155436966445,0.39228739046267697,0.00015452221526605114,0.8032525912916542,0.5676073182037147,1.8407594144324617,1.9759108792997497,0.5387792185850299,0.2372487917847993,0.46122078141497014,0.7627512082152007,0.26335351548219704,0.26335351548219704,0.10897334330576863,0.04179239326433003
Chair_053_03.obj,Chair_053,CA,CA,,0.6555280578787944,0.3269507940744877,2.9029940547313244,19.660352232760623,4.1100612195751705,0.1852250174904741,1.2251190970040566,3.354825852859521,0.0413156657088542,0.3922873904626767,0.00015452221526605111,0.8014413520180348,0.5705774204828021,1.848576547733277,1.9831724780947797,0.5387792185850299,0.23724879178479885,0.46122078141497014,0.7627512082152011,0.2637110421865445,0.2637110421865445,0.10897334330576873,0.041792393264330006
Chair_053_04.obj,Chair_053,SL,SL,,0.041319540223182086,0.9480758115781274,1.0431004301814388,90.40191072957226,3.9385846827957085,0.18518895147436784,1.1075346900037566,3.5561727485955266,0.04375467445915878,0.32771128818002926,0.0001486375372052941,0.9783536592455432,0.18951803831932662,1.2817456486951884,1.310878793659366,0.8765841177337911,0.7090573455659601,0.12341588226620892,0.2909426544340399,0.42511076377584567,0.42511076377584567,0.7101716049442898,0.589275011051619
Chair_053_05.obj,Chair_053,M,M,,0.9892521562226917,0.007936048016829232,93.04191805527479,3.8224126828799196,9.398325540790518,0.10107809968328488,3.2142249306074078,2.9239787950622316,0.1975591268875576,0.1806658858214451,0.0010581366898996356,0.819440619686812,0.4624954522202321,1.2969788636995188,2.0166101581046583,0.9754229282823299,0.9552383264819314,0.024577071717670096,0.04476167351806859,0.0031241747026624074,0.0031241747026624074,0.007567753066693649,0.007394502937822551
Chair_053_06.obj,Chair_053,M,M,,0.9857829736855086,0.0024403059839721796,70.33819716431545,1.2072143953864927,5.586923222982532,0.16717549080298633,2.9579577547936795,1.8887772190888936,0.13080112261369314,0.2481229639932515,0.0008068938006136504,0.9243201546175381,0.30126868611294766,1.3273922755018313,1.531018387283798,0.9492771720240458,0.9678258394141488,0.05072282797595418,0.03217416058585121,0.0008957978024301113,0.0008957978024301113,0.00227926061129593,0.0022419944592533933
Chair_053_07.obj,Chair_053,M,M,,0.9892682277257476,0.007924695643588421,93.18125417163556,3.8231133971322984,9.374174547129826,0.10133584663598996,3.2142274259132857,2.9164627463581208,0.1975320234079868,0.18027991724127393,0.0010538241470814443,0.8179604623806191,0.4625628956405012,1.2988314947498316,2.021515456444189,0.9726194796353881,0.9548000059190477,0.027380520364611916,0.04519999408095232,0.003128161034961784,0.003128161034961784,0.007533519054166089,0.007359324755196382
Chair_053_08.obj,Chair_053,M,M,,0.9857735232037834,0.0026988921177722876,70.29147232468074,1.2341246837057003,5.586985555790563,0.16717367872997432,2.9579579221231387,1.8887981851612943,0.13080189681535795,0.24812340782022918,0.00079807699156061,0.9615046410368521,0.21880886990706724,1.2602482987170927,1.3541883887504012,0.947641867580136,0.967606217913573,0.05235813241986398,0.03239378208642696,0.0009391716626482423,0.0009391716626482423,0.0025161582709950776,0.002474733375107116
Chair_053_09.obj,Chair_053,M,M,,0.9606944705729971,0.036397575708314735,25.44171302556765,13.516559487936709,10.179892954484846,0.09559658297730084,4.649151035929418,2.1896240571592203,0.029564795377849912,0.51311651348821,0.00021301531268458967,0.9286508822580208,0.2637773380628894,1.1510924193345669,1.5327505103488215,0.9076680999842204,0.857140469401475,0.09233190001577962,0.14285953059852496,0.01455478193717964,0.01455478193717964,0.030677099060589418,0.028317279733980984
Chair_053_10.obj,Chair_053,M,M,,0.9821498216152692,0.003518063558468556,56.021849106788956,1.2454671623671032,5.944009274940013,0.15910347979137465,3.3370596492142934,1.7812115751381132,0.10918196200519169,0.2710770681327763,0.0008937942172552609,0.8324323445576747,0.4709173443103136,1.8751792285662177,1.9653251726014362,0.9687743414144717,0.9471825117521601,0.031225658585528282,0.05281748824783994,0.0015436832455842109,0.0015436832455842109,0.0033182031688391914,0.003228196630768755
Chair_053_11.obj,Chair_053,M,M,,0.9675978335425987,0.015150469901689603,30.86213390432986,1.8782017380997535,2.133832325622338,0.3799988044209825,1.8217194832435444,1.171328706253022,0.08502288727617684,0.07428087426458735,0.00015516120428472088,0.8108436471228357,0.4844655626138802,1.9374103288921645,2.0170605011846776,0.6525636162685605,0.7720928952610818,0.3474363837314395,0.22790710473891818,0.009201072361859406,0.009201072361859406,0.008760027059766183,0.007633408692317817
Chair_053_12.obj,Chair_053,M,M,,0.9878970963198508,0.00074206796895252,82.624800331119,1.0653180793121582,2.649181914718893,0.31930223058638807,1.9799873625952524,1.3379792035656553,0.12847877193534907,0.10177968042218119,0.00022128614006165998,0.9872770177245361,0.12774365778087743,1.1701706586915892,1.170170782790097,0.9479183974775055,0.9513403896399089,0.0520816025224945,0.04865961036009114,0.0002439692035276165,0.0002439692035276165,0.0006863058113099332,0.0006691917426710064
Chair_053_13.obj,Chair_053,M,M,,0.9821498216152692,0.003518063558468556,56.021849106788956,1.2454671623671032,5.944009274940013,0.15910347979137465,3.3370596492142934,1.7812115751381132,0.10918196200519137,0.2710770681327771,0.0008937942172552609,0.8324323445576798,0.4709173443103096,1.8751792285662012,1.965325172601419,0.9687743414144716,0.9471825117521601,0.031225658585528393,0.05281748824783994,0.0015436832455842037,0.0015436832455842037,0.003318203168839191,0.0032281966307687545
Chair_053_14.obj,Chair_053,M,M,,0.9675978335425987,0.015150469901689603,30.86213390432986,1.8782017380997535,2.133832325622338,0.3799988044209825,1.8217194832435444,1.171328706253022,0.08502288727617682,0.07428087426458738,0.00015516120428472088,0.8108456775872962,0.4844594690911825,1.9373832750310038,2.0170414529125242,0.6525636162685607,0.7720928952610818,0.34743638373143926,0.22790710473891818,0.009201039360778299,0.0092010393607783,0.008760027059766187,0.00763340869231782
Chair_053_15.obj,Chair_053,M,M,,0.9878970963198508,0.00074206796895252,82.624800331119,1.0653180793121582,2.649181914718893,0.31930223058638807,1.9799873625952524,1.3379792035656553,0.12847877193534893,0.10177968042218132,0.00022128614006165998,0.9872770177245361,0.1277436577808774,1.1701706586915892,1.1701707827900965,0.9479183974775055,0.9513403896399089,0.0520816025224945,0.04865961036009114,0.00024396920352761647,0.00024396920352761647,0.0006863058113099332,0.0006691917426710064
Chair_053_16.obj,Chair_053,CA,CA,,0.1839132436728236,0.582283438750962,1.225359917002355,3.4904840734817237,1.346873103376715,0.4713482301032625,1.0369746599528535,1.2988486173956388,0.011963820389754541,0.5280521629699657,5.427924900066415e-05,0.910454914970324,0.3590147326875527,1.5305021338289815,1.5574682941464144,0.9054641595574617,0.8102508302327571,0.09453584044253827,0.18974916976724288,0.2615120759214411,0.2615120759214411,0.4772154134287323,0.427194042364596
Chair_055_01.obj,Chair_055,SL,SL,,0.32439079651358005,0.6726653633837176,1.4801456150085317,229.4992866175241,3.5829479160603013,0.2155980422145609,1.2932260203861923,2.7705504370462535,0.05445758842314636,0.25368227228307766,0.0002059505863518921,0.9981036686038067,0.06062039522367768,1.0828949418266844,1.085065008529916,0.9862540103849725,0.9782324523807884,0.013745989615027487,0.021767547619211625,0.1955240051956942,0.1955240051956942,0.6561984109019398,0.6489779095196232
Chair_055_02.obj,Chair_055,SL,SL,,0.03001408545398624,0.9654825005028763,1.030942805460997,215.38901492387666,9.117669806200475,0.07753071391954854,1.0054724536478803,9.06804534815118,0.061098373738068146,0.7420227518759449,0.0005366078046882196,0.981825064314593,0.1946889132858852,1.2850156940255284,1.2858376974093062,0.8557549314951207,0.8849594644450067,0.14424506850487928,0.11504053555499327,0.3883812878522991,0.38838128785229914,0.7786922218702323,0.7311680326628879
Chair_055_03.obj,Chair_055,M,M,,0.9972036199072821,0.00030854317325556836,357.60517770952276,1.1240206585161239,17.216624778741703,0.05783231606433759,13.699749257720608,1.2567109404265009,0.16172130518773148,0.7531617342706121,0.0005513907394013651,0.9633051925063691,0.24555193591619842,1.419462035095979,1.419462035095979,0.9998915894076852,0.9981873905081479,0.00010841059231481154,0.0018126094918521352,0.00010453352983785191,0.00010453352983785191,0.0003082301200804594,0.0003079505162535178
Chair_055_04.obj,Chair_055,M,M,,0.9972091825143553,0.0002977993487742068,358.31794989946343,1.1194533421746067,17.216624778741703,0.05783231606433759,13.699749257720608,1.2567109404265009,0.16172130518773153,0.753161734270612,0.0005513907394013651,0.9633051351444836,0.24555238406949417,1.4194615229418235,1.4194615229418235,0.99988904245262,0.9981585015698315,0.0001109575473799973,0.0018414984301684534,0.00010089638798033066,0.00010089638798033066,0.0002974921375966139,0.00029721796950437236
Chair_055_05.obj,Chair_055,M,M,,0.9971340782084244,0.0002945563493702906,348.92787477287555,1.1145525036255346,16.90646563084579,0.0580920195360608,5.486460597819399,3.0814885712251208,0.16180551743578947,0.30963993869848877,0.0002338691140225095,0.9565697890804546,0.27077753162610657,1.4598740022122214,1.4598740022122214,0.9982262644006904,0.9903642761037796,0.0017737355993096005,0.00963572389622036,0.00010273145127068803,0.00010273145127068803,0.0002926172696248465,0.0002912006549622831
Chair_055_06.obj,Chair_055,M,M,,0.9971340761510292,0.00029453603835997863,348.92762428382,1.1145436082861857,16.90646563084579,0.0580920195360608,5.486460597819399,3.0814885712251208,0.16180569401421624,0.3096401100753801,0.0002338691140225095,0.956569234783864,0.2707807843656388,1.4598759331761715,1.4598759331761715,0.9982279136507979,0.9903639104570371,0.0017720863492021177,0.009636089542962911,0.00010272437321115077,0.00010272437321115077,0.0002925975219935732,0.00029118094892009353
Chair_064_01.obj,Chair_064,SL,CA,x,0.7173348803548878,0.23459725775887996,3.5377552110257193,5.880542810783481,2.8591740252086653,0.28806433833337997,1.6859362683839993,1.6958968608328544,0.02417892057065263,0.5058645139622103,2.2709011670119507e-05,0.9977299103019257,0.06997179476145435,1.0917567148999299,1.0949928224048802,0.8783529148672827,0.6909061792368025,0.12164708513271727,0.30909382076319747,0.09776173046041674,0.09776173046041674,0.17421337474824186,0.14236756432410025
Chair_064_02.obj,Chair_064,SL,CA,x,0.48381863711491657,0.48137571788146466,1.9373035756472132,14.83039210539381,4.372270673518303,0.17187496054957466,1.1797786811620872,3.7060092229493997,0.026266042030113082,0.5881516849044127,2.319276318000012e-05,0.9975667448903345,0.07741135128339359,1.0971905487895115,1.0985959839490251,0.8347677825250954,0.6084384144666366,0.16523221747490457,0.3915615855333634,0.22046056129583672,0.22046056129583674,0.3231649857881673,0.24449303099899847
Chair_064_03.obj,Chair_064,M,M,,0.9326178090635887,0.06648061762184784,14.840716606314,74.73844871823721,7.328101815379581,0.13149549622386247,4.140593712367582,1.769819094540432,0.04582499715243521,0.11989611350088192,1.3364668876790956e-05,0.9940884693381017,0.09284263013402802,1.1406077434024946,1.1412302244662806,0.5415179501448593,0.7204172316133832,0.45848204985514074,0.2795827683866168,0.03549877328472485,0.03549877328472486,0.0309678953523493,0.02593534292575135
Chair_064_04.obj,Chair_064,M,M,,0.9326178090635887,0.06648061762184784,14.840716606313997,74.738448718235,7.328101815379583,0.13149549622386247,4.140593712367582,1.7698190945404324,0.045824997152241684,0.11989611350088261,1.3364668876790958e-05,0.9940885754388066,0.092841745118699,1.1406055349322115,1.1412291887016475,0.541517950144859,0.720417231613383,0.45848204985514096,0.279582768386617,0.03549875390310195,0.03549875390310195,0.030967895352349284,0.025935342925751333
Chair_064_05.obj,Chair_064,M,M,,0.9986097538380372,1.1875329337951741e-07,719.2970765607773,1.0000854259937668,14.20254070410741,0.0696306181591186,7.548065202921557,1.8816134094583505,0.21556171941816968,0.2185169829938351,0.00011761234678387937,0.999999999992841,3.089579403390984e-06,1.0000048814077156,1.0000052380162736,0.9999957644878108,0.9999993609636387,4.235512189199042e-06,6.390363612718275e-07,3.117305454527461e-08,3.117305454527461e-08,1.1875275245482026e-07,1.1875271451114473e-07
Chair_064_06.obj,Chair_064,M,M,,0.9986097538380372,1.1875329337971489e-07,719.2970765607774,1.0000854259937668,14.20254070410741,0.0696306181591186,7.548065202921557,1.8816134094583505,0.21556171941816976,0.2185169829938352,0.00011761234678387937,0.9999999999923329,3.197330948275841e-06,1.0000051709615798,1.0000053486016163,0.999995764487811,0.9999993609636387,4.2355121889769975e-06,6.390363612718275e-07,3.1173058991205395e-08,3.11730589912054e-08,1.1875275245501777e-07,1.1875271451134224e-07
Chair_064_07.obj,Chair_064,M,M,,0.996129363307012,0.0035020329154106466,258.35542814218644,10.500805819727649,13.169925799449327,0.05416490564742488,1.020944054577222,12.899752675053673,0.3021591605980081,0.02809803927317109,1.2031165887090918e-05,0.9522214109626815,0.23896178222317338,1.091418654067241,1.483534251706057,0.9100052954540157,0.9877662636446083,0.08999470454598435,0.012233736355391711,0.0012361169346055548,0.0012361169346055548,0.003167374843376782,0.003147881188875611
Chair_064_08.obj,Chair_064,M,M,,0.9961293780339806,0.0035020172147527686,258.35641113465675,10.500738128001883,13.169925799449302,0.05416490564742498,1.020944054577222,12.899752675053648,0.30215965000662914,0.02809803927317104,1.2031165887090894e-05,0.9522216214280419,0.23896057641980956,1.0914013965810667,1.4835344465571592,0.9100044202207898,0.9877661939831062,0.08999557977921024,0.012233806016893833,0.0012361080767340918,0.0012361080767340918,0.003167357485757296,0.0031478638264002736
Chair_066_01.obj,Chair_066,M,M,,0.9837540831030374,0.011316926731992744,61.55392806339445,3.2959929626036186,14.415152681866074,0.06828323943630725,6.050621956996939,2.382424944471592,0.07400704430557746,0.6233160416731669,0.0007007465973037537,0.9931256561598515,0.11679770534912466,1.1640504834452434,1.1686755113618794,0.8197591048647906,0.8692917385482226,0.18024089513520936,0.13070826145177739,0.004498085717845135,0.004498085717845135,0.008670853410158521,0.00806455309267825
Chair_066_02.obj,Chair_066,M,M,,0.9964550511020414,0.00037866379469331,282.0915135266017,1.1195924504421255,8.136337046220563,0.11358066045042316,2.533222612861778,3.2118523672406893,0.15530650837963983,0.032753860236800526,9.04586734377616e-05,0.7875017968392432,0.4107109582304377,1.2233033251988548,1.2341489548798237,0.7190614794111275,0.9598629062729057,0.2809385205888725,0.040137093727094286,0.0001570687760249252,0.0001570687760249252,0.0002668182333286787,0.00026135391824575437
Chair_066_03.obj,Chair_066,M,M,,0.9991011301276329,0.0001545925239802112,1112.5080845866203,1.2077082206672065,10.183480324960037,0.09476371953792992,3.94800855564115,2.5793967213202458,0.24782135499259134,0.03379797286784887,0.00013645125399052064,0.9852564783256422,0.1692266405079051,1.240031475111189,1.2557269393864738,0.9307314110010222,0.9934767512870306,0.06926858899897781,0.006523248712969387,5.200574740915175e-05,5.200574740915175e-05,0.000143414822030615,0.00014294552608691867
Chair_066_04.obj,Chair_066,M,M,,0.9991011381293722,0.00015457958776588602,1112.5179882211166,1.2076894628038024,10.491998935134774,0.09386682208072374,6.754697120315417,1.5532893254678437,0.24782188534761307,0.05695257960182375,0.00022993318229137737,0.9852479209975982,0.16927424180062028,1.2401219044763812,1.2558061487164431,0.9307146954238827,0.9934763768682973,0.06928530457611726,0.006523623131702738,5.200463470902395e-05,5.200463470902396e-05,0.00014340021876694883,0.00014293094358762168
Chair_066_05.obj,Chair_066,M,M,,0.9991011387881427,0.00015458874210715572,1112.5188035796564,1.2077045008734093,15.230578288103011,0.06512999452840809,9.14786219953715,1.6649330688617539,0.24782211542232505,0.1106450798100771,0.0004467059976339519,0.9852583909216023,0.16921527993816543,1.2400127941986339,1.2557024090286932,0.930686339262155,0.9934752826306888,0.06931366073784495,0.00652471736931115,5.2006396884284955e-05,5.2006396884284955e-05,0.00014340426309495148,0.00014293489570705282
Chair_066_06.obj,Chair_066,M,M,,0.9991011325072906,0.00015459717433774828,1112.5110298354907,1.207716430788381,30.314901850796417,0.03280960190259609,10.122414941309415,2.9948290028235967,0.24782292665803232,0.24300725480870355,0.000981094328098261,0.9852489592461284,0.1692671826648795,1.240103142186507,1.2557993548091457,0.9307003523264405,0.9934768012190518,0.06929964767355945,0.006523198780948203,5.2010955311338924e-05,5.2010955311338924e-05,0.00014341435381720697,0.0001429450630095995
Chair_066_07.obj,Chair_066,M,M,,0.9991011335322519,0.00015459681403569162,1112.5122984117866,1.2077161321850178,30.314901850796417,0.03280960190259609,10.122414941309415,2.9948290028235967,0.24782298486192286,0.24300718660447598,0.000981094328098261,0.9852522911566063,0.16924603708887817,1.240062245866363,1.2557663497102647,0.9307319057484633,0.9934782690546973,0.06926809425153668,0.006521730945302728,5.200803601255012e-05,5.200803601255012e-05,0.00014341898732802777,0.0001429497873059755
Chair_066_08.obj,Chair_066,M,M,,0.9991011380941219,0.00015459465180579074,1112.517944592083,1.2077138967165757,15.230578288103011,0.06512999452840809,9.14786219953715,1.6649330688617539,0.2478240755183417,0.11064379941722643,0.0004467059976339519,0.9852587837491293,0.1692101428792053,1.2399905670212041,1.2556916310504527,0.9307172216719443,0.9934766756258275,0.06928277832805574,0.006523324374172468,5.200623019824815e-05,5.200623019824815e-05,0.00014341460412236495,0.00014294530343070272
Chair_066_09.obj,Chair_066,M,M,,0.9991011314001208,0.0001545964871949611,1112.5096595141315,1.2077150067782403,10.491998935134774,0.09386682208072374,6.754697120315417,1.5532893254678437,0.2478228650005935,0.05695220252242051,0.00022993318229137737,0.9852555740285295,0.16922866270093193,1.2400357148616057,1.2557342803918283,0.9307149763485243,0.9934778562267769,0.06928502365147571,0.0065221437732231324,5.200805422161933e-05,5.200805422161933e-05,0.00014341604572762332,0.00014294682553202346
Chair_066_10.obj,Chair_066,M,M,,0.9991011283725384,0.0001545968512831525,1112.505912355577,1.207714752625469,10.18368538487271,0.09476182849948182,3.94800855564115,2.5794486614084615,0.24782139985650567,0.03379865396007247,0.00013645400164469587,0.9852530696077352,0.16924252399155562,1.240048853192048,1.2557557575672178,0.9307323686537735,0.9934769481792799,0.06926763134622649,0.006523051820720105,5.200779241818905e-05,5.200779241818906e-05,0.00014341899818347116,0.00014294970278575864
Chair_066_11.obj,Chair_066,M,M,,0.9964550523232057,0.000378704192380613,282.09161070155216,1.1196067813007555,8.13633704622057,0.11358066045042306,2.533222612861778,3.211852367240692,0.15530711873493608,0.03275357588285382,9.045867343776167e-05,0.7875562284090807,0.4106608530241039,1.223877390704981,1.2342515060596164,0.7190614138410445,0.9598628701273529,0.2809385861589555,0.04013712987264706,0.00015710434714275452,0.00015710434714275454,0.0002668466695351254,0.00026138176706951634
Chair_066_12.obj,Chair_066,SL,SL,,0.0924935938198476,0.9023449451994245,1.1019205960306448,175.8235525887567,16.923076916568046,0.04222337336316451,1.0232558139296917,16.53846153210059,0.0853000831253387,0.8787154498207,0.000542974467393071,0.9982778767310897,0.05993209134724926,1.078757906664817,1.0808749627411527,0.8274299060537771,0.647322122301222,0.1725700939462229,0.352677877698778,0.40146255570780287,0.40146255570780287,0.614967746263398,0.48330829929233554
Chair_066_13.obj,Chair_066,CA,M,x,0.8784287487370338,0.018454977894246515,8.22562891809728,1.1789725063684273,1.2124294736203984,0.520466952898935,1.0969599999477637,1.105263157836565,0.04166075218908268,0.4045863842894148,0.00012119988530530627,0.9775402794354422,0.17255753312593694,1.0961969248303127,1.3220872391101126,0.5772954786741421,0.668305795827326,0.4227045213258579,0.33169420417267403,0.010179437373763386,0.010179437373763386,0.0088870443686099,0.007120113439840047
Chair_066_14.obj,Chair_066,M,M,,0.9872784174891631,0.01133565700431122,78.60657266086193,9.17912431092825,3.864582570859056,0.20345579754319257,1.3476870178474225,2.867566815947049,0.1521653569778785,0.03717355828500018,0.00015056497943064003,0.9973475014231762,0.05865218233548782,1.0862469806135333,1.0925997314701927,0.8074745200553667,0.9075462225177353,0.19252547994463332,0.09245377748226469,0.004250264419629655,0.004250264419629655,0.00873012773558882,0.008307001272109179
Chair_066_15.obj,Chair_066,M,M,,0.9872717535584918,0.011340213248896131,78.56541783620287,9.169987078481435,3.864582570859056,0.20345579754319257,1.3476870178474225,2.867566815947049,0.1521673916036552,0.03717311254776618,0.00015084746532075379,0.9979727380360338,0.05187709918580153,1.0686982088636718,1.0819534939457387,0.8071356184815874,0.9074867597422608,0.19286438151841256,0.09251324025773922,0.004225284431056037,0.0042252844310560365,0.008729699025636098,0.008306308016911325
Chair_066_16.obj,Chair_066,M,M,,0.987301173958,0.011313153827778017,78.74743670728793,9.16437950542363,4.494477683334385,0.20511939913286992,2.8050323650103612,1.6022908466182513,0.15216608323741346,0.057204150776351013,0.00023082712269766333,0.9980429556118434,0.051233224879301355,1.0658004301837258,1.0811310074702367,0.8082917155856866,0.9076840151133777,0.19170828441431342,0.0923159848866223,0.0042064689034653985,0.004206468903465398,0.00872224466959235,0.00830016082304523
Chair_066_17.obj,Chair_066,M,M,,0.9872989276924534,0.011319470811207051,78.7335097214653,9.193007057714537,20.217602204865134,0.04831998163463811,4.694539123642164,4.306621303908136,0.15216486579731373,0.3779185897455292,0.0015220625088092896,0.9982543839522221,0.04779487478437495,1.0689749491083687,1.075398668583783,0.8085347691786421,0.9077218068319826,0.1914652308213579,0.09227819316801744,0.004202587348602468,0.004202587348602468,0.008729912138693936,0.008307638557824203
Chair_066_18.obj,Chair_066,M,M,,0.9873036224181766,0.011312778647146849,78.76262292568308,9.17634240882323,4.4944776833343845,0.20511939913286995,2.805032365010361,1.6022908466182513,0.1521668880388766,0.05720391019982598,0.00023039242001838344,0.9978149824949898,0.05350841648138026,1.0738891218901272,1.0845582880281706,0.808595430300581,0.9077332284023376,0.191404569699419,0.09226677159766239,0.004216015477787743,0.004216015477787743,0.00872545776524451,0.008303454412404092
Chair_066_19.obj,Chair_066,SL,SL,,0.00011479998396147576,0.46725175122894563,1.000114813138679,1.87724823190721,1.1162327039294109,0.5506242029881867,1.0881307046379016,1.0258259407521642,0.22211185730601912,0.4105940189238738,0.0033521489589210347,0.9964232935433539,0.08658174504937535,1.1223907726751023,1.122395963410203,0.776603026426069,0.49999177718320875,0.22339697357393096,0.5000082228167912,0.24061794075147455,0.24061794075147455,0.2721503511772966,0.1814315782473132
Chair_066_20.obj,Chair_066,SL,SL,,0.00011491928637031058,0.4672511010565302,1.0001149324684986,1.877246136890308,1.1162495144097344,0.5506210704215307,1.0881470919017182,1.0258259407521642,0.2221114063971843,0.4105894348055787,0.003352098476270527,0.9964235844735453,0.08657794921485724,1.1223835158449127,1.122386510120821,0.7766182760986943,0.5000036940301831,0.22338172390130573,0.4999963059698169,0.24061275650288572,0.24061275650288572,0.2721574786927811,0.18143921277782293
Chair_066_21.obj,Chair_066,SL,SL,,0.00011463387023186286,0.4672530500067956,1.0001146469868307,1.8772525358245231,1.3098541371326498,0.493755702117682,1.1125680192189904,1.1773249943243553,0.2221113267515184,0.497519439179253,0.004061827924892826,0.9964238754555432,0.08657722190706156,1.1223870086126408,1.1223905718850662,0.776581952192607,0.5000017365926297,0.22341804780739305,0.4999982634073703,0.2406202088786303,0.2406202088786303,0.27214552937691927,0.1814307730116114
Chair_066_22.obj,Chair_066,SL,SL,,0.00011304129386974709,0.46725249434622307,1.0001130540478165,1.8772479544332794,1.6040717266808489,0.40336794351891986,1.0000050429759915,1.6040636371567856,0.2221127143369629,0.7541478724286789,0.006157028057188994,0.996423583398471,0.08657941037247244,1.1223882977896478,1.1223882977896478,0.7768001729873986,0.5000123371338847,0.22319982701260144,0.4999876628661153,0.24058278986210296,0.24058278986210296,0.2722236027819792,0.18148538712701887
Chair_066_23.obj,Chair_066,SL,SL,,0.00011397688700308305,0.46725693054817086,1.0001139898533828,1.877265130735367,1.3098561162725146,0.49375539005940106,1.1125697002670223,1.1773249943243553,0.22211350775545655,0.4975117742264706,0.0040618217876343355,0.9964236249848577,0.08658010701245986,1.1223875185315764,1.122391761351097,0.7764628493797325,0.5000036950323603,0.22353715062026747,0.4999963049676397,0.2406415699729941,0.2406415699729941,0.2721064060573948,0.18140516442892904
Chair_076_01.obj,Chair_076,OB,CA,x,0.7699371718518561,0.19346180869996865,4.346638733641955,6.285694541208979,3.0967412748208996,0.2801891946911561,2.1129057100152777,1.4656315518846172,0.015820597568893136,0.643311999007335,5.8182224026499735e-06,0.9988460950195914,0.03793223065696013,1.0554328972751643,1.0614757326460502,0.9970342006381588,0.9693103682670324,0.0029657993618411593,0.03068963173296757,0.05496370709463284,0.05496370709463282,0.18992820833774293,0.18696837688430018
Chair_076_02.obj,Chair_076,OB,OB,,0.3600385525137068,0.5748214229815721,1.5625941280179287,9.824396787567192,3.851351299304039,0.2021877967491293,1.3110919937543244,2.9375141619355825,0.0140719937438997,0.9086293605345316,4.436318867358076e-06,0.9995578548554113,0.03154463006016915,1.0407673209064523,1.0419199513315762,0.9978573807548724,0.9728687563762022,0.002142619245127597,0.02713124362379782,0.16088296921553472,0.16088296921553472,0.5658086972424824,0.5580275949467846
Chair_076_03.obj,Chair_076,OB,OB,,0.7431561806065046,0.2098092156892855,3.8934166388014635,5.460741649035288,3.987199999840498,0.21260406397786094,1.744166107294489,2.286020799908551,0.013113523948259884,0.9755208923325714,3.7354541317806885e-06,0.9906875700825644,0.09816843123530605,1.1368777165947324,1.1541162578499822,0.9957731364036493,0.9726302580632795,0.004226863596350716,0.027369741936720482,0.06294462531989285,0.06294462531989287,0.2060633049302979,0.20320422910728622
Chair_076_04.obj,Chair_076,OB,OB,,0.7488380089353887,0.20516787392688698,3.981494157460728,5.460741649034981,4.032053439838716,0.2108965754110845,1.7637868561517234,2.2860207999085587,0.013092290510309882,0.9755186826551367,3.6939001270370103e-06,0.9906615455114393,0.09845872654712864,1.137077818942324,1.1543487749999717,0.9957695509241911,0.9726173796321698,0.00423044907580894,0.027382620367830235,0.06156400230476616,0.06156400230476616,0.2015027880859187,0.1987056544875901
Chair_076_05.obj,Chair_076,OB,OB,,0.748838020342734,0.20516856763265376,3.981494338293348,5.460825118232509,4.032053439838718,0.21089657541108445,1.7637868561517234,2.2860207999085596,0.013092307975245217,0.9755108616602439,3.693900127037012e-06,0.990661651999048,0.09845621432593725,1.1370809777099187,1.1543443116800425,0.9957695190645464,0.972617348288168,0.00423048093545364,0.027382651711831962,0.06156415352029362,0.06156415352029362,0.20150345975053507,0.19870631358234067
Chair_076_06.obj,Chair_076,OB,OB,,0.5435707090083985,0.4381239268184025,2.1909198636823537,24.93418249825461,6.392075057736311,0.12334199471246712,1.3082274751221774,4.886057798973725,0.01711258872405129,0.9755254715483449,4.4917200035451415e-06,0.990101950141555,0.1118112718296757,1.167527349606288,1.176214077333845,0.9954858592182338,0.9720509781290116,0.004514140781766152,0.027949021870988355,0.13367052829970125,0.13367052829970125,0.43005124425857993,0.4239563147842758
Chair_076_07.obj,Chair_076,SL,SL,,0.29666226192603595,0.06147325633308815,1.421792043638723,1.095772952182644,1.19999999976,0.5076730825152632,0.9999999998333333,1.19999999976,0.10724194568940987,0.7764567906341164,0.00048333333333330645,0.9964591517638263,0.07568043868727012,1.0887595980163298,1.110914540525966,0.8547356447515914,0.7355809546808068,0.14526435524840864,0.26441904531919325,0.02537823260728572,0.02537823260728572,0.04559664775034739,0.03864991211385284
Chair_076_08.obj,Chair_076,SL,SL,,0.2897115047720739,0.03635150754464221,1.4078786390357585,1.0539390301960618,1.19999999976,0.5076730825152632,0.9999999998333333,1.19999999976,0.10724116595539915,0.7764749943841138,0.0004999999999999721,0.9977594385112029,0.05776246765022885,1.0704479865990884,1.077398016103211,0.8641766833199661,0.7747621698067744,0.1358233166800339,0.22523783019322563,0.014276635717812566,0.014276635717812564,0.027876300522217574,0.02433847582082552
Chair_076_09.obj,Chair_076,SL,SL,,0.2966583358088171,0.0614772199500876,1.421784107066061,1.0957791329401227,1.19999999976,0.5076730825152632,0.9999999998333333,1.19999999976,0.1072418489768665,0.7764590232868951,0.00048333333333330645,0.9964591404568637,0.07568060459420406,1.0887600637520032,1.1109153149615991,0.8547358349143648,0.7355870038462712,0.14526416508563522,0.2644129961537288,0.025379759408768323,0.025379759408768323,0.04559975676689602,0.03865273061153988
Chair_076_10.obj,Chair_076,SL,SL,,0.28970951510520304,0.03635351919643335,1.4078746952838064,1.0539420168813736,1.19999999976,0.507674338614086,1.000006666544441,1.1999919997600035,0.1072411221778842,0.7764811802308698,0.000500003333355527,0.9977594768787383,0.05776210583689837,1.070445510523043,1.0773981347734365,0.8641785243492919,0.7747712008777803,0.13582147565070812,0.22522879912221971,0.014277296873705138,0.014277296873705138,0.027878044415824182,0.02434015825757094
Chair_085_01.obj,Chair_085,CA,CA,,0.5381601288169937,0.446865756234386,2.165252639270996,30.842548809546976,3.069224403144048,0.2589412827799443,1.4478159948847225,2.119899499577281,0.04270213512996575,0.4510179971889763,0.0018480367348566698,0.737300159416545,0.48024225649797525,1.4338874644745065,1.7524071583046332,0.8256542132948791,0.6886206144236452,0.1743457867051209,0.3113793855763548,0.22781928180866698,0.22781928180866698,0.31151385557592753,0.25407111673973193
Chair_085_02.obj,Chair_085,SL,SL,,0.42070921331272265,0.5735291512836828,1.7262487562043491,100.54277060388407,8.678619429285101,0.08161188757619281,1.0100952597756527,8.591882146826322,0.05960165188535874,0.6735786856932986,0.0011133851906735808,0.7467164291889449,0.39374612799043646,1.2392967175406822,1.2813302200153347,0.7876707268264485,0.4988274828317123,0.21232927317355155,0.5011725171682877,0.3022707593557369,0.3022707593557369,0.3385492490255544,0.22534637460333432
Chair_085_03.obj,Chair_085,CA,CA,,0.5531015988840252,0.4412825314769638,2.2376450609412184,79.57777331782341,1.1338645442456696,0.5516444736556737,1.1336059144000838,1.000228147904561,0.029315067689883685,0.091548073603659,3.774474878586928e-05,0.9922697569392116,0.06730635548999592,1.0679879578620226,1.0756089706720522,0.6860229098519789,0.7259765841743837,0.3139770901480211,0.2740234158256163,0.2072232507428003,0.20722325074280032,0.26125238207053014,0.2197748378303861
Chair_085_04.obj,Chair_085,CA,CA,,0.5528471634270005,0.4415220289439387,2.2363718134133608,79.41184747014094,1.1338645442456694,0.5516445204873947,1.1336062305014596,1.0002278689951078,0.02931525215210783,0.09154755523696617,3.7859543170881284e-05,0.9923344729174838,0.06712016697362638,1.0746511695235943,1.0865970171750927,0.68787359059814,0.7277980706560265,0.31212640940186,0.27220192934397347,0.20735030503325647,0.20735030503325647,0.2623759365622936,0.22104052974674412
Chair_095_01.obj,Chair_095,M,M,,0.9504016207813495,0.04439062217516954,20.16194915546648,9.523942611860843,12.824851711700243,0.07517935326307039,3.7894736841274237,3.384335868365342,0.02077473449434667,0.8054948389897434,0.0001290577224209333,0.9999649342938313,0.007251217606371925,1.0107156133773079,1.0113793531013944,0.946144506727254,0.9356291156101378,0.05385549327274597,0.06437088438986216,0.01344314600214242,0.01344314600214242,0.040648156573285486,0.03929636982532928
Chair_095_02.obj,Chair_095,SL,SL,,0.11296494573096663,0.8858550711639991,1.1273511629408401,751.7353854339722,3.4348274364307616,0.21867526978396085,1.2058184454839906,2.848544446454778,0.03753351198607658,0.12234414257009167,0.0002933545379944907,0.9998415477196987,0.017512770667638254,1.0226533970713405,1.024083211714877,0.655197309807848,0.45617611079685594,0.34480269019215204,0.5438238892031441,0.48820591627179194,0.48820591627179194,0.4225894859420108,0.26476911237772977
Chair_095_03.obj,Chair_095,SL,SL,,0.11296495252725308,0.8858550627372214,1.127351171578381,751.7343409337718,3.4348274364307616,0.21867526978396085,1.2058184454839906,2.848544446454778,0.03753351427801728,0.12234417550477496,0.0002933545379944907,0.9998414992124898,0.017510946353766873,1.0226478351852584,1.024078356063977,0.6551972771560617,0.4561760030406905,0.3448027228439383,0.5438239969593095,0.4882051577276374,0.4882051577276374,0.4225894295909559,0.26476903412157216
Chair_095_04.obj,Chair_095,M,M,,0.9994776214185985,0.0004799066731585105,1914.320448049279,12.299390420080002,113.98730595323266,0.008767008099790159,28.070376519104748,4.060768684315958,0.08311632274385315,0.9197393480005768,0.004246887501725485,0.9950203089826606,0.08644995770910087,1.1164857453230925,1.132044368505806,0.9667235698165669,0.9562543142011981,0.03327643018343307,0.04374568579880189,0.00014954944055260602,0.00014954944055260605,0.0004537894691204982,0.00044364184598640874
Chair_138_01.obj,Chair_138,SL,SL,,0.16582615198051304,0.8309296976151499,1.1987908783930492,257.1316813499339,3.8587531996262845,0.19291586579769293,1.1645274177283786,3.3135786592889245,0.04075690797572268,0.4410803543208743,1.9463188888593765e-05,0.5776856064438184,0.6047422800692531,1.423047199043132,1.496033666987746,0.7438107602101317,0.7797784534970877,0.2561892397898683,0.22022154650291226,0.40196207071033074,0.40196207071033074,0.549999996656216,0.4819455432481325
Chair_138_02.obj,Chair_138,OB,OB,,0.1364457867680685,0.8526720595087741,1.1580048880280132,79.3550831205429,4.530925599493701,0.15484196683819773,1.0086414478794723,4.492107288391754,0.02886540780845835,0.9749353875994548,2.1312890610966647e-05,0.7476768438202817,0.45901512441246634,1.3169629759801298,1.354312961000456,0.8119521083563569,0.8510720352468774,0.1880478916436431,0.14892796475312264,0.365999849627479,0.365999849627479,0.6407753111995984,0.5892217459444907
Chair_138_03.obj,Chair_138,M,M,,0.9900746586027859,0.004242080679623043,100.75220186182887,1.746416694590254,12.504724133619058,0.07911234608016908,8.0585999982092,1.551724137395957,0.12568633873738552,0.8192298853563044,0.0002282133943575901,0.9962946186667472,0.07164672769736564,1.1091321855238254,1.1203252448706562,0.820352213339647,0.9716149788702553,0.17964778666035297,0.028385021129744725,0.001509202630739432,0.001509202630739432,0.003430610334029763,0.003381220393365408
Chair_138_04.obj,Chair_138,M,M,,0.9900406193210426,0.004311783659518902,100.40784986887103,1.7634722598609835,12.50472413361906,0.07911234608016907,8.0585999982092,1.5517241373959572,0.12568303832860003,0.8192098237547741,0.00022821339435759015,0.9949668853531308,0.08512969139943484,1.1404193304116006,1.1404193304116017,0.8202063021315777,0.9716122792091338,0.17979369786842225,0.028387720790866156,0.001554118209862487,0.001554118209862487,0.0034863548037372665,0.003436157476509173
Chair_138_05.obj,Chair_138,M,M,,0.9883585989801026,0.006053351910776531,85.90031374149014,2.0832674860701137,12.504724133619058,0.0785096451663769,5.666203124114657,2.2068965509631386,0.12254270291135819,0.615103657165939,0.0001901778286313263,0.9997167119278256,0.020539410418922002,1.0259602297854085,1.0259602297854085,0.8002574514728055,0.9614457059060263,0.19974254852719453,0.03855429409397371,0.0021148783709189177,0.0021148783709189177,0.0047508568466959195,0.0046574737204057755
Chair_138_06.obj,Chair_138,M,M,,0.9884851152656673,0.0058428663481528125,86.8441172509612,2.030121193204588,12.50472413361906,0.0785096451663769,5.666203124114657,2.206896550963139,0.12255217759106984,0.6151460010775771,0.00017977747862805066,0.9998034990667017,0.0163148797527852,1.022665482758366,1.022665482758366,0.801158947926075,0.9614378073980141,0.198841052073925,0.0385621926019859,0.002034717873513912,0.002034717873513912,0.004590808597928347,0.004500552539497919
Chair_171_01.obj,Chair_171,M,M,,0.9919022917282737,0.006997921248935529,123.49172956638613,7.36297856168581,27.184042537474454,0.036707548236792856,18.438243130024215,1.4743293238469377,0.1833410066191213,0.7616968415447156,0.0014370460625198732,0.9999813095119128,0.006892476914239286,1.0086593252706393,1.0086631483819568,1.0,1.0,0.0,0.0,0.001849644185395948,0.001849644185395948,0.006997921248935529,0.006997921248935529
Chair_171_02.obj,Chair_171,M,M,,0.9919022917282737,0.0069979212489355205,123.49172956638616,7.362978561685762,27.184042537474454,0.036707548236792856,18.438243130024215,1.4743293238469377,0.18334100661912134,0.7616968415447154,0.0014370460625198732,0.9999813095119128,0.006892476914239295,1.0086593252706393,1.0086631483819568,1.0,1.0,0.0,0.0,0.0018496441853959457,0.0018496441853959457,0.0069979212489355205,0.0069979212489355205
Chair_171_03.obj,Chair_171,M,M,,0.9919022917282737,0.0069979212489355205,123.49172956638616,7.362978561685762,27.184042537474454,0.036707548236792856,18.438243130024215,1.4743293238469377,0.1833410066191213,0.7616968415447154,0.0014370460625198732,0.9999813095119128,0.006892476914239284,1.0086593252706393,1.0086631483819568,1.0,1.0,0.0,0.0,0.0018496441853959457,0.0018496441853959457,0.0069979212489355205,0.0069979212489355205
Chair_171_04.obj,Chair_171,M,M,,0.997456568078917,0.00026176227475219725,393.1695563425988,1.1147240026612817,25.37464979734003,0.03933210808445226,20.491399308794588,1.238307321455087,0.10612156768319174,0.7991124236252873,0.00256459414625647,0.9999971294778901,0.0024043876218983067,1.0033749696360936,1.0033857974548666,0.9178389383189406,0.9839394932604071,0.08216106168105941,0.016060506739592917,7.767999928733735e-05,7.767999928733735e-05,0.00023832629494193838,0.00023639698153336922
Chair_171_05.obj,Chair_171,M,M,,0.997456567933848,0.0002617663967201475,393.16953391749547,1.1147260091838733,25.37457054613822,0.03933223073853157,20.491399308794588,1.238303453920196,0.10612104216015804,0.7991134025288482,0.002564586136405302,0.9999971300918508,0.002404135884827268,1.0033745952056783,1.0033854415086512,0.9178387363725816,0.9839394709477761,0.08216126362741838,0.016060529052223882,7.76812236382929e-05,7.76812236382929e-05,0.00023832999274506821,0.00023640064669971236
Chair_171_06.obj,Chair_171,OB,OB,,0.159947602385488,0.8383679851257191,1.1904019354501105,498.72130680787205,15.981566661339478,0.04605842671181763,1.089981744457075,14.662233328445922,0.07487232609802741,0.9983867830185985,0.00010874397317292901,0.8689448339777985,0.3386643437050497,1.131057435331177,1.1310682397844063,0.9999999943506278,0.9999999962368963,5.649372192273461e-09,3.76310371752453e-09,0.24683873464356607,0.24683873464356607,0.8383679788120335,0.8383679772346005
Chair_171_07.obj,Chair_171,M,M,,0.9960194502983439,2.9636671046760136e-05,251.2215836882318,1.007501220753968,10.645785894297168,0.09311586079290247,10.645785894297168,0.9999999997495109,0.11202559870837854,0.7320079141902307,0.002214521617533736,0.9999621076009353,0.007281939161047115,1.008811479351469,1.0099167867563599,0.86865427633313,0.9754742700431871,0.13134572366687003,0.024525729956812903,9.417711011428568e-06,9.417711011428568e-06,2.5428325587018844e-05,2.5112630132991236e-05
Chair_171_08.obj,Chair_171,M,M,,0.9960194232289158,2.9662515766918837e-05,251.2198752864157,1.0075077598817963,10.645785894297168,0.09311585877053387,10.645759227832826,1.0000025046403103,0.11202617315681425,0.7320060416904656,0.0022145160704128046,0.9999620894970392,0.0072849680668559125,1.0088186122726925,1.0099165398712948,0.8686602422971882,0.9754763111626203,0.1313397577028118,0.024523688837379654,9.425865738059838e-06,9.425865738059838e-06,2.545070150263502e-05,2.5134754872034158e-05
Chair_171_09.obj,Chair_171,M,M,,0.9851461057013943,0.013810090748006225,67.3224125537001,14.230545862643073,22.1999999889,0.04459488939643664,7.399999998766667,2.9999999985,0.13251814843553306,0.9791453842174302,0.0021996996996996583,0.9999883494039924,0.003927777389143747,1.0061179181628035,1.0068057935010821,0.9991925096846892,0.9866426410112373,0.0008074903153107993,0.013357358988762669,0.0037016117369930253,0.0037016117369930244,0.01370678054097083,0.013614621848468017
Chair_171_10.obj,Chair_171,M,M,,0.982791334496754,0.015999388888333937,58.110258451541796,14.230545179486949,20.649999989675,0.04786812689011169,6.883333332186111,2.9999999985,0.13279417067352073,0.9789254200488067,0.002364810330911978,0.9999883494024003,0.00392777778115812,1.006117929210071,1.006805788794812,0.999131899030631,0.9857596053391319,0.0008681009693689568,0.014240394660868128,0.004293001902453916,0.004293001902453916,0.015871679890305333,0.015757859977280003
Chair_171_11.obj,Chair_171,M,M,,0.9861432925811626,0.012879194924747428,72.16721619165918,14.175478576918575,22.9999999885,0.043073049224467155,7.666666665388889,2.9999999985,0.13239034798911758,0.9792422342615358,0.0021014492753622807,0.9999226458261997,0.010131507240810788,1.0138663967843384,1.014848904506968,0.9992053520725925,0.9870536780413385,0.0007946479274074658,0.012946321958661522,0.0034715757284639825,0.0034715757284639825,0.012785657646245872,0.01270235479329794
Chair_171_12.obj,Chair_171,M,M,,0.9828073553934175,0.01597901910343888,58.16440826194253,14.166350790918782,20.649999989675,0.04786812689011169,6.883333332186111,2.9999999985,0.13279423230035722,0.978920272607685,0.0023728813559321556,0.9999999999972157,1.9267445620787467e-06,1.0000029851294516,1.0000033213568444,0.9991318990314754,0.9857596053457862,0.0008681009685246321,0.014240394654213784,0.004267621514706996,0.004267621514706996,0.01585147269948817,0.015737797697497235
Chair_244_01.obj,Chair_244,SL,CA,x,0.790259087711617,0.1714855715295771,4.767787023949488,5.482657012798495,3.2619040117441176,0.26077489478569976,1.863155097481249,1.7507420697630107,0.021401998791813398,0.6559462168240344,1.576446330927371e-05,0.9994421031634699,0.02754158771561421,1.0407748149839064,1.0446820044409648,0.9750709262492686,0.9242359387697203,0.02492907375073139,0.07576406123027968,0.05183630154687325,0.05183630154687324,0.1608763181881227,0.15454204130651544
Chair_244_02.obj,Chair_244,OB,OB,,0.25855736879704677,0.7114478816522227,1.348722015589294,24.719080582713953,4.497140016271938,0.16931035340178438,1.2167652085121388,3.695980115745088,0.019590923955121655,0.918078196691252,1.5065396510445314e-05,0.9958716678676267,0.0761967677562088,1.106721344911256,1.1288314584314907,0.9915605063638913,0.9658526927935319,0.008439493636108741,0.03414730720646808,0.21225920033517245,0.21225920033517245,0.6933991217476688,0.681354621712742
Chair_244_03.obj,Chair_244,M,OB,x,0.8610350022987355,0.1380052798732976,7.19605668003965,144.79776623043395,9.1549260592688,0.09144780652336867,1.5526658792495573,5.896262796396489,0.015437093016683296,0.3502949982682671,4.3817668604006284e-05,0.9992622544833379,0.026808123255305426,1.0379564411159348,1.0452832658780506,0.9825559621371334,0.9193099783328436,0.017444037862866635,0.08069002166715644,0.04152503468073436,0.04152503468073436,0.1301272113759269,0.1246565122059415
Chair_244_04.obj,Chair_244,M,M,,0.6698344214730806,0.3292714106197474,3.0287833288422337,369.2433779814432,23.40822139956032,0.031028828056564026,1.0577938584199356,22.129284654889783,0.014880501721734048,0.8482914308036128,0.00025052427181058144,0.9998465536956728,0.012967885924453105,1.0187517993037347,1.0229779207224992,0.8122210975862536,0.7989538251650362,0.1877789024137464,0.2010461748349638,0.12926321086879364,0.12926321086879364,0.2405571727640166,0.21367315899068795
Chair_244_05.obj,Chair_244,M,M,,0.9827569220014089,0.012068105415177508,57.994286175654025,3.332013401050265,11.120498239792479,0.08841996988928805,6.175215280696517,1.8008276200464692,0.14966590324563125,0.9961969134396758,0.00036102512274908965,0.9869213436476109,0.12966890782230744,1.208543649375986,1.208543649375986,0.9927986645673833,0.9915234095894938,0.007201335432616696,0.00847659041050619,0.0036989159383012692,0.0036989159383012692,0.011930419082025853,0.01187963922400507
Chair_244_06.obj,Chair_244,M,M,,0.3491405140718972,0.6499206722564072,1.5364299385971405,693.2786617310401,23.362407672318227,0.03108962390602109,1.0577943644645436,22.085963450706867,0.014877420432604227,0.8468064583323146,0.00029970907194764944,0.9998980471933224,0.010286712395774417,1.0141502925093102,1.0184851039375968,0.627071879551612,0.5219684817847184,0.37292812044838797,0.47803151821528156,0.3507013370115632,0.3507013370115632,0.31013682730939107,0.21272667710750967
Chair_244_07.obj,Chair_244,M,M,,0.9823485500033176,0.01249313889726069,56.652569629540174,3.4219436664179894,11.120485700083407,0.08842006628623077,6.175208317393128,1.8008276200464692,0.14966551443049134,0.9961969560490848,0.0003500853622779293,0.9871471463429828,0.1279860063769531,1.2235776130555607,1.2235776130555607,0.959531096949732,0.9839970794789608,0.04046890305026796,0.016002920521039243,0.004027665035955242,0.004027665035955243,0.011891637323316755,0.011795719376199595
Chair_244_08.obj,Chair_244,M,M,,0.7306699167578256,0.2685792234071573,3.712916091518516,358.6955523275355,29.942340412790493,0.025666019316092928,1.202033212650231,24.909744670251172,0.014026273256611481,0.9430901349885021,8.678020653339184e-05,0.9991859162882436,0.029214416407594805,1.0406182360156826,1.047787017154313,0.9559543178290186,0.9411353929772119,0.04404568217098137,0.05886460702278806,0.08170724514231881,0.08170724514231881,0.2491927400179822,0.24163601174072777
Chair_244_09.obj,Chair_244,M,M,,0.9994603701661533,4.955163589938471e-13,1853.1221538873535,1.0000000007529668,30.439818167981898,0.03281630998333976,30.439818167981898,0.9999999995454545,0.19121637340405234,0.7500173646693973,0.00022213776599207347,0.9999999999524013,7.966495442082455e-06,1.0000119489472965,1.000012781211106,1.0,1.0,0.0,0.0,1.3007424743563032e-13,1.3007424743563032e-13,4.955163589938471e-13,4.955163589938471e-13
Chair_244_10.obj,Chair_244,M,M,,0.9989130605689451,2.808429073242038e-09,920.0144657824632,1.0000025836367596,21.778609595870627,0.04581861571127389,21.44777271752374,1.0154252319252346,0.18886179068609582,0.7814143860432393,0.00048019923635429703,0.999999999999996,7.232112173092288e-08,1.000000107009328,1.0000001191477694,0.9999977403695509,0.9999998636819305,2.2596304490862806e-06,1.363180694990973e-07,7.372150299143157e-10,7.372150299143157e-10,2.8084225358108077e-09,2.8084223443914256e-09
Chair_267_01.obj,Chair_267,CA,CA,,0.11343630323301451,0.784320389853894,1.1279505394211444,8.671117196161351,2.1998281595330753,0.33045947570706685,1.207680975894855,1.8215308540818975,0.022438476101971937,0.4769622060171702,8.107226582051713e-05,0.9109069548512512,0.3950900964473378,1.5928157732237787,1.6599806363281888,0.9032691812937752,0.8286230913502896,0.0967308187062248,0.17137690864971045,0.36009803482378966,0.36009803482378966,0.647746242176233,0.5870400479371246
Chair_267_02.obj,Chair_267,SL,SL,,0.3714478621452525,0.6045191982831961,1.5909579170508794,26.153776818798093,3.2415612979314727,0.23624659881203572,1.2803968734975464,2.5316847962486326,0.051399368151427496,0.43191568214132675,9.657481483561326e-05,0.9915081114024714,0.0782978156036841,1.08804686099441,1.1717086160947356,0.7926583163334909,0.7801650011827779,0.20734168366650907,0.21983499881722213,0.2569289864236633,0.2569289864236633,0.4265072136130597,0.37383725732368944
Chair_267_03.obj,Chair_267,SL,SL,,0.367488423240671,0.6082996887882575,1.5809987306837363,26.124008896552272,3.2467766764160313,0.23602832590404735,1.2825254704684785,2.5315494709796207,0.051238514246538136,0.4339163457308196,9.558300586155519e-05,0.9923283753552393,0.07521968869981159,1.0777568917861784,1.1676832472247385,0.7903259032106602,0.7773696141117318,0.2096740967893398,0.22263038588826822,0.25883018425690485,0.25883018425690485,0.4272396652731399,0.37372432958193663
Chair_267_04.obj,Chair_267,SL,SL,,0.015564651183122093,0.9690873378708823,1.0158107398331542,64.14090739707918,9.369082544458916,0.07759427632056358,1.0655687591262901,8.79256496965937,0.05004811642301973,0.6483130986948594,4.54422610905933e-05,0.9946381857892369,0.12940786743205826,1.1506640383185467,1.150725676670267,0.7524997927832795,0.6359866471971974,0.2475002072167205,0.36401335280280256,0.4749426537686585,0.4749426537686585,0.5965118324405076,0.4637856439442763
Chair_267_05.obj,Chair_267,M,M,,0.9978789610600831,2.4178878040778517e-08,471.46706323031543,1.000011399569812,5.804526066204342,0.1669014319400546,5.28498873920466,1.098304339310976,0.15566620789795618,0.09178659965851887,4.3954723331958e-05,0.9997382304670439,0.018685905942650148,1.032620347125629,1.0326203489111854,0.7097729404048955,0.9705560325069973,0.29022705959510453,0.02944396749300271,9.16578856365108e-09,9.165788563651081e-09,1.6908861841903767e-08,1.6656210321112812e-08
Chair_267_06.obj,Chair_267,M,M,,0.997878970566444,2.520115434370128e-08,471.46917632501123,1.0000118816038925,5.804526066204342,0.1669014319400546,5.28498873920466,1.098304339310976,0.15566626377846157,0.09178612120044759,4.3954723331958e-05,0.9997382245864951,0.01868611596755864,1.0326207098539177,1.032620712042306,0.7097743798547123,0.9704119600447177,0.29022562014528774,0.029588039955282253,9.554393845815268e-09,9.554393845815267e-09,1.7622511082683238e-08,1.7357888469443007e-08
Chair_267_07.obj,Chair_267,M,M,,0.9978789652879135,3.371791524665301e-08,471.468002999369,1.000015897066121,5.155790783445419,0.1805477695374475,2.930645743783957,1.759267831676496,0.15566620948894547,0.048695303024977404,2.3319324764197975e-05,0.9997382179849025,0.01868635162798034,1.0326211330707795,1.0326211335184554,0.7097635880387073,0.9704637882733884,0.2902364119612927,0.029536211726611583,1.2782918677109151e-08,1.2782918677109151e-08,2.3578321911209266e-08,2.3224895315769056e-08
Chair_267_08.obj,Chair_267,M,M,,0.9978789599873946,2.685022951414798e-08,471.46682479194504,1.000012659047945,5.15572627800574,0.18054995480972458,2.930645743783957,1.7592458210190116,0.15566603034179824,0.04869485880966085,2.33190330100597e-05,0.9997382170071447,0.018686386760086337,1.0326211916753951,1.0326211920947723,0.7097753425934226,0.97068920025272,0.29022465740657744,0.029310799747280014,1.0177360058608828e-08,1.0177360058608827e-08,1.8778333651334423e-08,1.849903645055244e-08
Chair_267_09.obj,Chair_267,CA,CA,,0.09767393536439942,0.41548245201343975,1.108246829158674,1.853420772587037,1.376326722814315,0.48093698586759187,1.1513017189856543,1.1954526776866556,0.011763309870271632,0.5693320378772425,3.988738793255584e-05,0.9329265400262443,0.31504726755864404,1.4651588503468194,1.550847652079713,0.8155333175861873,0.7089068468363027,0.1844666824138127,0.2910931531636973,0.20976125059586617,0.20976125059586617,0.28952281213829917,0.24020584178723392
Sofa_01_01.obj,Sofa_01,OB,OB,,0.8974358974086847,1.0601839487549844e-14,9.7499999971344,0.999999999721411,2.1213203423406775,0.3922322701911752,2.121320342340568,0.9999999994329817,0.37424697525547357,0.4999999999995721,0.0022349954926419078,1.0,4.981723002963235e-14,1.0000000000000635,1.0000000000000635,1.0,1.0,0.0,0.0,2.7829828654819743e-15,2.7829828654819743e-15,1.0601839487549844e-14,1.0601839487549844e-14
Sofa_01_02.obj,Sofa_01,OB,OB,,0.8974358974086847,1.324214434077107e-14,9.7499999971344,0.9999999997214367,2.1213203423407045,0.39223227019117096,2.121320342340568,0.9999999994329947,0.3742469752554776,0.4999999999995693,0.0022349954926419364,1.0,3.179791337281439e-15,1.0000000000000042,1.0000000000000042,1.0,1.0,0.0,0.0,3.476062889452417e-15,3.476062889452417e-15,1.324214434077107e-14,1.324214434077107e-14
Sofa_01_03.obj,Sofa_01,OB,CA,x,0.4751521462016279,0.4399842877053475,1.9053140691398052,6.184607576152538,5.395760548925132,0.15932879661448168,1.7714286265764467,3.0459937633750314,0.014031255546886716,0.48179740208699456,8.427424930150695e-07,0.9870880396368461,0.11218270201844478,1.1008223913256439,1.219277670285375,0.4757347224244569,0.5065779930538984,0.5242652775755431,0.4934220069461016,0.2748409040719081,0.27484090407190814,0.15767529118601484,0.10603477938940381
Sofa_01_04.obj,Sofa_01,CA,CA,,0.5237250962254923,0.3854663850131209,2.0996277403534713,5.244826259363719,2.279494144822652,0.2982719072778325,1.0149507232364747,2.2459160751024663,0.03206129444189973,0.4481825608998061,8.878614212124737e-05,0.48999924681796053,0.4735156322562701,1.0155167641495755,1.8645115379003085,0.5655151390351272,0.2077098239262828,0.4344848609648728,0.7922901760737172,0.26705737955237246,0.26705737955237246,0.13163256677673105,0.045278057239399185
Sofa_01_05.obj,Sofa_01,CA,CA,,0.4989040469874842,0.42310992974758277,1.9956257758363853,6.425458460797196,2.0241986886364844,0.33082790462572226,1.0071445966802175,2.0098391981054813,0.03803745342903064,0.35106276207428233,0.00012314791527848404,0.6984423497576645,0.3865739892009135,1.2418719714959845,1.663171483729375,0.7137102731426246,0.7177725984870418,0.2862897268573754,0.2822274015129582,0.21477359537434226,0.21477359537434226,0.2593646840157727,0.2167514645020413
Sofa_01_06.obj,Sofa_01,CA,CA,,0.4087550994829959,0.4283920112463815,1.6913465116131094,3.6305459679807774,2.0338052819636796,0.3283948979782309,1.0000008157982871,2.033803622722205,0.03816064323659586,0.3454718002450286,5.5552207586540384e-05,0.4796218291109886,0.5238692193553244,1.032697293117627,1.3925344445110983,0.5675746312953177,0.41683667658595147,0.4324253687046823,0.5831633234140485,0.2573163726187962,0.25731637261879625,0.17224797861485103,0.10135151939667746
Sofa_01_07.obj,Sofa_01,CA,CA,,0.4419502146707434,0.3019129546774501,1.7919548153014477,2.1787174609284223,2.279499537357444,0.29627575997535754,1.0000030935431237,2.2794924855811773,0.03705811424744054,0.3394660635058566,7.823493455496934e-05,0.5025523999915853,0.569586717817139,1.4716764032084388,1.5591218060488778,0.663189980173029,0.5807693746908696,0.336810019826971,0.41923062530913036,0.17124806996440636,0.17124806996440636,0.15825528494936159,0.11628492347220445
Sofa_01_08.obj,Sofa_01,OB,CA,x,0.5898769661558932,0.40545942407374547,2.438292701160492,87.941113008737,20.859616209092554,0.03898592134361471,1.4005940813061293,14.893405939063253,0.04521138192825058,0.5467428367266257,1.8239243376503166e-06,0.9753086867409141,0.17459404895166403,1.2469133067733549,1.2469134192331666,0.5802219061883077,0.4371834134113647,0.4197780938116923,0.5628165865886353,0.253447606814581,0.253447606814581,0.1690533266742374,0.10285021343039273
Sofa_01_09.obj,Sofa_01,OB,OB,,0.5115002873922039,0.47184964232324145,2.0470841111878624,29.33919822910356,1.1422477448855008,0.5263551712116095,0.9999999999459932,1.1422477448855008,0.08778964165757903,0.20245248147821285,4.318323683577763e-06,0.9999999999990603,1.119353797750852e-06,1.0000019228374148,1.0000019228374153,0.9999999999999997,0.9999999999999999,3.3306690738754696e-16,1.1102230246251565e-16,0.12386070434500245,0.12386070434500245,0.4718496423232413,0.4718496423232412
Sofa_01_10.obj,Sofa_01,OB,OB,,0.5115030144168337,0.47184753648330435,2.0470955389938776,29.34012907288765,1.1422492509661957,0.5263549203436433,1.0000013184696686,1.1422477448855008,0.08779067771937689,0.20244956808578782,4.318317989773256e-06,0.9999999999883656,3.938602893974692e-06,1.0000067298850683,1.0000067298850683,0.9999999999999998,0.9999999999999999,2.220446049250313e-16,1.1102230246251565e-16,0.12386058550510798,0.12386058550510798,0.47184753648330424,0.4718475364833042
Sofa_01_11.obj,Sofa_01,OB,OB,,0.8888903196488592,7.691026278500609e-06,9.000115892792671,1.000069224662325,2.121407425625895,0.39221903461804236,2.121334000707598,1.0000346120484933,0.3742546013657593,0.49999999999957123,0.0020631708861549324,0.9999999998269568,1.5189867211448575e-05,1.000020767271168,1.000020767271168,0.9999999999999998,1.0,2.220446049250313e-16,0.0,2.0189269812172777e-06,2.0189269812172777e-06,7.691026278500607e-06,7.691026278500607e-06
Sofa_01_12.obj,Sofa_01,OB,OB,,5.154687473723976e-14,0.9999999997426939,0.999999999742797,3887200775.1040745,1763451337.600054,0.0,0.9999999994329559,1763451337.6000085,7774401550.20835,1.0,400000000.0,0.0,0.0,0.0,0.0,0.5,7.239653321278183e-12,0.5,0.9999999999927603,0.4749999998756077,0.4749999998756077,0.24999999993748337,3.6198266597076883e-12
Sofa_01_13.obj,Sofa_01,OB,OB,,1.2904997717905702e-13,0.9999999997426164,0.9999999997428745,3887200775.1034727,1763451337.5999858,0.0,0.9999999994329947,1763451337.599872,7774401550.207447,1.0,400000000.0,6.162975822039155e-33,6.162975822039155e-33,1.232595164407831e-32,1.232595164407831e-32,0.5,6.572520305780927e-14,0.5,0.9999999999999343,0.47499999987772307,0.47499999987772307,0.24999999993567054,3.286260152044634e-14
Sofa_01_14.obj,Sofa_01,OB,OB,,1.2904997717904705e-13,0.9999999997426164,0.9999999997428745,3887200775.1037736,1763451337.600054,0.0,0.9999999994329947,1763451337.5999403,7774401550.208049,1.0,400000000.0,0.0,0.0,0.0,0.0,0.5,4.0967229608668276e-14,0.5,0.999999999999959,0.4749999998777305,0.4749999998777305,0.24999999993566432,2.048361479906199e-14
Sofa_01_15.obj,Sofa_01,OB,M,x,0.8538509375703001,0.05003109441744631,6.8423292174277135,1.5205176036750028,2.1213203423648563,0.3922322701873958,2.1213203423406912,0.9999999994443217,0.21385541443242514,0.2499999999997937,0.0006876909208207728,0.5,6.798699777552591e-17,0.5,0.5,0.9999999999827707,0.9999999999893477,1.722932907455288e-11,1.065225685437099e-11,0.006566581142751411,0.0065665811427514115,0.05003109441631783,0.050031094416051365
Sofa_02_01.obj,Sofa_02,OB,OB,,0.84084563256644,0.15456178420339667,6.283208033341435,34.65465065242121,11.666666664946398,0.07833772312880741,2.295081232047539,5.083334960736078,0.041857250222039837,0.9942851498317662,1.1771982067712218e-05,0.6513759937645575,0.6935413306904497,1.3596259725637065,2.5098101304158424,0.9478538467165479,0.9688741057238424,0.05214615328345207,0.03112589427615764,0.0623256740322355,0.06232567403223551,0.1442219791155461,0.14194197651852972
Sofa_02_02.obj,Sofa_02,OB,OB,,0.910605706205506,0.08701658312528307,11.186396329711926,37.5967921379085,13.824423617912798,0.06898293757513282,3.2558139533496533,4.246072968359182,0.05700754075813142,0.9856688573859974,2.4107732822848527e-05,0.8207758323105249,0.5456669804686555,1.9864834995070697,1.9864834996282954,0.9795870895630306,0.9886220597712753,0.020412910436969356,0.011377940228724737,0.038022460813408876,0.03802246081340888,0.08475539176639015,0.08427046212536471
Sofa_02_03.obj,Sofa_02,OB,M,x,0.8303435114494753,0.16965648855046078,5.894263217065998,2655950723985.765,87453885346.99995,0.0,2.285714285649315,38261074839.40004,4182599565326.4165,1.0,2000000000.0,0.0,0.0,0.0,0.0,0.9999999999999998,1.0,2.220446049250313e-16,0.0,1.3184957790604306e-17,1.3184957790604306e-17,0.16965648855046075,0.16965648855046075
Sofa_02_04.obj,Sofa_02,OB,OB,,0.8931623931540739,8.694812951056285e-15,9.359999999183977,0.9999999999129148,2.999999998627947,0.301511344536174,2.999999998627822,0.9999999995426576,0.21344582453234404,0.9999999999996789,0.0007973727716849326,0.9984000000000001,0.047893214550706505,1.0816000000000001,1.0816000000000001,0.9999999999999997,0.9999999999999996,3.3306690738754696e-16,4.440892098500626e-16,2.4164507319042668e-15,2.4164507319042675e-15,8.69481295105628e-15,8.694812951056278e-15
Sofa_02_05.obj,Sofa_02,OB,OB,,0.8931623931540825,9.773009459329506e-12,9.359999999184739,1.0000000000043088,2.9999999987651607,0.3015113445236383,2.999999998627947,0.999999999588354,0.2134458245365318,0.9999999999996789,0.0007973727717214361,0.9984000000000001,0.04789321455070643,1.0815999999999997,1.0816000000000001,0.999999999999996,0.9999999999999987,3.9968028886505635e-15,1.3322676295501878e-15,2.7161016566820173e-12,2.7161016566820173e-12,9.773009459329461e-12,9.773009459329455e-12
Sofa_02_06.obj,Sofa_02,OB,OB,,0.8931623931540738,8.800685863702325e-15,9.35999999918397,0.9999999999129158,2.999999998627947,0.301511344536174,2.999999998627822,0.9999999995426576,0.21344582453234404,0.9999999999996789,0.0007973727716849326,0.9984000000000001,0.04789321455070651,1.0816000000000001,1.0816000000000001,0.9999999999999997,0.9999999999999996,3.3306690738754696e-16,4.440892098500626e-16,2.445874789522583e-15,2.4458747895225833e-15,8.80068586370232e-15,8.800685863702319e-15
Sofa_02_07.obj,Sofa_02,OB,OB,,0.8931623931540826,9.773181502812552e-12,9.359999999184742,1.0000000000043103,2.9999999987651607,0.3015113445236383,2.999999998627947,0.999999999588354,0.2134458245365318,0.9999999999996789,0.0007973727717214361,0.9984000000000001,0.04789321455070644,1.0815999999999997,1.0816000000000001,0.999999999999996,0.9999999999999986,3.9968028886505635e-15,1.4432899320127035e-15,2.7161494707756468e-12,2.7161494707756468e-12,9.773181502812506e-12,9.773181502812498e-12
Sofa_02_08.obj,Sofa_02,OB,OB,,0.7149224273557989,0.27451055155588927,3.5078171556053244,26.978045208897907,7.099999998697509,0.1196083259836485,1.6511627906307849,4.299999999202409,0.05232112678763346,0.9863794326725738,6.799790234527182e-05,0.7164717852481138,0.4403952264757265,1.2182424066693178,2.0730973416328693,0.6756754668665451,0.6894331577836228,0.3243245331334549,0.3105668422163772,0.15324907957915332,0.15324907957915335,0.15667806913463483,0.1278760931869514
Sofa_02_09.obj,Sofa_02,OB,OB,,0.714922427355799,0.27451055155588916,3.5078171556053257,26.978045208897914,7.099999998697509,0.1196083259836485,1.6511627906307849,4.299999999202409,0.05232112678763346,0.9863794326725738,6.799790234527182e-05,0.7164717852481138,0.44039522647572654,1.2182424066693178,2.0730973416328693,0.6756754668665451,0.6894331577836228,0.3243245331334549,0.3105668422163772,0.15324907957915326,0.1532490795791533,0.15667806913463478,0.12787609318695137
Sofa_02_10.obj,Sofa_02,OB,OB,,0.1708606126763664,0.8130772407013585,1.2060698301012982,51.620708415989604,6.983102127395132,0.10509803114843995,1.0936478088387496,6.385147092838311,0.04597368527539743,0.9908748774338649,0.0006834777208679202,0.9999989236428384,0.0011411462885881519,1.001546748883493,1.0017946920009675,0.8769174239443078,0.8875371728140835,0.12308257605569217,0.11246282718591649,0.27616279797499604,0.27616279797499604,0.6729085115562023,0.6328154237288235
Sofa_02_11.obj,Sofa_02,OB,OB,,0.17086060144523527,0.8130773786063415,1.2060698137644452,51.62111622429324,6.9829589607172196,0.1051000907575635,1.0936461603794416,6.385025809531557,0.04597279179009648,0.9908726590948125,0.0006834638485635722,0.9999989213697311,0.0011385511467305112,1.0015488973039581,1.0017879877948246,0.8769180042825481,0.8875374708592345,0.12308199571745193,0.11246252914076549,0.27616216281319816,0.27616216281319816,0.672909177267317,0.6328161623598754
Sofa_02_12.obj,Sofa_02,OB,OB,,0.7989538630167128,0.18438259807891377,4.9739826639033184,12.065032412180157,3.965789923523064,0.22440196097531018,2.2412310134235374,1.769469501152812,0.04355732985887872,0.6381033373911745,0.00014313731176120013,0.9999417954281188,0.008786247067281651,1.0118276931934334,1.012495156128414,0.9934838600640482,0.9473428225615564,0.006516139935951792,0.05265717743844356,0.05218803190402855,0.05218803190402855,0.1783582344964839,0.17353533372489055
Sofa_02_13.obj,Sofa_02,OB,OB,,0.7989535102827959,0.18438291375827837,4.973973937103909,12.065026751302899,3.965798949449533,0.2244015164025374,2.2412335748241885,1.769471506122837,0.04355738667007361,0.6381042235082893,0.0001431373103623712,0.9999271010309289,0.009759385461815791,1.0120511724809351,1.0130962735865516,0.9934838596942084,0.9473450872038,0.006516140305791618,0.05265491279620005,0.05221400715070716,0.05221400715070716,0.17835874721543046,0.17353604560862218
Sofa_03_01.obj,Sofa_03,OB,OB,,0.0,9.8221945056076e-08,0.9999999998939241,1.0000000981158788,1.00000004859601,0.5773502501151475,0.999999999485034,1.00000004859601,0.3089795340323621,0.9999999999986342,0.003277529672798135,1.0,0.0,1.0,1.0,1.0,1.0,0.0,0.0,2.5783260577219946e-08,2.5783260577219946e-08,9.8221945056076e-08,9.8221945056076e-08
Sofa_03_02.obj,Sofa_03,OB,OB,,0.0,9.8221945056076e-08,0.9999999998939241,1.0000000981158788,1.00000004859601,0.5773502501151475,0.999999999485034,1.00000004859601,0.3089795340323621,0.9999999999986342,0.003277529672798135,1.0,0.0,1.0,1.0,1.0,1.0,0.0,0.0,2.5783260577219946e-08,2.5783260577219946e-08,9.8221945056076e-08,9.8221945056076e-08
Sofa_03_03.obj,Sofa_03,OB,OB,,0.0,9.8221945056076e-08,0.9999999998939241,1.0000000981158788,1.00000004859601,0.5773502501151475,0.999999999485034,1.00000004859601,0.3089795340323617,0.9999999999986355,0.003277529672798135,1.0,0.0,1.0,1.0,1.0,1.0,0.0,0.0,2.5783260577219946e-08,2.5783260577219946e-08,9.8221945056076e-08,9.8221945056076e-08
Sofa_03_04.obj,Sofa_03,OB,OB,,0.0,9.8221945056076e-08,0.9999999998939241,1.0000000981158788,1.00000004859601,0.5773502501151475,0.999999999485034,1.00000004859601,0.3089795340323621,0.9999999999986342,0.003277529672798135,1.0,0.0,1.0,1.0,1.0,1.0,0.0,0.0,2.5783260577219946e-08,2.5783260577219946e-08,9.8221945056076e-08,9.8221945056076e-08
Sofa_03_05.obj,Sofa_03,OB,OB,,0.0,9.8221945056076e-08,0.9999999998939241,1.0000000981158788,1.00000004859601,0.5773502501151475,0.999999999485034,1.00000004859601,0.3089795340323621,0.9999999999986342,0.003277529672798135,1.0,0.0,1.0,1.0,1.0,1.0,0.0,0.0,2.5783260577219946e-08,2.5783260577219946e-08,9.8221945056076e-08,9.8221945056076e-08
Sofa_03_06.obj,Sofa_03,OB,OB,,0.0,9.8221945056076e-08,0.9999999998939241,1.0000000981158788,1.00000004859601,0.5773502501151475,0.999999999485034,1.00000004859601,0.3089795340323621,0.9999999999986342,0.003277529672798135,1.0,0.0,1.0,1.0,1.0,1.0,0.0,0.0,2.5783260577219946e-08,2.5783260577219946e-08,9.8221945056076e-08,9.8221945056076e-08
Sofa_03_07.obj,Sofa_03,CA,CA,,0.7064087918422832,0.18913077476265822,3.406096545855936,2.810549397656196,5.418515695073172,0.157865562465775,1.7339249674016786,3.1250000990806615,0.018429821017679544,0.5929019582881274,5.960358918276071e-05,0.996629446004335,0.07266212692010127,1.098738448032838,1.1100885005606522,0.5652870356985298,0.6943058794921071,0.4347129643014702,0.3056941205078929,0.09965692085370202,0.09965692085370202,0.09057181051997021,0.07423044601499106
Sofa_03_08.obj,Sofa_03,OB,OB,,0.5727798880818947,0.3707128086833836,2.340713772834632,7.56044064148961,4.941428069080073,0.17674263327349723,1.9242321200795323,2.5679999918570053,0.06169175355652745,0.9841009879656778,0.0002446100050197321,0.9992344013528659,0.03690285187843092,1.055476856866329,1.0555992799847962,0.9999999994161215,0.9999999996859045,5.838785011036407e-10,3.1409552736505475e-10,0.10135679053539863,0.10135679053539863,0.37071280840871274,0.3707128083504931
Sofa_03_09.obj,Sofa_03,SL,SL,,0.4436249121768134,0.5014472684954864,1.7973486266428007,10.129204010469003,2.961757421420747,0.26126199390865584,1.340954469993002,2.2086934996628784,0.07550672439302991,0.4604947966663735,0.007852619219761948,0.9999872096742439,0.0061390638671203115,1.0071571243703685,1.0071588797152629,0.9876232327154839,0.9766717299322293,0.012376767284516088,0.023328270067770718,0.13808256709869537,0.13808256709869537,0.48946441477208336,0.4836878571963052
Sofa_03_10.obj,Sofa_03,SL,OB,x,0.7542787366834307,0.24091495230057994,4.069651875065084,51.12471134280582,9.407208551135456,0.0948070399227352,2.016688695770518,4.664680557983167,0.06937056525691306,0.7793758690519068,0.00026819513227842047,0.9826630791098661,0.18438563889966905,1.2709137867498566,1.280509555987307,0.998575232333188,0.977114903936829,0.001424767666811988,0.022885096063171018,0.07768876064836572,0.07768876064836572,0.23781895118269689,0.23506619789930325
Sofa_03_11.obj,Sofa_03,SL,SL,,0.00035176108145339944,0.9800951071548215,1.0003518848593778,51.1247124499828,4.664680913818116,0.14988588968596836,1.0001460265613207,4.663999845725409,0.07317033982633384,0.779375810900447,0.000540944989866526,0.9829674576748517,0.1736011282453212,1.2555848698347072,1.2776055498834453,0.9985609826534392,0.9758094172010094,0.0014390173465608225,0.024190582798990556,0.314304516827977,0.314304516827977,0.9668472562569139,0.9550097792194815
Sofa_03_12.obj,Sofa_03,SL,SL,,0.00035174044778577533,0.9800951277884891,1.0003518642111866,51.12471350524429,4.664680557983167,0.14988589527520887,1.0001459502673755,4.663999845725409,0.07317034088970224,0.7793758645563318,0.0005409450311313308,0.9829674402068656,0.17360120016775152,1.2555850080095443,1.2776057018070535,0.9985605858029196,0.9758092180802239,0.0014394141970803798,0.024190781919776083,0.3143047420984735,0.31430474209847353,0.9668467949266966,0.9550092249063321
Sofa_03_13.obj,Sofa_03,SL,SL,,0.44362492042509405,0.5014472610614421,1.7973486532885592,10.129204010456002,2.9617573057393938,0.26126200001866084,1.340954417617535,2.2086934996628784,0.07550672496137882,0.4604948161741827,0.0078526195264723,0.9999872097033089,0.006139056787559728,1.007157115940899,1.0071588712995645,0.9876232631152934,0.976671773516441,0.01237673688470664,0.023328226483559034,0.1380825522595471,0.1380825522595471,0.48946443337412515,0.4836878864985224
Sofa_03_14.obj,Sofa_03,SL,SL,,0.44362494545319137,0.5014472385043093,1.7973487341408847,10.129204010470694,2.9617573057393938,0.26126200001866084,1.340954417617535,2.2086934996628784,0.07550672519974405,0.4604948271157732,0.0078526195264723,0.9999872097192597,0.0061390529647901175,1.0071571113369977,1.007158866681642,0.9876232643642517,0.9766717624159781,0.01237673563574826,0.023328237584021916,0.13808254700827363,0.1380825470082736,0.4894644092263082,0.483687859854551
Sofa_03_15.obj,Sofa_03,SL,SL,,0.3486069723034518,0.5497119682306817,1.5351714824594647,6.406237613091393,1.6107367248989195,0.43594515449618126,1.2474152820913609,1.291259412852008,0.09751366477445012,0.30980490255829607,0.015809794382497536,0.9999990251036619,0.0012272204620775269,1.0014668667004702,1.0016989626870114,0.9862872083167661,0.9758154864809109,0.013712791683233916,0.024184513519089124,0.15110686062326767,0.15110686062326767,0.5356177767287479,0.5290616709329418
Sofa_03_16.obj,Sofa_03,SL,SL,,0.3486069697551494,0.5497119715510422,1.5351714764537492,6.406237686795289,1.452923638050474,0.45909991925992266,1.1368118646591183,1.2780686787975764,0.09751366920808262,0.31728171113705744,0.01619134741820054,0.9999990250909482,0.0012272281348289608,1.0014668782669838,1.0016989746341212,0.9862871409170243,0.975815450138972,0.013712859082975704,0.024184549861028026,0.15110688176991816,0.15110688176991816,0.535617733509731,0.5290616182705239
Sofa_03_17.obj,Sofa_03,SL,SL,,0.34860696917709433,0.5497119715441885,1.5351714750914172,6.406237655629117,1.4539770201050999,0.46180042495188867,1.158530586926361,1.2550182415256628,0.09751366663761482,0.32382709032585555,0.01652536721188498,0.9999990250891531,0.0012272255807369546,1.0014668744286321,1.0016989704377877,0.9862871490534387,0.9758153815102634,0.013712850946561272,0.02418461848973663,0.15110689108825587,0.15110689108825584,0.5356177193173067,0.5290615854197508
Sofa_03_18.obj,Sofa_03,SL,SL,,0.34860696900693405,0.5497119724777726,1.5351714746903915,6.406237705400775,1.2265466861893304,0.5101946918078806,1.0606342849310388,1.1564275297370321,0.09751366672741038,0.24052393468947905,0.012274286104676355,0.999999025087458,0.001227231026551982,1.0014668820871837,1.0016989714935773,0.9862871175580118,0.9758154210535639,0.013712882441988206,0.02418457894643611,0.15110689148050477,0.15110689148050477,0.5356177138425717,0.529061590862912
Sofa_03_19.obj,Sofa_03,SL,SL,,0.34860696810393244,0.5497119720293152,1.5351714725622412,6.406237629135183,1.0342018512500868,0.5704414486934744,1.032378869361718,1.0017658069586823,0.09751366724503807,0.23014196580025292,0.011744479214859176,0.9999990250914824,0.00122723266873159,1.0014668824061792,1.0016989830653587,0.9862870794378328,0.9758153178830591,0.013712920562167219,0.024184682116940914,0.15110691624255587,0.15110691624255587,0.5356176647357159,0.529061514046627
Sofa_03_20.obj,Sofa_03,OB,OB,,0.6595659655918756,0.33752549065242476,2.9374266346148534,117.04621384526996,23.9999999904,0.03464794643328166,1.4999999999625,15.9999999936,0.07399999999999983,0.833333333333332,9.66666666666665e-06,0.9988109393579071,0.03834605349963639,1.0701545778834722,1.0701545778834722,0.6567222015874083,0.662531774576545,0.34327779841259165,0.337468225423455,0.16772281502153058,0.16772281502153058,0.18425879833803685,0.14685711336294305
Sofa_04_01.obj,Sofa_04,M,M,,0.9864105686523035,0.00038386102686341464,73.58659640775747,1.02906811378921,3.005361926105875,0.3008988908644167,2.9865692893515585,1.0062923823863528,0.22942354677879614,0.18749290939316357,0.0008580216283121869,0.7294654344138708,0.5456250265666691,1.2669185752615224,2.308540662939235,0.8946928443876254,0.9019758307655539,0.10530715561237458,0.09802416923444612,0.00016584744879118336,0.00016584744879118336,0.0003266051156759446,0.0003097725173779061
Sofa_04_02.obj,Sofa_04,M,M,,0.9864105548691258,0.0003838806394410782,73.58652177210244,1.029069611796155,3.0053657619905736,0.30089847160382743,2.9865617132548867,1.0062962194586014,0.22942336267064958,0.18749298253764907,0.0008580205468802175,0.7294648660032191,0.5456253018250868,1.2669026080825747,2.308541665269627,0.894694271438979,0.9019754416173636,0.10530572856102105,0.09802455838263635,0.00016585532895186219,0.00016585532895186219,0.0003266222570224875,0.00030978870502071013
Sofa_04_03.obj,Sofa_04,M,M,,0.986410589818914,0.0003838216744185133,73.58671102486058,1.0290650937744044,3.0053657619905736,0.30089850659466544,2.9865655012984007,1.006294943111618,0.22942341025306454,0.1874930588245165,0.0008580216351614854,0.7294677440470241,0.5456198083525072,1.2669125085147432,2.308533852116464,0.8946939719698151,0.9019731678844812,0.10530602803018485,0.09802683211551877,0.0001658303720278799,0.0001658303720278799,0.0003265715873176817,0.00030974023622175854
Sofa_04_04.obj,Sofa_04,M,M,,0.9864105638280172,0.0003838529242173951,73.58657028431817,1.0290674717571693,3.0053619261058753,0.30089885587357806,2.9865655012984007,1.0062936587317186,0.22942342329331,0.18749290060998502,0.0008580205400295373,0.729468933154959,0.5456187947072504,1.266909999915634,2.308530410142775,0.8946925944334961,0.9019750476815518,0.10530740556650386,0.09802495231844821,0.00016584379658495278,0.00016584379658495278,0.0003265979958931854,0.00030976562313742543
Sofa_04_05.obj,Sofa_04,OB,OB,,0.846863455826406,0.14150868409223655,6.530119935749686,13.169795912741563,8.344638304098847,0.11077031192110008,2.5314469202722876,3.296390786193064,0.04160768749489967,0.8969375512738205,0.010807791722483832,0.9981493361222036,0.058430111609072466,1.0873258249649775,1.087781047733979,0.9971510395003339,0.9722767916379931,0.0028489604996660978,0.027723208362006924,0.040889996745818155,0.040889996745818155,0.13914958241631417,0.13719363339173032
Sofa_04_06.obj,Sofa_04,OB,OB,,0.8614747941295163,0.13529865432519395,7.218902825054964,42.932897220395645,16.595118967895985,0.05695543027208689,2.939564299142872,5.645434927844094,0.07496379424795516,0.884325918023446,0.0003296233867659392,0.9999667510285427,0.0085001104255716,1.011180157683121,1.0111882264346495,0.9859526985716314,0.9675685720416856,0.01404730142836863,0.03243142795831444,0.03780940614069755,0.03780940614069754,0.13123492834230155,0.1290717833395678
Sofa_04_08.obj,Sofa_04,OB,OB,,0.7149221782432116,0.2745104559035043,3.5078128680447582,26.977155638159935,7.0999987010262755,0.1196083233689068,1.6511627204484567,4.299999213288841,52.32102039096804,0.9863774541593648,67997.7659527794,0.7164717852481121,0.440395226475728,1.2182424066693205,2.073097341632872,0.6756754668665472,0.6894331577836255,0.3243245331334528,0.31056684221637454,0.15324902617996713,0.15324902617996713,0.15667801454062855,0.1278760486289081
Sofa_04_09.obj,Sofa_04,OB,OB,,0.7149221782432118,0.2745104559035041,3.507812868044761,26.977155638159957,7.099998701026305,0.11960832336890631,1.6511627204484567,4.299999213288859,52.32102039096833,0.986377454159362,67997.76595277968,0.7164717852481123,0.440395226475728,1.21824240666932,2.073097341632872,0.675675466866547,0.6894331577836252,0.324324533133453,0.31056684221637476,0.15324902617996705,0.15324902617996705,0.15667801454062835,0.12787604862890792
Sofa_04_10.obj,Sofa_04,OB,OB,,0.7986538353623985,0.1846572709478736,4.9665689108640105,12.064656291288475,3.965798538801587,0.22440151118830204,2.2412334436698806,1.7694713228987686,43.55727822884576,0.6381032109098761,142819.7060951766,0.9999020995329073,0.011219052134566691,1.0138537085313362,1.0153855577002127,0.9927689498599553,0.9470456531373388,0.007231050140044659,0.052954346862661206,0.05243040269052762,0.052430402690527615,0.1784681564437431,0.17361430792456045
Sofa_04_11.obj,Sofa_04,OB,OB,,0.7986497301267889,0.18465895161126178,4.966467649835479,12.063149735941968,3.96578951287655,0.22440195576105873,2.241230882269402,1.7694693179291558,43.557221408588546,0.6381023247941515,142819.70749089782,0.9999020656876599,0.01122113687647793,1.0138592840504388,1.0153851225154706,0.9908843049350189,0.9461059847651996,0.00911569506498111,0.05389401523480042,0.052604840498418626,0.052604840498418626,0.17804501049660365,0.1731143640758529
Sofa_04_12.obj,Sofa_04,OB,OB,,0.17086055177375703,0.8130771422338009,1.2060693908913867,51.62018192796434,6.982957688838441,0.10510008874563566,1.093646129181888,6.3850246465605816,45.97272872301777,0.9908713121880555,683462.9195218157,0.9999989213697311,0.0011385511467274262,1.0015488973039979,1.0017879877948388,0.8769180042825505,0.8875374708592345,0.12308199571744949,0.11246252914076549,0.2761620825291415,0.2761620825291415,0.6729089816435615,0.6328159783916988
Sofa_04_13.obj,Sofa_04,OB,OB,,0.17086056300488603,0.8130770043288651,1.2060694072282396,51.61977413443707,6.983100855464963,0.10509802913655063,1.0936477776411264,6.385145929822061,45.97362220595393,0.9908735304967498,683476.7917884458,0.9999989236428384,0.0011411462885743044,1.0015467488835894,1.0017946920009226,0.8769174239443123,0.8875371728140864,0.12308257605568773,0.1124628271859136,0.27616271769075507,0.27616271769075507,0.6729083159326488,0.6328152397608708
Sofa_05_01.obj,Sofa_05,OB,OB,,1.54304475854543e-11,0.884110457174542,0.9999999999893149,8.62890624737133,2.9374999977013805,0.23403220720873635,0.9999999997521986,2.9374999976787164,0.25232283893930085,0.9999999999995105,0.0011761087774259155,1.0,0.0,1.0,1.0,1.0,1.0,0.0,0.0,0.23207899500831722,0.23207899500831722,0.884110457174542,0.884110457174542
Sofa_05_02.obj,Sofa_05,CA,CA,,0.6984847458441875,0.11237985024242705,3.3165817855532422,1.5941767004844607,3.6001236392268847,0.24374271460211017,2.12466084276383,1.6944462695773728,0.014593777243580975,0.5277969026940708,6.3351436037901365e-06,0.9219562573745526,0.4315687126606994,1.5955495979094285,1.6130546880403727,0.9045265033599397,0.9178155156781926,0.09547349664006033,0.08218448432180736,0.04870264828112302,0.048702648281123015,0.09747350384872781,0.09329645470955941
Sofa_05_03.obj,Sofa_05,OB,SL,x,0.906039707300204,0.07429457731591978,10.64279358083775,4.77787310884493,4.543175615438285,0.19052502067572455,1.8691402582398131,2.430623167553266,0.0677196199838809,0.8426487117523518,0.0001292988464673687,0.4743853047353241,0.6897889257074172,1.5256147204066743,1.5256147204066748,0.9999995541256689,0.9999997548051284,4.4587433112308617e-07,2.4519487162866227e-07,0.024669887453178215,0.024669887453178215,0.0742945350815542,0.07429452597323359
Sofa_05_04.obj,Sofa_05,CA,OB,x,0.5872739133504421,0.35523833934281207,2.4229144518524866,7.179374840469045,8.142856824982706,0.11140084206027227,2.23506722687328,3.6432268017881495,0.028624972407155336,0.8110117491242482,7.978772165722312e-06,0.9927362191666195,0.08551621526627445,1.1245690403211512,1.1488319889187801,0.5892069796510099,0.6590880296765822,0.4107930203489901,0.3409119703234178,0.18979747740099345,0.18979747740099343,0.17363095269703907,0.13795299641365932
Sofa_05_05.obj,Sofa_05,M,M,,0.9798333762509266,0.016637837349030248,49.586882387572395,5.714889330950246,28.5000131311212,0.03443223250590258,5.184457074792225,5.497203027824799,0.044703907888355446,0.39114148233652185,0.0002584307877373867,0.98746908599465,0.13456181986870933,1.1336558980182831,1.1396476275083247,0.47570672394833735,0.8122117160224033,0.5242932760516626,0.18778828397759673,0.008846496192427089,0.008846496192427089,0.0071715842132899004,0.006428437327687333
Sofa_05_06.obj,Sofa_05,SL,SL,,0.5781862930982649,0.41290661299110804,2.3707148052250355,47.357051708781,3.6318087769996716,0.20397586964891673,1.1574919439387696,3.1376536102797004,0.11438604594509308,0.4236989057738293,0.00011091212529485468,0.8693840076193237,0.37125187185089054,1.241378307104185,1.6116733108123544,0.9999998452513787,0.9999998785875694,1.5474862125053335e-07,1.2141243055374673e-07,0.13985055463744764,0.13985055463744767,0.4129065240283851,0.41290649896239123
Sofa_05_07.obj,Sofa_05,SL,SL,,0.7075194531839518,0.28630447511686796,3.4190308069551834,47.35705170878179,4.3614888711781035,0.1829788560408006,1.3900481109534104,3.137653176557892,0.11255119531346719,0.4236988435079124,9.235642475694909e-05,0.8693840076192831,0.3712518718509406,1.2413783071043039,1.6116733108123948,0.9999998764465258,0.9999998955886109,1.2355347422943197e-07,1.0441138909023095e-07,0.09697068655925879,0.09697068655925878,0.28630442479623325,0.2863044098495111
Sofa_05_08.obj,Sofa_05,SL,SL,,0.7915058863974516,0.2040915144947293,4.796298479225664,47.35705170876586,5.165789503979614,0.16323345945624423,1.646385035174035,3.137655769025902,0.11112928992504628,0.4236992091247019,7.79768869967738e-05,0.8693840076193073,0.37125187185089586,1.2413783071041442,1.611673310812409,1.0,1.0,0.0,0.0,0.0691253251150319,0.0691253251150319,0.2040915144947293,0.2040915144947293
Sofa_05_09.obj,Sofa_05,SL,SL,,0.7401031336429383,0.25440883750014237,3.847680097171314,47.35705170876525,1.2728842150591726,0.48702697124859706,1.0076578284582594,1.2632107636604744,0.11202747588060337,0.12384127841354155,2.5446455035375902e-05,0.869384007619249,0.3712518718509532,1.2413783071045539,1.6116733108124963,0.9999999999999929,0.9999999999999861,7.105427357601002e-15,1.3877787807814457e-14,0.08616768633362691,0.08616768633362691,0.25440883750013876,0.254408837500137
Sofa_05_10.obj,Sofa_05,SL,SL,,0.7021100851011771,0.29159961801273465,3.356944797338294,47.357051708767024,4.32171082946344,0.1840460962469431,1.377369331541075,3.1376557690258453,0.11263526049316135,0.4236992091246881,9.320664900916901e-05,0.8693840076193086,0.37125187185089337,1.2413783071045037,1.6116733108124188,1.0,1.0,0.0,0.0,0.09876411789315959,0.09876411789315959,0.29159961801273465,0.29159961801273465
Sofa_05_11.obj,Sofa_05,OB,OB,,0.04167762847090115,0.8560673784411965,1.0434901967063146,9.37188828207391,2.9999999975981786,0.22941573384193284,0.9999999997498292,2.99999999759811,0.17592555743767385,0.9895833333417405,0.0010336468165323893,0.9256198347107436,0.24292460259006723,1.0743801652892562,1.0743801652892562,0.9999999999999997,0.9999999999999998,3.3306690738754696e-16,2.220446049250313e-16,0.24402847434377806,0.24402847434377806,0.8560673784411961,0.856067378441196
Sofa_05_12.obj,Sofa_05,OB,OB,,4.5994641443623123e-14,0.8744529952893698,0.9999999999717541,7.965144228465673,2.937499997701449,0.2340322072078804,0.9999999997445064,2.9374999977013805,0.25232283893890556,0.9999999999995097,0.0012741178422015485,1.0,8.709305949236425e-17,1.0,1.0,1.0,1.0,0.0,0.0,0.22954391126345955,0.22954391126345955,0.8744529952893698,0.8744529952893698
Sofa_05_13.obj,Sofa_05,CA,M,x,0.9519485360523493,0.044532273415414825,20.811020473563918,13.654124011409754,7.75171199953776,0.12319402745441135,3.537735848557401,2.1911505918602643,0.130726928126675,0.5884599073486889,0.0007535080129780148,0.9915539144541516,0.10756931137968005,1.1581327153938077,1.1720211327600383,0.9540969520749993,0.975705850830908,0.04590304792500066,0.024294149169092005,0.014131994116596163,0.014131994116596163,0.04197200013801508,0.04145589394141236
Sofa_06_01.obj,Sofa_06,SL,CA,x,0.8432605248450439,0.14145935514491545,6.3800137075287155,10.257738489713303,3.47260704095561,0.2636369563015464,3.012752918752556,1.1526358564159898,0.05511805699824222,0.5436470100060959,0.0001041131318846377,0.7876828049627318,0.46846698369992396,1.45387050059608,2.070910034677429,0.9981614579027906,0.9861273892507153,0.0018385420972093502,0.013872610749284697,0.05432862710413454,0.05432862710413454,0.1402198748672755,0.13924047356911357
Sofa_06_02.obj,Sofa_06,SL,SL,,0.8432605042624044,0.14145945196259907,6.38001286972124,10.257791014548891,3.47260704095561,0.26363672222299245,3.0127239508975476,1.1526469392064855,0.055118080917744956,0.5436418411492179,0.00010411213082872952,0.7876797939525066,0.4684609200430671,1.453875842459793,2.0709188988133964,0.9981629145429937,0.9861264988808179,0.0018370854570063377,0.013873501119182063,0.05432855561841634,0.05432855561841634,0.14022011260296693,0.13924064634529135
Sofa_06_03.obj,Sofa_06,SL,SL,,0.6805486410222652,0.30117033990436687,3.130367024262355,17.474483107061186,3.2482841721705302,0.2446093092772246,1.429750808212101,2.2719232983733013,0.040619549107068484,0.5892538775722259,4.3883996297377314e-05,0.9270473859572493,0.25738478528297115,1.3603274764683153,1.4256407784208687,0.9993019438781132,0.9781008756052877,0.0006980561218867809,0.02189912439471231,0.10177036942853634,0.10177036942853634,0.2976647247041478,0.2943693433034296
Sofa_06_04.obj,Sofa_06,SL,SL,,0.8492019568568299,0.12295874960379041,6.631385786951395,5.4167338308913004,4.599999999384804,0.18342449503002728,1.6727272726467506,2.7499999996390443,0.0394481727483575,0.9491949376651091,1.4081904938426768e-05,0.9123497029660709,0.2799031004002746,1.0876502970339292,1.087651767334102,1.0,1.0,0.0,0.0,0.03547673525033473,0.03547673525033473,0.12295874960379041,0.12295874960379041
Sofa_06_05.obj,Sofa_06,SL,SL,,0.8492019019303535,0.12295854765739342,6.631383371545238,5.416685824171115,4.599999999384804,0.18342449503002728,1.6727272726467506,2.7499999996390443,0.0394481870519594,0.949195428727598,1.4081904938426768e-05,0.9123521995374339,0.2799021699282512,1.087647800462566,1.0876515006912975,0.9999999999999998,1.0,2.220446049250313e-16,0.0,0.03547668079397401,0.03547668079397401,0.12295854765739339,0.12295854765739339
Sofa_06_06.obj,Sofa_06,OB,OB,,0.8399999999999359,0.14999999999993122,6.24999999999701,15.999999999786086,9.999999998577044,0.09245003270326821,2.4999999999128195,3.9999999994308,0.03766671356419087,0.9999999999999992,1.6290452443699446e-06,1.0,1.2819751242557092e-16,1.0,1.0,1.0,1.0,0.0,0.0,0.03937499999998194,0.03937499999998194,0.14999999999993122,0.14999999999993122
Sofa_06_07.obj,Sofa_06,SL,SL,,0.6805488301346817,0.3011701616141541,3.1303688774134106,17.4744831070612,3.2482841721705302,0.2446093092772246,1.429750808212101,2.2719232983733013,0.04061956116172557,0.5892539523032196,4.3883996297377314e-05,0.927048640661214,0.25738420365047376,1.360322070451863,1.425636407498244,0.9993019732752886,0.9781007178101855,0.0006980267247114202,0.021899282189814517,0.1017701451858331,0.1017701451858331,0.29766453350083616,0.2943691302090105
Sofa_06_08.obj,Sofa_06,OB,OB,,0.5105613967180457,0.4583147954640872,2.043157187222492,15.725537381086362,4.999999999301776,0.16086825121218962,1.406249999946604,3.5555555550545406,0.039637010632993394,0.9855206909623653,6.597633239724079e-05,0.9999999999952607,2.3735940977352065e-06,1.0000030786912568,1.0000040714235354,0.9984374978142243,0.965791832473668,0.0015625021857756938,0.034208167526332045,0.12526203243175757,0.12526203243175757,0.44977187148291264,0.441945065371424
Sofa_06_09.obj,Sofa_06,OB,OB,,0.510561223896411,0.4583149572958504,2.043156465780338,15.72553738108639,4.999999999301776,0.16086825121218962,1.406249999946604,3.5555555550545406,0.039637001276428045,0.9855205100848793,6.597633239724079e-05,0.9999999999999994,2.7458574183196816e-08,1.000000035298315,1.0000000419462505,0.9984374527083888,0.9657920148315996,0.0015625472916112049,0.0342079851684004,0.12526173782630295,0.12526173782630295,0.44977205170244944,0.44194528490427604
Sofa_06_10.obj,Sofa_06,OB,OB,,0.8426294465358558,0.14967444026119975,6.354428944851906,20.44805596204828,8.99999999892013,0.10162764314319775,2.3376623375831396,3.8499999995429346,0.044175331639549446,0.7126623376600709,1.7136709713623472e-06,0.9822222222222224,0.16486432880881258,1.2762227194027127,1.2762227194027127,1.0,1.0,0.0,0.0,0.046910818138307636,0.046910818138307636,0.14967444026119975,0.14967444026119975
Sofa_06_11.obj,Sofa_06,OB,OB,,3.5425874353467497e-09,0.5244121913976743,1.0000000035238443,2.1026611401717084,1.5624999994977622,0.4122944575732859,0.9999999997991291,1.5624999994977338,0.15032658453030437,0.857500000010751,0.00030401893968433574,0.9939791679506594,0.09000153833583537,1.161208873387829,1.161208873387829,0.9999999960929982,0.9999999975127254,3.907001833169943e-09,2.487274608498069e-09,0.15323682252318413,0.15323682252318413,0.5244121886966163,0.5244121880444377
Sofa_06_12.obj,Sofa_06,OB,OB,,3.5623440817499766e-09,0.5244121913779176,1.000000003543601,2.102661140130166,1.5624999994977908,0.4122944575732796,0.9999999997991291,1.5624999994977622,0.15032658453086784,0.8575000000017101,0.0003040189396843246,0.9939791679498636,0.09000153834183629,1.1612088733988801,1.1612088733988801,0.9999995006373288,0.9999996820956915,4.993626712135324e-07,3.179043085443922e-07,0.15323696307905574,0.15323696307905574,0.5244118461496389,0.524411762793233
Sofa_06_13.obj,Sofa_06,OB,OB,,1.975941658445958e-11,0.5244121915508908,1.0000000000010163,2.1026611326813502,1.5624999994977908,0.4122944575732796,0.9999999997991291,1.5624999994977622,0.15032658444793326,0.8575000000017012,0.0003040189396843246,0.9939791679212554,0.09000153855814697,1.1612088738699153,1.1612088738699153,1.0,1.0,0.0,0.0,0.15323682150324586,0.15323682150324586,0.5244121915508908,0.5244121915508908
Sofa_06_14.obj,Sofa_06,OB,OB,,2.7701112433729595e-15,0.5244121915706474,0.9999999999812595,2.1026611327228917,1.5624999994977622,0.4122944575732859,0.9999999997991291,1.5624999994977338,0.15032658444736946,0.8575000000107441,0.00030401893968433574,0.9939791679220512,0.09000153855214613,1.1612088738588644,1.1612088738588644,1.0,1.0,0.0,0.0,0.1532368215079833,0.1532368215079833,0.5244121915706474,0.5244121915706474
Sofa_07_01.obj,Sofa_07,OB,OB,,4.241706108271762e-11,0.43749999994179023,1.0000000000244738,1.7777777776205577,1.33333333294739,0.46852128561028816,0.9999999998094107,1.3333333329191122,0.1411985188307896,0.9999999999998735,0.00030402841717150467,1.0,0.0,1.0,1.0,1.0,1.0,0.0,0.0,0.11484374998471991,0.11484374998471991,0.43749999994179023,0.43749999994179023
Sofa_07_02.obj,Sofa_07,OB,OB,,0.707985829419405,0.2650201483969421,3.4244913457844204,10.817734704133745,7.5999999987867595,0.10822003815672644,1.4728682170066127,5.159999999173774,0.04456906359681117,0.9763342211685291,0.0001820945395343273,0.866077503036125,0.3597743170869463,1.4595393274916182,1.5835759917334982,0.6452345371753623,0.6368732780835893,0.3547654628246377,0.3631267219164107,0.15469192875479426,0.15469192875479426,0.13995279032757454,0.10890542786210232
Sofa_07_03.obj,Sofa_07,OB,OB,,3.875846589422823e-14,0.43749999998416844,0.9999999999820954,1.7777777776958965,1.33333333294739,0.46852128560641404,0.9999999997882215,1.3333333329473642,0.1411985188298921,0.9999999999998732,0.0003040284171650625,1.0,0.0,1.0,1.0,1.0,1.0,0.0,0.0,0.1148437499958442,0.1148437499958442,0.43749999998416844,0.43749999998416844
Sofa_07_04.obj,Sofa_07,OB,OB,,0.7079858293145335,0.26502111430408626,3.4244913445545784,10.818121762845692,7.5999992387683735,0.10822004885224734,1.4728682170066127,5.1599994831612905,0.04456879292163624,0.9763335514550121,0.0001820945213244328,0.8659948249404605,0.3598637751039909,1.4602650262000803,1.5838110364550373,0.6452345209866756,0.6368733324473052,0.35476547901332445,0.36312666755269485,0.1547097032650684,0.1547097032650684,0.1399533015440271,0.10890583134870212
Sofa_07_05.obj,Sofa_07,OB,OB,,2.500484432117324e-07,0.43749989056415367,1.0000002500305625,1.7777777776205572,1.3333334996181054,0.46852126275503636,1.0000001248124473,1.3333333329191122,0.14119851353571733,0.9999999999998724,0.00030402837916703395,1.0,0.0,1.0,1.0,1.0,1.0,0.0,0.0,0.11484372127309032,0.11484372127309032,0.43749989056415367,0.43749989056415367
Sofa_07_06.obj,Sofa_07,OB,OB,,2.500060647157185e-07,0.43749989060653166,1.000000249988184,1.7777777776958952,1.3333334996181054,0.4685212627511621,1.000000124791258,1.3333333329473642,0.14119851353481963,0.9999999999998735,0.00030402837916059194,1.0,0.0,1.0,1.0,1.0,1.0,0.0,0.0,0.11484372128421454,0.11484372128421454,0.43749989060653166,0.43749989060653166
Sofa_07_07.obj,Sofa_07,OB,OB,,0.8332510666765554,0.1640340952739414,5.997039861479686,61.42131879795705,14.69043475578893,0.06285307841994289,2.437494166577786,6.026859451276376,0.06367430320608466,0.7840925762939074,4.437292838085452e-05,0.9998350319076151,0.014831179134710623,1.0235664533182494,1.0253265818967832,0.9999697606413603,0.9961946705889029,3.0239358639660985e-05,0.0038053294110971247,0.04401891274435872,0.04401891274435872,0.16371704254228173,0.1634049500964582
Sofa_07_08.obj,Sofa_07,OB,OB,,0.9585910502197055,0.03494375134978477,24.149368803257605,6.404900054542477,7.065981431660202,0.13486310935969265,3.5097988568654,2.0132154916739777,0.06758891973560696,0.773243972800615,0.0001270794841455501,0.8869261791539395,0.3487557049465255,1.4726177328986925,1.6034880484594678,0.9995429714106546,0.991188478606074,0.00045702858934537627,0.008811521393926047,0.012485241694599851,0.012485241694599851,0.034773897611388535,0.034620014166378124
Sofa_07_09.obj,Sofa_07,OB,OB,,0.790152801677887,0.2050902027702251,4.7653721755432645,44.1133896454315,9.750022498613987,0.08800741212929676,1.6960397851930578,5.748699165842196,0.0354496995865068,0.9959595909503818,6.991243974521431e-05,0.8580185943085565,0.3849344226425601,1.5163245750466818,1.6840992382586568,0.9982215546635933,0.9921961834291594,0.0017784453364066977,0.007803816570840616,0.07501836762609078,0.07501836762609078,0.20392664108283648,0.20312782111010727
Sofa_07_10.obj,Sofa_07,OB,OB,,0.8231311049941004,0.16352520795711228,5.653905396800036,13.254874335642334,5.571423060762145,0.15390101511972834,1.7462677611433108,3.1904746709482534,0.023679202228114652,0.9968105763598895,3.593252966514051e-05,0.8650441464791181,0.36532603754039633,1.4539193968343966,1.6412875612314912,0.999923207310686,0.9933386567825391,7.679268931404248e-05,0.006661343217460924,0.058316965309910554,0.058316965309910554,0.1629680434742117,0.16242343653180077
Sofa_07_11.obj,Sofa_07,OB,OB,,0.5115039674774139,0.4718459474310475,2.0470980106850294,29.33890645251717,1.1422503485878406,0.5263545082777832,1.0000012336126716,1.1422488778060138,87.78998493544164,0.20244875722761227,4318.301157325492,1.0,1.4332917616497527e-16,1.0000000000000002,1.0000000000000002,0.9999999999999997,0.9999999999999999,3.3306690738754696e-16,1.1102230246251565e-16,0.12385956120065006,0.12385956120065006,0.47184594743104735,0.4718459474310473
Sofa_07_12.obj,Sofa_07,OB,M,x,0.8888620125999247,3.004367709701877e-06,8.997566362090557,0.9997698415905572,2.1213337961685648,0.39222949117730904,2.12130511594693,1.000012953009798,373.60470631415626,0.49957056221487145,2061301.3686202168,0.999999999989845,3.6796529023212188e-06,1.0000045066157106,1.0000045066157106,1.0,1.0,0.0,0.0,7.886493866424629e-07,7.886493866424629e-07,3.004367709701877e-06,3.004367709701877e-06
Sofa_07_13.obj,Sofa_07,OB,OB,,5.0366230740734434e-14,0.9997428116349858,0.9997428116350865,3887.2007751038773,1763451.3376000084,0.0,0.9999994329305452,1763451.3375999639,7774.40155020795,1.0,400000000.0,6.162975822039155e-33,6.162975822039155e-33,1.232595164407831e-32,1.232595164407831e-32,0.5,1.609823385706477e-14,0.5,0.9999999999999839,0.4748778355266134,0.4748778355266134,0.24993570290875045,8.047046789309727e-15
Sofa_07_14.obj,Sofa_07,OB,OB,,0.0,0.9997428116350362,0.9997428116350362,3887.2007751040733,1763451.3376000084,0.0,0.99999943293052,1763451.3376000084,7774.401550208145,1.0,400000000.0,3.0814879110195774e-33,5.3372936247951914e-33,8.628166150854819e-33,1.0477058897466559e-32,0.5,1.609823385706477e-14,0.5,0.9999999999999839,0.47487783552663737,0.47487783552663737,0.24993570290876305,8.047046789310133e-15
Sofa_07_15.obj,Sofa_07,OB,OB,,0.0,0.9997428116350362,0.9997428116350362,3887.2007751040733,1763451.3376000084,0.0,0.99999943293052,1763451.3376000084,7774.401550208145,1.0,400000000.0,3.0814879110195774e-33,5.3372936247951914e-33,8.628166150854819e-33,1.0477058897466559e-32,0.5,7.230549492476257e-12,0.5,0.9999999999927695,0.4748778355244736,0.4748778355244736,0.24993570291056624,3.6143449396372487e-12
Sofa_08_01.obj,Sofa_08,OB,OB,,0.5303839588437186,0.41145665823539435,2.1293991524131584,8.074639337093688,3.47469282347651,0.2241472889707529,1.329537401476182,2.613460004479194,0.07945008945022367,0.6483813278812963,0.025496028322348246,0.9999998286700666,0.00023030665568372127,1.0002455178690401,1.0003509625919966,0.9998748373385369,0.990551483376525,0.0001251626614631185,0.009448516623475012,0.10921715674298264,0.10921715674298267,0.40946157498201263,0.40751799073905237
Sofa_08_02.obj,Sofa_08,OB,OB,,0.5303839588437183,0.4114566582353947,2.129399152413157,8.074639337093691,3.47469282347651,0.2241472889707529,1.329537401476182,2.613460004479194,0.07945008945022373,0.6483813278812959,0.025496028322348246,0.9999998286700665,0.00023030665568730323,1.0002455178690464,1.000350962592,0.9998748373385367,0.990551483376525,0.00012516266146334054,0.009448516623475012,0.1092171567429832,0.1092171567429832,0.40946157498201285,0.4075179907390526
Sofa_08_03.obj,Sofa_08,OB,OB,,0.5303839588437183,0.4114566582353946,2.129399152413157,8.074639337093688,3.47469282347651,0.2241472889707529,1.329537401476182,2.613460004479194,0.0794500894502238,0.6483813278812949,0.025496028322348246,0.9999998286700666,0.00023030665567498216,1.0002455178690268,1.0003509625919842,0.999874837338537,0.9905514833765252,0.00012516266146300747,0.00944851662347479,0.10921715674298164,0.10921715674298164,0.409461574982013,0.40751799073905276
Sofa_08_04.obj,Sofa_08,OB,OB,,0.5303839588437187,0.4114566582353941,2.1293991524131592,8.074639337093679,3.47469282347651,0.2241472889707529,1.329537401476182,2.613460004479194,0.07945008945022371,0.6483813278812951,0.025496028322348246,0.9999998286700666,0.00023030665567976512,1.0002455178690335,1.000350962591991,0.999874837338537,0.990551483376525,0.00012516266146300747,0.009448516623475012,0.10921715674298209,0.10921715674298209,0.40946157498201247,0.4075179907390522
Sofa_08_05.obj,Sofa_08,OB,OB,,0.5303839588437185,0.41145665823539446,2.129399152413158,8.074639337093696,3.474692823476512,0.22414728897075284,1.3295374014761825,2.613460004479194,0.07945008945022403,0.6483813278812925,0.025496028322348235,0.9999998286700666,0.0002303066556871834,1.0002455178690532,1.0003509625919964,0.9998748373385365,0.990551483376526,0.00012516266146345156,0.009448516623474013,0.10921715674298312,0.10921715674298312,0.40946157498201274,0.4075179907390527
Sofa_08_06.obj,Sofa_08,OB,OB,,0.5303839588437183,0.4114566582353946,2.129399152413157,8.074639337093691,3.474692823476512,0.22414728897075284,1.3295374014761825,2.613460004479194,0.07945008945022407,0.6483813278812932,0.025496028322348235,0.9999998286700666,0.00023030665567605948,1.0002455178690384,1.0003509625919813,0.999874837338537,0.9905514833765264,0.00012516266146300747,0.009448516623473568,0.10921715674298178,0.10921715674298178,0.40946157498201324,0.40751799073905326
Sofa_08_07.obj,Sofa_08,OB,OB,,0.624826574724298,0.3306985655264917,2.6654339903332844,8.435629193456524,4.880998654823057,0.17402459368955084,1.7049366967910609,2.862862101441835,0.04003607996835165,0.9849384385095802,0.000476536665880569,0.9999981398638027,0.0015844492777236532,1.0020959633114743,1.0021911266820487,0.99600884285457,0.9845673575776821,0.003991157145429969,0.0154326424223179,0.0889464076262142,0.08894640762621418,0.32683710376847075,0.32429551195323436
Sofa_08_08.obj,Sofa_08,OB,OB,,0.6247780056764036,0.3307344534405772,2.665088974334503,8.434316369831942,4.880998654823057,0.17402459368955084,1.7049366967910609,2.862862101441835,0.04003608387033841,0.9849384212858802,0.00047590043535202355,0.99999980490269,0.00048304556990892776,1.000678107434632,1.0007582234861268,0.9960446752052838,0.9845920649006804,0.003955324794716164,0.015407935099319592,0.08885165545850307,0.0888516554585031,0.32688840179857265,0.32435051234072837
Sofa_08_09.obj,Sofa_08,OB,OB,,0.7523354989791979,0.23856613764424603,4.037720367183083,27.22077485483766,9.941176469302501,0.08950468150233883,1.9882352940706647,4.999999999337676,0.03450747714487507,0.9991355751025591,1.5037099030542542e-05,0.8888888888888891,0.3142696805273545,1.1111111180078967,1.111111118653801,1.0,1.0,0.0,0.0,0.06964772406165734,0.06964772406165734,0.23856613764424603,0.23856613764424603
Sofa_08_10.obj,Sofa_08,OB,OB,,0.27777500002418803,2.77779169872396e-06,1.3846100592185513,1.0000038461532208,1.000001666491381,0.5773499483662503,1.0000016664534814,0.9999999998483423,0.12993775885298547,0.7037039197619032,0.00016346726533800153,0.9499430934538698,0.2456165130146317,1.1236201953850153,1.1236201953850156,0.8333336110893219,0.8845915359427559,0.1666663889106781,0.11540846405724414,1.0781222822673505e-06,1.0781222822673507e-06,2.181251862038022e-06,2.047676536924465e-06
Sofa_08_11.obj,Sofa_08,OB,OB,,0.2777736111357499,1.3888884378527399e-06,1.3846073965231247,1.0000019230490016,1.0000024997844468,0.5773494672614183,1.0000008331400196,1.0000016664534814,0.12993762294978367,0.7037042438295033,0.00016346685666891394,0.9499430934552247,0.24561651301226556,1.1236201953826648,1.1236201953826648,0.8333337499782237,0.8845915880081083,0.16666625002177626,0.11540841199189167,5.390581753534984e-07,5.390581753534984e-07,1.090620323055971e-06,1.0238330358947212e-06
Sofa_08_12.obj,Sofa_08,OB,OB,,0.2777736111357502,4.166661198181815e-06,1.3846073965231254,1.0000057692032969,1.0000024998033907,0.5773497879989272,1.0000024997844468,0.9999999998293868,0.12993771355170636,0.7037040277809269,0.0001634671291129094,0.949943093455226,0.24561651301226353,1.1236201953826666,1.1236201953826666,0.8333337499828529,0.8845915880089662,0.16666625001714708,0.1154084119910338,1.6171729287845018e-06,1.6171729287845016e-06,3.271857737601065e-06,3.0714960740132303e-06
Sofa_08_13.obj,Sofa_08,OB,OB,,0.2777777777779873,3.7899502279952005e-11,1.3846153845958855,1.0000000000325755,0.9999999998483539,0.5773502691118504,0.9999999998104544,0.9999999998483423,0.12993784945444195,0.7037037037085705,0.00016346753777957945,0.9499430934552272,0.24561651301226128,1.1236201953816678,1.1236201953816678,0.8333333333301493,0.8845914113372138,0.16666666666985075,0.11540858866278625,1.4709638625377195e-11,1.4709638625377195e-11,2.976044853769991e-11,2.7937978508893832e-11
Sofa_08_14.obj,Sofa_08,OB,OB,,0.9587295620553259,0.03970445953729783,24.230418910031897,26.35441060375192,11.26668666515866,0.08467934633385146,3.3194395066175857,3.3941533328726674,0.05218312313139278,0.7264298376429571,0.00014025517725788563,0.8924979346961379,0.25646313461592873,1.1016711390083218,1.1386856747844494,0.9999293562448117,0.9957465349312885,7.064375518828214e-05,0.004253465068711493,0.011510214151917122,0.011510214151917122,0.0396172198645342,0.03953278506389001
Sofa_08_15.obj,Sofa_08,OB,OB,,0.32802120199367024,0.6152643930941539,1.488142189852382,11.848467757819607,3.777779443969672,0.2001977734600269,1.21428624995294,3.1111111107143223,0.03945222766021645,0.954261266260708,0.0009064545706279179,0.9994631309301601,0.031681500883489006,1.0435606763992022,1.0456066712112384,0.9930994592316595,0.9706802745471963,0.006900540768340457,0.029319725452803702,0.1739101325906057,0.17391013259060573,0.602061285272308,0.5931038344783164
Sofa_08_16.obj,Sofa_08,OB,OB,,0.3280225193205596,0.6152630757744191,1.4881451071669918,11.848444531936835,3.777779443969672,0.20019777346002776,1.2142862499529536,3.1111111107142877,0.0394522521161147,0.9542619456582291,0.0009064545706279278,0.9994772866656252,0.031286849557009166,1.0430947328686395,1.045058307459533,0.9930990764890333,0.9706719465780853,0.006900923510966717,0.02932805342191469,0.17384751587383968,0.17384751587383968,0.6020572199199122,0.5930972474904468
Sofa_08_17.obj,Sofa_08,OB,OB,,0.3280216399062556,0.6152639552082728,1.488143159639852,11.848460042034139,3.777779443969672,0.20019777346034306,1.2142862499578837,3.1111111107016565,0.03945223071460627,0.9542614999446024,0.0009064545706316082,0.9994593207988355,0.03179948839534189,1.0436829531486485,1.0457578879176395,0.9930993305789818,0.9706766857933207,0.006900669421018191,0.02932331420667933,0.1739285426374235,0.1739285426374235,0.6020596823911712,0.5931011427356301
Sofa_09_01.obj,Sofa_09,OB,OB,,0.9441297736727207,0.05488685660458425,17.898620888737607,56.81507680966492,26.489448844524503,0.03495517623281285,2.4623449797546444,10.757813816310788,0.06991563661860159,0.9873254847099555,1.8527072168294355e-05,0.8873042551051099,0.26599770498944353,1.1239052957516669,1.1239052957516669,0.9892760952188548,0.9949599741298303,0.010723904781145155,0.005040025870169718,0.01616866277300242,0.01616866277300242,0.05416142287521262,0.054024590569804916
Sofa_09_02.obj,Sofa_09,OB,OB,,0.9563508028332384,0.04141559438868137,22.909928816776215,19.54205895294261,16.426365704509873,0.05925214798394402,4.3887999997607325,3.742792039857154,0.05206409555259803,0.9210638598743474,3.347247549363569e-05,0.9800719985229668,0.14437656289682113,1.1821394365899738,1.286166180955096,0.9631472040680649,0.9888476302982832,0.036852795931935134,0.011152369701716847,0.013324115349426948,0.013324115349426948,0.0396668837521706,0.0394444535640657
Sofa_09_03.obj,Sofa_09,OB,OB,,0.7784378702333828,0.21056661037147312,4.513406695688628,20.150219539801757,7.923460877819157,0.11258383630292995,2.03813354269654,3.8876063375667904,0.057803693224284594,0.9697402218201212,0.0004706314138726714,0.9052705143753106,0.37558516474392006,1.5383315525678665,1.612698203267918,0.9121626777384804,0.9284956937347373,0.08783732226151963,0.07150430626526272,0.0877064211017143,0.08770642110171428,0.18520405124148814,0.1783370993242181
Sofa_09_04.obj,Sofa_09,OB,OB,,0.7772045663888544,0.21514092112379385,4.488422333399461,29.1064171596786,9.147795537346953,0.09767041866406938,2.03813354269654,4.488319997301929,0.06353145432313792,0.9651953798138903,0.0005494547547523167,0.9492144472804075,0.22364955837955428,1.2732857701253255,1.3434919660332814,0.9192400061932505,0.9327383009699883,0.08075999380674947,0.06726169903001167,0.07905720074322295,0.07905720074322295,0.19111509831671664,0.1844640549671754
Sofa_09_05.obj,Sofa_09,OB,OB,,0.8661726177276454,0.12595443491986227,7.472312340118326,16.998383995218532,8.300725770076308,0.11198458441392203,2.6462703398863905,3.136764087997046,0.08295133883944215,0.9540115409306663,0.0014411129348827977,0.9999999999173975,1.103476300239778e-05,1.00001468551506,1.0000161324630155,0.9979428646566736,0.9658431239789077,0.0020571353433264106,0.0341568760210923,0.03444478236298959,0.03444478236298958,0.12354864970534878,0.12140196981055762
Sofa_09_06.obj,Sofa_09,OB,OB,,0.830754479021351,0.15906003693023768,5.908575861962772,16.616345396447382,8.279065114676808,0.11073582622398952,2.389260402544518,3.465116278403943,0.05394804564342285,0.9896883683931057,0.00038120319371702543,0.9999392740454736,0.00843876335387403,1.0113282008074835,1.0132306930943122,0.9898044316982939,0.9736697088686398,0.010195568301706093,0.026330291131360206,0.04396699552233333,0.043966995522333324,0.15536563093468986,0.15329293240973615
Sofa_09_07.obj,Sofa_09,M,M,,0.9401227850180867,1.3296049785603536e-06,16.700843556215393,1.0000222059311725,2.8798076914022666,0.3116899836445403,2.879807691307812,0.9999999997048061,0.1551082310805573,0.7764546212966479,0.001776631940898531,0.9999524375586759,0.008017621269549769,1.0138406658896,1.0138406658896,0.9999998483758077,0.9999999348718319,1.5162419231273816e-07,6.512816808079691e-08,3.525227967108561e-07,3.525227967108562e-07,1.3296047336627108e-06,1.3296046903653493e-06
Sofa_09_08.obj,Sofa_09,M,M,,0.930556572410426,6.321110987686255e-07,14.40021085803875,1.0000091025412416,2.6741071420226357,0.33057446608205276,2.6741071419412115,0.9999999997258845,0.14565569885355448,0.7764600479927519,0.001531891826530083,0.9999524375722335,0.008017620150335154,1.0138406658760424,1.0138406658760424,0.9999998516100768,0.9999999374182645,1.4838992323795708e-07,6.25817354604763e-08,1.675938149202877e-07,1.675938149202877e-07,6.321109851904062e-07,6.321109654111044e-07
Sofa_09_09.obj,Sofa_09,M,M,,0.9213374489453503,0.0018843795900628148,12.712529489414477,1.0245431683110593,2.535763149690182,0.3444163594716012,2.5357631496169475,0.9999999997400723,0.13929896699577096,0.776456540873426,0.0014059878796305364,0.9995429236427735,0.025034465310952343,1.0410241563277955,1.0410241563277955,0.9723297207555877,0.9876328664891929,0.027670279244412344,0.012367133510807093,0.0005347353776967039,0.000534735377696704,0.0018209085128833892,0.0018095787451634729
Sofa_09_10.obj,Sofa_09,M,M,,0.9471961004878944,0.003648153802154344,18.937995285093553,1.0742162232364787,3.1197916655663844,0.29194000631579364,3.1197916654555313,0.9999999996802066,0.16613494584745894,0.7764626096950855,0.0019412767112357001,0.9996823089654522,0.020282406178646278,1.0279830289693774,1.0318371559799981,0.9999111017439213,0.999961518806967,8.889825607871771e-05,3.8481193032957606e-05,0.0009794047664508118,0.0009794047664508118,0.003647759301228093,0.0036476891148127604
Sofa_09_11.obj,Sofa_09,OB,OB,,0.8307927420757787,0.15900835883218292,5.909911975806647,16.590737529315312,8.279069765815489,0.11073577393574802,2.389261744833844,3.4651162783830523,0.053948074889395625,0.9896888059840002,0.00038500957136407,0.9999999998310315,1.641469334712574e-05,1.0000221016271178,1.0000236961429814,0.9991740227353412,0.9780244357348965,0.0008259772646588281,0.021975564265103498,0.04283468990127366,0.042834689901273655,0.15713131544431475,0.15538560934573264
Sofa_09_12.obj,Sofa_09,OB,OB,,0.8661726135781783,0.12595441480179934,7.472312108430959,16.998332126705826,8.300638712662082,0.11198574418346,2.646270339894945,3.1367311898309973,0.08295160002428274,0.9539977161417686,0.0014410978205847745,0.9999999999270506,1.0570860724237132e-05,1.0000141555009339,1.000015433280568,0.9979428630435312,0.9658431118555628,0.002057136956468808,0.03415688814443718,0.03444476144039496,0.03444476144039496,0.12354862900991352,0.1214019486995469
Sofa_09_13.obj,Sofa_09,OB,OB,,0.3354565249763527,0.6527904778417606,1.504792444112359,56.542468677485125,8.19640232397204,0.09395092676303733,1.2203483764196663,6.716444649827889,0.04910945650001771,0.9932625792002431,0.00020063568240582914,0.9999999999469873,7.669784392265696e-06,1.00001109963359,1.0000129199557877,0.9995695655653163,0.9827399246876022,0.000430434434683713,0.017260075312397816,0.17483754417239628,0.17483754417239625,0.6468783128342697,0.6412471313270756
Sofa_09_14.obj,Sofa_09,OB,OB,,0.33545747500270856,0.6527896305060258,1.5047945953553994,56.542881882493305,8.196418603020511,0.09395077207153635,1.2203493635115035,6.71645255682655,0.04910936901543373,0.9932616724226342,0.0002006350477194741,0.9999999999984291,1.6182216525585973e-06,1.0000022064244556,1.0000023650205818,0.9995694486493155,0.9827356408618104,0.0004305513506844827,0.017264359138189578,0.17483694852931,0.17483694852931,0.6468759998932311,0.6412434287375635
Sofa_10_01.obj,Sofa_10,OB,OB,,0.6656885239385864,0.32214238539138934,2.9912224724711227,27.472182197212344,10.499989863531141,0.0789952939081751,1.4999979868727626,7.000002636802681,0.03249871780831003,0.8392881192331998,1.6112925092118634e-06,0.9754175563955791,0.17410107508469352,1.2463134312217914,1.2468025678233505,0.6633531428208901,0.6646572262599101,0.3366468571791099,0.3353427737400899,0.16998482314605118,0.16998482314605118,0.17786376697729805,0.14203337016939965
Sofa_10_02.obj,Sofa_10,OB,OB,,0.4943209876568951,0.47790141474889564,1.9775390625092022,18.204562530205482,6.0000194587761335,0.13458962872987473,1.406249999938521,4.266680504006814,0.05556574129114515,0.9999999999999976,7.310513200420836e-06,1.0,0.0,1.0,1.0,0.9999999999999996,0.9999999999999998,4.440892098500626e-16,2.220446049250313e-16,0.12544912137158518,0.12544912137158518,0.47790141474889536,0.4779014147488953
Sofa_10_03.obj,Sofa_10,OB,OB,,0.6569809313633165,0.3308361131486684,2.9152898233161055,28.155653115044007,10.499984998440187,0.07873642065132551,1.48409681976046,7.074999998931476,0.03255478853848939,0.8430507517250277,1.5942130092522705e-06,0.9753086419753085,0.17459426695964145,1.2469135802469138,1.2469135802469138,0.6621771241382769,0.6595851817634499,0.3378228758617231,0.34041481823655007,0.1752381525220298,0.17523815252202982,0.18178441039933574,0.14449671483280066
Sofa_10_04.obj,Sofa_10,OB,OB,,0.829510926120023,0.16112389009174,5.865478515672177,18.204562530205482,10.333366845687523,0.08909307943940091,2.4218749998982254,4.266680504006814,0.05279379083346026,0.9999999999999983,4.244814116366198e-06,1.0,0.0,1.0,1.0,0.9999999999999999,1.0,1.1102230246251565e-16,0.0,0.04229502114908175,0.04229502114908175,0.16112389009173997,0.16112389009173997
Sofa_10_05.obj,Sofa_10,OB,OB,,0.8951471898744214,0.0997507953475356,9.537178820503279,20.551255668004433,14.000035721995072,0.06779820634323434,3.0882323131001996,4.533349276216976,0.051241805577052206,0.9999999999999987,2.9487820871031233e-06,1.0,0.0,1.0,1.0,1.0,1.0,0.0,0.0,0.02618458377872809,0.02618458377872809,0.0997507953475356,0.0997507953475356
Sofa_10_06.obj,Sofa_10,OB,OB,,5.821019937845242e-16,0.27777777774939066,0.9999999998975961,1.3846153844191715,1.199999999286165,0.5076730824134685,0.9999999995042472,1.199999999286165,0.317281713917337,0.9999999999985354,0.003655244744788262,0.9984000000000002,0.0478932145507065,1.0816000000000001,1.0816000000000001,1.0,1.0,0.0,0.0,0.07719962673466259,0.07719962673466259,0.27777777774939066,0.27777777774939066
Sofa_10_07.obj,Sofa_10,OB,OB,,4.4547537956837403e-11,0.27777777770484324,0.9999999999421432,1.3846153843574904,1.199999999286165,0.5076730824176653,0.999999999526521,1.1999999992594366,0.3172817139195449,0.999999999998537,0.0036552447448696774,0.9984000000000002,0.04789321455070652,1.0816000000000001,1.0816000000000001,1.0,1.0,0.0,0.0,0.07719962672228203,0.07719962672228203,0.27777777770484324,0.27777777770484324
Sofa_10_08.obj,Sofa_10,OB,OB,,9.901482151527316e-11,0.27777777765024586,0.9999999999966104,1.3846153842818247,1.1999999992860568,0.5076730824228305,0.9999999995537544,1.1999999992266481,0.3172817139222626,0.9999999999985385,0.003655244744969882,0.9984000000000002,0.04789321455070649,1.0816000000000001,1.0816000000000001,0.9999998966425273,0.9999999342005825,1.033574726916342e-07,6.579941747020257e-08,0.07719964223903636,0.07719964223903636,0.27777773980102977,0.2777777306622227
Sofa_10_09.obj,Sofa_10,OB,OB,,9.022580903660936e-14,0.2777777777492356,0.9999999998976858,1.3846153844189222,1.1999999992861108,0.5076730824134941,0.9999999995042924,1.1999999992860568,0.31728171391734983,0.9999999999985374,0.003655244744788757,0.9983999999999998,0.04789321455070645,1.0815999999999997,1.0816000000000001,0.9999077022022298,0.9999412359731198,9.22977977702022e-05,5.876402688020921e-05,0.07721349713386352,0.07721349713386352,0.2777439785549849,0.2777358176378899
Sofa_10_10.obj,Sofa_10,OB,OB,,8.949818154437061e-14,0.2777777777493015,0.9999999998976851,1.384615384419048,1.199999999286165,0.5076730824134771,0.9999999995042924,1.1999999992861108,0.31728171391734067,0.999999999998538,0.003655244744788427,0.9984000000000002,0.047893214550706505,1.0816000000000001,1.0816000000000001,0.9999918653397052,0.9999948212722877,8.134660294811802e-06,5.178727712329412e-06,0.07720084916503127,0.07720084916503127,0.2777747988595553,0.2777740795976686
Sofa_10_11.obj,Sofa_10,OB,OB,,0.6013404071018749,0.34968036181785483,2.5084057120751972,8.139359971658322,4.666666665754422,0.17739371879037488,1.5555555554643388,2.9999999993911732,0.06094325912209433,0.9975081363471603,0.00017378077873456246,0.9999911468972399,0.0034611970216556188,1.0052784691995853,1.0057247063145789,0.9958537507241979,0.9570014951611923,0.004146249275802094,0.04299850483880774,0.09718412120988147,0.09718412120988146,0.34074380445404556,0.33325710903718575
Sofa_10_12.obj,Sofa_10,OB,OB,,0.6013403939395513,0.3496803733700675,2.5084056292565537,8.139359972823131,4.666666665714762,0.17739371879140803,1.555555555451119,2.9999999993911732,0.06094325907886928,0.9975081357876291,0.0001737807787360393,0.9999911473792323,0.0034611046184092917,1.0052783051138847,1.0057245554629854,0.995853861690592,0.9570015663726812,0.004146138309408021,0.04299843362731881,0.09718409285362048,0.09718409285362048,0.34074386607857327,0.33325718197915677
Sofa_10_13.obj,Sofa_10,OB,OB,,0.6013405279102094,0.34968025585202483,2.5084064722134545,8.139359971661444,4.666646665742936,0.1773942398083698,1.555548888793843,2.9999999993911732,0.060943351312449955,0.9975088431233436,0.00017378152351294818,0.9999911183599494,0.00346677046174282,1.0052848722375474,1.0057350614145193,0.9958544606131314,0.9570094308035941,0.004145539386868569,0.04299056919640587,0.09718375190392758,0.09718375190392758,0.34074532581053835,0.3332600090424967
Sofa_10_14.obj,Sofa_10,M,M,,0.9971864488389859,0.00257827312313969,355.4226664057014,11.957796413778635,65.21416554746112,0.015310752529495781,18.853133412001963,3.459061195367934,323.09842692666695,0.9999157781831177,202132.3605264678,1.0,1.2819751242557092e-16,1.0,1.0,1.0,1.0,0.0,0.0,0.0006767966948241686,0.0006767966948241686,0.00257827312313969,0.00257827312313969
Sofa_11_01.obj,Sofa_11,CA,CA,,0.6058981922270048,0.3214574270610907,2.5374154096139763,5.425083177952336,1.7212121211736124,0.42906960931374516,1.419999999972407,1.212121212094096,0.012642604661922921,0.772919796413868,1.3210603913448141e-06,0.8235038933367742,0.3901037512846992,1.1836096320533038,1.62863783091141,0.9618349635943371,0.9710876722264471,0.03816503640566293,0.028912327773552904,0.11376445484985709,0.11376445484985709,0.30471930590463364,0.30024961915483384
Sofa_11_02.obj,Sofa_11,OB,OB,,7.926677950202506e-11,0.15395251975577015,1.0000000000163756,1.1819667610887052,1.065217390893009,0.5530540191005314,0.9999999996431138,1.0652173908507907,0.2008458422313821,0.999999999999337,0.0013281970554425335,0.9600000000000002,0.15999999999999998,1.04,1.04,1.0,1.0,0.0,0.0,0.04267563847629949,0.04267563847629949,0.15395251975577015,0.15395251975577015
Sofa_11_03.obj,Sofa_11,OB,OB,,7.919528054767707e-11,0.15395251975578153,1.000000000016304,1.181966761088706,1.0652173908929705,0.5530540191005383,0.9999999996430777,1.0652173908507907,0.20084584223138494,0.999999999999337,0.0013281970554425814,0.9599999999999997,0.16000000000000003,1.04,1.04,1.0,1.0,0.0,0.0,0.042675638476302624,0.042675638476302624,0.15395251975578153,0.15395251975578153
Sofa_11_04.obj,Sofa_11,OB,OB,,7.926695824941095e-11,0.15395251975576996,1.0000000000163758,1.181966761088705,1.065217390893009,0.5530540191005314,0.9999999996431138,1.0652173908507907,0.20084584223138213,0.999999999999337,0.0013281970554425335,0.96,0.15999999999999995,1.04,1.04,0.9999999999999998,1.0,2.220446049250313e-16,0.0,0.04267563847629944,0.04267563847629944,0.15395251975576993,0.15395251975576993
Sofa_11_05.obj,Sofa_11,OB,OB,,7.91949230529053e-11,0.15395251975578136,1.0000000000163036,1.1819667610887055,1.0652173908929705,0.5530540191005383,0.9999999996430777,1.0652173908507907,0.20084584223138496,0.999999999999337,0.0013281970554425814,0.9600000000000002,0.16000000000000003,1.04,1.04,1.0,1.0,0.0,0.0,0.042675638476302596,0.042675638476302596,0.15395251975578136,0.15395251975578136
Sofa_11_06.obj,Sofa_11,M,M,,0.913778311724315,3.2031810540543703e-16,11.597872905833343,0.9998629387517086,2.399999009974158,0.35897902614889204,2.399999009974147,0.9999995874858002,200.73026560275858,0.7762291302734996,4239816.038955216,0.9999524375743163,0.00801761997838974,1.0138406658739596,1.0138406658739596,0.9999999999998227,0.999999999999917,1.773026170326375e-13,8.304468224196171e-14,8.492703111391848e-17,8.492703111391848e-17,3.203181054053669e-16,3.203181054053536e-16
Sofa_11_07.obj,Sofa_11,M,M,,0.9131662080889547,0.00012461681945707712,11.516117781214792,1.001300806476717,2.414874631601206,0.3573333622803918,2.414855192989534,1.0000076345261892,200.7301864296408,0.7858727801463596,4381297.141914493,0.9995434595851304,0.0250196714839609,1.040997218912394,1.040997218912394,0.9992192667146901,0.9968380387499951,0.0007807332853099203,0.0031619612500048966,3.384527401678908e-05,3.384527401678909e-05,0.00012432266399866213,0.0001241258010391067
Sofa_11_08.obj,Sofa_11,CA,SL,x,0.7902207510913505,0.19842491868146792,4.766915334280373,18.475697213994334,3.699999809210925,0.22818430662088246,1.7411764283372297,2.1249998904256806,22.303853491614447,0.7212791909451485,7864.354943619444,0.7748250564611668,0.4591564171434562,1.2382119847740645,1.5164429636115206,0.9964215175404629,0.9974361483292811,0.003578482459537069,0.0025638516707189307,0.06546826343340544,0.06546826343340544,0.19746140280516972,0.19720794701990818
Sofa_12_01.obj,Sofa_12,OB,OB,,0.8122547420784448,0.13935466842883687,5.3263662212853005,3.8797886095120737,4.117640480924806,0.21785952973467917,2.3333321217142893,1.7647039795413266,0.023172006167090784,0.9039214479967274,2.6521035381622173e-06,0.9208356253799747,0.30634032246507964,1.3130935337798484,1.568384923569728,0.7452564113612622,0.8399209470832132,0.2547435886387378,0.1600790529167868,0.06668045719725631,0.06668045719725631,0.09554245827297714,0.08722995644624072
Sofa_12_02.obj,Sofa_12,OB,OB,,0.9001913476506064,0.059784537949042746,10.01917144917718,2.493712948921981,4.374997706707546,0.20856767414478247,2.5925941021574213,1.6874981328148935,0.023662482450459883,0.9953429781775606,3.6273344591096558e-06,0.9582327872489905,0.21857733930332837,1.3350096867242296,1.3575566864352169,0.9461183882200881,0.9614494253769942,0.05388161177991191,0.03855057462300582,0.021248167087341844,0.021248167087341844,0.055472977776608326,0.05438270486838565
Sofa_12_03.obj,Sofa_12,OB,OB,,0.4417672702533872,0.5257812186631292,1.7913675546283068,17.202056579436245,4.399997998547908,0.18455343402582405,1.4666662862186735,2.999999413457589,0.03233444541741186,0.9962515384604588,2.816612158496607e-05,0.8782355527637185,0.3689975968310604,1.4732415956941942,1.7239264280989963,0.8698237441503155,0.91011995360824,0.1301762558496845,0.08988004639175995,0.22934503678004012,0.2293450367800401,0.4367842533624716,0.4162315185034645
Sofa_12_04.obj,Sofa_12,OB,OB,,0.7852200382936378,0.16796151837450884,4.65592782517983,4.58750753808051,4.399997998547908,0.18455343402582405,1.4666662862186735,2.999999413457589,0.03233442445887877,0.9962517092180104,1.1896250110420453e-05,0.8664092882219551,0.3538877714083683,1.2865468133955271,1.5481990237337866,0.8715477128648584,0.9072282417396302,0.12845228713514156,0.09277175826036976,0.06858244262789961,0.06858244262789963,0.13959621175144757,0.13280594631428302
Sofa_12_05.obj,Sofa_12,M,M,,0.8465383498251888,0.002108338619370702,6.516285983104623,1.0139299138943867,1.8013798562334258,0.43664502969013813,1.8013798561576728,0.999999999622093,0.21592991169382003,0.7776503447088321,0.006167503324077491,0.995555555555469,0.07950463920067172,1.1377777777778646,1.1377777777778646,0.9871971023742859,0.9903814374622274,0.012802897625714071,0.009618562537772601,0.0006231567613495157,0.0006231567613495157,0.002071335998612609,0.002061326221358658
Sofa_12_06.obj,Sofa_12,M,M,,0.8467347621903706,7.673272472141274e-07,6.524636729565235,1.0000050064147517,1.8146624719231623,0.4346588845279313,1.8146514953472077,1.0000060484386575,0.21592968844168278,0.7891580660504245,0.006050128799297822,0.9999524375728505,0.008017620099385303,1.0138406658754253,1.0138406658754253,0.999999972397143,0.9999999742404483,2.7602857000097458e-08,2.5759551713910867e-08,2.034441018961557e-07,2.034441018961557e-07,7.673272161507004e-07,7.673272062676978e-07
Sofa_12_07.obj,Sofa_12,M,M,,0.8467096024852238,4.014818122945057e-05,6.523565834460473,1.0002619777759758,1.8065578040764205,0.4358669789229461,1.8065034114951979,1.0000301088943628,0.21592667667115303,0.7821337936252485,0.005996062895106931,0.9999524375709554,0.00801762025581701,1.0138406658773202,1.0138406658773202,0.9999999538397495,0.9999999651055064,4.61602505108516e-08,3.489449362792385e-08,1.0644625207283126e-05,1.0644625207283126e-05,4.014817867572527e-05,4.014817797525008e-05
Sofa_12_08.obj,Sofa_12,M,M,,0.8467055172357602,2.9134096539390376e-05,6.523391983495027,1.0001900891170206,1.803101333529235,0.43637698360446103,1.8028846145591075,1.0001202063684578,0.21592137737156455,0.7791223259687254,0.0059726023198501755,0.9036860879904876,0.30509729775191274,1.0963139120241574,1.0963139120253067,0.999999999999966,0.9999999999999409,3.397282455352979e-14,5.906386491005833e-14,8.474569906916405e-06,8.474569906916405e-06,2.9134096539388526e-05,2.9134096539387666e-05
Sofa_13_01.obj,Sofa_13,OB,OB,,0.4970510538415085,0.4646366018858559,1.9882733777204307,13.12759518391557,4.249999866207917,0.18877167697485103,1.4166666666055667,2.9999999055532216,0.04486895456095209,0.9963715829829621,9.027654323937353e-05,0.9402695444030091,0.26093793276731736,1.3688451703377817,1.4945975823426574,0.8156904838337982,0.8602430625611831,0.18430951616620184,0.1397569374388169,0.20671287146152645,0.20671287146152645,0.35251573909059125,0.3260318235820169
Sofa_13_02.obj,Sofa_13,OB,OB,,0.49705105384150733,0.4646366018858569,1.9882733777204262,13.127595183915565,4.249999866208021,0.18877167697484656,1.4166666666055667,2.999999905553295,0.04486895456095193,0.9963715829829899,9.027654323937573e-05,0.9402695433614985,0.2609379341427766,1.3688451723857422,1.4945975875971924,0.8156904838337984,0.8602430625611831,0.18430951616620161,0.1397569374388169,0.20671287169567693,0.20671287169567693,0.3525157390905921,0.32603182358201765
Sofa_13_03.obj,Sofa_13,OB,OB,,0.8429580980202032,0.13859861921535485,6.367727258731825,8.514856275066816,6.303025123127068,0.1506976213865133,3.4666666665191594,1.818180323974692,0.02652394645641548,0.911363881425268,2.928940042306629e-05,0.9931915333750396,0.10500969031817883,1.1688830059276942,1.1688830059276942,0.9752929917445108,0.9911642082629167,0.024707008255489216,0.008835791737083265,0.04238292026807472,0.04238292026807472,0.13457707617263964,0.13397989035907765
Sofa_13_04.obj,Sofa_13,OB,OB,,0.9436529109827813,0.020525740659811935,17.747145725562806,1.5730030163816946,6.303030302535441,0.15212543556029112,4.00000208572916,1.5757567539017734,0.02646082302583598,0.9979781140968881,2.733218509430699e-05,0.9628031236906069,0.23328104675508,1.4019263353213551,1.4019263353213551,0.9982023195447193,0.9993797296609264,0.0017976804552807257,0.0006202703390736364,0.0068851632822165545,0.0068851632822165545,0.020482487626529884,0.020476133316062142
Sofa_13_05.obj,Sofa_13,M,M,,0.8518496969916531,2.1140805355688347e-06,6.749901820358265,1.0000142697877008,1.8749999989743258,0.42579703622426446,1.8749999989741823,0.9999999994388431,0.2563621060018376,0.7764628888124582,0.011313851167630489,0.9600000000000002,0.16,1.0400000000049905,1.0400000000053615,0.9999999999999994,0.9999999999999999,5.551115123125783e-16,1.1102230246251565e-16,5.860231244612136e-07,5.860231244612135e-07,2.1140805355688335e-06,2.114080535568833e-06
Sofa_13_06.obj,Sofa_13,M,M,,0.8518518110721945,4.205775536517723e-12,6.749998141725391,0.9999999997764027,1.8749999989743737,0.4257970362242634,1.8749999989743737,0.9999999994387666,0.2563629135577387,0.7764573488793444,0.011313851167631932,0.9600000000000002,0.16000000000000006,1.0400000000050094,1.0400000000053802,1.0,1.0,0.0,0.0,1.1658409787257715e-12,1.1658409787257715e-12,4.205775536517723e-12,4.205775536517723e-12
Sofa_13_07.obj,Sofa_13,M,M,,0.8518496969916536,2.1140805426511406e-06,6.749901820358283,1.0000142697877485,1.8749999989743737,0.4257970362242555,1.8749999989741823,0.9999999994388686,0.2563621060018401,0.776462888812459,0.011313851167630777,0.9599999999999999,0.15999999999999995,1.0400000000050156,1.0400000000053857,0.9999999999999998,1.0,2.220446049250313e-16,0.0,5.860231264244354e-07,5.860231264244354e-07,2.1140805426511402e-06,2.1140805426511402e-06
Sofa_13_08.obj,Sofa_13,M,M,,0.8518518110721962,4.205218501235127e-12,6.749998141725467,0.999999999776399,1.8749999989743737,0.4257970362242555,1.8749999989741823,0.9999999994388686,0.2563629135577392,0.7764573488792593,0.011313851167630777,0.9600000000000001,0.15999999999999995,1.0400000000050122,1.0400000000053826,1.0,1.0,0.0,0.0,1.165686568545437e-12,1.165686568545437e-12,4.205218501235127e-12,4.205218501235127e-12
Sofa_14_01.obj,Sofa_14,SL,OB,x,0.6358761012513742,0.33572312614332733,2.746317952313482,12.820915254975214,5.666666665942524,0.14655959061939733,1.5454545453942035,3.6666666662037635,0.039578293703389764,0.9976807902236946,2.8278921187971484e-05,0.9967725212161911,0.07611393807548661,1.110831218836033,1.110831218836033,0.9935331191233135,0.9690441719292199,0.006466880876686454,0.030955828070780123,0.09931735204125043,0.09931735204125043,0.3283893548051394,0.32322666493126906
Sofa_14_02.obj,Sofa_14,M,M,,0.9137238256222433,0.0001266758380468003,11.590685460967611,1.0014704186137382,2.409638553230304,0.35790533490067006,2.409309571181791,1.0001365457783349,0.2008090786670916,0.7825653001827553,0.004392525711572372,0.9997751229420485,0.017609269706973425,1.0270453201641514,1.0270453201641514,0.9986162682210558,0.9966235785176313,0.0013837317789442416,0.003376421482368719,3.4113403023375296e-05,3.411340302337529e-05,0.0001262869930722973,0.00012607343348052406
Sofa_14_03.obj,Sofa_14,M,M,,0.9137826441108498,5.70192698842037e-06,11.598592762156656,1.000066138566059,2.399999999018212,0.3589790792547931,2.3999999990181444,0.9999999995875137,0.20080239538861186,0.7764887279964996,0.004241056128457011,0.9999524375743163,0.008017619978389734,1.0138406658739596,1.0138406658739596,0.9999999999999929,0.9999999999999759,7.105427357601002e-15,2.4091839634365897e-14,1.5117713378761374e-06,1.5117713378761374e-06,5.701926988420261e-06,5.701926988420192e-06
Sofa_14_04.obj,Sofa_14,OB,OB,,0.6570886155578678,0.331724982449721,2.916205309505172,30.654305528683338,9.866666665254229,0.08755029506679733,1.7411764705455859,5.666666665856766,0.03514132787127289,0.9999999999999997,9.765054404350238e-07,0.9929026251362556,0.10264368928392065,1.1302300623697874,1.1302300623697874,1.0,1.0,0.0,0.0,0.09581680503928362,0.09581680503928362,0.331724982449721,0.331724982449721
Sofa_14_05.obj,Sofa_14,SL,OB,x,0.5455294028160667,0.4300629610501701,2.200362369306359,18.62001689524432,5.666666665942524,0.14655959061939733,1.5454545453942035,3.6666666662037635,0.039692748007698495,0.9976807902236934,3.415993577131069e-05,0.9814836948188728,0.2026154826609037,1.2697637024779844,1.2862927218366287,0.9500026014042401,0.9418615213345938,0.04999739859575991,0.058138478665406224,0.15130698305151843,0.15130698305151843,0.3966843762577951,0.3848078207503182
Sofa_14_06.obj,Sofa_14,M,M,,0.9137891105554301,2.2839965597665925e-15,11.599462741086105,0.9999999998629465,2.3999999990182346,0.3589790792547917,2.3999999990182235,0.9999999995874903,0.20080587955403764,0.7764561669153647,0.00424105612845719,0.9999524375743165,0.008017619978389727,1.0138406658739596,1.0138406658739596,0.999999999999941,0.9999999999999555,5.895284260759581e-14,4.451994328746878e-14,6.055637930607245e-16,6.055637930607244e-16,2.283996559766407e-15,2.2839965597663562e-15
Sofa_14_07.obj,Sofa_14,M,M,,0.9131770063623854,0.00012461829306237713,11.517686249820144,1.0014373773527132,2.4148756329438075,0.3573334152266529,2.414856194316025,1.0000080491854921,0.2008058002939807,0.7861054937780874,0.004382594537110501,0.999543459585124,0.025019671484132526,1.0409972189127052,1.0409972189127052,0.9992192667149524,0.9968380387500805,0.0007807332850475746,0.0031619612499195204,3.384567424024578e-05,3.384567424024578e-05,0.00012432413412558486,0.0001241272688381122
Sofa_14_08.obj,Sofa_14,CA,CA,,0.7896889011238263,0.19873759805021465,4.754860800706927,18.171778966340725,3.699999999808027,0.2281843093030514,1.7411764705455859,2.124999999890232,0.02230385943586091,0.721279316718908,8.160795466536179e-06,0.757049918612069,0.4619767405736092,1.24269338200712,1.4538704893068775,0.9913641312285189,0.9948466502902794,0.008635868771481148,0.005153349709720589,0.06488576084101415,0.06488576084101415,0.19651366633631656,0.19600600643913949
Sofa_15_01.obj,Sofa_15,SL,SL,,2.0167985337509856e-05,0.7946787463051774,1.0000201682308025,4.870796607809537,2.1220665380308152,0.32170734769564147,1.040543978749513,2.039381881425085,0.47262767426656827,0.4396130580452789,0.008429772086928966,0.9995835557182338,0.0240255902197777,1.0412303746200404,1.041230374749004,0.7071287722684867,0.5000456976434962,0.2928712277315133,0.49995430235650384,0.41546972842957197,0.41546972842957197,0.4214679943385853,0.2809957824545303
Sofa_15_02.obj,Sofa_15,SL,SL,,1.171182382093372e-05,0.7946625558433243,1.0000117117996967,4.870253117586847,3.1526874007584795,0.2188528921589652,1.0000282729077976,3.1525982662372574,0.4726259580720798,0.7071205420375087,0.013559200128535287,0.9995835068539509,0.02402699774728989,1.0412328196766614,1.0412328196766614,0.707120552737119,0.5000299208797825,0.29287944726288095,0.4999700791202175,0.4154676762179399,0.4154676762179399,0.421450075899249,0.2809779260710747
Sofa_15_03.obj,Sofa_15,SL,SL,,6.825319291065639e-05,0.7946176240082189,1.0000682576904343,4.870253117586848,3.152776535139723,0.21884700106651764,1.0000282720640503,3.1526874007584795,0.47262323812290596,0.7071005498332348,0.013558433444408364,0.999583506853951,0.02402699774726453,1.0412328196766614,1.0412328196766614,0.7071005605321582,0.4999864678070499,0.2928994394678418,0.5000135321929501,0.41546010356025015,0.41546010356025015,0.421402123811178,0.2809296802774126
Sofa_15_04.obj,Sofa_15,SL,SL,,3.6374779568542865e-05,0.794670007292684,1.000036375941454,4.870894843945343,2.1220665380308152,0.3216995173048805,1.0404851427898727,2.039497201659066,0.4726249541088334,0.4396006292757409,0.008429295438425266,0.9995835557182283,0.02402559021997316,1.0412303746200748,1.0412303747490328,0.707108780176043,0.500002245205052,0.29289121982395705,0.499997754794948,0.41548107914097393,0.41548107914097393,0.42143923543513556,0.2809603313710541
Sofa_15_05.obj,Sofa_15,M,M,,0.841290060559119,0.15777406628904678,6.30080260582764,169.5848835172625,24.79513131850587,0.03749238419182886,2.5359113305036076,9.777601850319737,0.024698124114096914,0.9345527604879313,4.127506123432261e-05,0.9752681767234102,0.16444889765437967,1.1445947659640388,1.3141454952350158,0.9259760442899001,0.9434967930830824,0.0740239557100999,0.05650320691691757,0.055036452982024746,0.055036452982024746,0.14196758762291453,0.13784016945196503
Sofa_15_06.obj,Sofa_15,M,M,,0.841290060559119,0.15777401336988567,6.300802605827636,169.57529484347052,24.793729315923255,0.03749450128054381,2.5359113305036076,9.77704899085431,0.02469712763769236,0.9345509810461441,4.1272727399436624e-05,0.9752681766523594,0.1644509515593354,1.1446145205402916,1.3141454957833065,0.9259760442899,0.9434967930830824,0.07402395571010001,0.05650320691691757,0.0550366810546108,0.0550366810546108,0.1419675400054206,0.13784012321885267
Sofa_15_07.obj,Sofa_15,OB,OB,,0.11498095697539433,0.8349483402791292,1.1299191897409566,17.675386892872023,4.187398402947135,0.17108257733541604,1.059125652329705,3.9536370341216545,0.033923324234038245,0.8210439834696664,7.719248425046583e-06,0.9515480244929199,0.27515861324718144,1.2932988660986846,1.4088341117506147,0.9996827146071904,0.9996774791643335,0.00031728539280961865,0.0003225208356665288,0.2755313878052765,0.27553138780527653,0.8345488219693974,0.8344142205717867
Sofa_15_08.obj,Sofa_15,OB,OB,,0.17341396746256865,0.7885520352588508,1.2097954243552365,21.732820415451503,4.768994691724069,0.15079070561987318,1.0601366638898622,4.4984716160107645,0.03305972676143539,0.9967350575693555,3.509852210806723e-06,0.9351090065999893,0.285124930141677,1.1114260736960673,1.5722355113550122,0.9907026315922477,0.99405132485301,0.009297368407752304,0.005948675146990046,0.2621101837442091,0.2621101837442091,0.7788969627645593,0.7765733490507521
Sofa_15_09.obj,Sofa_15,OB,OB,,0.3729798837630675,0.60192791169229,1.594845163822366,24.988641995213438,5.783668448883572,0.13330599094694096,1.2380938343307406,4.671429812804876,0.031277245084958494,0.9890336407566226,2.7199004660696543e-05,0.9859742913854166,0.1332272191179135,1.1827040706339087,1.2044989640209651,0.874816889086428,0.8942996819827753,0.12518311091357204,0.10570031801722468,0.2257636746783577,0.22576367467835767,0.4987470406686528,0.4709173781763663
Sofa_15_10.obj,Sofa_15,OB,OB,,0.3926201320927036,0.580310354399291,1.6464161109673667,22.437782922381526,5.766977497049942,0.13368492353694536,1.2380938343307457,4.657948644116019,0.031226756289157633,0.9891402173586882,2.979436496305795e-05,0.9824344527749053,0.15312412149211685,1.2054775662770587,1.2329778095700616,0.9174970781067436,0.929967530143337,0.08250292189325636,0.070032469856663,0.20561801427493573,0.20561801427493573,0.513789253634481,0.49514545271252364
Sofa_15_11.obj,Sofa_15,M,M,,0.9971865927163913,0.0025782734951416038,355.44089397435897,11.965133985232875,65.21424623904585,0.015310752819550143,18.853140155900974,3.459065475375626,0.3231256411552208,0.9999999999999156,0.00020214938591501405,1.0,1.5700924586837752e-16,1.0,1.0,1.0,1.0,0.0,0.0,0.0006767967924746709,0.0006767967924746709,0.0025782734951416038,0.0025782734951416038
Sofa_15_12.obj,Sofa_15,M,M,,0.9971864645385705,0.0025784016729624155,355.42470095321465,11.965679112420448,65.21424623904585,0.01531075184128306,18.852710699443655,3.4591442713657043,0.3231240098791353,0.9999999999999158,0.0002021447811458118,1.0,9.064933036736789e-17,1.0,1.0,1.0,1.0,0.0,0.0,0.000676830439152634,0.000676830439152634,0.0025784016729624155,0.0025784016729624155
Sofa_15_13.obj,Sofa_15,M,M,,0.9971864645385701,0.0025783646162988155,355.4247009531686,11.963793639970156,65.20910802216336,0.015311957984445485,18.852710699442426,3.45887172610904,0.3231044925329744,0.9999999999999123,0.00020212885420056235,1.0,1.2819751242557092e-16,1.0,1.0,0.9999999999999999,1.0,1.1102230246251565e-16,0.0,0.0006768207117784391,0.0006768207117784391,0.002578364616298815,0.002578364616298815
Sofa_15_14.obj,Sofa_15,OB,OB,,0.10308036850059797,0.8645118234588343,1.11492709589592,27.67603505847465,5.572980812718386,0.13000363020383499,1.0703390339130954,5.206743504623738,0.03654826416597512,0.9937370636916014,0.00028660174627109564,0.993345788316346,0.11178986361514642,1.1685224305931712,1.1697491324341578,0.9985441627499726,0.9749561866610171,0.001455837250027403,0.025043813338982868,0.26209246623912685,0.26209246623912685,0.852443658503059,0.8416340820629643
Sofa_17_01.obj,Sofa_17,CA,CA,,0.08547678946850268,0.7815217609633042,1.0934659596212537,6.876039422881115,2.181871456239763,0.3563173722137794,1.5000002557404197,1.454580722795678,0.020568433069930888,0.6979114366094193,4.538242856998991e-06,0.9413864516377922,0.2466265629088345,1.2458312041201738,1.5028789411428154,0.9149915554096849,0.9405301545055896,0.08500844459031509,0.05946984549441037,0.2945581182272639,0.2945581182272639,0.6938227902832845,0.6725597689162396
Sofa_17_02.obj,Sofa_17,OB,OB,,0.6687272292498856,0.2949272087828589,3.0186604161132413,9.114531536149897,2.662191909003039,0.2803603287090752,1.2365485569897745,2.152921447242172,0.043672226038267564,0.49818593799599437,3.345526093270047e-05,0.8588673243631044,0.46644250206156324,1.7121564614130615,1.86128835958606,0.7909728752406946,0.830106652723572,0.2090271247593054,0.16989334727642802,0.1534487396331071,0.1534487396331071,0.21346311136355856,0.1936468004094266
Sofa_17_03.obj,Sofa_17,OB,OB,,0.7578665925378706,0.18971585014972162,4.129954682755391,4.6193187908158055,3.918816380737293,0.22040965788020547,1.9060012041989498,2.0560408733885622,0.04268095760810441,0.9411183568923908,1.1124024870641542e-05,0.9758045312431932,0.15245910573947655,1.1655145490842964,1.2053184243198396,0.7752267437958145,0.8396422186041506,0.22477325620418553,0.16035778139584944,0.08074543899029543,0.08074543899029545,0.13528066674140815,0.12348853272479293
Sofa_17_04.obj,Sofa_17,OB,OB,,4.498535380523811e-11,0.9583997886040518,1.000000000023871,24.038339408839484,5.069749628274012,0.13813851605127028,0.9999999997998554,5.069749628163148,0.3151535324826843,0.9726683341399708,0.0013869425824267355,0.9984000000000002,0.04789321455070651,1.0816000000000001,1.0816000000000001,0.9999428413938948,0.9999636096211493,5.7158606105223164e-05,3.6390378850725824e-05,0.26638681765936656,0.26638681765936656,0.9583275705390918,0.9583101332701398
Sofa_17_05.obj,Sofa_17,OB,OB,,4.064034873570992e-06,0.9583958936770024,1.0000040640302756,24.03833940883975,5.069759787250831,0.13813837838070092,1.0000019754825078,5.0697497709232895,0.3151534409980843,0.9726683341399355,0.0013869397641634925,0.9984000000000001,0.047893214550706505,1.0816000000000001,1.0816000000000001,0.9999999995263366,0.9999999996984567,4.7366344180233e-10,3.0154334584864273e-10,0.26635609919403697,0.2663560991940369,0.9583958930785464,0.9583958929340474
Sofa_17_06.obj,Sofa_17,OB,OB,,0.6687272292498859,0.2949272087828583,3.0186604161132444,9.11453153614983,2.738213516520292,0.2729703812976947,1.234144091247348,2.218714602155114,0.04367222603826747,0.5144107419199171,3.454482410070185e-05,0.8588673248920513,0.46644250186805225,1.712156460913292,1.8612883601127455,0.7909728752406968,0.8301066527235732,0.20902712475930318,0.1698933472764268,0.15344873964777841,0.15344873964777841,0.21346311136355886,0.19364680040942703
Sofa_17_07.obj,Sofa_17,OB,OB,,0.7514323453925078,0.1960215460545606,4.023049586153193,4.7304674209478765,4.130442289966344,0.20948926975527346,1.900006226942282,2.173909869983735,0.04478903241198874,0.9982106091158043,1.2112099604659639e-05,0.9799312772582487,0.14009385287688988,1.153679461714026,1.178926886516346,0.7933576663672952,0.8561437205588031,0.2066423336327048,0.14385627944119694,0.08057738876592418,0.08057738876592418,0.14432927756485533,0.1331433587941552
Sofa_17_08.obj,Sofa_17,OB,OB,,4.495954919686738e-11,0.9583997886040776,1.0000000000238451,24.038339408840052,4.999987294256789,0.1400283570835023,0.99999999979737,4.999987294144388,0.3151535324826841,0.9999999999994298,0.0014259152207851634,0.9984000000000002,0.04789321455070649,1.0816000000000001,1.0816000000000001,1.0,1.0,0.0,0.0,0.26635718142135156,0.26635718142135156,0.9583997886040776,0.9583997886040776
Sofa_17_09.obj,Sofa_17,OB,OB,,4.0640348688901506e-06,0.9583958936770074,1.000004064030271,24.038339408840063,4.999997454236711,0.14002821760427783,1.0000020317985177,4.999987294144388,0.31515344099808407,0.9999999999994293,0.0014259123233296854,0.9984000000000002,0.047893214550706435,1.0815999999999997,1.0816000000000001,1.0,1.0,0.0,0.0,0.2663560989484539,0.2663560989484539,0.9583958936770074,0.9583958936770074
Sofa_17_10.obj,Sofa_17,OB,SL,x,0.18828832317905517,0.776171520206809,1.2319645368611805,22.839282494822328,3.605385780005857,0.19768313700461676,1.0590054388968184,3.4045016649298248,0.03819187089144635,0.7147196107966183,2.6430728450837373e-05,0.7979205837363066,0.508465207707527,1.71362863842417,2.0788876777098335,0.9756022958506113,0.9812963192835438,0.024397704149388688,0.018703680716456228,0.3231514700216443,0.32315147002164424,0.7501531788997106,0.7430716407117991
Sofa_17_11.obj,Sofa_17,M,M,,0.9940212677405227,0.005978732239319954,167.25953874162397,296602960.82711446,920.9720200752574,0.0010825816593996074,12.942065501517385,71.16113094514394,10.249221037269296,0.9999999992286828,0.5399220216140647,6.04884742774958e-26,5.719520586237408e-26,1.4761835058974935e-25,1.550010264946126e-25,0.584203735014424,0.9066415576988514,0.415796264985576,0.09335844230114865,0.0010375266256999007,0.0010375266256999007,0.0033297566283624026,0.003166715551862937
Sofa_17_12.obj,Sofa_17,OB,SL,x,0.18988970161265312,0.7740950404017944,1.2343998119641069,22.493530345162373,3.558246194922056,0.199663167697985,1.0527860016842245,3.379838057419464,0.03819187089144632,0.729472804470036,2.717250109641172e-05,0.7994911544490236,0.5035387827706254,1.6866106827681384,2.0709925681822026,0.9225042223652216,0.9433482963076912,0.07749577763477844,0.056651703692308764,0.3438368313824941,0.3438368313824941,0.6938782841307499,0.6736506249788677
Sofa_17_13.obj,Sofa_17,M,M,,0.9940212677405228,0.005978732239319844,167.25953874162707,296602961.06426793,5366268119.300001,0.0,12.940787817543212,414678625.5999359,6643973054.332989,1.0,700000000.0,3.5217004697366597e-33,5.568297360626364e-33,1.232595164407831e-32,1.232595164407831e-32,0.5842037350144857,0.9066415576988799,0.41579626498551425,0.09335844230112011,0.0010375266256997012,0.0010375266256997012,0.0033297566283627435,0.0031667155518633134
Sofa_17_14.obj,Sofa_17,OB,OB,,0.277769618823614,4.166601344426041e-06,1.3845798425394997,0.9999858687596681,1.0000023104354274,0.5773497248765118,1.0000023104164764,0.9999998104618707,129.9251381361956,0.7036561008465169,163455.99591192245,0.9499430934552272,0.24561651301226134,1.1236201953826606,1.1236201953826606,0.8333337499827786,0.8845915880089473,0.16666625001722135,0.11540841199105267,1.6171496982244957e-06,1.6171496982244957e-06,3.271810737625307e-06,3.071451952216774e-06
Sofa_17_15.obj,Sofa_17,OB,OB,,0.27776961882361334,1.3888685096209736e-06,1.3845798425394984,0.9999820227584529,1.0000023104164764,0.5773494041390772,1.0000006437726883,1.0000014770856347,129.9250475678588,0.7036563169602515,163455.72350503632,0.949943093455226,0.24561651301226342,1.1236201953826592,1.1236201953826592,0.8333337499821494,0.8845915880089473,0.16666625001785063,0.11540841199105267,5.390504407658249e-07,5.390504407658249e-07,1.090604674479624e-06,1.0238183456046835e-06
Sofa_17_16.obj,Sofa_17,OB,OB,,0.27777100769212343,2.777751781096266e-06,1.3845825051290144,0.9999839457478256,1.0000014771235433,0.5773498852438057,1.0000014770856347,0.9999998104808281,129.9251834206827,0.7036559927949187,163456.13211846535,0.9499430934538692,0.24561651301463286,1.123620195385013,1.1236201953850131,0.8333336110893329,0.8845915359428701,0.1666663889106671,0.1154084640571299,1.0781067893546934e-06,1.0781067893546934e-06,2.181220516851366e-06,2.047647111251954e-06
Sofa_17_17.obj,Sofa_17,OB,OB,,0.7523354444611429,0.23856612035653163,4.03771918577162,27.22055805319258,9.941175140453527,0.08950468043148685,1.9882352409167054,4.999999330981667,34.50746049932922,0.9991350935611064,15037.091783291324,0.8888888888888888,0.31426968052735443,1.1111111180078932,1.1111111186537965,1.0,1.0,0.0,0.0,0.06964771901462925,0.06964771901462925,0.23856612035653163,0.23856612035653163
Sofa_18_01.obj,Sofa_18,OB,OB,,0.8931623931540745,1.8527772090625102e-16,9.359999999184032,0.9999999999128351,2.9999999986278314,0.3015113445361846,2.9999999986278314,0.9999999995426159,0.21344589582913287,0.9999999999996809,0.0007973735707186658,0.9984000000000001,0.04789321455070652,1.0816000000000001,1.0816000000000001,0.9999999999999992,0.9999999999999998,7.771561172376096e-16,2.220446049250313e-16,5.149213523162388e-17,5.149213523162388e-17,1.8527772090625084e-16,1.8527772090625082e-16
Sofa_18_02.obj,Sofa_18,OB,OB,,0.8931623931540744,9.263886045312555e-17,9.359999999184026,0.9999999999128342,2.9999999986278314,0.3015113445361846,2.9999999986278314,0.9999999995426159,0.2134458958291329,0.9999999999996809,0.0007973735707186658,0.9984000000000002,0.047893214550706505,1.0816000000000001,1.0816000000000001,0.999999999999999,0.9999999999999998,9.992007221626409e-16,2.220446049250313e-16,2.5746067615811956e-17,2.5746067615811956e-17,9.263886045312543e-17,9.263886045312542e-17
Sofa_18_03.obj,Sofa_18,OB,OB,,0.8931623931540744,7.940473753125048e-17,9.359999999184026,0.9999999999128341,2.9999999986278314,0.3015113445361846,2.9999999986278314,0.9999999995426159,0.21344589582913287,0.9999999999996809,0.0007973735707186658,0.9984000000000002,0.0478932145507065,1.0816000000000001,1.0816000000000001,0.9999999999999992,0.9999999999999998,7.771561172376096e-16,2.220446049250313e-16,2.2068057956410248e-17,2.2068057956410248e-17,7.940473753125041e-17,7.940473753125041e-17
Sofa_18_04.obj,Sofa_18,OB,OB,,0.8931623931540744,9.263886045312558e-17,9.359999999184023,0.9999999999128342,2.9999999986278314,0.3015113445361846,2.9999999986278314,0.9999999995426159,0.2134458958291329,0.9999999999996809,0.0007973735707186658,0.9984000000000002,0.04789321455070649,1.0816000000000001,1.0816000000000001,0.9999999999999993,0.9999999999999999,6.661338147750939e-16,1.1102230246251565e-16,2.5746067615811956e-17,2.5746067615811956e-17,9.263886045312552e-17,9.263886045312551e-17
Sofa_18_05.obj,Sofa_18,OB,OB,,0.7937444612692519,0.19451147059889962,4.8483546485754285,17.562529135117998,6.999999998719319,0.12352470488002296,1.7758334830719535,3.9418110228923955,0.051394703525413386,0.9911690715789393,4.8160274193644975e-05,0.6484160539645586,0.7635889988500262,1.8755347872938668,2.533191029645078,0.8930436873484718,0.9199869253404702,0.10695631265152816,0.08001307465952978,0.09316536738413364,0.09316536738413365,0.16675781571629003,0.15980839049736487
Sofa_18_06.obj,Sofa_18,OB,OB,,0.7937444612692519,0.19451147059889953,4.84835464857543,17.562529135117995,6.999999998719319,0.12352470488002296,1.7758334830719535,3.9418110228923955,0.05139470352541336,0.9911690715789397,4.8160274193644975e-05,0.6484160539645586,0.7635889988500265,1.875534787293867,2.533191029645079,0.8930436873484723,0.9199869253404702,0.10695631265152772,0.08001307465952978,0.09316536738413357,0.09316536738413357,0.16675781571629006,0.1598083904973649
Sofa_18_07.obj,Sofa_18,OB,OB,,0.17086085048776528,0.8130770315149345,1.2060701760229129,51.62078560569066,6.983019325623345,0.10509944459684183,1.0936519913562592,6.385046962484078,0.045972897109773314,0.9908696181579604,0.0006834631183920528,0.9999991555614662,0.00099084323270183,1.00140686021176,1.0015940946095243,0.8769220635346908,0.8875347123927355,0.12307793646530918,0.11246528760726449,0.2761319577626335,0.27613195776263355,0.6729110215055548,0.6328168547223726
Sofa_18_08.obj,Sofa_18,OB,OB,,0.17086036174591288,0.8130774875655382,1.206069465096858,51.620710970225446,6.982948703582649,0.1050999589447687,1.0936395867945898,6.385054809372777,0.04597293492184962,0.9908772842994975,0.0006834691906473367,0.9999989476886856,0.0012238684167601367,1.001577333895999,1.0018076184385567,0.8769190588435276,0.8875352134479407,0.12308094115647239,0.11246478655205927,0.27617125857670355,0.27617125857670355,0.6729092718969895,0.632815398631147
Sofa_18_09.obj,Sofa_18,OB,OB,,0.8002980193313257,0.18321024811785275,5.007461601789041,12.10921775822336,3.965779976126029,0.22440237729307447,2.2412235254850494,1.7694709745809234,0.043557368216457754,0.6381036599407658,0.000144724467357859,0.9999438132319297,0.00866248039942019,1.0109507255813932,1.0114050606198572,0.9931960506871589,0.9472275869853118,0.006803949312841118,0.05277241301468816,0.05185383078435008,0.051853830784350075,0.1771623632462266,0.1723610316163874
Sofa_18_10.obj,Sofa_18,OB,OB,,0.8002982413129001,0.1832100403647995,5.0074671679103275,12.109214745480065,3.9658110503301915,0.2244007377222642,2.2412254384068695,1.7694833291366279,0.04355732371518401,0.6381039014235221,0.0001447242597251422,0.9997936295844368,0.016267268132126537,1.0257203098385956,1.026985657068935,0.9931953153647184,0.9472278733376731,0.00680468463528161,0.05277212666232689,0.052361576267390755,0.052361576267390755,0.1771620572403045,0.17236076066250924
Sofa_19_01.obj,Sofa_19,CA,CA,,0.5056684088007041,0.4566617609842332,2.0229336295780866,13.122745400682325,2.7289835048384994,0.2942165967654761,1.548741266459486,1.7620654681826617,0.02203602492531972,0.6806889546900907,4.193397754264065e-06,0.8827219395796383,0.4071125561260507,1.6087511647078332,1.7041785847378093,0.9923306252132125,0.9943337756081406,0.007669374786787531,0.005666224391859376,0.17355202681407483,0.17355202681407483,0.45187559922172116,0.45059174765499166
Sofa_19_02.obj,Sofa_19,OB,OB,,0.8931623931561856,1.345523268084024e-14,9.359999999391086,0.9999999999350575,2.999999998814681,0.30151134454181966,2.9999999988144923,0.999999999604887,0.18441543989577555,0.9999999999997949,0.000514268883636867,0.9984000000000001,0.04789321455070651,1.0816000000000001,1.0816000000000001,0.9999999999999996,0.9999999999999999,4.440892098500626e-16,1.1102230246251565e-16,3.739460186502192e-15,3.739460186502191e-15,1.3455232680840233e-14,1.3455232680840232e-14
Sofa_19_03.obj,Sofa_19,OB,OB,,0.8931623931561837,1.8770148380026768e-15,9.359999999390919,0.9999999999349491,2.9999999988144923,0.30151134454183665,2.999999998814465,0.999999999604833,0.18441543989576958,0.9999999999997963,0.0005142688836368301,0.9984000000000001,0.04789321455070649,1.0816000000000001,1.0816000000000001,0.9999999999999967,0.9999999999999988,3.3306690738754696e-15,1.2212453270876722e-15,5.216574415825403e-16,5.216574415825403e-16,1.8770148380026693e-15,1.877014838002668e-15
Sofa_19_04.obj,Sofa_19,OB,OB,,0.8931623931561847,1.45616835327155e-14,9.359999999391002,0.9999999999350679,2.999999998814681,0.30151134454181955,2.999999998814479,0.9999999996048914,0.18441543989577544,0.9999999999997936,0.0005142688836368648,0.9984000000000002,0.04789321455070649,1.0816000000000001,1.0816000000000001,0.9999999999999998,0.9999999999999999,2.220446049250313e-16,1.1102230246251565e-16,4.0469635204876856e-15,4.0469635204876856e-15,1.4561683532715497e-14,1.4561683532715494e-14
Sofa_19_05.obj,Sofa_19,OB,OB,,0.893162393156184,7.705639861274143e-16,9.359999999390936,0.9999999999349388,2.999999998814479,0.3015113445418379,2.999999998814465,0.9999999996048285,0.1844154398957689,0.9999999999997983,0.0005142688836368277,0.9984000000000002,0.047893214550706505,1.0816000000000001,1.0816000000000001,0.9999999999999964,0.9999999999999987,3.552713678800501e-15,1.3322676295501878e-15,2.141541075970428e-16,2.1415410759704285e-16,7.70563986127411e-16,7.705639861274105e-16
Sofa_19_06.obj,Sofa_19,OB,OB,,0.7510966181628663,0.23817612448433242,4.0176231942644804,23.202890883555973,7.099999998901422,0.1216812480887685,1.7679040229607785,4.016055117478221,0.04345978478871213,0.9863782896672052,4.7233250441206564e-05,0.7056220382006755,0.4593115700934373,1.232672269853296,2.043157034250672,0.6897203176594072,0.7200294601107164,0.3102796823405928,0.27997053988928355,0.12992616478515706,0.12992616478515706,0.14127884430342066,0.11828277636862107
Sofa_19_07.obj,Sofa_19,OB,OB,,0.7459529919388321,0.24373906979046223,3.9362793824321103,24.64576342903493,7.099999998901397,0.12156581378709552,1.7609126983495385,4.031999999362665,0.04327419193661932,0.9863779202167523,4.594273326640578e-05,0.7062261363304856,0.44904778475787427,1.2633491768093053,2.1004193421500297,0.6947868842437173,0.7253564532668455,0.30521311575628274,0.2746435467331545,0.13246157685271207,0.13246157685271207,0.14609171849260563,0.12283672811703407
Sofa_19_08.obj,Sofa_19,OB,OB,,0.6771648963212858,0.29597455388711147,3.097556581067229,12.018931339192596,3.132981807851092,0.2677719659279939,1.770563054231208,1.7694833291621435,0.03858206722060818,0.6381053997930326,0.00011582080356123212,0.9998263959493924,0.014919888345891431,1.0216900215340314,1.0232520797238884,0.9934795646707866,0.944724192835201,0.006520435329213425,0.05527580716479896,0.08458806696619277,0.08458806696619277,0.28591789268477996,0.27779111442016213
Sofa_19_09.obj,Sofa_19,OB,OB,,0.6771649028016848,0.2959745531238603,3.097556643245731,12.018933656107988,3.1329767536596966,0.2677726896799002,1.7705725600775586,1.7694709746116806,0.03858212515478054,0.6381020558510816,0.00011582024905194837,0.9999296475341178,0.009596472695432574,1.0118974594025802,1.012998204865093,0.9934783247279642,0.9447205427383265,0.006521675272035843,0.05527945726167349,0.08403907179811691,0.08403907179811691,0.28591699845372015,0.2777896937078397
Sofa_19_10.obj,Sofa_19,OB,OB,,0.2613345844127705,0.7193257086081907,1.353792906636561,38.19424029472451,6.3850548095367685,0.11806976698798462,1.1664332476251387,5.473999324310255,0.04087430898591748,0.9908702428775978,0.0005623173265729233,0.9999984457670333,0.0014800190276835247,1.001970730048968,1.0022057671924722,0.9194830789660924,0.9225728848186777,0.08051692103390762,0.07742711518132228,0.2261061700553789,0.2261061700553789,0.6358023677033865,0.6101969180762478
Sofa_19_11.obj,Sofa_19,OB,OB,,0.261334993061714,0.7193253288954723,1.3537936555904653,38.19427631125921,6.3850469626331545,0.11806984945481475,1.1664318141389443,5.473999324309265,0.04087432063039637,0.9908732715492194,0.0005623180176315873,0.9999988634921325,0.0012146124809236428,1.0017648523831317,1.0020001907453897,0.9194860998922075,0.9225715582548135,0.08051390010779247,0.07742844174518648,0.2260681904180302,0.2260681904180302,0.6358036822823322,0.6101977233448871
Sofa_19_12.obj,Sofa_19,SL,SL,,0.6805484349617242,0.301170248714228,3.130364057205247,17.474193684392677,3.2482838875560476,0.24460930403459707,1.4297507530717297,2.2719230993075037,40.61948608438268,0.5892533388474072,43883.95617647378,0.9270473859572521,0.25738478528297165,1.3603274764683073,1.4256407784208942,0.9993019438781128,0.9781008756052885,0.000698056121887225,0.021899124394711533,0.10177033861390175,0.10177033861390175,0.2976646345754598,0.29436925417253684
Sofa_19_13.obj,Sofa_19,CA,CA,,0.843260063016749,0.1414593779423314,6.3799915706547425,10.25743975083751,3.472606719133877,0.26363671578172293,3.012723708670429,1.1526468323856385,55.11787870410258,0.5436407568657442,104111.9231790337,0.7876797939524995,0.468460920043076,1.4538758424597753,2.070918898813433,0.9981629145429941,0.9861264988808212,0.0018370854570058937,0.013873501119178844,0.05432852719038114,0.05432852719038114,0.14022003923119794,0.13924057348603947
Sofa_19_14.obj,Sofa_19,CA,CA,,0.8432600835993783,0.14145928112469888,6.37999240845667,10.257387229553926,3.472606719133877,0.2636369498602653,3.0127526765207633,1.152635749596176,55.11785478466582,0.5436459257018853,104112.92423094812,0.7876828049627214,0.4684669836999323,1.4538705005960628,2.070910034677476,0.9981614579027911,0.9861273892507186,0.0018385420972089062,0.013872610749281367,0.05432859867606203,0.05432859867606203,0.14021980149563137,0.13924040070995256
Sofa_20_01.obj,Sofa_20,OB,OB,,0.7773237120238969,0.20283352104275543,4.490823917934316,11.222038172599222,4.480514285415949,0.19723495148070372,2.0820786531148827,2.151942856998962,0.021211837077084444,0.9572660227816878,5.642457213758502e-06,0.9998981715746758,0.013541860209495975,1.0200279583136054,1.0201936668588971,0.9999999659505323,0.9999999830808332,3.404946768981176e-08,1.6919166845319467e-08,0.05405269317761014,0.05405269317761014,0.20283351242049497,0.20283351070460795
Sofa_20_02.obj,Sofa_20,SL,SL,,0.881787440135936,0.08131530399488576,8.459338002236471,3.203830666511494,3.527054107915339,0.22532730026162207,1.4101863528630054,2.501126252304169,0.035529113171047885,0.8758393929576495,1.5562702184441422e-05,0.9737609400649735,0.19063920779194737,1.284777737727521,1.297388952705837,0.9871792464668171,0.9920312137929933,0.012820753533182905,0.007968786207006695,0.026313324494204475,0.026313324494204475,0.07995294221077306,0.07963310389765463
Sofa_20_03.obj,Sofa_20,SL,SL,,0.8868479684619249,0.07688688070433732,8.837667219993627,3.120131281310989,3.527195478450372,0.22531872761597413,1.4101863528630054,2.5012265018454727,0.035529186405103504,0.8758713216629251,1.547734073860439e-05,0.9561024574644801,0.23090289430880084,1.2838646229713973,1.3840583893636393,0.994155973076986,0.9962100821104146,0.005844026923014001,0.0037899178895853813,0.02516227352348393,0.025162273523483925,0.07629270568115605,0.0761478596588375
Sofa_20_04.obj,Sofa_20,OB,OB,,0.9586690117723998,0.03183550054754252,24.194921120519687,4.3526977886893965,7.900348604688338,0.11502457885923073,2.2649706881851874,3.4880577685364447,0.033971495583834915,0.9896278896492855,0.0001569255191419613,0.9285514891488553,0.24519330392988284,1.211439872586091,1.383023156539105,0.9992347324357599,0.9868171859278666,0.000765267564240113,0.013182814072133398,0.010220375863052042,0.010220375863052042,0.0316014577135901,0.03139177755559807
Sofa_20_05.obj,Sofa_20,SL,SL,,0.8221127804611058,0.13391079277121826,5.621539324701006,4.045058514605413,4.199781496279264,0.20954945882718345,2.06528136276423,2.0335154191411444,0.04165869108000239,0.8003253969987348,8.987087601735895e-05,0.9509449929325328,0.2588834899526752,1.3280621587817072,1.36474271283563,0.9452278843953733,0.9046822365437699,0.05477211560462669,0.09531776345623011,0.05027077814953557,0.05027077814953557,0.12054373447194282,0.11451125359503975
Sofa_20_06.obj,Sofa_20,SL,SL,,0.8217708258958364,0.13432863567712625,5.610753710922649,4.0598402773577575,4.199831156080671,0.20954753977005533,2.065305783431311,2.0335154191403455,0.04165913073849542,0.8003212267952071,8.919410047856218e-05,0.9503816565318358,0.2605586571999439,1.3384330554190051,1.359606082447279,0.9471127260151606,0.9055891842529071,0.05288727398483939,0.09441081574709287,0.05036211136036321,0.05036211136036321,0.12121868249779531,0.11521300467753023
Sofa_20_07.obj,Sofa_20,OB,OB,,0.1573061736992568,0.8317150957311135,1.1866706136787581,76.756945710234,6.520991051726836,0.11209722721679831,1.0859598853539487,6.004817617539217,0.05109981682581568,0.9440779733450629,0.00011244073873790624,0.984794456136125,0.09519135213572211,1.0722105967626396,1.0754884588802929,0.9409938569027722,0.9601894082056439,0.05900614309722785,0.03981059179435609,0.25941262511058993,0.25941262511058993,0.7670601389657409,0.7514814821552029
Sofa_20_08.obj,Sofa_20,OB,OB,,0.15730977252294281,0.8317115412064411,1.186675681517654,76.75692762367022,6.520991051709646,0.1120972272169565,1.0859598853510926,6.004817617539182,0.05109970052217394,0.9440823487784167,0.0001124407387382033,0.9847863031661821,0.09522264855206933,1.0722678539664745,1.0755157838659275,0.9409962298678441,0.9601911118198668,0.05900377013215585,0.03980888818013317,0.25941677189427714,0.25941677189427714,0.7670594617518353,0.7514814988908354
Sofa_20_09.obj,Sofa_20,SL,SL,,0.7401025851421533,0.25440864895419524,3.847669125267097,47.35065738005249,1.2728841343458746,0.48702695620810216,1.007657777876553,1.263210683560578,112.02603721171401,0.12384108145625818,25446.414565310908,0.8693840076192749,0.3712518718509284,1.2413783071045572,1.6116733108124537,0.9999999999999976,0.9999999999999897,2.4424906541753444e-15,1.0325074129013956e-14,0.08616762247354844,0.08616762247354844,0.25440864895419335,0.254408648954192
Sofa_20_10.obj,Sofa_20,SL,SL,,0.7021094886911587,0.2915993703123534,3.356935224796988,47.35065738004857,4.321709969624623,0.18404608950764284,1.377369244202415,3.137655144764212,112.63371189886774,0.42369674091510673,93206.1060448697,0.8693840076193112,0.3712518718508913,1.241378307104628,1.6116733108124057,1.0,1.0,0.0,0.0,0.0987640339976142,0.0987640339976142,0.2915993703123534,0.2915993703123534
Sofa_20_11.obj,Sofa_20,SL,OB,x,0.04167658494347403,0.8560459441667595,1.0434629334883767,9.369593993919255,2.9999977481098017,0.22941569437720322,0.9999997498065525,2.999997748109735,175.84207023571736,0.9891186063882611,1033161.3965381163,0.9256198347107436,0.24292460259006718,1.0743801652892562,1.0743801652892562,0.9999999999999992,0.9999999999999994,7.771561172376096e-16,5.551115123125783e-16,0.2440223643419008,0.2440223643419008,0.8560459441667586,0.8560459441667584
Sofa_20_12.obj,Sofa_20,SL,OB,x,4.524296100898677e-14,0.874428256140024,0.9999717089721514,7.963349701406398,2.937497795077381,0.23403216613889608,0.999999744483289,2.937497795077314,252.19924987593188,0.9995101947028722,1273493.7725339395,1.0,0.0,1.0,1.0,1.0,1.0,0.0,0.0,0.22953741723675625,0.22953741723675625,0.874428256140024,0.874428256140024
Sofa_22_01.obj,Sofa_22,SL,SL,,0.3038567042479744,0.5941212641133543,1.436485858732568,6.823460428790581,1.746622344541878,0.4051416079495871,1.2223767544885595,1.4288739850953014,0.02795456288286396,0.5321201973147103,1.1562598385903868e-05,0.99816252510997,0.04453549151221457,1.0537243725806893,1.0679789859665592,0.9317285366861484,0.878979268882903,0.06827146331385159,0.12102073111709699,0.19896659587689852,0.1989665958768985,0.5200636340410056,0.4865675320555509
Sofa_22_02.obj,Sofa_22,SL,SL,,0.3377622544932427,0.5332960988616466,1.5100317171351196,5.135949188928152,1.833592224237256,0.39604631964151665,1.2922403524899249,1.4189250634654074,0.026805232396963145,0.4685059083383762,1.0216944336492362e-05,0.9976317139611117,0.06444931004573516,1.085393977879904,1.09105764914522,0.8358046802516079,0.7877751286770729,0.16419531974839208,0.2122248713229271,0.21403126273026035,0.21403126273026035,0.3984337334952818,0.35113609160207515
Sofa_22_03.obj,Sofa_22,SL,SL,,0.3732105732423439,0.5363757756264194,1.595432145644651,6.932464499715984,1.8356432671370486,0.4018520021740233,1.3595723150721277,1.3501622875926873,0.027519929604498252,0.4864549666353458,9.950839350884999e-06,0.9966809041159809,0.06314357904642905,1.0878755471590882,1.109936406569626,0.9115640953241849,0.8590282434974311,0.08843590467581508,0.14097175650256888,0.1902575318368162,0.1902575318368162,0.4544774700074919,0.42001404135227893
Sofa_22_04.obj,Sofa_22,SL,M,x,0.9239791664459475,0.04835649957325777,13.154288808064498,2.7479726642483615,4.104999855787672,0.22440577370918458,2.8977415505968778,1.4166204210668436,0.03402429573600122,0.7736065476863863,3.9370502742453764e-05,0.9263708716291986,0.3905064047045932,1.5982463093719075,1.6140875219902087,0.9511539613935218,0.9648670167293928,0.04884603860647818,0.03513298327060721,0.019349810696119685,0.019349810696119685,0.04518651454805159,0.044378552967874886
Sofa_22_05.obj,Sofa_22,SL,M,x,0.9239070226137568,0.04848343060468662,13.141817212958708,2.7560386263523404,4.104999855787703,0.22440577370918294,2.8977415505968778,1.416620421066854,0.034069590857950756,0.7736065476863943,3.937050274245406e-05,0.9257876786636989,0.37918224329300426,1.5827081547522206,1.6128772136510212,0.9459602472427547,0.9626210312003439,0.05403975275724526,0.037378968799656076,0.01941305733007512,0.01941305733007512,0.04500623474050507,0.044149071479023846
Sofa_22_06.obj,Sofa_22,OB,OB,,0.9090966633955307,0.08650535537741733,11.000696314933485,20.669332566784945,13.425575872835134,0.07099530743678024,3.2415808549877467,4.141675458041562,0.038121043382955,0.9668517830889191,1.1090564719313437e-05,0.9992516815647828,0.035144815178401206,1.04496158933228,1.0457806075920428,0.9464237161312022,0.9688707635263004,0.05357628386879776,0.031129236473699584,0.025945198850192603,0.025945198850192603,0.08059643340150197,0.07932214690145835
Sofa_22_07.obj,Sofa_22,CA,CA,,0.535082717315559,0.4093749687508165,2.1509202545141317,8.37050619172392,3.6401234778257967,0.22061497493815435,1.4507630779016403,2.5091095390746814,0.02837835240748143,0.8179672153848607,1.6210087732730307e-05,0.9920771392095601,0.11987853965395327,1.1657331836654434,1.1749902238413479,0.9431505707338698,0.8674733290249663,0.056849429266130236,0.13252667097503368,0.14554293826594467,0.14554293826594467,0.3605178134632781,0.3349333915050635
Sofa_22_08.obj,Sofa_22,CA,CA,,0.5417266928083405,0.3993352571567678,2.1821039635228434,7.775508468977188,3.534998049191908,0.22724022228072743,1.4591333916892415,2.422669557974424,0.027772065336581515,0.8251531432016637,1.56501748978419e-05,0.991283273967007,0.12856823704524314,1.1808713019764738,1.1887628788543672,0.949036876076347,0.8760439646623306,0.050963123923652986,0.12395603533766941,0.14119704745434888,0.14119704745434888,0.3554952150409985,0.3320065451227934
Sofa_22_09.obj,Sofa_22,CA,CA,,0.5396627039998086,0.399513881722941,2.1723201849784974,7.5684224812089775,3.575514158735939,0.2255685874713567,1.4758571373644382,2.4226695579744395,0.02774524720769482,0.8176698389315372,1.560915872348656e-05,0.9868222373978366,0.1600465530217369,1.2260531664976422,1.2334164612502525,0.9482755282855166,0.8725211421520522,0.051724471714483355,0.12747885784794777,0.14518330221668696,0.14518330221668696,0.3547016032177347,0.3305539691872501
Sofa_22_10.obj,Sofa_22,OB,OB,,0.7509057884966303,0.23655881973765905,4.014545315865086,19.87127456077621,8.629013043260397,0.10319133107422854,2.008893717294336,4.295405460628427,0.02293490696565673,0.9958273085345611,6.79333618323976e-07,0.9978619297315163,0.054528396530552505,1.0686959387964943,1.0854188585722206,0.9991026128547517,0.9991749908689714,0.0008973871452483406,0.0008250091310285645,0.06584826352680025,0.06584826352680026,0.23624904086904422,0.23615154684435707
Table_01_01.obj,Table_01,SL,SL,,0.0028072592801474225,0.996049937580315,1.002815162170169,872.5848802999003,42.51778763324172,0.016724163232264055,1.0116039096610683,42.030074445838906,0.10053051245088655,0.7764573843352461,9.268886660640869e-06,0.9969836698621024,0.06651114128499927,1.1096829968045638,1.1096829968045638,0.7890676564856623,0.5003079185216285,0.21093234351433765,0.4996920814783715,0.5050369498322951,0.5050369498322951,0.5895840968945552,0.39321740379992093
Table_01_02.obj,Table_01,M,M,,0.9791634012936382,0.016478780154633027,47.992477759550795,4.781428703094773,12.625062509763119,0.07743134354451948,4.991892654773085,2.529113380726819,0.08926791731333909,0.8166666666704195,4.149009999637852e-05,0.8543945968787057,0.5110173752957279,1.5248746152534858,1.9046834584048542,0.8105362979233742,0.9495982000768807,0.18946370207662577,0.05040179992311933,0.00775951579364243,0.00775951579364243,0.013020049873945441,0.012683450287061457
Table_01_03.obj,Table_01,M,M,,0.9754158607707768,0.01952801492015335,40.67663263194471,4.862249764077703,12.479731634890998,0.07836174585935049,5.049664237135178,2.471398304404221,0.08717757005152059,0.8166595227892314,3.6392224556499284e-05,0.6936484872481595,0.5576804125640862,1.3544,1.4268363852334374,0.8124938432850013,0.9504244453420733,0.1875061567149987,0.049575554657926735,0.00798608605933237,0.00798608605933237,0.01547309930491469,0.015079806715627135
Table_01_04.obj,Table_01,M,M,,0.9959660306550866,0.0014707175964054763,247.89479405955362,1.573770249896071,19.751694908542778,0.05046238440535254,15.744675097727162,1.2544999995626622,0.12509849184097444,0.9999999999999841,3.757219222613013e-05,1.0,9.064933036736789e-17,1.0,1.0,1.0,1.0,0.0,0.0,0.00038606336905643745,0.00038606336905643745,0.0014707175964054763,0.0014707175964054763
Table_01_05.obj,Table_01,M,M,,0.9960580615499263,0.0014945691105744557,253.68229683574742,1.6106839234838766,20.213906028697455,0.04931360480231731,15.92740709300255,1.2691272286324364,0.12584856845562048,0.9999999999999843,3.757419237509702e-05,1.0,0.0,1.0,1.0,0.9999999999999977,0.9999999999999999,2.3314683517128287e-15,1.1102230246251565e-16,0.0003923243915257959,0.00039232439152579577,0.0014945691105744522,0.001494569110574452
Table_01_06.obj,Table_01,SL,SL,,0.004699734816890597,0.9941814703546978,1.0047219266195957,889.6182212388989,42.472798643619136,0.01674188993579055,1.011605955274923,41.98551661486456,0.15078855118191006,0.77645948857478,3.0504099011843288e-05,0.9999061824992892,0.011236348360538145,1.0137916831625837,1.0137916831625837,0.7867524785411186,0.5000009027310924,0.21324752145888137,0.49999909726890757,0.48718757939102975,0.48718757939102975,0.5866314049876361,0.39108807405405993
Table_01_07.obj,Table_01,M,M,,0.9805347147919502,0.015137465769797598,51.37350875219682,4.497711950678575,12.479731634855137,0.07836182984161581,5.049808538037956,2.471327682906462,0.08893101321278263,0.8166685717582173,4.0760456254378194e-05,0.8500556613177389,0.5232546280581005,1.5823615232413464,1.9227267296131831,0.812422233580944,0.9499078873858238,0.187577766419056,0.05009211261417623,0.007204716617381019,0.007204716617381019,0.011989997006569787,0.011681980261685524
Table_01_08.obj,Table_01,M,M,,0.9748460295528787,0.020213682345229078,39.755155238887426,5.091599908350724,12.625062509762463,0.07743125965859601,4.9917516448524495,2.5291848246010042,0.08751395926445461,0.816671845425733,3.639379648497131e-05,0.6937400871933366,0.5577171713575285,1.3544,1.4276607847400302,0.8122407612211296,0.9498253499356569,0.18775923877887035,0.050174650064343074,0.00827337521970452,0.008273375219704518,0.0160064835815151,0.015594590427859219
Table_02_01.obj,Table_02,M,M,,0.998468383629834,2.1568329805512157e-09,652.9050090339945,1.0000014081253363,17.93276224421006,0.054087446273160276,4.087938051791071,4.386749998579547,0.13408229438192942,0.17833613611023108,6.195156437599692e-05,0.9999999999927047,3.118803583945239e-06,1.0000048746227108,1.0000052776053852,0.9999865076181302,0.9999984834384099,1.3492381869761871e-05,1.5165615900869511e-06,5.661819453245933e-10,5.661819453245935e-10,2.1568022442740524e-09,2.1568006088110915e-09
Table_02_02.obj,Table_02,M,M,,0.9984683836298341,2.1568328896408334e-09,652.905009034035,1.000001408125277,17.93276224421006,0.054087446273160276,4.087938051791071,4.386749998579547,0.13408229438192948,0.178336136110231,6.195156437599692e-05,0.999999999992705,3.1188035839142493e-06,1.0000048746227106,1.000005277605385,0.9999865076181302,0.9999984834384096,1.3492381869761871e-05,1.516561590420018e-06,5.66181921460058e-10,5.661819214600581e-10,2.1568021533649646e-09,2.1568005179020728e-09
Table_02_03.obj,Table_02,M,M,,0.998468383629834,2.1568330545183815e-09,652.9050090339634,1.0000014081253845,17.93276224421006,0.054087446273160276,4.087938051791071,4.386749998579547,0.13408229438193037,0.178336136110231,6.195156437599692e-05,0.9999999999728032,6.021796527207578e-06,1.0000096359003645,1.0000102346136506,0.9999865076181298,0.9999984834384096,1.349238187020596e-05,1.516561590420018e-06,5.661839798478183e-10,5.661839798478183e-10,2.1568023182401623e-09,2.156800682777145e-09
Table_02_04.obj,Table_02,SL,SL,,0.0008163263591408817,0.9990056743900976,1.0008169932921813,5613.415052958845,105.99999985431022,0.006670670270750335,0.9999999999877938,105.99999985431022,0.26369621092593815,0.7764572938724947,2.698833795990021e-05,0.9996056843636036,0.022751295975190204,1.037086048814182,1.0397692800288116,0.7764556116594504,0.4999982432111064,0.22354438834054957,0.5000017567888936,0.49756813354239193,0.497568133542392,0.5817619901137355,0.3878404182676459
Table_02_05.obj,Table_02,M,M,,0.998468383629834,2.156833054154009e-09,652.9050090339643,1.0000014081253843,17.93276224421006,0.054087446273160276,4.087938051791071,4.386749998579547,0.1340822943819303,0.17833613611023108,6.195156437599692e-05,0.9999999999728032,6.021796527069286e-06,1.0000096359003643,1.0000102346136504,0.9999865076181305,0.9999984834384096,1.3492381869539827e-05,1.516561590420018e-06,5.661839797521671e-10,5.661839797521671e-10,2.1568023178757967e-09,2.15680068241278e-09
Table_02_06.obj,Table_02,SL,SL,,0.11814089099685732,0.8801434936785802,1.1339679885261587,514.0191372607136,25.33333332260862,0.027910617393594885,1.0006728207878983,25.316299989271595,0.019430999325728966,0.7633885727522705,0.0002840669013092097,0.9998902577031467,0.010211358574401959,1.0142779509609365,1.0171954163247223,0.7794405395069741,0.49999349968017004,0.22055946049302588,0.50000650031983,0.43371794468259167,0.4337179446825917,0.5145124099941458,0.3430053004319061
Table_03_01.obj,Table_03,M,M,,0.8872368183399583,0.11210195273764319,8.868142821782152,170.53576732670953,57.06773605406325,0.01548875946384359,1.8911038496532016,30.17694457284978,0.08328077978170999,0.7730101515658994,0.0005139657209109752,0.9246737575350594,0.2788022894696633,1.2610053173446958,1.4165491829007055,0.6069897850967924,0.5818297416515781,0.39301021490320764,0.4181702583484219,0.06592729330451465,0.06592729330451465,0.05381759690656915,0.03959045361198549
Table_03_02.obj,Table_03,M,M,,0.887236818339958,0.11210195273764334,8.868142821782138,170.53576732670564,57.06773605406109,0.015488759463844181,1.891103849653204,30.1769445728486,0.08328077978170878,0.773010151565884,0.0005139657209109565,0.9246737575350704,0.27880228946966673,1.2610053173448459,1.4165491829007795,0.6069897850967932,0.5818297416515782,0.39301021490320676,0.4181702583484218,0.06592729330451662,0.06592729330451662,0.05381759690656931,0.039590453611985606
Table_03_03.obj,Table_03,M,M,,0.8872368183399586,0.1121019527376428,8.86814282178218,170.53576732670552,57.06773605406325,0.015488759463843586,1.891103849653199,30.17694457284982,0.08328077978171149,0.7730101515658865,0.0005139657209109746,0.9246737575350582,0.27880228946965335,1.2610053173447127,1.4165491829006762,0.6069897850967927,0.5818297416515771,0.3930102149032073,0.4181702583484229,0.06592729330451422,0.06592729330451422,0.053817596906568954,0.03959045361198531
Table_03_04.obj,Table_03,M,M,,0.8872368183399583,0.11210195273764315,8.868142821782156,170.5357673267088,57.06773605406541,0.015488759463843003,1.8911038496532016,30.176944572850925,0.08328077978171057,0.773010151565924,0.0005139657209109948,0.9246737575350387,0.2788022894696389,1.261005317344445,1.4165491829005261,0.6069897850967925,0.5818297416515772,0.39301021490320753,0.4181702583484228,0.06592729330451073,0.06592729330451073,0.05381759690656911,0.03959045361198542
Table_03_05.obj,Table_03,SL,SL,,5.660474702908546e-13,0.999421464368296,1.0000000000004055,1728.5020077885652,58.79626916391981,0.012025518971565924,0.9999999999872441,58.79626916383648,0.17238487846235714,0.7764577514342486,2.4105670418949495e-05,1.0,3.298943957426613e-14,1.0000000000000528,1.0000000000000562,0.7764577514342571,0.49999868399256275,0.2235422485657429,0.5000013160074372,0.4904562711191714,0.4904562711191714,0.5820058966023978,0.3880032502462559
Table_04_01.obj,Table_04,M,M,,0.9982638888882831,2.0797981581558582e-13,575.9999997987843,0.9999999998953127,23.99999998196054,0.041594516539188595,23.99999998052247,0.9999999993107805,0.30589835922308006,0.9999999999998244,0.00042042345863757205,1.0,0.0,1.0,1.0,1.0,1.0,0.0,0.0,5.4594701651591266e-14,5.4594701651591266e-14,2.0797981581558582e-13,2.0797981581558582e-13
Table_04_02.obj,Table_04,M,M,,0.998263888888283,2.082658728686948e-13,575.9999997987745,0.9999999998954775,23.99999998196054,0.04159451653918859,23.99999998052227,0.999999999310789,0.3058983592230789,0.999999999999824,0.0004204234586375684,1.0,0.0,1.0,1.0,1.0,1.0,0.0,0.0,5.4669791628032376e-14,5.4669791628032376e-14,2.082658728686948e-13,2.082658728686948e-13
Table_04_03.obj,Table_04,M,M,,0.9962515618485971,3.747926895158258e-13,266.7777777326717,1.0000000000002158,16.333333325426594,0.06099627594937017,16.333333324610038,0.9999999995505672,0.20588577614087739,0.9999999999999234,0.00018304150580821725,1.0,0.0,1.0,1.0,1.0,1.0,0.0,0.0,9.838308099790426e-14,9.838308099790426e-14,3.747926895158258e-13,3.747926895158258e-13
Table_04_04.obj,Table_04,M,M,,0.9962515618485971,3.748357379806104e-13,266.7777777326686,1.0000000000002274,16.333333325426594,0.06099627594937017,16.333333324609946,0.999999999550573,0.20588577614087655,0.999999999999925,0.00018304150580821625,1.0,0.0,1.0,1.0,1.0,1.0,0.0,0.0,9.839438121991022e-14,9.839438121991022e-14,3.748357379806104e-13,3.748357379806104e-13
Table_04_05.obj,Table_04,M,M,,0.9871999999971248,0.0006599269119585227,78.12499998222674,1.0543593851653905,6.93863749382074,0.10138350012503254,0.9999999999058743,6.9386374937247055,0.32062499853115417,0.17879372940336086,0.00020957997519933886,1.0,4.678001708146763e-15,1.000000000000008,1.000000000000008,1.0,1.0,0.0,0.0,0.00017323081438911321,0.00017323081438911321,0.0006599269119585227,0.0006599269119585227
Table_04_06.obj,Table_04,M,M,,0.9871999999971249,0.0006599269119584035,78.12499998222688,1.0543593851653803,6.93863749382074,0.10138350012503243,0.9999999999058719,6.938637493724722,0.3206249985311536,0.17879372940336144,0.0002095799751993384,1.0,4.7142009730465664e-15,1.000000000000008,1.0000000000000084,0.9999999999999994,1.0,5.551115123125783e-16,0.0,0.00017323081438908204,0.00017323081438908204,0.0006599269119584031,0.0006599269119584031
Table_04_07.obj,Table_04,M,M,,0.9871999999971248,0.0006599269119585227,78.12499998222674,1.0543593851653905,6.93863749382074,0.10138350012503254,0.9999999999058743,6.9386374937247055,0.32062499853115417,0.17879372940336086,0.00020957997519933886,1.0,4.7118036075646285e-15,1.000000000000008,1.0000000000000082,1.0,1.0,0.0,0.0,0.00017323081438911321,0.00017323081438911321,0.0006599269119585227,0.0006599269119585227
Table_04_08.obj,Table_04,M,M,,0.9871999999971249,0.0006599269119584035,78.12499998222688,1.0543593851653803,6.93863749382074,0.10138350012503243,0.9999999999058719,6.938637493724722,0.32062499853115356,0.17879372940336144,0.0002095799751993384,1.0000000000000002,4.780839152143608e-15,1.0000000000000084,1.0000000000000084,0.9999999999999992,1.0,7.771561172376096e-16,0.0,0.00017323081438908215,0.00017323081438908215,0.0006599269119584029,0.0006599269119584029
Table_04_09.obj,Table_04,M,M,,0.999527410207781,5.675527887534606e-14,2115.9999992901594,0.9999999998956105,45.99999996574925,0.02172886402032834,45.99999996298708,0.9999999993109082,0.3029126609519355,0.9999999999999085,0.00021935136972239176,1.0,0.0,1.0,1.0,1.0,1.0,0.0,0.0,1.4898260704778338e-14,1.4898260704778338e-14,5.675527887534606e-14,5.675527887534606e-14
Table_04_10.obj,Table_04,M,M,,0.999527410207781,5.675527887534606e-14,2115.9999992901594,0.9999999998956105,45.99999996574925,0.02172886402032834,45.99999996298708,0.9999999993109082,0.3029126609519355,0.9999999999999085,0.00021935136972239176,1.0,0.0,1.0,1.0,1.0,1.0,0.0,0.0,1.4898260704778338e-14,1.4898260704778338e-14,5.675527887534606e-14,5.675527887534606e-14
Table_04_11.obj,Table_04,M,M,,0.9962515618485971,3.747926895158258e-13,266.7777777326717,1.0000000000002158,16.333333325426594,0.06099627594937017,16.333333324610038,0.9999999995505672,0.20588577614087739,0.9999999999999234,0.00018304150580821725,1.0,0.0,1.0,1.0,1.0,1.0,0.0,0.0,9.838308099790426e-14,9.838308099790426e-14,3.747926895158258e-13,3.747926895158258e-13
Table_04_12.obj,Table_04,M,M,,0.9961675541118373,3.832374173828475e-13,260.92997244613855,1.0000000000002276,16.15332697117327,0.06167085251462791,16.153326970365622,0.999999999550573,0.20595392397801834,0.9999999999999221,0.00018508124871668163,1.0,0.0,1.0,1.0,1.0,1.0,0.0,0.0,1.0059982206299746e-13,1.0059982206299746e-13,3.832374173828475e-13,3.832374173828475e-13
Table_04_13.obj,Table_04,OB,OB,,0.5739743891486362,0.4260227361828523,2.34727672357901,148199.90867211166,589.9999956789663,0.001413929390870903,1.512820512795102,389.999997142783,1.5046588694452603,0.9999999999999817,4.0196940860730735e-05,0.8663506373945967,0.3506429300317694,1.1869026751169405,1.2078580071863327,0.8009947695936855,0.8531836708424332,0.19900523040631446,0.14681632915756682,0.17813680038457783,0.17813680038457783,0.3161920357310701,0.2911420880516849
Table_05_01.obj,Table_05,M,M,,0.9995659744729237,1.8804713058259967e-17,2304.01194772207,0.9999999998352425,48.000124428423476,0.02082424302194374,48.00012442842207,0.9999999993581552,0.25942405311515127,0.9999999999999523,0.00013222639458160853,1.0,0.0,1.0,1.0,1.0,1.0,0.0,0.0,4.936237177793241e-18,4.936237177793241e-18,1.8804713058259967e-17,1.8804713058259967e-17
Table_05_02.obj,Table_05,M,M,,0.9995659744729237,1.6975065301240078e-17,2304.0119477220696,0.9999999998352382,48.000124428423035,0.020824243021943932,48.00012442842207,0.9999999993581461,0.25942405311515104,0.9999999999999448,0.00013222639458160734,1.0,0.0,1.0,1.0,1.0,1.0,0.0,0.0,4.45595464157552e-18,4.45595464157552e-18,1.6975065301240078e-17,1.6975065301240078e-17
Table_05_03.obj,Table_05,M,M,,0.9960937289154601,1.9843464158896995e-08,255.99861821089766,1.0000050797604099,15.999997449321171,0.06225728982937767,15.999956810080748,1.0000025393175087,0.2647726849494946,0.9999999999998367,0.00039667926772841646,1.0,9.064933036736789e-17,1.0,1.0,1.0,1.0,0.0,0.0,5.2089093417104605e-09,5.2089093417104605e-09,1.9843464158896995e-08,1.9843464158896995e-08
Table_05_04.obj,Table_05,M,M,,0.9992283965859854,3.91966769977736e-09,1296.0025601714265,1.0000050797603786,36.00012697640521,0.027756271261152883,36.0000355377779,1.0000025393174887,0.2603152130192922,0.9999999999999241,0.00017630124682652845,1.0,0.0,1.0,1.0,1.0,1.0,0.0,0.0,1.0289127711915568e-09,1.0289127711915568e-09,3.91966769977736e-09,3.91966769977736e-09
Table_05_05.obj,Table_05,M,M,,0.9992283965858862,9.918804627853845e-14,1296.0025600048266,0.9999999999637479,36.0000355377779,0.027756341706638613,36.00003553546402,0.9999999994224017,0.26031488694511223,0.9999999999999256,0.0001763007990183314,1.0,0.0,1.0,1.0,1.0,1.0,0.0,0.0,2.6036862148116336e-14,2.6036862148116336e-14,9.918804627853845e-14,9.918804627853845e-14
Table_05_06.obj,Table_05,M,M,,0.9992283965858862,3.919865985155699e-09,1296.002560004828,1.0000050800173588,36.00012697871699,0.027756271259370482,36.00003553546402,1.000002539445979,0.26031521301928445,0.999999999999925,0.00017630124682651817,1.0,9.064933036736789e-17,1.0,1.0,0.9999999999999998,1.0,2.220446049250313e-16,0.0,1.028964821103371e-09,1.028964821103371e-09,3.919865985155698e-09,3.919865985155698e-09
Table_05_07.obj,Table_05,OB,OB,,7.1277042024744825e-12,0.9969135802395427,1.000000000006619,323.99999997201036,17.999999989216494,0.039253433596346726,0.9999999999679046,17.999999989152336,0.14263865845519375,0.9999999999999918,1.9589146288317538e-05,1.0,0.0,1.0,1.0,1.0,1.0,0.0,0.0,0.2616898148128799,0.2616898148128799,0.9969135802395427,0.9969135802395427
Table_05_08.obj,Table_05,OB,OB,,0.8796341217320135,0.12035936067470283,8.308002354068307,18467.84127649056,391.7025259562722,0.002411917372200001,2.882360552298354,135.896435867173,1.0363877084869086,0.9999999999999746,6.09078986428275e-05,1.0,9.064933036736789e-17,1.0,1.0,1.0,1.0,0.0,0.0,0.03159433217710949,0.03159433217710949,0.12035936067470283,0.12035936067470283
Table_05_09.obj,Table_05,M,M,,0.9995659722680507,2.2048730157000636e-09,2304.0002432770443,1.0000050798889706,48.000124428423476,0.020824242999006246,48.00000250728113,1.0000025393817922,0.25942372704097166,0.9999999999999523,0.00013222605872429376,1.0,0.0,1.0,1.0,1.0,1.0,0.0,0.0,5.787791666212666e-10,5.787791666212666e-10,2.2048730157000636e-09,2.2048730157000636e-09
Table_05_10.obj,Table_05,M,M,,0.9960937487589244,5.014241310809488e-13,255.99991866474113,0.9999999999635637,15.999997450348305,0.06225729043830828,15.999997449321317,0.9999999994223127,0.26477301102366685,0.9999999999998441,0.000396680275303114,1.0,9.064933036736789e-17,1.0,1.0,0.9999999999999993,1.0,6.661338147750939e-16,0.0,1.3162383440874913e-13,1.3162383440874913e-13,5.014241310809485e-13,5.014241310809485e-13
Table_05_11.obj,Table_05,M,M,,0.9960937289154601,1.9843464235742633e-08,255.99861821089755,1.0000050797604294,15.999997449321317,0.06225728982937711,15.999956810080748,1.0000025393175178,0.2647726849494943,0.9999999999998458,0.0003966792677284201,1.0,0.0,1.0,1.0,1.0,1.0,0.0,0.0,5.20890936188244e-09,5.20890936188244e-09,1.9843464235742633e-08,1.9843464235742633e-08
Table_05_12.obj,Table_05,M,M,,0.9960937487589242,5.016478067502051e-13,255.99991866472664,0.9999999999636209,15.999997450348305,0.06225729043830828,15.999997449321171,0.9999999994223219,0.2647730110236671,0.999999999999835,0.0003966802753031104,1.0,0.0,1.0,1.0,0.9999999999999973,0.9999999999999999,2.6645352591003757e-15,1.1102230246251565e-16,1.316825492719293e-13,1.3168254927192928e-13,5.016478067502038e-13,5.016478067502037e-13
Table_05_13.obj,Table_05,M,M,,0.9992284005056533,9.909724170778409e-14,1296.0091437674657,0.9999999999636301,36.00012697871699,0.027756271313685726,36.00012697640521,0.9999999994223419,0.26031553909346394,0.9999999999999256,0.00017630169463585265,1.0,0.0,1.0,1.0,1.0,1.0,0.0,0.0,2.601302594829332e-14,2.601302594829332e-14,9.909724170778409e-14,9.909724170778409e-14
Table_05_14.obj,Table_05,OB,OB,,0.9600018287269121,2.0319695919131123e-07,25.001143006411368,1.0000050800172424,5.000126997266578,0.19244554554639484,5.000114296537281,1.0000025394459207,0.2824235655300379,0.9999999999994701,0.0012693412138785267,1.0,0.0,1.0,1.0,1.0,1.0,0.0,0.0,5.333920178771919e-08,5.333920178771919e-08,2.0319695919131123e-07,2.0319695919131123e-07
Table_05_15.obj,Table_05,OB,OB,,0.960002031918739,5.1323160276112745e-12,25.00127001356111,0.9999999999635135,5.000126997266578,0.19244556364987042,5.000126996945782,0.9999999994222835,0.28242389160421727,0.9999999999994709,0.0012693444380352152,1.0,0.0,1.0,1.0,1.0,1.0,0.0,0.0,1.3472329572479593e-12,1.3472329572479593e-12,5.1323160276112745e-12,5.1323160276112745e-12
Table_07_01.obj,Table_07,M,M,,0.9945328013414528,0.004281902187974263,182.9090293685494,4.612515766456196,23.874589895233758,0.041621682992783744,9.550078527551683,2.499936500310432,0.1083179426837661,0.8166658905498105,4.1463363717146874e-05,0.8477029158345244,0.525648005546361,1.5745793061809468,1.9311602994211725,0.8169748866825854,0.9744305327566966,0.18302511331741456,0.025569467243303445,0.0019995164815928617,0.0019995164815928617,0.0034534829158494743,0.0034087592768927617
Table_07_02.obj,Table_07,SL,SL,,0.026344196278158743,0.969652919892789,1.0270569909583045,243.23858630491785,22.202794231715878,0.031831570060924755,1.0000038136569107,22.202709557727687,0.10285592574910225,0.7764580074335786,3.103378513364372e-05,0.9999061762580818,0.011221404701195667,1.013792297924925,1.013792297924925,0.7793175529314414,0.500021617866568,0.22068244706855855,0.49997838213343204,0.4776836788088828,0.47768367880888285,0.566758823502789,0.3778501062819028
Table_07_03.obj,Table_07,SL,SL,,0.05288074765116747,0.9430864848719581,1.055833251747195,234.85590423445953,22.22416971697921,0.03180095808374486,1.000002116655253,22.224122675858904,0.06856512173341792,0.776457416774305,9.303219604464813e-06,0.996725314443722,0.0694119813795817,1.1113827936643856,1.1113827936643856,0.7768054200983967,0.5000482982438763,0.2231945799016033,0.4999517017561237,0.4827373055448999,0.4827373055448999,0.5494637113211354,0.3663327295721892
Table_07_04.obj,Table_07,M,M,,0.9855723452952204,0.011922853540705448,69.31133441033498,5.759999999813265,19.980822953160867,0.04962957704628659,8.325342899046039,2.3999999990292555,0.12445524376032871,0.9999999999999839,3.822076243564425e-05,1.0,0.0,1.0,1.0,0.9999999999999992,0.9999999999999999,7.771561172376096e-16,1.1102230246251565e-16,0.0031297490544351836,0.0031297490544351827,0.01192285354070544,0.011922853540705438
Table_07_05.obj,Table_07,M,M,,0.9855722352501479,0.01192294448073074,69.31080575111703,5.7599999998132425,19.980746753023663,0.04962976316603739,8.325311148988863,2.3999999990292555,0.12445525995597319,0.999999999999984,3.822090819733063e-05,1.0,0.0,1.0,1.0,1.0,1.0,0.0,0.0,0.0031297729261918184,0.0031297729261918184,0.01192294448073074,0.01192294448073074
Table_07_06.obj,Table_07,M,M,,0.9948045681906615,0.004039155388380332,192.47678281571314,4.493243756479779,23.877116841669856,0.04161728193045363,9.549997670416912,2.500222268352737,0.10832515764118536,0.8166653261168446,4.072691190337608e-05,0.8424475381726129,0.5383540437738453,1.6479124868962258,1.9505767460330266,0.8151802441254362,0.9743018168084522,0.18481975587456378,0.02569818319154782,0.0019169686793735032,0.0019169686793735032,0.0032503322467772947,0.0032080248179941393
Table_07_07.obj,Table_07,M,M,,0.9942817989209554,0.004496894722051827,174.88017405763475,4.682036612842907,23.874589895318973,0.04162168108496406,9.550038098745775,2.4999470834653614,0.1083174027162451,0.8166751333558848,4.2203602263240346e-05,0.8520740526710024,0.5132738549452833,1.5137711184505926,1.9131252060377897,0.8152638486913558,0.9745227215582732,0.18473615130864418,0.02547727844172676,0.0020752005029542396,0.0020752005029542396,0.0036194538634921726,0.0035727520287245286
Table_07_08.obj,Table_07,M,M,,0.9945325720811599,0.004282124464605572,182.90135962359753,4.612682009153244,23.874589895233758,0.041621681085112355,9.550038098745775,2.499947083456439,0.1083174027162935,0.8166751333488173,4.1463188188298663e-05,0.847702793018857,0.5256481319878983,1.5745788991937641,1.931160738166615,0.8169846510790953,0.9744315428612903,0.18301534892090465,0.0255684571387097,0.0019996043384624147,0.0019996043384624147,0.0034537052333301565,0.0034089805050672717
Table_08_01.obj,Table_08,M,M,,0.9954141622468818,7.717321741715667e-05,218.06266462868373,1.017116646533538,14.892789062076485,0.0668433244682962,14.766944995080879,1.0085220106030828,0.14421909513009526,0.9999999999999735,6.866747827137006e-05,1.0,0.0,1.0,1.0,0.9999999999999991,1.0,8.881784197001252e-16,0.0,2.0257969572003646e-05,2.0257969572003646e-05,7.71732174171566e-05,7.71732174171566e-05
Table_08_02.obj,Table_08,M,M,,0.995414162246882,7.730962962358653e-05,218.06266462869385,1.0171474209064937,14.893014362085268,0.06684231778723723,14.766944995080879,1.0085372676524438,0.1442201549097839,0.9999999999999734,6.866851708172308e-05,1.0,0.0,1.0,1.0,0.9999999999999997,0.9999999999999999,3.3306690738754696e-16,1.1102230246251565e-16,2.0293777776191475e-05,2.0293777776191475e-05,7.73096296235865e-05,7.730962962358649e-05
Table_08_03.obj,Table_08,M,M,,0.9946551538086214,3.773261587866568e-07,187.0961229179501,1.0000706011964884,13.678791321435114,0.07271825328903815,13.6783084771496,1.0000352996494417,0.14523336804111198,0.9999999999999691,7.540760798569604e-05,1.0,0.0,1.0,1.0,1.0,1.0,0.0,0.0,9.904811668149739e-08,9.904811668149739e-08,3.773261587866568e-07,3.773261587866568e-07
Table_08_04.obj,Table_08,M,M,,0.9946551538082473,3.7408710384522624e-13,187.09612290485498,1.0000000000209137,13.6783084771496,0.07272080666872029,13.678308476670926,0.9999999996847218,0.14523089510939943,0.9999999999999687,7.540494618847632e-05,1.0,0.0,1.0,1.0,0.9999999999999996,1.0,4.440892098500626e-16,0.0,9.819786475937193e-14,9.819786475937193e-14,3.740871038452261e-13,3.740871038452261e-13
Table_08_05.obj,Table_08,M,M,,0.994654992092371,1.617158763482489e-07,187.09046221847265,1.0000302563644003,13.678308476670926,0.07272080085338907,13.678101553088084,1.000015127742031,0.1452298353297108,0.9999999999999689,7.540380547010787e-05,1.0,0.0,1.0,1.0,1.0,1.0,0.0,0.0,4.245041754141533e-08,4.245041754141533e-08,1.617158763482489e-07,1.617158763482489e-07
Table_08_06.obj,Table_08,OB,OB,,0.6004788901881825,0.399432109999832,2.5029966513432833,4489.010716978607,105.99989985798594,0.007974271335057832,1.5820861706114226,67.00007991020026,0.28461471981590714,1.0000000000000042,9.060571088612492e-06,1.0,1.2819751242557092e-16,1.0,1.0,1.0,1.0,0.0,0.0,0.10485092887495588,0.10485092887495588,0.399432109999832,0.399432109999832
Table_08_07.obj,Table_08,M,M,,0.998563906866985,2.430982547857184e-05,696.3336687646056,1.017219232781342,26.614357025358665,0.0375203163715545,26.38813499121377,1.008572869017717,0.14215107370299807,0.9999999999999858,3.842863506768268e-05,1.0,0.0,1.0,1.0,1.0,1.0,0.0,0.0,6.381329188125107e-06,6.381329188125107e-06,2.430982547857184e-05,2.430982547857184e-05
Table_08_08.obj,Table_08,M,M,,0.998563906866985,2.4210151719770875e-05,696.3336687646063,1.0171474208353104,26.6134175707943,0.03752163897537467,26.38813499121377,1.00853726761715,0.1421486007712855,0.9999999999999858,3.8427278583413875e-05,1.0,0.0,1.0,1.0,1.0,1.0,0.0,0.0,6.355164826439854e-06,6.355164826439854e-06,2.4210151719770875e-05,2.4210151719770875e-05
Table_08_09.obj,Table_08,M,M,,0.994654992092371,5.390424092078446e-07,187.09046221847274,1.0001008598161005,13.678791321435114,0.07271824747136417,13.678101553088084,1.0000504283107645,0.1452323082614237,0.999999999999967,7.54064672270602e-05,1.0,9.064933036736789e-17,1.0,1.0,1.0,1.0,0.0,0.0,1.4149863241705917e-07,1.4149863241705917e-07,5.390424092078446e-07,5.390424092078446e-07
Table_09_01.obj,Table_09,M,M,,0.9715601382974063,0.0029148413194126444,35.1619150070036,1.1141954550160535,4.479166665293438,0.21234757883689703,4.243421051430604,1.0555555552325622,0.1303589355932209,0.5667472247833261,0.0016139964546134635,0.9722222222100854,0.1842569328348748,1.0277847308186545,1.3611111111232483,0.8493419838183606,0.9611049684040727,0.15065801618163943,0.03889503159592733,0.0010692839688113273,0.0010692839688113275,0.0024275509501123587,0.0023794047914790545
Table_09_02.obj,Table_09,M,M,,0.9715599164523803,0.0029152800193209226,35.16164072876759,1.1142136124036206,4.47916666542694,0.21234757883085284,4.243421051430387,1.0555555552640774,0.13035949647336326,0.5667468956884089,0.0016139964546614861,0.9722222222079862,0.1842569328403064,1.0277853126495313,1.3611111111253473,0.8493419296736415,0.961104885593357,0.15065807032635847,0.03889511440664295,0.0010694451484308124,0.0010694451484308124,0.0024279160527969847,0.002379762548444926
Table_09_03.obj,Table_09,M,M,,0.9715599805754521,0.002914830566278502,35.16172000692765,1.1141942800110936,4.479166665427002,0.21234757883085006,4.243421051430387,1.0555555552640918,0.13035923336988964,0.5667509043442661,0.001613996454661508,0.9722222222076788,0.18425693284180503,1.027785404937318,1.3611111111256549,0.8493419327990721,0.9611049354571379,0.1506580672009279,0.03889506454286207,0.0010692802425255352,0.0010692802425255352,0.002427541808036299,0.002379395789127801
Table_09_04.obj,Table_09,M,M,,0.9944284336398221,0.0055444661428110465,179.48274064315262,205.59120558633467,188.99999944773765,0.005276475513001451,13.499999997459518,13.999999958978746,0.5916586343200484,0.9999999999999218,0.00016460584785620353,0.9972729337404379,0.06403967619183604,1.0708740138427837,1.0991014037660822,0.9468805611229416,0.9947304292094922,0.05311943887705839,0.005269570790507827,0.0016624547249709405,0.0016624547249709405,0.005236114728190904,0.005222282243949735
Table_09_05.obj,Table_09,M,OB,x,0.9778180172023364,0.022141240379938403,45.081632653010146,544.4444398701636,156.66666594926812,0.006313215745054001,6.714285713015968,23.33333322632016,0.9609310708371805,0.9999999999997375,0.0006304053748795316,1.0,9.064933036736789e-17,1.0,1.0,0.9999999999999993,0.9999999999999999,6.661338147750939e-16,1.1102230246251565e-16,0.005812075599733836,0.005812075599733836,0.02214124037993839,0.022141240379938386
Table_09_06.obj,Table_09,M,OB,x,0.9775807739378976,0.018780618748012862,44.60457275508116,6.161485460369671,15.232925074611869,0.06478757844485378,6.680725713025841,2.280130292121077,0.1425549013702608,0.9182966517824289,6.191258865579623e-05,0.9999999999986029,1.3648536024852818e-06,1.0000023639970583,1.0000023639970583,1.0,1.0,0.0,0.0,0.004929920879845584,0.004929920879845584,0.018780618748012862,0.018780618748012862
Table_09_07.obj,Table_09,OB,OB,,0.23094823790833766,0.7690265069911204,1.3003025924810527,30451.344306237264,189.9999994763258,0.003721588865131333,0.999999999985542,189.9999994763253,0.5552853620967768,0.9999999999999942,1.6661212414400317e-05,0.9337828221729318,0.3360824800575129,1.418769939915938,1.5781240558139902,0.5126584637350681,0.20089062153954373,0.48734153626493193,0.7991093784604563,0.5874443862440789,0.5874443862440788,0.23672433144441504,0.07920071524321677
Table_09_08.obj,Table_09,OB,M,x,0.9780521262002569,0.021835894851407963,45.562499999948315,195.99999933660217,94.49999972378086,0.010467188057641347,6.749999998723476,13.999999958978746,0.594566047756939,0.9999999999998435,0.0003762419379573573,1.0,0.0,1.0,1.0,1.0,1.0,0.0,0.0,0.005731922398494589,0.005731922398494589,0.021835894851407963,0.021835894851407963
Table_09_09.obj,Table_09,OB,OB,,0.28571410983006074,0.7142618827888809,1.3999996552669016,29752.76180433232,189.99999944500516,0.003721588865744812,0.999999999985542,189.99999944500468,0.5552853620061939,0.9999999999999942,1.2065015884301021e-05,0.9972729337404379,0.064039676191836,1.0708740138427837,1.0991014037660825,0.5000009233903646,1.384254278979924e-06,0.4999990766096354,0.999998615745721,0.5390298343139741,0.5390298343139741,0.17856604764896378,4.943609467559663e-07
Table_09_10.obj,Table_09,M,M,,0.9715604052747296,0.002914256445193491,35.16224509025714,1.114171119330744,4.479166665293423,0.21234757883689717,4.243421051430387,1.0555555552326128,0.13035894840682138,0.5667484381055976,0.001613996454613375,0.9722222222165675,0.1842569328149435,1.027782529410711,1.361111111116766,0.8493320033751053,0.9611023569430887,0.15066799662489472,0.038897643056911346,0.0010690814268377725,0.0010690814268377725,0.0024270321007607235,0.002378892936576446
Table_09_11.obj,Table_09,M,M,,0.9885071751578346,0.011432026134820023,87.01081011266857,189.03074331318467,188.99999944779688,0.005276475512999799,13.49999999745953,13.99999995898312,0.31690806457776716,0.9999999999999256,0.00022731283751578038,0.986351614003001,0.13625952155956306,1.240162665333287,1.240162665333287,0.945054933999803,0.9945423110821457,0.054945066000196996,0.005457688917854253,0.003741034909704596,0.003741034909704596,0.010774410561585316,0.01074492841884427
Table_09_12.obj,Table_09,M,M,,0.9944869253444703,0.005486258947642294,181.38698684170626,205.59124072306565,189.99999944504967,0.005248855710994405,13.571428568887127,13.99999995898312,0.5916433321442284,0.9999999999999313,0.00016373950128843992,0.9972729337404379,0.06403967619183608,1.0708740138427837,1.0991014037660827,0.946886396626555,0.9947585000368501,0.05311360337344495,0.0052414999631499315,0.0016449444521818774,0.0016449444521818776,0.00518124952625031,0.00516763508660741
Table_10_01.obj,Table_10,M,M,,0.9821426951997805,0.016891760645257457,55.99949215110756,18.494550154211346,30.000005436369985,0.032939293542800785,6.600001199070421,4.545454542729068,0.15336411743484837,0.9999999999999833,5.7103376942902156e-05,0.986159169550173,0.13701723095656282,1.1785467128027678,1.2491349480968856,1.0,1.0,0.0,0.0,0.00511366334595086,0.00511366334595086,0.016891760645257457,0.016891760645257457
Table_10_02.obj,Table_10,M,M,,0.981009143044236,0.017964021655784812,52.6569181332444,18.49455015421741,29.090889982330257,0.03394336454562506,6.39999579908761,4.545454542729827,0.1534915844659347,0.9999999999999829,5.8887906824550727e-05,0.986159169550173,0.1370172309565629,1.178546712802768,1.2491349480968859,0.9999999999999998,1.0,2.220446049250313e-16,0.0,0.00543827023222979,0.00543827023222979,0.01796402165578481,0.01796402165578481
Table_10_03.obj,Table_10,M,M,,0.9847678052613703,0.014994191695667174,65.65042117428911,63.999999953187135,64.81995791315268,0.015309382137373248,8.10249474871418,7.999999989204949,0.3070064328183491,0.9999999999999605,0.0001128657260677357,1.0,0.0,1.0,1.0,1.0,1.0,0.0,0.0,0.003935975320112632,0.003935975320112632,0.014994191695667174,0.014994191695667174
Table_10_04.obj,Table_10,M,M,,0.9847678052613694,0.014994191695668116,65.65042117428506,63.99999995319113,64.81995791315268,0.015309382137373241,8.102494748713934,7.999999989205194,0.307006432818348,0.9999999999999606,0.00011286572606773226,1.0,0.0,1.0,1.0,1.0,1.0,0.0,0.0,0.003935975320112879,0.003935975320112879,0.014994191695668116,0.014994191695668116
Table_10_05.obj,Table_10,M,M,,0.9847678052613694,0.014994191695668116,65.65042117428506,63.99999995319113,64.81995791315268,0.015309382137373241,8.102494748713934,7.999999989205194,0.307006432818348,0.9999999999999606,0.00011286572606773226,1.0,0.0,1.0,1.0,1.0,1.0,0.0,0.0,0.003935975320112879,0.003935975320112879,0.014994191695668116,0.014994191695668116
Table_10_06.obj,Table_10,M,M,,0.9847678052613703,0.014994191695667174,65.65042117428911,63.999999953187135,64.81995791315268,0.015309382137373248,8.10249474871418,7.999999989204949,0.3070064328183491,0.9999999999999605,0.0001128657260677357,1.0,0.0,1.0,1.0,1.0,1.0,0.0,0.0,0.003935975320112632,0.003935975320112632,0.014994191695667174,0.014994191695667174
Table_10_07.obj,Table_10,M,M,,0.9988183578238852,4.3725782449796064e-14,846.2798808415622,0.9999999998872724,29.090889982330257,0.03433447543542965,29.090889981792017,0.999999999406677,0.2489362750314861,0.9999999999999212,0.00018894515558562675,1.0,0.0,1.0,1.0,1.0,1.0,0.0,0.0,1.1478017893071465e-14,1.1478017893071465e-14,4.3725782449796064e-14,4.3725782449796064e-14
Table_10_08.obj,Table_10,M,M,,0.9988888892927356,4.085196897122371e-14,900.000327115766,0.999999999887035,30.000005436371655,0.03329635186926306,30.000005435819933,0.9999999994065657,0.24880880800040714,0.9999999999999235,0.0001832193912595275,1.0,0.0,1.0,1.0,0.999999999999999,1.0,9.992007221626409e-16,0.0,1.0723641854946235e-14,1.0723641854946235e-14,4.085196897122367e-14,4.085196897122367e-14
Table_10_09.obj,Table_10,OB,OB,,0.48979591823637947,0.5102040813476562,1.959999998681585,1226557105.4161694,1040107382.5001731,0.0,1.3999999982154305,742933844.589993,7727309764.672939,1.0,900000000.0,0.9876543209876544,0.2208462199999793,1.234567901234568,1.234567901234568,0.9999999999999998,1.0,2.220446049250313e-16,0.0,0.1597710227392352,0.1597710227392352,0.510204081347656,0.510204081347656
Table_10_10.obj,Table_10,M,M,,0.9990159771976598,1.4287805118682539e-05,1016.2366132386708,1.0147337211317449,29.99999998627167,0.033281683127389466,22.388015141000828,1.3400026660374007,0.15528077732907392,0.8105776787403896,0.0007481748794250621,0.9922125130688109,0.1051716251372709,1.1551070755203336,1.1779305399616797,0.9874624708459628,0.9991922407567889,0.012537529154037164,0.0008077592432110814,4.267648030213285e-06,4.267648030213284e-06,1.4102973140615494e-05,1.4097274935771133e-05
Table_10_11.obj,Table_10,M,M,,0.998948466339532,0.00015710108297963067,950.9919060079626,1.1756432925581866,29.99997998719584,0.033296379983917615,29.999919987437572,1.0000019995486051,0.17449034699169413,0.9870473873101635,0.0010145956703384712,0.9783260217973576,0.17090684390638425,1.2633412639591455,1.277905366247662,0.9547020814168861,0.9961479165221918,0.04529791858311394,0.003852083477808188,5.1795668905555296e-05,5.179566890555531e-05,0.00014969585406156264,0.00014940697720962492
Table_10_12.obj,Table_10,M,M,,0.9989588676436649,0.00014108448422948017,960.492673112234,1.1567522000812378,29.999999987615833,0.03329635790891071,29.99999998627167,0.9999999995961338,0.17449077458828519,0.9870494490707927,0.001035673810071365,0.9821263509732173,0.1571957294896679,1.2241692593862443,1.2602886638481856,0.9438375491140292,0.9954804798884762,0.05616245088597083,0.004519520111523789,4.6415366519937436e-05,4.6415366519937436e-05,0.00013285992227992654,0.00013255901074668357
Table_10_13.obj,Table_10,M,M,,0.9990058527705042,2.639693901651549e-05,1005.8872270931432,1.0272766013893462,29.999999987615833,0.03329635788430254,29.99997998719584,1.0000006662324397,0.1707859228206322,0.987062640757702,0.0010085770205933457,0.9616905045221963,0.22547204774990307,1.2969541089962295,1.3650318766168534,0.9686899958335788,0.9982785062398071,0.03131000416642116,0.001721493760192927,8.852209792036846e-06,8.852209792036846e-06,2.5548441060225404e-05,2.5526431374523188e-05
Table_10_14.obj,Table_10,M,M,,0.9808774124887568,0.018091658246830778,52.29417825447906,18.548884168078978,30.000005436371655,0.03293929354279895,6.600001199070421,4.545454542729321,0.1512764784199946,0.9999999999999826,4.702631042356909e-05,0.9056122448979591,0.2934006192312219,1.4515306122448974,1.4515306122448979,0.9839750750956997,0.9968915627833737,0.016024924904300297,0.0031084372166263474,0.006266327969193089,0.006266327969193087,0.01777407298524725,0.01774640518846345
Table_10_15.obj,Table_10,M,M,,0.9810092687891643,0.017963902709882622,52.65726679493181,18.494550154216505,29.091415436860412,0.03394276675477474,6.400111399084297,4.545454542729827,0.15349092605099005,0.9999880531040926,5.888684318027809e-05,0.9861683258696895,0.13697375357081548,1.1785244975844893,1.2490479489445263,0.9999910503386494,0.9999800929803573,8.94966135056574e-06,1.990701964271757e-05,0.00543821225121106,0.00543821225121106,0.017963563136755015,0.017963384334473195
Table_10_16.obj,Table_10,M,M,,0.9847678052613703,0.014994191695667174,65.65042117428911,63.999999953187135,64.81995791315268,0.015309382137373248,8.10249474871418,7.999999989204949,0.3070064328183491,0.9999999999999605,0.0001128657260677357,1.0,0.0,1.0,1.0,1.0,1.0,0.0,0.0,0.003935975320112632,0.003935975320112632,0.014994191695667174,0.014994191695667174
Table_10_17.obj,Table_10,M,M,,0.9847678052613694,0.014994191695668116,65.65042117428506,63.99999995319113,64.81995791315268,0.015309382137373241,8.102494748713934,7.999999989205194,0.307006432818348,0.9999999999999606,0.00011286572606773226,1.0,0.0,1.0,1.0,1.0,1.0,0.0,0.0,0.003935975320112879,0.003935975320112879,0.014994191695668116,0.014994191695668116
Table_10_18.obj,Table_10,M,M,,0.9988888892927356,4.0764728452039376e-14,900.0003271157361,0.9999999998869564,30.000005436369985,0.03329635186926491,30.000005435819933,0.9999999994065101,0.24880880800040067,0.9999999999999223,0.0001832193912595173,1.0,0.0,1.0,1.0,0.9999999999999971,0.9999999999999999,2.886579864025407e-15,1.1102230246251565e-16,1.0700741218660377e-14,1.0700741218660377e-14,4.0764728452039256e-14,4.076472845203925e-14
Table_10_19.obj,Table_10,M,M,,0.9988183578238852,4.3725782449796064e-14,846.2798808415622,0.9999999998872724,29.090889982330257,0.03433447543542965,29.090889981792017,0.999999999406677,0.2489362750314861,0.9999999999999212,0.00018894515558562675,1.0,0.0,1.0,1.0,1.0,1.0,0.0,0.0,1.1478017893071465e-14,1.1478017893071465e-14,4.3725782449796064e-14,4.3725782449796064e-14
Table_10_20.obj,Table_10,OB,OB,,0.2557609259301655,0.7442390740696863,1.343654256865877,5019328591071.409,49627995677.60012,0.0,1.0308651743050459,48142081926.50003,11944212162482.744,1.0,1400000000.0,1.7608502348683298e-33,4.3131845888873244e-33,8.62816615085483e-33,1.232595164407831e-32,0.5115154845423837,0.14688257960234619,0.4884845154576163,0.8531174203976538,0.3177192379273852,0.3177192379273852,0.21830325599782188,0.05591670140751318
Table_10_21.obj,Table_10,OB,OB,,0.14667319345623114,0.8533268065436104,1.1718839632498401,5382937561954.947,49627995677.60012,0.0,1.0308651743050459,48142081926.50003,11944212220106.4,1.0,1500000000.0,1.6434602192104412e-33,4.190017863783758e-33,7.395570986446981e-33,1.232595164407831e-32,0.5235081655585269,0.2466424987519582,0.47649183444147314,0.7533575012480418,0.33516918461751677,0.33516918461751677,0.27845228200702576,0.1101810128984902
Table_11_01.obj,Table_11,M,M,,0.9994002498957477,2.675460235908742e-19,1667.3611107522047,0.9999999997907257,40.83333330367582,0.024475121360637293,40.83333330367582,0.9999999992766835,0.2928693660785154,0.9999999999999073,0.00022242391763956456,1.0,0.0,1.0,1.0,0.9999999999999998,1.0,2.220446049250313e-16,0.0,7.023083119260448e-20,7.023083119260448e-20,2.6754602359087415e-19,2.6754602359087415e-19
Table_11_02.obj,Table_11,M,M,,0.9981096408313391,1.439200173959659e-16,528.999999882597,0.9999999997908015,22.999999983219016,0.04339630365918443,22.999999983218135,0.9999999992767218,0.29561629999949673,0.9999999999998355,0.00039488304218748897,1.0,0.0,1.0,1.0,1.0,1.0,0.0,0.0,3.777900456644104e-17,3.777900456644104e-17,1.439200173959659e-16,1.439200173959659e-16
Table_11_03.obj,Table_11,M,M,,0.9981096408313391,1.2480564008556416e-16,528.9999998825971,0.9999999997907913,22.999999983218892,0.04339630365918467,22.999999983218135,0.9999999992767163,0.29561629999949596,0.9999999999998355,0.00039488304218748686,1.0,0.0,1.0,1.0,1.0,1.0,0.0,0.0,3.2761480522460587e-17,3.2761480522460587e-17,1.2480564008556416e-16,1.2480564008556416e-16
Table_11_04.obj,Table_11,M,M,,0.9994002498957477,2.675460235908742e-19,1667.3611107522047,0.9999999997907257,40.83333330367582,0.024475121360637293,40.83333330367582,0.9999999992766835,0.2928693660785154,0.9999999999999073,0.00022242391763956456,1.0,0.0,1.0,1.0,0.9999999999999998,1.0,2.220446049250313e-16,0.0,7.023083119260448e-20,7.023083119260448e-20,2.6754602359087415e-19,2.6754602359087415e-19
Table_11_05.obj,Table_11,M,M,,0.9990530865769541,1.368515369673999e-13,1056.0627568073417,0.9999999999178095,31.222222199605362,0.031995664682933654,31.22222219734806,0.9999999993489814,0.293959935470197,0.9999999999998828,0.00031513353097393826,1.0,1.0666677794707567e-16,1.0,1.0,0.999999999999998,1.0,1.9984014443252818e-15,0.0,3.592352845394257e-14,3.592352845394257e-14,1.3685153696739963e-13,1.3685153696739963e-13
Table_11_06.obj,Table_11,OB,OB,,0.23192513914333812,0.7667449857960935,1.3019564250345061,577.5541504839861,39.82608693512919,0.021417971861110004,1.6357142856767644,24.347826073870543,0.1235501018818094,1.0000000000000044,1.2346253569084455e-05,0.9179598499364018,0.31766098365370066,1.4023102743288212,1.5412734997114546,0.5238487187607563,0.39996675718588515,0.47615128123924366,0.6000332428141149,0.5313229943747532,0.5313229943747532,0.28115418877045667,0.1606499991153955
Table_11_07.obj,Table_11,M,M,,0.9981096408313391,1.2480564008556416e-16,528.9999998825971,0.9999999997907913,22.999999983218892,0.04339630365918467,22.999999983218135,0.9999999992767163,0.29561629999949596,0.9999999999998355,0.00039488304218748686,1.0,0.0,1.0,1.0,1.0,1.0,0.0,0.0,3.2761480522460587e-17,3.2761480522460587e-17,1.2480564008556416e-16,1.2480564008556416e-16
Table_11_08.obj,Table_11,M,M,,0.9994002498957477,2.675460235908742e-19,1667.3611107522047,0.9999999997907257,40.83333330367582,0.024475121360637293,40.83333330367582,0.9999999992766835,0.2928693660785154,0.9999999999999073,0.00022242391763956456,1.0,0.0,1.0,1.0,0.9999999999999999,1.0,1.1102230246251565e-16,0.0,7.023083119260448e-20,7.023083119260448e-20,2.6754602359087415e-19,2.6754602359087415e-19
Table_11_09.obj,Table_11,M,M,,0.9994002498957477,2.675460235908742e-19,1667.3611107522047,0.9999999997907257,40.83333330367582,0.024475121360637293,40.83333330367582,0.9999999992766835,0.2928693660785154,0.9999999999999073,0.00022242391763956456,1.0,0.0,1.0,1.0,0.9999999999999999,1.0,1.1102230246251565e-16,0.0,7.023083119260448e-20,7.023083119260448e-20,2.6754602359087415e-19,2.6754602359087415e-19
Table_11_10.obj,Table_11,M,M,,0.9981096408313391,1.439200173959659e-16,528.999999882597,0.9999999997908015,22.999999983219016,0.04339630365918443,22.999999983218135,0.9999999992767218,0.29561629999949673,0.9999999999998355,0.00039488304218748897,1.0,0.0,1.0,1.0,1.0,1.0,0.0,0.0,3.777900456644104e-17,3.777900456644104e-17,1.439200173959659e-16,1.439200173959659e-16
Table_11_11.obj,Table_11,M,M,,0.9990530865769541,1.368524521980238e-13,1056.062756807341,0.9999999999178105,31.222222199605362,0.031995664682933654,31.22222219734806,0.9999999993489814,0.2939599354701975,0.9999999999998789,0.00031513353097393826,1.0,8.709305949236425e-17,1.0,1.0,0.9999999999999979,1.0,2.1094237467877974e-15,0.0,3.592376870198134e-14,3.592376870198134e-14,1.3685245219802353e-13,1.3685245219802353e-13
Table_11_12.obj,Table_11,M,M,,0.9990530865769539,1.370059058659711e-13,1056.0627568071693,0.9999999999179726,31.222222199605362,0.031995664682933654,31.22222219734806,0.9999999993489814,0.2939599354701975,0.9999999999998789,0.00031513353097393826,1.0,8.709305949236425e-17,1.0,1.0,0.9999999999999974,1.0,2.55351295663786e-15,0.0,3.596405028981753e-14,3.596405028981753e-14,1.3700590586597075e-13,1.3700590586597075e-13
Table_11_13.obj,Table_11,M,M,,0.9990530865769539,1.370059058659711e-13,1056.0627568071693,0.9999999999179726,31.222222199605362,0.031995664682933654,31.22222219734806,0.9999999993489814,0.293959935470197,0.9999999999998828,0.00031513353097393826,1.0,1.0666677794707567e-16,1.0,1.0,0.9999999999999972,1.0,2.7755575615628914e-15,0.0,3.5964050289817546e-14,3.5964050289817546e-14,1.3700590586597072e-13,1.3700590586597072e-13
Table_12_01.obj,Table_12,SL,SL,,3.846974219968028e-12,0.9952000337068926,1.000000000002422,208.3347964822445,20.000047692765417,0.03533317848437877,0.9999999999577973,20.000047692765417,0.10143208746165044,0.7764588842223209,0.00018039724203499282,0.9600000000000001,0.15999999999999992,1.0400000000004581,1.0400000000004965,0.7819076691280493,0.5000010022174136,0.21809233087195068,0.4999989977825864,0.5011150784398529,0.5011150784398529,0.5836162939439489,0.38907804921598543
Table_12_02.obj,Table_12,M,M,,0.9885338022348166,0.011367105378280794,87.21286868401394,115.71219670309172,8.164262620510739,0.11916082996348713,4.904716543800782,1.664573792816903,0.04417768574547743,0.040515582739456914,3.7708398647528554e-05,0.9997040259869496,0.018825124374617856,1.0294551012783326,1.0320377292477902,0.7552810744759377,0.8412729893616561,0.24471892552406227,0.15872701063834393,0.004565997620225426,0.004565997620225426,0.007903995334381348,0.007222631104973564
Table_12_03.obj,Table_12,SL,SL,,3.826735222924505e-13,0.9991999996187158,1.0000000000001548,1249.9994048406693,49.99989429523395,0.014140751499094056,0.9999999999848062,49.99989429514958,0.17562150195038498,0.7764600475437675,3.463658210558159e-05,0.999999999999965,2.1528201018061637e-07,1.000000344495552,1.0000003659103283,0.7852175614911737,0.49999991402564825,0.21478243850882628,0.5000000859743517,0.4872838084917668,0.4872838084917668,0.5884420066296604,0.39229462611673094
Table_12_04.obj,Table_12,M,M,,0.9885338650242346,0.011367042548697836,87.21334626824698,115.71151615685767,126.97590746062629,0.0076726126686870915,4.322329436966715,29.376730604509447,0.04417236177670455,0.5553836120880252,0.0005168284359850411,0.9997040618979329,0.018823286549531238,1.0294568586880022,1.032033319677974,0.755280909031061,0.841271643302526,0.24471909096893896,0.15872835669747398,0.004565973742712821,0.004565973742712821,0.00790394413696775,0.007222578044760249
Table_12_05.obj,Table_12,M,M,,0.9885338885567139,0.011367019069966561,87.2135252605997,115.71134143890241,8.211286455102005,0.11847912138636651,4.8953649905956995,1.6773593941146367,0.04417150592953582,0.040677633700290886,3.785327768430193e-05,0.9997040635945109,0.01882322533231602,1.029456748818878,1.0320328919620496,0.7552799723852628,0.841271036855374,0.2447200276147372,0.15872896314462603,0.004565969619828695,0.004565969619828694,0.007903915406147828,0.007222548963028555
Table_13_01.obj,Table_13,OB,OB,,0.8975999999961046,0.1008000000021737,9.765624999613262,63.99999993259082,24.99999995968231,0.038069349380979334,3.1249999993519246,7.999999987195778,0.363860666035865,0.9999999999998113,0.00045700274999797,1.0,0.0,1.0,1.0,1.0,1.0,0.0,0.0,0.026460000000570593,0.026460000000570593,0.1008000000021737,0.1008000000021737
Table_13_02.obj,Table_13,M,M,,0.9956287138854872,0.0043029847689197015,228.76562499075484,63.999999948561744,120.99999981991087,0.00824617826587723,15.124999996857182,7.999999988193964,0.35394880882209123,0.9999999999999605,9.442205579653844e-05,1.0,0.0,1.0,1.0,1.0,1.0,0.0,0.0,0.0011295335018414216,0.0011295335018414216,0.0043029847689197015,0.0043029847689197015
Table_13_03.obj,Table_13,OB,OB,,0.8975999999961046,0.10080000000217326,9.765624999613262,63.99999993257264,24.999999959678757,0.03806934938098473,3.1249999993519246,7.999999987194642,0.36386066603582073,0.9999999999998112,0.0004570027499979051,1.0,0.0,1.0,1.0,0.9999999999999998,0.9999999999999999,2.220446049250313e-16,1.1102230246251565e-16,0.02646000000057049,0.02646000000057049,0.10080000000217323,0.10080000000217322
Table_13_04.obj,Table_13,OB,M,x,0.9851519059827337,0.013136038761855717,67.34871148015112,8.672672198727716,14.79999999093003,0.06640158940392572,5.692307690925323,2.5999999984133795,0.17043823485508264,0.7503816763404486,0.000766421798387729,0.6486659731998137,0.6065229184205487,1.8479942962998739,2.0056896482859226,0.7533691078917512,0.7785728342916384,0.24663089210824884,0.22142716570836163,0.007285784358291379,0.007285784358291379,0.008800632545023855,0.007704979286797004
Table_13_05.obj,Table_13,OB,M,x,0.9795343234223829,0.01850257740472722,48.8622986006125,10.425187305527945,14.79999999093003,0.06640158940392572,5.692307690925323,2.5999999984133795,0.17972259486302025,0.7400554687569522,0.0006017361227011095,0.8310721942108682,0.46846446844858775,1.518676144745477,1.6279096609374035,0.7897948834249535,0.7712136238798676,0.21020511657504648,0.22878637612013242,0.00934871762827134,0.00934871762827134,0.012941585742616873,0.01126993052080603
Table_13_06.obj,Table_13,M,M,,0.9969920310675711,0.002883076800995613,332.4502421613952,24.084535173278546,53.199999967343274,0.018745929060140526,13.999999997665919,3.79999999767626,0.15730468708848958,0.9152618388070635,9.162962406645341e-05,0.6587673040412403,0.733481693038601,2.1319736500428808,2.1492970635816535,0.9522882272308262,0.9362174699796335,0.04771177276917382,0.06378253002036649,0.0013282695851478932,0.0013282695851478932,0.002657961986824797,0.002570403877859161
Table_13_07.obj,Table_13,M,M,,0.9968400351249853,0.0016328611169192887,316.45921380534804,2.06925355135725,14.499999995613193,0.06863982230331188,14.499999995205219,0.9999999997158093,0.15699593576212298,0.6522955342717026,0.00036980452415471524,0.746422672842881,0.5326171688474224,1.4528112365465904,1.9473786113659917,0.7674330346189909,0.9671192183328186,0.23256696538100907,0.03288078166718145,0.0007630633363742949,0.0007630633363742949,0.0012325099182302233,0.001211908274391722
Table_13_08.obj,Table_13,M,M,,0.9968400564165635,0.001632862438237235,316.46134609534937,2.069270250036014,14.499999995613193,0.06863982230331189,14.49999999520563,0.9999999997157809,0.15699595772851094,0.6522933960973245,0.0003698045241547257,0.746383818624423,0.5326708252176282,1.4528506783771302,1.947446353447169,0.7674138101702236,0.9671152473807931,0.2325861898297764,0.03288475261920687,0.0007630890313612578,0.0007630890313612579,0.001232477552817747,0.001211873920424016
Table_13_09.obj,Table_13,OB,OB,,0.9521358410306946,0.04717489490846325,20.89245944217308,69.44241211527684,31.499999988522088,0.030868020395063412,4.199999999785749,7.499999997259346,0.09714897219413518,0.9999999999999977,3.425505621996518e-05,0.9661439017741157,0.22834115945600528,1.4015031570494136,1.4015031570494139,0.9839771431321683,0.9953181373587899,0.01602285686783167,0.004681862641210066,0.01611284387925702,0.01611284387925702,0.046310354585733876,0.04620169085187781
Table_13_10.obj,Table_13,OB,OB,,0.9509262039245128,0.04867874527184873,20.3774739264453,124.22148144855943,51.03999996544433,0.01902146349727213,4.063694267309119,12.559999991511024,0.07459442899760117,0.9947287502746173,2.2812269133442963e-05,0.9600000000000001,0.16,1.04,1.04,0.9947287502746175,0.9419148287014669,0.00527124972538251,0.05808517129853308,0.014431811404596534,0.014431811404596534,0.04701584308458766,0.04560953871997278
Table_13_11.obj,Table_13,OB,OB,,0.9279311742687107,0.06747398765984776,13.875624999461376,15.684736787162194,14.752475236134554,0.06532735537873036,3.7249999992289546,3.9603960365928734,0.20413881143442114,0.999999999999921,0.0001897978063415592,1.0,0.0,1.0,1.0,0.9999999999999994,0.9999999999999999,5.551115123125783e-16,1.1102230246251565e-16,0.017711921760710053,0.01771192176071005,0.06747398765984772,0.0674739876598477
Table_13_12.obj,Table_13,OB,OB,,0.9493529023218498,0.050581770935509335,19.744468011862967,775.2888882965535,128.9999998121356,0.007512675183929398,3.9329268290758224,32.799999952276465,0.32203862672496625,0.9926262053316844,6.48047008045904e-05,1.0,3.700743415417188e-17,1.0,1.0,0.9926262053316935,0.9300519808508889,0.007373794668306455,0.06994801914911108,0.0144696861326623,0.0144696861326623,0.048452788593526114,0.04669678584438066
Table_13_13.obj,Table_13,M,M,,0.9986373030457997,0.0012319755263130322,733.8388751200789,10.424434434071673,53.199999967343274,0.01877127639403403,20.46153845659787,2.5999999984071303,0.17516707909605547,0.8981689409487691,0.0001674002747369784,0.8310721941654027,0.4684644684890295,1.5186761448452812,1.6279096610615686,0.9453777924973542,0.9319157845543875,0.05462220750264579,0.0680842154456125,0.0004959946139202628,0.0004959946139202628,0.0011250340630387845,0.0010853858226009888
Table_13_14.obj,Table_13,M,M,,0.9968400313688512,0.0016328649865336184,316.4588376423659,2.069256164770918,14.499999995613193,0.06863982230331188,14.499999995205219,0.9999999997158093,0.15699596363022375,0.6522956149891682,0.00036980452415471524,0.7464248871759377,0.5326139078855234,1.4528089358986322,1.9473750444342504,0.7674331018618301,0.9671191656053968,0.2325668981381699,0.03288083439460321,0.0007630644384537617,0.0007630644384537617,0.0012325129140341538,0.0012119111865312373
Table_13_15.obj,Table_13,M,M,,0.996840052661373,0.0016328663059643259,316.46097002178584,2.0692728615929523,14.499999995613193,0.06863982230331189,14.49999999520563,0.9999999997157809,0.15699598459997377,0.65229348635668,0.0003698045241547257,0.7463861077001699,0.5326674217809911,1.452848283451455,1.9474391248248453,0.7674138754555645,0.9671151946581836,0.2325861245444355,0.03288480534181637,0.0007630896990186879,0.0007630896990186879,0.0012324805439780408,0.0012118768279951867
Table_13_16.obj,Table_13,OB,OB,,0.9679212469413189,0.032061504402564986,31.17328152284007,1859.7827472889076,241.9999992316769,0.004065544541664057,5.499999999606733,43.999999860327755,0.6414313872911686,0.9999999999999711,6.0086762772835244e-05,0.997272933740438,0.06403967619183604,1.0708740138427841,1.0991014037660825,0.8491083746151691,0.960149651558102,0.15089162538483092,0.039850348441898054,0.011043099738602737,0.011043099738602737,0.02668125508711385,0.02613881828324865
Table_14_01.obj,Table_14,OB,OB,,0.028799394087553127,0.962802100621398,1.0296533938633456,115.63969685742104,11.124999997953422,0.0634321596541835,0.9999999999842787,11.124999997953397,0.0465078437099736,0.9999999999999997,2.5514997181785428e-06,0.9631796688091776,0.2159571172592628,1.2980781881801975,1.3179353555573805,0.5110215821617743,0.18729991088170928,0.4889784178382257,0.8127000891182907,0.7076202406706341,0.7076202406706341,0.2920832893921944,0.09215392601616222
Table_14_02.obj,Table_14,OB,OB,,0.1054297146959561,0.8943004180858675,1.1178551494810915,3314.8534725655786,40.09523806945892,0.01763293795485327,0.9999999999833815,40.09523806945887,0.20658309812040646,0.9983047026902271,1.0491676504532557e-05,0.9801432075636314,0.17825218201064916,1.3005585468223335,1.3005585468223335,0.500002507454144,0.001413712643206333,0.499997492545856,0.9985862873567937,0.70857015232217,0.70857015232217,0.22389229826714652,0.0006321450740700234
Table_14_03.obj,Table_14,OB,OB,,0.016678725906565665,0.9829240165246432,1.0169616241872144,2475.2738559154845,42.272727246618665,0.016724917527083702,0.9999999999849534,42.27272724661864,0.04599664974322077,0.9883538822161568,1.1665677183008891e-05,0.9803960857835573,0.17092725362368397,1.2988837921522227,1.2988837921522227,0.5000030174521028,4.4678634891770486e-06,0.49999698254789715,0.9999955321365108,0.778373586801385,0.778373586801385,0.2457335849934383,2.195798414385971e-06
Table_14_04.obj,Table_14,OB,OB,,0.9804203061017299,0.006649924853062652,51.07332143164438,1.5143111860205527,7.999999998157542,0.1230914909754499,7.999999998157458,0.9999999997667794,0.11207654907355913,0.7561728395117088,4.916221808750901e-05,0.9713477199420378,0.20859628283209108,1.268034564183737,1.2868880333756354,0.8604737850310252,0.961245132210798,0.13952621496897477,0.03875486778920201,0.0025040124977838626,0.0025040124977838626,0.005611206665118032,0.00550032732174936
Table_14_05.obj,Table_14,OB,OB,,0.9804203061017298,0.0066499248530626585,51.07332143164372,1.5143111860205432,7.999999998157542,0.1230914909754499,7.999999998157458,0.9999999997667794,0.11207654907355903,0.7561728395117092,4.916221808750901e-05,0.971347719942038,0.20859628283209108,1.268034564183737,1.2868880333756352,0.860473785031024,0.9612451322107978,0.139526214968976,0.03875486778920223,0.0025040124977838683,0.0025040124977838683,0.005611206665118029,0.0055003273217493565
Table_14_06.obj,Table_14,OB,OB,,0.9804203061017298,0.006649924853062662,51.073321431643706,1.5143111860205434,7.999999998157542,0.1230914909754499,7.999999998157458,0.9999999997667794,0.11207654907355889,0.7561728395117102,4.916221808750901e-05,0.9713477199420378,0.20859628283209108,1.268034564183737,1.2868880333756354,0.8604737850310238,0.9612451322107978,0.13952621496897621,0.03875486778920223,0.00250401249778387,0.0025040124977838696,0.00561120666511803,0.005500327321749357
Table_14_07.obj,Table_14,SL,SL,,0.0002995209797924554,0.8269495294853334,1.0002996103178474,5.786946360123317,3.3333333252243076,0.20751433907296385,0.999999999299239,3.333333325198343,0.522030293922351,0.7765612177162006,0.14228928751652728,0.9599999993882963,0.16000000244627866,1.0400434139570212,1.040047815946394,0.7765612177254086,0.5002386392451373,0.22343878227459135,0.49976136075486266,0.41788932585929267,0.41788932585929256,0.48170932452027937,0.3212417154259745
Table_14_08.obj,Table_14,SL,SL,,0.026131500005170543,0.9367041691055739,1.0268326779382877,26.204386746696805,7.521772124622445,0.09359689968077296,1.0000336582248996,7.521518960102828,0.898580955282611,0.7764427125045077,0.13046817412617745,0.8117341209468533,0.4298445943520267,1.207036917162591,1.2101295370839973,0.7764584617890694,0.5001011389383065,0.2235415382109306,0.49989886106169346,0.5006306107665082,0.5006306107665082,0.5455206884969359,0.3637294986987496
Table_14_09.obj,Table_14,OB,OB,,6.392484516165456e-15,0.9999935907705774,0.9999999999998809,156024.9969300872,394.9999972194061,0.0017901408815395544,0.9999999999822895,394.99999721940486,1.4064725124376898,0.999999999999978,5.2691501786289895e-05,1.0,1.2819751242557092e-16,1.0,1.0,1.0,1.0,0.0,0.0,0.26249831757727654,0.26249831757727654,0.9999935907705774,0.9999935907705774
Table_14_10.obj,Table_14,OB,OB,,0.9804203061017298,0.0066499248530626585,51.07332143164372,1.5143111860205432,7.999999998157542,0.1230914909754499,7.999999998157458,0.9999999997667794,0.1120765490735591,0.7561728395117088,4.916221808750901e-05,0.971347719942038,0.20859628283209108,1.268034564183737,1.2868880333756352,0.860473785031024,0.9612451322107978,0.139526214968976,0.03875486778920223,0.0025040124977838683,0.0025040124977838683,0.005611206665118029,0.0055003273217493565
Table_15_01.obj,Table_15,OB,OB,,0.9907281708933621,6.392569840977861e-16,107.85358406612015,0.9999999999436543,10.385258012741119,0.09540977784288034,10.385258012740765,0.9999999996244859,0.15745162195822815,0.9999999999999494,0.0001224027239351369,1.0,0.0,1.0,1.0,1.0,1.0,0.0,0.0,1.6780495832566881e-16,1.6780495832566881e-16,6.392569840977861e-16,6.392569840977861e-16
Table_15_02.obj,Table_15,OB,M,x,0.9907281708933626,1.191636727886518e-06,107.85358406612752,1.0001285387556884,10.385925445658046,0.0954037023126086,10.385258012741119,1.0000642669653168,0.15745644905535744,0.9999999999999512,0.00012241059043272893,1.0,9.064933036736789e-17,1.0,1.0,1.0,1.0,0.0,0.0,3.128046410702109e-07,3.128046410702109e-07,1.191636727886518e-06,1.191636727886518e-06
Table_15_03.obj,Table_15,OB,OB,,0.6471327961129159,0.35263451313353456,2.833927293282638,1516.4642277546407,65.55569661289606,0.013113681541009285,1.6834272461746367,38.941805629244975,0.17167944259097834,0.9999999999999953,5.272063103030942e-06,1.0,0.0,1.0,1.0,1.0,1.0,0.0,0.0,0.0925665596975528,0.0925665596975528,0.35263451313353456,0.35263451313353456
Table_15_04.obj,Table_15,OB,OB,,0.5630556282762711,0.43582255354987764,2.2886208513339468,389.4966064096268,29.856490991637617,0.02793005544378779,1.512818842838485,19.7356683732535,0.08143634842731824,0.9999999999999991,2.157751863472717e-06,1.0,0.0,1.0,1.0,1.0,1.0,0.0,0.0,0.11440342030684286,0.11440342030684286,0.43582255354987764,0.43582255354987764
Table_15_05.obj,Table_15,OB,OB,,0.9907281708933621,6.392569840977861e-16,107.85358406612015,0.9999999999436543,10.385258012741119,0.09540977784288034,10.385258012740765,0.9999999996244859,0.15745162195822815,0.9999999999999494,0.0001224027239351369,1.0,0.0,1.0,1.0,1.0,1.0,0.0,0.0,1.6780495832566881e-16,1.6780495832566881e-16,6.392569840977861e-16,6.392569840977861e-16
Table_15_06.obj,Table_15,OB,M,x,0.9907281708933626,1.191636727886518e-06,107.85358406612752,1.0001285387556884,10.385925445658046,0.0954037023126086,10.385258012741119,1.0000642669653168,0.15745644905535744,0.9999999999999512,0.00012241059043272893,1.0,9.064933036736789e-17,1.0,1.0,1.0,1.0,0.0,0.0,3.128046410702109e-07,3.128046410702109e-07,1.191636727886518e-06,1.191636727886518e-06
Table_16_01.obj,Table_16,M,M,,0.7821852452419945,0.2170840650041172,4.591057208732016,298.0947161211593,41.2191217214701,0.021429606493445927,1.8862040300026683,21.852949662362676,0.013933937843472051,0.9661703257235049,4.228408191605983e-05,0.9997087081949153,0.024074524240201598,1.0344258376440074,1.0344258376440074,0.9661703257222806,0.8402174527100895,0.033829674277719435,0.15978254728991048,0.07145660761013929,0.07145660761013929,0.19298377153608595,0.1762273612780273
Table_16_02.obj,Table_16,M,M,,0.9970260171623527,0.00016224567190153516,336.249418571206,1.057703000658912,11.043171676543144,0.089820167380675,11.043171675903771,0.9999999997686696,0.1087977340279193,0.366505979855829,0.00039655673622335534,0.9989626693830022,0.03010638970173494,1.0301132742741328,1.0371960400214773,0.8621847649179382,0.9478101839824097,0.13781523508206184,0.05218981601759032,5.412696764897165e-05,5.4126967648971655e-05,0.00013623544080104824,0.00013258513511471846
Table_16_03.obj,Table_16,M,OB,x,0.7821854327323129,0.21756172247385558,4.591061160619987,861.4556145967224,70.07099583954923,0.012607819716021072,1.8862065372853383,37.1491639186035,0.016107942961926577,0.9661701337045834,8.821840666519047e-05,0.9997087168744949,0.024074174092431087,1.0344253204136806,1.0344253204136806,0.9661701337045115,0.8402163442278185,0.03382986629548845,0.15978365577218145,0.07161390080222926,0.07161390080222926,0.1934082453678078,0.1766148522440667
Table_16_04.obj,Table_16,SL,OB,x,0.7878531548988003,0.212146845101129,4.713716103215689,3003318576733.347,82351859514.00003,0.0,1.8962020269400552,43429897417.100075,17271630324655.236,1.0,2300000000.0,3.7513765873281814e-33,5.671548299554598e-33,1.232595164407831e-32,1.232595164407831e-32,0.9395898434934479,0.8273580770339399,0.060410156506552126,0.17264192296606007,0.015473170227058202,0.015473170227058202,0.18212457560127582,0.16491813021635313
Table_16_05.obj,Table_16,M,M,,0.9969935866467,0.00019725035407844893,332.62225864649196,1.0702167705317422,11.043171676543144,0.08982016738069598,11.043171676223459,0.9999999997397209,0.10879945894419601,0.36649671207064777,0.0003943658150401676,0.9986079142523832,0.034005985323959056,1.0327864462121719,1.0466245805643768,0.8634536893689839,0.9485343997769694,0.13654631063101608,0.051465600223030594,6.590028877234096e-05,6.590028877234098e-05,0.00016593382432554456,0.000161551102692714
Table_16_06.obj,Table_16,M,M,,0.9970260383694617,0.00016222951168740955,336.2518163419094,1.0576973568093289,11.043171676223313,0.08982016738327636,11.043171676223313,0.999999999710772,0.10879911730896731,0.36650065883398264,0.000396556736223345,0.9989634981678858,0.030094426322947,1.0300955822873759,1.037175513959528,0.8621791192379817,0.9478054850036083,0.13782088076201826,0.05219451499639172,5.412153832129912e-05,5.412153832129913e-05,0.00013622065067246973,0.00013257040384388085
Table_16_07.obj,Table_16,M,M,,0.9970260372391663,0.00016223257054236642,336.25168854477823,1.0576984842744577,11.043171676223313,0.08982016738327636,11.043171676223313,0.999999999710772,0.10879826250852223,0.366497261797924,0.000396556736223345,0.9989629622582433,0.03010137971667759,1.0301081906195595,1.0371858163247298,0.8621747956240597,0.9478033390965178,0.13782520437594026,0.052196660903482184,5.412325696615966e-05,5.412325696615965e-05,0.00013622238592491672,0.0001325719384989028
Table_16_08.obj,Table_16,SL,SL,,0.7956271735113266,0.20437282648861235,4.893018397704455,3350351537257.9487,88169990579.39998,0.0,1.8961999837533368,46498255106.499985,19821928532130.203,1.0,2400000000.0,2.5679065925163146e-33,5.005771490787134e-33,1.232595164407831e-32,1.232595164407831e-32,0.9669821367948916,0.8424513515110263,0.033017863205108355,0.15754864848897365,0.012021382690090539,0.012021382690090539,0.18205710667876995,0.16648934089676992
Table_17_01.obj,Table_17,OB,OB,,0.3740489004519832,0.5259521952846251,1.597568884688345,6.259579583728881,1.130509961452662,0.5302890734447361,0.9999999997452711,1.1305099614206813,0.299561635536022,0.3749988585771468,0.0006150713046214853,0.9444444444444443,0.31426968052735443,1.5269600763465871,1.5269600763465871,0.9999999999999997,0.9999999999999999,3.3306690738754696e-16,1.1102230246251565e-16,0.18774781511876246,0.18774781511876246,0.5259521952846249,0.5259521952846248
Table_17_02.obj,Table_17,OB,OB,,0.3740489004519832,0.5259521952846251,1.597568884688345,6.259579583728881,1.130509961452662,0.5302890734447361,0.9999999997452711,1.1305099614206813,0.299561635536022,0.3749988585771468,0.0006150713046214853,0.9444444444444445,0.31426968052735443,1.5269600763465871,1.5269600763465871,0.9999999999999999,0.9999999999999999,1.1102230246251565e-16,1.1102230246251565e-16,0.18774781511876248,0.18774781511876246,0.525952195284625,0.5259521952846249
Table_17_03.obj,Table_17,OB,OB,,0.3740489004519832,0.5259521952846251,1.597568884688345,6.259579583728881,1.130509961452662,0.5302890734447361,0.9999999997452711,1.1305099614206813,0.299561635536022,0.3749988585771468,0.0006150713046214853,0.9444444444444443,0.31426968052735443,1.5269600763465871,1.5269600763465871,0.9999999999999997,0.9999999999999999,3.3306690738754696e-16,1.1102230246251565e-16,0.18774781511876246,0.18774781511876246,0.5259521952846249,0.5259521952846248
Table_17_04.obj,Table_17,M,M,,0.9929207130026675,0.006099063573093516,141.25716338050478,7.2221157156466,31.940187510205583,0.03118311185639973,11.885165682307523,2.6873994316741365,0.24134379985835666,0.9999999999999244,0.00017774657218210592,1.0,0.0,1.0,1.0,0.9999999999999993,1.0,6.661338147750939e-16,0.0,0.001601004187937049,0.001601004187937049,0.006099063573093512,0.006099063573093512
Table_17_05.obj,Table_17,M,M,,0.9977003344422801,0.0019812456308501655,434.8458394930327,7.222115714406199,56.040226323627934,0.0178210115607073,20.852957565596753,2.68739943144338,0.23902837714075817,0.9999999999999597,0.00010130685074382533,1.0,0.0,1.0,1.0,1.0,1.0,0.0,0.0,0.0005200769780981684,0.0005200769780981684,0.0019812456308501655,0.0019812456308501655
Table_17_06.obj,Table_17,M,M,,0.9977003344422801,0.0019812632980489306,434.84583949303266,7.222516448226242,56.041781055186775,0.017820517320703427,20.852957565596753,2.687473988328342,0.2390331480968704,0.9999999999999596,0.00010130966131345444,1.0,0.0,1.0,1.0,1.0,1.0,0.0,0.0,0.0005200816157378442,0.0005200816157378442,0.0019812632980489306,0.0019812632980489306
Table_17_07.obj,Table_17,M,M,,0.9971152149683304,3.825656930812712e-18,346.64628005957695,0.9999999999333445,18.618439241775054,0.053555919744495965,18.618439241775054,0.999999999591782,0.1676723010126484,0.9999999999999628,8.768887101815343e-05,1.0,0.0,1.0,1.0,0.9999999999999993,1.0,6.661338147750939e-16,0.0,1.0042349443383376e-18,1.0042349443383376e-18,3.82565693081271e-18,3.82565693081271e-18
Table_17_08.obj,Table_17,OB,OB,,0.6081233259771477,0.3916309736719684,2.551823229829734,1594.9373804847894,63.796537930316354,0.013285080229788585,1.5974427156306321,39.93666708966815,0.17725432401328337,0.9999999999999926,5.817656179993027e-06,1.0,0.0,1.0,1.0,1.0,1.0,0.0,0.0,0.10280313058889169,0.10280313058889169,0.3916309736719684,0.3916309736719684
Table_17_09.obj,Table_17,OB,OB,,0.3740489004519832,0.5259521952846251,1.597568884688345,6.259579583728881,1.130509961452662,0.5302890734447361,0.9999999997452711,1.1305099614206813,0.299561635536022,0.3749988585771468,0.0006150713046214853,0.9444444444444445,0.31426968052735443,1.5269600763465871,1.5269600763465871,0.9999999999999997,0.9999999999999999,3.3306690738754696e-16,1.1102230246251565e-16,0.18774781511876254,0.18774781511876254,0.5259521952846249,0.5259521952846248
Table_17_10.obj,Table_17,M,M,,0.9929247695096189,0.0060956231001323075,141.33815164880116,7.222516449466836,31.950228853779358,0.031173383850234215,11.888572309749817,2.6874739885591117,0.24134702802252306,0.9999999999999315,0.0001777005693781444,1.0,0.0,1.0,1.0,0.999999999999998,0.9999999999999998,1.9984014443252818e-15,2.220446049250313e-16,0.0016001010637847351,0.0016001010637847351,0.0060956231001322945,0.006095623100132294
Table_17_11.obj,Table_17,M,M,,0.9970900836439995,2.52073143152519e-05,343.65248950805125,1.0087382518509507,18.618684466781424,0.05355454730361618,18.537866361892874,1.0043596223936047,0.16732005670642452,0.9999999999999646,8.731053992728004e-05,1.0,0.0,1.0,1.0,1.0,1.0,0.0,0.0,6.6169200077536225e-06,6.6169200077536225e-06,2.52073143152519e-05,2.52073143152519e-05
Table_17_12.obj,Table_17,M,M,,0.9971152149683304,7.598974872573585e-08,346.6462800595773,1.000026342190956,18.618684466021374,0.05355521638966584,18.618439241775054,1.0000131706338353,0.16767337634398508,0.9999999999999645,8.769002597196217e-05,1.0,0.0,1.0,1.0,1.0,1.0,0.0,0.0,1.9947309040505657e-08,1.9947309040505657e-08,7.598974872573585e-08,7.598974872573585e-08
Table_17_13.obj,Table_17,M,M,,0.997115290958079,2.3560800078586904e-13,346.6554115051732,1.0000000000150162,18.618684466781424,0.05355521841063715,18.618684466021374,0.9999999996325984,0.16767445167865497,0.9999999999999645,8.769118094456258e-05,1.0,0.0,1.0,1.0,0.9999999999999979,0.9999999999999999,2.1094237467877974e-15,1.1102230246251565e-16,6.18471002062908e-14,6.18471002062908e-14,2.3560800078586853e-13,2.356080007858685e-13
Table_18_01.obj,Table_18,OB,OB,,0.6212073913310268,0.3785073553624576,2.6399670350321895,1327.9166271408892,58.99999995783025,0.01430287343151973,1.5733333333033983,37.49999997317473,0.15361018077121152,1.0000000000000024,3.7834157586977047e-06,0.997272933740438,0.06403967619183604,1.0708740138427837,1.0991014037660822,0.7299802390075174,0.7825685518687053,0.2700197609924826,0.21743144813129467,0.16631765962820613,0.16631765962820613,0.24626442101477217,0.2162259522959542
Table_18_02.obj,Table_18,M,M,,0.9959040029080009,0.0035475834000343602,244.14079833042456,7.468808951690159,41.99999995446799,0.023754972157481086,15.749999994343298,2.666666663752225,0.27452168999679055,0.9999999999999168,0.00017715994423666268,0.997272933740438,0.06403967619183606,1.0708740138427837,1.0991014037660827,0.9490170778422732,0.9955130477686901,0.05098292215772682,0.004486952231309904,0.001060222947926582,0.0010602229479265818,0.003359164082004877,0.0033516109323073885
Table_18_03.obj,Table_18,M,M,,0.9985760056959282,0.0012237451049901236,702.2499999757141,7.111111108180411,70.66666659706239,0.014139465087930703,26.499999990508076,2.666666664013983,0.2726261568694214,0.9999999999999497,0.00012033505647433819,1.0,0.0,1.0,1.0,1.0,1.0,0.0,0.0,0.00032123309005990737,0.00032123309005990737,0.0012237451049901236,0.0012237451049901236
Table_18_04.obj,Table_18,M,M,,0.9985760056959282,0.0012237451049901284,702.2499999757139,7.11111110818057,70.66666659706317,0.014139465087930545,26.499999990508076,2.666666664014013,0.2726261568694236,0.9999999999999498,0.00012033505647433955,1.0,0.0,1.0,1.0,1.0,1.0,0.0,0.0,0.0003212330900599087,0.0003212330900599087,0.0012237451049901284,0.0012237451049901284
Table_18_05.obj,Table_18,M,M,,0.9905339021677363,0.002754106220656923,105.64015053713233,1.410326230957406,10.999999995805135,0.09016696346493798,10.999999995805089,0.9999999996320282,0.15388082353081625,0.9999999999999566,9.512281097336648e-05,0.997272933740438,0.06403967619183598,1.0708740138427837,1.099101403766082,0.9995465763899459,0.9989759695363853,0.00045342361005407117,0.0010240304636146558,0.0007715176702293183,0.0007715176702293183,0.0027514479389296235,0.002750038433987367
Table_18_06.obj,Table_18,M,M,,0.9959040029080009,0.0035475834000343602,244.14079833042456,7.468808951690159,41.99999995446799,0.023754972157481086,15.749999994343298,2.666666663752225,0.27452168999679055,0.9999999999999168,0.00017715994423666268,0.997272933740438,0.06403967619183606,1.0708740138427837,1.0991014037660827,0.9490170778422732,0.9955130477686901,0.05098292215772682,0.004486952231309904,0.001060222947926582,0.0010602229479265818,0.003359164082004877,0.0033516109323073885
Table_18_07.obj,Table_18,M,M,,0.9905339021677363,0.0027541062206569234,105.6401505371314,1.410326230957401,10.999999995805135,0.09016696346493798,10.999999995805089,0.9999999996320282,0.15388082353081625,0.9999999999999566,9.512281097336648e-05,0.997272933740438,0.06403967619183598,1.0708740138427837,1.099101403766082,0.9995465763899444,0.998975969536385,0.0004534236100556255,0.0010240304636149888,0.0007715176702293202,0.0007715176702293204,0.0027514479389296196,0.0027500384339873623
Table_18_08.obj,Table_18,M,M,,0.9905339021677363,0.002754106220656914,105.64015053713233,1.4103262309574043,10.999999995805135,0.09016696346493798,10.999999995805135,0.9999999996320241,0.15388082353081672,0.9999999999999551,9.512281097336689e-05,0.997272933740438,0.06403967619183598,1.0708740138427837,1.0991014037660825,0.9995465763899459,0.9989759695363852,0.00045342361005407117,0.0010240304636147668,0.0007715176702293162,0.0007715176702293162,0.0027514479389296144,0.0027500384339873576
Table_18_09.obj,Table_18,M,M,,0.9905339021677364,0.0027541062206569134,105.64015053713416,1.410326230957414,10.999999995805135,0.09016696346493798,10.999999995805135,0.9999999996320241,0.15388082353081672,0.9999999999999551,9.512281097336689e-05,0.997272933740438,0.06403967619183598,1.0708740138427837,1.0991014037660825,0.9995465763899466,0.9989759695363853,0.00045342361005340504,0.0010240304636146558,0.0007715176702293153,0.0007715176702293153,0.002751447938929616,0.0027500384339873593
Table_18_10.obj,Table_18,M,M,,0.9959040029077899,0.003547583400245268,244.1407983178522,7.468808952074486,41.99999995446799,0.02375497215747863,15.749999993937555,2.666666663820922,0.27452168999489607,0.9999999999999102,0.0001771599442320988,0.9972729337404379,0.06403967619183605,1.0708740138427837,1.0991014037660827,0.9490170778421285,0.9955130477685683,0.05098292215787148,0.004486952231431696,0.0010602229479899227,0.0010602229479899227,0.0033591640822038652,0.003351610932505724
Table_18_11.obj,Table_18,M,M,,0.9959040029077899,0.003547583400245268,244.1407983178522,7.468808952074486,41.99999995446799,0.02375497215747863,15.749999993937555,2.666666663820922,0.27452168999489607,0.9999999999999102,0.0001771599442320988,0.9972729337404379,0.06403967619183605,1.0708740138427837,1.0991014037660827,0.9490170778421285,0.9955130477685683,0.05098292215787148,0.004486952231431696,0.0010602229479899227,0.0010602229479899227,0.0033591640822038652,0.003351610932505724
Table_18_12.obj,Table_18,M,M,,0.9985760056958547,0.0012237451050634849,702.2499999395358,7.111111108546759,70.66666659706239,0.014139465087930186,26.4999999898254,2.66666666408268,0.2726261568675256,0.9999999999999477,0.00012033505647123821,1.0,0.0,1.0,1.0,1.0,1.0,0.0,0.0,0.0003212330900791647,0.0003212330900791647,0.0012237451050634849,0.0012237451050634849
Table_18_13.obj,Table_18,M,M,,0.9985760056958547,0.0012237451050634888,702.2499999395359,7.111111108546913,70.66666659706317,0.014139465087930028,26.4999999898254,2.66666666408271,0.27262615686752784,0.9999999999999477,0.00012033505647123956,1.0,0.0,1.0,1.0,0.9999999999999998,1.0,2.220446049250313e-16,0.0,0.00032123309007916584,0.00032123309007916584,0.0012237451050634885,0.0012237451050634885
Table_18_14.obj,Table_18,OB,OB,,0.6485845672662353,0.3499806301625564,2.8456348436966072,244.9224999908783,26.39999999061219,0.03256650944526522,1.6869009584333692,15.649999994373838,0.08108543973834931,0.9999999999999988,2.8943499460661555e-06,1.0,0.0,1.0,1.0,1.0,1.0,0.0,0.0,0.09186991541767105,0.09186991541767105,0.3499806301625564,0.3499806301625564
Table_19_01.obj,Table_19,OB,OB,,1.0423439187698776e-06,0.9944688910508225,1.0000010423448231,180.829459939047,13.447291486685085,0.05251105034117733,1.0000005211510197,13.447284478332007,0.06595131427093803,0.9999999999999988,3.1395658350151587e-06,1.0,0.0,1.0,1.0,1.0,1.0,0.0,0.0,0.26104808390084083,0.26104808390084083,0.9944688910508225,0.9944688910508225
Table_19_02.obj,Table_19,OB,OB,,1.0000004354884567e-06,0.999373999999358,1.000001000001205,1599.9983994704482,39.9999999623436,0.01767491245771728,1.0000004999765768,39.99997996232992,0.2017311839695051,0.9999999999999946,1.3296969994725224e-05,1.0,0.0,1.0,1.0,1.0,1.0,0.0,0.0,0.26233567499983146,0.26233567499983146,0.999373999999358,0.999373999999358
Table_19_03.obj,Table_19,M,M,,0.9876543209874742,1.6371169934217505e-16,80.99999999880306,0.9999999999852485,8.99999999827088,0.10976425998737552,8.999999998270821,0.9999999998078816,0.08111941692530601,0.9999999999999923,1.8911236758727192e-05,1.0,0.0,1.0,1.0,1.0,1.0,0.0,0.0,4.297432107732094e-17,4.297432107732094e-17,1.6371169934217505e-16,1.6371169934217505e-16
Table_19_04.obj,Table_19,M,M,,0.9876543209874735,8.496429965859716e-16,80.99999999879819,0.999999999985304,8.99999999827086,0.1097642599873757,8.999999998270507,0.9999999998079143,0.08111941692530462,0.9999999999999918,1.891123675872649e-05,1.0,0.0,1.0,1.0,0.999999999999999,0.9999999999999999,9.992007221626409e-16,1.1102230246251565e-16,2.2303128660381783e-16,2.2303128660381783e-16,8.496429965859707e-16,8.496429965859706e-16
Table_19_05.obj,Table_19,OB,OB,,6.999971383591073e-07,0.9981413927494751,1.0000006999975186,538.2396231996726,23.199999991039363,0.030464599081669024,1.0000003499821906,23.199991871071134,0.08347497284114237,0.999999999999999,2.5297442092658644e-06,1.0,0.0,1.0,1.0,1.0,1.0,0.0,0.0,0.26201211559673715,0.26201211559673715,0.9981413927494751,0.9981413927494751
Table_19_06.obj,Table_19,M,M,,0.9876543209874743,2.072299991673102e-17,80.99999999880362,0.9999999999852369,8.99999999827086,0.10976425998737575,8.999999998270821,0.9999999998078795,0.08111941692530593,0.9999999999999923,1.8911236758727148e-05,1.0,9.064933036736789e-17,1.0,1.0,0.9999999999999981,0.9999999999999999,1.887379141862766e-15,1.1102230246251565e-16,5.439787478141907e-18,5.4397874781419055e-18,2.072299991673098e-17,2.0722999916730977e-17
Table_19_07.obj,Table_19,M,M,,0.9876543209874733,1.0340776958448776e-15,80.99999999879738,0.999999999985319,8.99999999827088,0.10976425998737548,8.999999998270507,0.9999999998079165,0.08111941692530471,0.9999999999999919,1.891123675872653e-05,1.0,0.0,1.0,1.0,0.9999999999999999,1.0,1.1102230246251565e-16,0.0,2.714453951592804e-16,2.714453951592804e-16,1.0340776958448774e-15,1.0340776958448774e-15
Table_19_08.obj,Table_19,OB,OB,,8.000003795181035e-07,0.9974991999994733,1.000000800000872,399.9996799762188,19.999999992315054,0.03533326972423456,1.0000003999812168,19.99999199230967,0.08453497285916295,1.0000000000000009,3.4040239781814542e-06,1.0,0.0,1.0,1.0,1.0,1.0,0.0,0.0,0.2618435399998617,0.2618435399998617,0.9974991999994733,0.9974991999994733
Table_20_01.obj,Table_20,M,M,,0.5566890683003547,0.4425617835876777,2.255753080949011,591.7533857692505,34.58996239256543,0.022141778568422768,1.191853962311244,29.021980448760747,0.014063515177409494,0.8997458167915348,0.00015553922119703492,0.9985349086761885,0.04243351393478868,1.0579518334227733,1.067183006105198,0.9077070103166816,0.8672410986273879,0.09229298968331845,0.13275890137261215,0.15353491225454124,0.15353491225454124,0.375050717276,0.34838500109121073
Table_20_02.obj,Table_20,M,M,,0.5548367547244702,0.44441320525777317,2.2463669465364564,593.5193252846387,34.59346675787902,0.022139545309928184,1.1918550879681897,29.024893299957764,0.014064909446671816,0.8997503054261754,0.00015579756102639664,0.9985645341097192,0.04177160371032132,1.0578356408630758,1.067443405714394,0.9084292471516985,0.8677418632152035,0.09157075284830152,0.13225813678479648,0.1539784690614652,0.1539784690614652,0.37702046131989947,0.3503229691632069
Table_20_03.obj,Table_20,SL,SL,,2.503134249544727e-06,0.9985564390098203,1.0000025031403739,693.9329276408973,33.60180855863281,0.021039076293291215,1.0000021166557684,33.60173743482595,0.10469052044405314,0.9065823053859562,1.8099613425904416e-05,0.9999999999999694,2.0169274801379533e-07,1.0000003031827398,1.0000003371028985,0.906582235370416,0.7055947593962593,0.09341776462958395,0.29440524060374074,0.3829642208590091,0.38296422085900905,0.7720148931181072,0.6387562576151692
