file,group,ground_truth,prediction,error,linearity,planarity,eig_ratio_r12,elongation,thickness_norm,aspect_ratio_xy,compactness,normal_disp_mean,normal_disp_p95,rectangularity,axis_alignment,surface_complexity,sl_regular_surface_score
BedSet_01_01.obj,BedSet_01,OB,OB,,0.004667698727255525,0.9606592148766903,1.0046895883124538,5.651442206097957,0.130983516468576,1.1225132130554931,0.977104605050025,0.9246242927801065,1.098654247018512,0.6307621424856756,0.586038757702362,0.6156479373976521,0.4805280819731025
BedSet_01_02.obj,BedSet_01,OB,OB,,0.5241438067043811,0.4600766953972728,2.1014752231640443,7.559740073652546,0.10798752296125896,1.4388670217860688,0.9965809379456656,0.9999788419731787,1.0077383560478423,0.999300166089324,0.9777757973131639,0.18748107966145633,0.45464587710341
BedSet_01_03.obj,BedSet_01,M,M,,0.9903148600330939,0.007630768622838996,103.25096007033478,22.498596319558672,0.04419031907387404,10.161247956420542,0.9999498696546191,0.9983999999343862,1.0815999996555279,0.9999999999999999,1.0,0.003187097345421015,0.007630768622838995
BedSet_01_04.obj,BedSet_01,M,M,,0.9913155163014136,0.0038614743451652303,115.1478930360616,14.68444771394094,0.06765013196047412,10.730698621213273,0.9999999999995735,0.9984000000000002,1.0816000000000001,0.9999999999999998,1.0,0.0016127988208990912,0.0038614743451652295
BedSet_01_05.obj,BedSet_01,M,M,,0.9912293409816532,0.006910281598373528,114.01651779038673,23.64373806367014,0.04207294562270141,10.677851734956613,0.9999999999995908,0.9984000000000001,1.0816000000000001,0.9999999999999999,1.0,0.002886175853503082,0.006910281598373527
BedSet_01_06.obj,BedSet_01,M,M,,0.9886224884095989,0.009979366685486208,87.8926812820972,27.27348132211495,0.03643462679845065,9.375109663070369,0.9999999999994431,0.9984000000000002,1.0816000000000001,1.0,1.0,0.004168022207326912,0.009979366685486208
BedSet_01_07.obj,BedSet_01,OB,OB,,0.888889240175168,0.11034021813637097,9.00002845427708,36.02482913241645,0.026325028902776364,3.000004742195058,0.9999999999999913,1.0,1.0,1.0,1.0,0.044136087254548394,0.11034021813637097
BedSet_01_08.obj,BedSet_01,OB,OB,,0.9394940525570049,0.060149396328006824,16.527300906114174,52.95891760776521,0.01833290764804052,4.065378322385644,0.9999999999999926,1.0,1.0,1.0,1.0,0.02405975853120273,0.060149396328006824
BedSet_01_09.obj,BedSet_01,OB,OB,,0.9394940525570049,0.060193328301078035,16.527300906114174,56.557762042181594,0.017166716189132077,4.065378322385644,0.9999999999999922,1.0,1.0,1.0,1.0,0.024077331320431217,0.060193328301078035
BedSet_01_10.obj,BedSet_01,OB,OB,,0.877002599634388,0.12223201469645131,8.130253135654076,36.145966065195154,0.026097736390374434,2.851359874634314,0.9999999999999898,1.0,1.0,0.9999999999999997,0.9999999999999999,0.04889280587858054,0.12223201469645127
BedSet_01_11.obj,BedSet_01,OB,OB,,0.4884101761650428,0.5115228775641181,1.9546909524191671,122.2184592302893,0.006654824365872354,1.398102625823984,0.9999999999999966,1.0,1.0,1.0,1.0,0.20460915102564725,0.5115228775641181
BedSet_01_12.obj,BedSet_01,OB,OB,,0.4006090318535098,0.5990328052994737,1.668360140781161,52.83962573720196,0.014962850102835457,1.2916501618836336,0.9999999999999936,1.0,1.0,1.0,1.0,0.23961312211978947,0.5990328052994737
BedSet_01_13.obj,BedSet_01,OB,OB,,0.9607177169750823,0.039083900905651954,25.456768878873763,70.99842863502793,0.013814750783128332,5.045470134066735,0.9999999999999696,1.0,1.0,1.0,1.0,0.01563356036226078,0.039083900905651954
BedSet_01_14.obj,BedSet_01,OB,OB,,0.407554953191975,0.5921008654697683,1.687920264314191,53.902181265214004,0.014699904197405776,1.299199855382347,0.9999999999999987,1.0,1.0,0.9999999999999999,0.9999999999999999,0.2368403461879074,0.5921008654697681
BedSet_01_15.obj,BedSet_01,OB,OB,,0.2518293820938477,0.7355154924647219,1.3365935203307457,8.889283814936341,0.08477641310051054,1.156111378717993,0.9999999999998628,1.0,1.0,1.0,0.9999999999999999,0.2942061969858888,0.7355154924647219
BedSet_01_16.obj,BedSet_01,OB,OB,,0.3272308153839093,0.6562138174570679,1.4863938819765299,7.7719606182365695,0.09899490913761047,1.219177543104396,0.9999999999998936,1.0,1.0,1.0,1.0,0.2624855269828272,0.6562138174570679
BedSet_01_17.obj,BedSet_01,OB,OB,,0.36429150259451937,0.6281653725505363,1.5730480307833488,11.513950325994552,0.06775223295977352,1.2542121153917807,0.9999999999998518,1.0,1.0,1.0,1.0,0.25126614902021455,0.6281653725505363
BedSet_01_18.obj,BedSet_01,OB,OB,,0.9548873663254155,0.04510921245370221,22.166739526074057,540.6415940403921,0.0018092904009895105,4.7081567009402985,0.9999999999995067,1.0,1.0,1.0,1.0,0.018043684981480883,0.04510921245370221
BedSet_01_19.obj,BedSet_01,OB,OB,,0.25182938209383254,0.7355154924647367,1.3365935203307187,8.889283814936253,0.08477641310051102,1.1561113787179818,0.9999999999998628,1.0,1.0,1.0,1.0,0.2942061969858947,0.7355154924647367
BedSet_01_20.obj,BedSet_01,OB,OB,,0.3272308153839218,0.6562138174570554,1.4863938819765574,7.771960618236642,0.09899490913760993,1.2191775431044076,0.9999999999998933,1.0,1.0,1.0,1.0,0.2624855269828222,0.6562138174570554
BedSet_01_21.obj,BedSet_01,OB,OB,,0.36429150259450704,0.6281653725505484,1.5730480307833181,11.513950325994445,0.0677522329597739,1.2542121153917691,0.9999999999998518,1.0,1.0,1.0,1.0,0.2512661490202194,0.6281653725505484
BedSet_01_22.obj,BedSet_01,OB,OB,,0.9548873663254155,0.04510921245370221,22.166739526074057,540.6415940403921,0.0018092904009895105,4.7081567009402985,0.9999999999995067,1.0,1.0,1.0,1.0,0.018043684981480883,0.04510921245370221
BedSet_02_01.obj,BedSet_02,OB,OB,,0.9540635060639326,0.044169058223824165,21.769184243589873,49.30232552146485,0.019973861624642656,5.699476844717813,0.96530522025656,0.7573935134844647,1.7074252211039767,0.8993797329153503,0.9673220469977901,0.02452932901058142,0.03907569393712566
BedSet_02_02.obj,BedSet_02,OB,OB,,0.954063436759812,0.04416912920624795,21.769151400598055,49.3023255149785,0.019973861627268767,5.6994768447115876,0.9653052202567505,0.757384458182501,1.7073954853193754,0.8993787376611279,0.9673217879763764,0.024529025734274606,0.03907570834815356
BedSet_02_03.obj,BedSet_02,OB,OB,,0.9540633891022399,0.0441691751867059,21.76912881589093,49.30232551503235,0.01997386162724761,5.699476844717813,0.9653052202565598,0.7573962662073178,1.7074145436349135,0.8993795383889366,0.9673219963710808,0.024529315662379616,0.03907578795515309
BedSet_02_04.obj,BedSet_02,OB,OB,,0.9540635537213118,0.04416901224355916,21.76920682832051,49.302325521411,0.01997386162466381,5.6994768447115876,0.9653052202567507,0.7573816883920659,1.707406197926869,0.8993789322005972,0.9673218386065744,0.02452903928871389,0.039075614331024806
BedSet_02_05.obj,BedSet_02,M,M,,0.9978749557319752,0.002065323772526261,470.57843219865197,94.66452497576289,0.01055198201199927,21.846129044541758,0.9976506436485714,0.9722222222222222,1.3611111111111107,1.0,1.0,0.000979881389854126,0.002065323772526261
BedSet_02_06.obj,BedSet_02,M,M,,0.9978750927144074,0.002065186790093781,470.6087681002089,94.66452497576289,0.010551982723040195,21.846833190008542,0.9976506436485718,0.9722222222222223,1.3611111111111114,1.0,1.0,0.0009798163993000495,0.002065186790093781
BedSet_02_07.obj,BedSet_02,M,M,,0.9978748187449572,0.0020654607595442655,470.54809919244667,94.66452497576289,0.010551981300934684,21.845424943587243,0.9976506436485721,0.972222222222222,1.3611111111111107,1.0,1.0,0.000979946382583779,0.0020654607595442655
BedSet_02_08.obj,BedSet_02,M,M,,0.9978749557319755,0.0020653237725259677,470.578432198721,94.66452497576289,0.010551982011999271,21.846129044543353,0.9976506436485716,0.9722222222222222,1.3611111111111107,1.0,1.0,0.0009798813898539867,0.0020653237725259677
BedSet_02_09.obj,BedSet_02,M,M,,0.9978750927144074,0.002065186790093781,470.6087681002089,94.66452497576289,0.010551982723040195,21.846833190008542,0.997650643648571,0.9722222222222223,1.3611111111111114,1.0,1.0,0.0009798163993000495,0.002065186790093781
BedSet_02_10.obj,BedSet_02,M,M,,0.9978748187449745,0.0020654607595266255,470.54809919629304,94.66452497576289,0.010551981300934774,21.84542494367653,0.9976506436485715,0.9722222222222223,1.3611111111111114,0.9999999999999999,1.0,0.0009799463825754104,0.002065460759526625
BedSet_02_11.obj,BedSet_02,M,M,,0.9978749557319755,0.0020653237725259677,470.578432198721,94.66452497576289,0.010551982011999271,21.846129044543353,0.997650643648571,0.9722222222222222,1.3611111111111107,1.0,1.0,0.0009798813898539867,0.0020653237725259677
BedSet_02_12.obj,BedSet_02,M,M,,0.9978750927144419,0.0020651867900596966,470.60876810783435,94.66452497576289,0.010551982723040374,21.84683319018554,0.9976506436485716,0.9722222222222223,1.3611111111111114,1.0,1.0,0.0009798163992838784,0.0020651867900596966
BedSet_02_13.obj,BedSet_02,M,M,,0.9978750927145777,0.0020651867899233274,470.6087681379252,94.66452497576289,0.01055198272304108,21.846833190883967,0.9976506436485709,0.9722222222222223,1.3611111111111107,1.0,1.0,0.0009798163992191787,0.0020651867899233274
BedSet_02_14.obj,BedSet_02,M,M,,0.9979176025511274,0.002021313103602376,480.2157246885375,100.79417604998275,0.00990853884497235,20.160102232498044,0.966906196916511,0.9924631689908939,1.174202833760644,0.9995725248467708,0.9946550598186921,0.0008862525026168136,0.002015049452837988
BedSet_02_15.obj,BedSet_02,OB,OB,,0.9710671339130847,0.028439998075231693,34.56277013814096,78.00366635555899,0.012730630213486265,8.478582163121997,0.999999999999969,0.9876543209876544,1.234567901234568,0.9999998374926243,0.9999999759308772,0.012780445368216596,0.028439993111259394
BedSet_02_16.obj,BedSet_02,M,M,,0.9978749557318048,0.002065323772696535,470.5784321609401,94.66452497576289,0.010551982011998385,21.846129043666387,0.9976506436485714,0.9722222222222223,1.3611111111111114,0.9999999999999999,1.0,0.000979881389934912,0.0020653237726965348
BedSet_02_17.obj,BedSet_02,M,M,,0.999327773828833,0.0004227290333468596,1487.5945669652106,65.99853346217503,0.015143163428248035,33.000418994662425,0.9965298275445972,0.9722222222222222,1.3611111111111114,0.9965295525758152,0.9968707634382931,0.00020140561677321625,0.00042060286027568127
BedSet_02_18.obj,BedSet_02,M,M,,0.9978749557319238,0.002065323772577447,470.57843218724935,94.66452497576289,0.010551982011999,21.846129044277074,0.9976506436485717,0.972222222222222,1.3611111111111107,0.9999999999999999,1.0,0.000979881389878411,0.0020653237725774464
BedSet_02_19.obj,BedSet_02,M,M,,0.998404344040792,0.0015149804639269966,626.7015105789716,100.79417605024537,0.009912918687287888,25.19986381616975,0.9918655757514957,0.9999999924381735,1.0001291955394798,1.0,1.0,0.0006060352438267496,0.0015149804639269966
BedSet_02_20.obj,BedSet_02,OB,OB,,0.7499999999769813,0.08999664793382736,3.999999999522863,2.4999738107631804,0.33686389659841026,1.9999999989462982,0.9999999999991127,1.0,1.0,0.9999999999999999,1.0,0.03599865917353095,0.08999664793382735
BedSet_02_21.obj,BedSet_02,M,M,,0.9978748187451276,0.00206546075937368,470.548099230224,94.66452497576289,0.010551981300935568,21.845424944464153,0.9976506436485715,0.9722222222222223,1.3611111111111114,1.0,1.0,0.0009799463825028462,0.00206546075937368
BedSet_02_22.obj,BedSet_02,M,M,,0.9978750927144586,0.0020651867900425827,470.60876811154395,94.66452497576289,0.01055198272304046,21.84683319027165,0.9976506436485715,0.9722222222222223,1.3611111111111114,0.9999999999999999,1.0,0.000979816399275759,0.0020651867900425822
BedSet_02_23.obj,BedSet_02,M,M,,0.9978749557319752,0.002065323772526261,470.57843219865197,94.66452497576289,0.01055198201199927,21.846129044541758,0.9976506436485719,0.9722222222222222,1.3611111111111107,1.0,1.0,0.000979881389854126,0.002065323772526261
BedSet_02_24.obj,BedSet_02,OB,OB,,0.3617284672270194,0.6315132386904657,1.5667313183394156,11.605181018156193,0.0671342243273123,1.2499905160733413,0.999400116050089,0.9999999982272993,1.0000768100606976,0.9999644303034365,0.9950770932072521,0.2534010488802337,0.6299363908409334
BedSet_02_25.obj,BedSet_02,M,M,,0.9993033261211353,0.0002507932551705415,1435.3918387603537,45.49981665681825,0.021964521244484378,36.40023462433408,0.9999999999999512,1.0,1.0,1.0,1.0,0.00010031730206821661,0.0002507932551705415
BedSet_02_26.obj,BedSet_02,M,M,,0.9993033261211353,0.000250793255228739,1435.391838760354,45.49981665978763,0.021964521243051635,36.40023462433408,0.9999999999999512,1.0,1.0,1.0,1.0,0.0001003173020914956,0.000250793255228739
BedSet_02_27.obj,BedSet_02,M,M,,0.9988434603445213,0.00046260132414558216,864.6482593680936,36.99979047477495,0.027001920756015395,29.60014244653156,0.9999999999999396,0.9375,1.5625,0.9999999999999934,0.9999999999999998,0.00023708317862461198,0.00046260132414557907
BedSet_02_28.obj,BedSet_02,M,M,,0.9988434603445212,0.0004626013241456481,864.648259368044,36.99979047477495,0.027001920756015395,29.60014244653156,0.9999999999999396,0.9375,1.5625,0.9999999999999991,0.9999999999999999,0.00023708317862464483,0.00046260132414564764
BedSet_02_29.obj,BedSet_02,OB,OB,,0.9838297993561204,0.015993002914534586,61.84215162336451,53.00272351327552,0.018536653721661918,5.300050279347689,0.9929696953663386,0.8169014057510758,1.1831610946937872,0.9999999999999999,1.0,0.006514552925227952,0.015993002914534583
BedSet_02_30.obj,BedSet_02,OB,OB,,0.9838297993561204,0.015993002914534715,61.84215162336451,53.002723513300666,0.018536653721653126,5.300050279347689,0.9929696953663352,0.8169014057511419,1.1831610946937787,1.0,1.0,0.006514552925228164,0.015993002914534715
BedSet_02_31.obj,BedSet_02,M,M,,0.996930616104376,0.003016304794382527,325.79828200226166,93.61521441668462,0.010630206390088737,10.175071191411858,0.9923493133321479,0.8226972454790884,1.2041825859041773,0.9999999999999999,1.0,0.0012457509918339358,0.0030163047943825264
BedSet_02_32.obj,BedSet_02,OB,OB,,0.7579421786568262,0.24204879775209487,4.131244321917427,312.03070277035556,0.0027888375036511626,1.7662439834326653,0.9999999999998807,0.972222222222222,1.3611111111111114,0.9999999999999998,1.0,0.11483870737793839,0.2420487977520948
BedSet_02_33.obj,BedSet_02,OB,OB,,0.9838297993561204,0.015993002914534767,61.84215162336451,53.00272351332581,0.018536653721644335,5.300050279347689,0.9929696953663455,0.8169014057512594,1.1831610946935551,1.0,1.0,0.006514552925227738,0.015993002914534767
BedSet_02_34.obj,BedSet_02,OB,OB,,0.9838297993561204,0.015993002914534715,61.84215162336451,53.002723513300666,0.018536653721653126,5.300050279347689,0.9929696953663352,0.8169014057511413,1.1831610946938311,1.0,1.0,0.006514552925228348,0.015993002914534715
BedSet_02_35.obj,BedSet_02,M,M,,0.996930616104376,0.0030163047943824912,325.7982820022655,93.6152144166851,0.010630206390088683,10.17507119141191,0.992349313332148,0.8226972454790883,1.2041825859041775,1.0,1.0,0.0012457509918339209,0.0030163047943824912
BedSet_02_36.obj,BedSet_02,OB,OB,,0.7579421786568286,0.24204879775209248,4.131244321917467,312.03070277035715,0.0027888375036511513,1.7662439834326742,0.9999999999998809,0.972222222222222,1.3611111111111114,0.9999999999999998,1.0,0.11483870737793725,0.24204879775209243
BedSet_02_37.obj,BedSet_02,OB,OB,,0.9838297993561204,0.015993002914534586,61.84215162336451,53.00272351327552,0.018536653721661918,5.300050279347689,0.9929696953663386,0.8169014057510758,1.1831610946937872,1.0,1.0,0.006514552925227951,0.015993002914534586
BedSet_02_38.obj,BedSet_02,OB,OB,,0.9838297993561204,0.015993002914534715,61.84215162336451,53.002723513300666,0.018536653721653126,5.300050279347689,0.9929696953663352,0.8169014057511419,1.1831610946937787,1.0,1.0,0.006514552925228164,0.015993002914534715
BedSet_02_39.obj,BedSet_02,M,M,,0.996930616104376,0.0030163047943825272,325.7982820022616,93.61521441668462,0.010630206390088737,10.175071191411858,0.9923493133321479,0.8226972454790883,1.2041825859041775,1.0,1.0,0.0012457509918339358,0.0030163047943825272
BedSet_02_40.obj,BedSet_02,OB,OB,,0.7579421786568261,0.242048797752095,4.131244321917425,312.03070277035556,0.0027888375036511626,1.7662439834326653,0.9999999999998807,0.972222222222222,1.3611111111111114,1.0,1.0,0.11483870737793844,0.242048797752095
BedSet_02_41.obj,BedSet_02,OB,OB,,0.9838297993561204,0.015993002914534767,61.84215162336451,53.00272351332581,0.018536653721644335,5.300050279347689,0.9929696953663455,0.8169014057512594,1.1831610946935551,1.0,1.0,0.006514552925227738,0.015993002914534767
BedSet_02_42.obj,BedSet_02,OB,OB,,0.9838297993561204,0.015993002914534715,61.84215162336451,53.002723513300666,0.018536653721653126,5.300050279347689,0.9929696953663352,0.8169014057511413,1.1831610946938307,1.0,1.0,0.006514552925228346,0.015993002914534715
BedSet_02_43.obj,BedSet_02,M,M,,0.996930616104376,0.0030163047943824947,325.7982820022651,93.6152144166851,0.010630206390088683,10.17507119141191,0.992349313332148,0.8226972454790883,1.2041825859041775,1.0,1.0,0.0012457509918339224,0.0030163047943824947
BedSet_02_44.obj,BedSet_02,OB,OB,,0.7579421786568283,0.24204879775209281,4.131244321917463,312.03070277035715,0.0027888375036511513,1.7662439834326742,0.9999999999998809,0.972222222222222,1.3611111111111114,1.0,1.0,0.1148387073779374,0.24204879775209281
BedSet_02_45.obj,BedSet_02,M,M,,0.9822786266252995,0.01756513769569464,56.429035089769826,80.00366634937912,0.012389173329746175,7.511926189486241,0.9999999999999725,1.0,1.0,0.9999999999999986,0.9999999999999999,0.007026055078277866,0.017565137695694615
BedSet_02_46.obj,BedSet_02,M,M,,0.9970169204259258,0.002955004456693091,335.22404453800044,188.72924787420123,0.0052906363071132875,18.30912461969132,0.9999999999998217,1.0,1.0,1.0,1.0,0.0011820017826772366,0.002955004456693091
BedSet_02_47.obj,BedSet_02,M,M,,0.9979668792389959,0.0019327290840323763,491.8546990322594,99.80473483727002,0.010008893345772764,22.177797428142195,0.9999999999999506,1.0,1.0,1.0,1.0,0.0007730916336129506,0.0019327290840323763
BedSet_02_48.obj,BedSet_02,M,M,,0.9812661271169238,0.018633876811067353,53.37924551112304,100.00196394357262,0.00990694571320249,7.30611014827392,0.9999999999999689,1.0,1.0,0.9999999999999989,0.9999999999999999,0.00745355072442695,0.018633876811067332
BedSet_02_49.obj,BedSet_02,M,M,,0.997449269021752,0.0024854343171657974,392.04448000503214,123.75265136397888,0.008070086049067678,19.800113126222236,0.9999999999999435,1.0,1.0,1.0,1.0,0.000994173726866319,0.0024854343171657974
BedSet_02_50.obj,BedSet_02,M,M,,0.995191250985599,0.0047592226791379685,207.95429268716384,142.09601639969924,0.007020461940887323,14.420620395213227,0.9999999999998684,1.0,1.0,1.0,1.0,0.0019036890716551875,0.0047592226791379685
BedSet_02_51.obj,BedSet_02,M,M,,0.9974492690218851,0.0024854343170326856,392.04448002549145,123.75265136397888,0.008070086049068214,19.80011312673888,0.9999999999999436,1.0,1.0,1.0,1.0,0.0009941737268130742,0.0024854343170326856
BedSet_03_01.obj,BedSet_03,OB,OB,,0.4047322329380033,0.5849988659371792,1.6799162584184901,9.241574981640369,0.08542013400620169,1.2986269190300617,0.9999999999999997,0.8395061728395062,1.1604938271604939,0.9999999183156278,0.9999999496329953,0.23775511874102692,0.584998803419595
BedSet_03_02.obj,BedSet_03,M,M,,0.9957701033525154,0.003056583801047671,236.41239570092287,30.462135366371946,0.032746355962506704,16.02732660561819,0.9999999999996647,0.9265927977839337,1.5470914127423825,0.9591047138689355,0.9965028702552253,0.001596559009388125,0.002926457867236439
BedSet_03_03.obj,BedSet_03,M,M,,0.9961265751904718,0.0027016204188963166,258.16946221319535,30.462135366371946,0.032751707393966295,16.749324764547353,0.9999999999996505,0.9265927977839337,1.5470914127423825,0.9604371776898541,0.9967486754316487,0.0014097234553876042,0.002590518524739249
BedSet_03_04.obj,BedSet_03,M,M,,0.9987027583103022,0.0006965570013722564,770.8663758967691,47.766265541631405,0.02091451427136314,25.4149377440072,0.9999999999997923,0.566358024691358,1.433641975308642,0.8581706976963487,0.9916586033018661,0.00032673488700810766,0.0005952717111556633
BedSet_03_05.obj,BedSet_03,M,M,,0.9993010915648586,0.000583111004792758,1430.8025911827558,92.92884479939926,0.010756071170796062,35.66264886506975,0.9999999999997949,0.4444444444444445,0.888888888888889,0.9999999999999971,1.0,0.00016067947687622725,0.0005831110047927562
BedSet_03_06.obj,BedSet_03,M,M,,0.9936483186115173,0.0009726011971044647,157.43862747930956,12.854930379089396,0.07731317824917049,12.547455004696149,0.9999999999922381,0.4444444444444445,0.888888888888889,1.0,1.0,0.00026800566320211923,0.0009726011971044647
BedSet_03_07.obj,BedSet_03,M,M,,0.9936483186115173,0.0009726011964036366,157.43862747930942,12.854930378251977,0.07731317825417684,12.547455004696149,0.9999999999922327,0.4444444444444445,0.888888888888889,1.0,1.0,0.00026800566300900217,0.0009726011964036366
BedSet_03_08.obj,BedSet_03,M,M,,0.9936483186115173,0.0009726011961700279,157.43862747930953,12.854930377972838,0.07731317825584563,12.547455004696149,0.9999999999922409,0.4444444444444445,0.888888888888889,1.0,1.0,0.00026800566294463,0.0009726011961700279
BedSet_03_09.obj,BedSet_03,M,M,,0.9936483186115173,0.0009726011971044642,157.43862747930947,12.854930379089396,0.07731317824917049,12.547455004696149,0.9999999999922381,0.4444444444444445,0.888888888888889,1.0,1.0,0.00026800566320211907,0.0009726011971044642
BedSet_03_10.obj,BedSet_03,OB,OB,,0.9252163438733865,0.07465733150997957,13.371905731738993,67.80185142752599,0.013871705608413356,2.7708636444189962,0.9133244486600823,0.9907004940081545,1.172702572569441,0.9918882147974298,0.9966700981262798,0.03284864765650372,0.0739284347802743
BedSet_03_11.obj,BedSet_03,OB,CA,x,0.47509782888403623,0.5249021710965278,1.9051169056395398,109160.77983997665,7.31030959777435e-06,1.3241367002351632,0.1650716925482697,3.3071747786791324e-11,7.381553359602656e-11,0.6478072581244086,0.6486398878014092,0.11081077864331669,0.2802979917269198
BedSet_03_12.obj,BedSet_03,M,M,,0.998773999743665,0.0006317185648993192,815.6605146143884,47.766265541631405,0.020915877367073482,26.55982851163156,0.9999999999997821,0.7232,1.7007999999999976,0.8605046769020703,0.991997359755813,0.00035071500060787386,0.0005414216748492827
BedSet_03_13.obj,BedSet_03,OB,OB,,0.9141770495777095,0.08567075054425675,11.651894919473373,77.89376121974607,0.01154109035852496,2.0532143951816417,0.7947150670272054,0.25504341942860254,1.858463371267226,0.9995752960796145,0.9997869805476836,0.038977763452448626,0.08562524494778283
BedSet_03_14.obj,BedSet_03,M,M,,0.9938926140490791,0.00028866939866001925,163.73617256623334,12.854930379088128,0.07731317824917806,12.547455004696149,0.9999999999922448,0.9984000000000002,1.0816000000000001,1.0,1.0,0.0001205668157219383,0.00028866939866001925
BedSet_03_15.obj,BedSet_03,M,M,,0.9938926140490791,0.00028889753553985084,163.73617256623345,12.855182390843666,0.07731167166829869,12.547455004696149,0.9999999999922353,0.9984000000000002,1.0816000000000001,1.0,1.0,0.00012066210028371629,0.00028889753553985084
BedSet_03_16.obj,BedSet_03,M,M,,0.9938926140490791,0.00028866939866001713,163.7361725662334,12.854930379088128,0.07731317824917806,12.547455004696149,0.9999999999922448,0.9984000000000002,1.0816000000000001,1.0,1.0,0.00012056681572193742,0.00028866939866001713
BedSet_03_17.obj,BedSet_03,M,M,,0.9938926140490791,0.000288669396133,163.7361725662333,12.854930376296732,0.07731317826586595,12.547455004696149,0.9999999999922369,0.9984000000000002,1.0816000000000001,1.0,1.0,0.00012056681466649335,0.000288669396133
BedSet_03_18.obj,BedSet_03,M,M,,0.9938926140490791,0.00028866939866116357,163.73617256623334,12.854930379089396,0.07731317824917049,12.547455004696149,0.9999999999922381,0.9984000000000002,1.0816000000000001,1.0,1.0,0.00012056681572241625,0.00028866939866116357
BedSet_03_19.obj,BedSet_03,M,M,,0.9938926140490791,0.0002886693979019128,163.7361725662334,12.854930378250709,0.07731317825418443,12.547455004696149,0.9999999999922393,0.9984000000000002,1.0816000000000001,1.0,1.0,0.00012056681540530453,0.0002886693979019128
BedSet_03_20.obj,BedSet_03,M,M,,0.9938926140490791,0.00029095057629422414,163.73617256623334,12.857450952525241,0.07729811234987721,12.547455004696149,0.9999999999922344,0.9984000000000002,1.0816000000000001,1.0,1.0,0.00012151958149735085,0.00029095057629422414
BedSet_03_21.obj,BedSet_03,M,M,,0.9938926140490791,0.00028866939764920563,163.73617256623336,12.854930377971568,0.07731317825585321,12.547455004696149,0.9999999999922476,0.9984000000000002,1.0816000000000001,1.0,1.0,0.00012056681529975785,0.00028866939764920563
BedSet_03_22.obj,BedSet_03,M,M,,0.9938926140490791,0.0002886693979030551,163.7361725662334,12.854930378251977,0.07731317825417684,12.547455004696149,0.9999999999922327,0.9984000000000002,1.0816000000000001,1.0,1.0,0.00012056681540578163,0.0002886693979030551
BedSet_03_23.obj,BedSet_03,M,M,,0.9938926140490791,0.0002886693961352936,163.7361725662334,12.85493037629927,0.07731317826585078,12.547455004696149,0.9999999999922382,0.9984000000000001,1.0816000000000001,1.0,1.0,0.0001205668146674513,0.0002886693961352936
BedSet_03_24.obj,BedSet_03,M,M,,0.9938926140490791,0.00028866939866001713,163.73617256623336,12.854930379088128,0.07731317824917806,12.547455004696149,0.9999999999922448,0.9984000000000002,1.0816000000000001,1.0,1.0,0.00012056681572193742,0.00028866939866001713
BedSet_03_25.obj,BedSet_03,M,M,,0.9938926140490791,0.0002886693986611646,163.73617256623328,12.854930379089396,0.07731317824917049,12.547455004696149,0.9999999999922381,0.9984000000000002,1.0816000000000001,1.0,1.0,0.00012056681572241668,0.0002886693986611646
BedSet_03_26.obj,BedSet_03,M,M,,0.9885627411437953,0.01138023099487772,87.43353740371253,127.22586255787736,0.007811552268801054,8.9837564893742,0.9999999999999675,1.0,1.0,1.0,1.0,0.0045520923979510885,0.01138023099487772
BedSet_03_27.obj,BedSet_03,M,M,,0.9871159537361517,0.012804208332208643,77.6153686133394,114.88341030604705,0.008651746163977885,9.07180707509586,0.9934184372747548,0.9451952914044865,1.2285329589413048,0.9307222450640399,0.9846611087371998,0.005998699137751253,0.011825763502822618
BedSet_04_01.obj,BedSet_04,M,M,,0.9941058742143905,8.15717071087124e-05,169.66044437683385,10.872996940761508,0.09119940225606263,10.825389912880444,0.9783730610597432,0.9999997920692533,1.0008263639243853,0.9985773308570945,0.9805118304375803,3.3081547689609076e-05,8.066194672491963e-05
BedSet_04_02.obj,BedSet_04,OB,OB,,0.6363647275314378,0.35163628845026357,2.750008251981037,7.824948601884411,0.1079817438754666,1.6130296630033334,0.9780455663645458,0.9999997920676331,1.0008263667781223,0.9840207226149004,0.9573336710051673,0.14643580015893023,0.33863574865923374
BedSet_04_03.obj,BedSet_04,M,M,,0.9861705708033522,0.013061630568375853,72.309564319706,29.164677221291885,0.03402050846515142,8.271922813434115,0.9925124159472789,0.9999997920655216,1.0008263715502594,0.9997760364309318,0.9920484459552055,0.005254015296289691,0.01300678673874453
BedSet_04_04.obj,BedSet_04,M,M,,0.9861705708033522,0.01306163056837594,72.30956431970573,29.164677221291885,0.03402050846515142,8.271922813434115,0.9925124159472798,0.9999997920655218,1.0008263715535404,0.9997760364309319,0.9920484459552057,0.0052540152962991535,0.013006786738744619
BedSet_04_05.obj,BedSet_04,M,M,,0.9861705708033522,0.013061630568375872,72.30956431970564,29.164677221291885,0.03402050846515142,8.271922813434115,0.9925124159472802,0.9999997920655218,1.000826371553536,0.999776036430932,0.9920484459552057,0.005254015296299113,0.013006786738744553
BedSet_04_06.obj,BedSet_04,M,M,,0.9861705708033522,0.013061630568376224,72.30956431970593,29.164677221291885,0.03402050846515142,8.271922813434115,0.992512415947279,0.9999997920655216,1.0008263715502659,0.999776036430932,0.9920484459552058,0.005254015296289857,0.013006786738744905
BedSet_04_07.obj,BedSet_04,M,M,,0.9861705708033522,0.013061630568375946,72.30956431970601,29.164677221291885,0.03402050846515142,8.271922813434148,0.9925124159472798,0.9999997920655218,1.0008263715502586,0.9997760364309319,0.9920484459552064,0.005254015296289723,0.01300678673874463
BedSet_04_08.obj,BedSet_04,M,M,,0.9861705708033522,0.013061630568376222,72.30956431970573,29.164677221291885,0.03402050846515142,8.271922813434083,0.9925124159472795,0.9999997920655218,1.0008263715535368,0.9997760364309316,0.9920484459552051,0.00525401529629926,0.013006786738744894
BedSet_04_09.obj,BedSet_04,M,M,,0.9861705708033521,0.013061630568376002,72.3095643197053,29.164677221291885,0.03402050846515142,8.271922813434083,0.9925124159472787,0.9999997920655216,1.000826371553543,0.9997760364309319,0.9920484459552058,0.005254015296299185,0.013006786738744681
BedSet_04_10.obj,BedSet_04,M,M,,0.9861705707707182,0.01306163060101011,72.3095641490733,29.164677221291885,0.03402050846404707,8.271922794770754,0.9925124154937939,0.9999997920653159,1.0008263723389896,0.9997760364134934,0.9920484459443307,0.005254015311797966,0.013006786770943886
BedSet_04_11.obj,BedSet_04,M,M,,0.9854071595681516,0.014293760528315755,68.52675492959386,46.6057064268589,0.021291638134954903,8.139205439444236,0.9954199721439017,0.9999997920682832,1.0008263654274767,0.999913703925034,0.9950407596251353,0.005738255559620726,0.01425708699432549
BedSet_04_12.obj,BedSet_04,M,M,,0.9854071595681516,0.014293760525585975,68.52675492959368,46.605706056111835,0.0212916383042525,8.139205439444236,0.9954199718643996,0.9999997920659988,1.0008263701827838,0.9999137039250338,0.995040759625135,0.005738255573472643,0.014257086991602712
BedSet_04_13.obj,BedSet_04,OB,OB,,0.9635429901374803,0.03432911790888477,27.429567146911022,29.057838855274497,0.033933567901015774,6.047910077445358,0.9365679675428349,0.9999993344845209,1.0012552929634144,0.9957646627759084,0.9586593855754661,0.014146808626790299,0.033477134471830435
BedSet_04_14.obj,BedSet_04,M,M,,0.9941058742143465,8.157170711773642e-05,169.66044437556832,10.872996940761508,0.09119940225606266,10.82538991288059,0.9783730610597463,0.9999997920658379,1.000826371051151,0.9985773308567305,0.9805118304367448,3.30815478211414e-05,8.066194673377958e-05
BedSet_04_15.obj,BedSet_04,M,M,,0.9941058742143838,8.15717077582056e-05,169.66044437664215,10.872996940761508,0.09119940225606266,10.82538991288059,0.9783730610559476,0.9999997920645891,1.000826373562835,0.9985773308670128,0.9805118304173722,3.308154812604208e-05,8.066194736714725e-05
BedSet_04_16.obj,BedSet_04,OB,OB,,0.964328959519961,0.034939960760130645,28.033945366954306,29.883031640079118,0.03284814490704902,5.218762985355662,0.9951076418007847,0.9999997920688455,1.0008263645997661,0.9998654128261268,0.9927027341585489,0.014047722498844794,0.034807792356067374
BedSet_04_17.obj,BedSet_04,OB,OB,,0.9635429901374802,0.034329117908884876,27.429567146910973,29.057838855274692,0.03393356790101554,6.047910077445358,0.9365679675428356,0.9999993344845212,1.0012552929634086,0.9957646627759078,0.958659385575466,0.014146808626790307,0.03347713447183052
BedSet_04_18.obj,BedSet_04,M,M,,0.9941058742144279,8.157170774902956e-05,169.66044437790714,10.872996940761508,0.09119940225606263,10.825389912880444,0.9783730610559472,0.9999997920680046,1.0008263671445052,0.9985773308673782,0.9805118304182088,3.308154800716146e-05,8.066194735813712e-05
BedSet_04_19.obj,BedSet_04,OB,OB,,0.9643289595199613,0.034939960765157076,28.033945366954594,29.88303187779529,0.03284814464602765,5.218762985355662,0.9951076421910574,0.9999997920674244,1.0008263671696567,0.9998654128261274,0.9927027341585505,0.01404772252061094,0.034807792361074834
BedSet_04_20.obj,BedSet_04,M,M,,0.9903135052160361,0.007630758183436162,103.2363774754893,22.49856734374647,0.04419031655889505,10.161242045989544,0.9995199637685759,0.9983999999343861,1.0815999996555283,1.0,1.0,0.003187092985258271,0.007630758183436162
BedSet_04_21.obj,BedSet_04,OB,OB,,0.5241437559859127,0.4600766508782199,2.1014747958332634,7.5597392080505665,0.10798752162602125,1.4388669904282478,0.996580560149833,0.9999788419731787,1.0077383560478377,0.9993001660893241,0.9777757973131657,0.18748106151995841,0.45464583310986745
BedSet_04_22.obj,BedSet_04,OB,OB,,0.0046676977980307155,0.9606590236333271,1.0046893873657754,5.651441596149633,0.13098351461689128,1.12251318899207,0.9771041720193464,0.9246242927801057,1.0986542470185132,0.6307621424856161,0.5860387577022443,0.6156478148375041,0.4805279863118285
BedSet_05_01.obj,BedSet_05,OB,OB,,0.5227211158104357,0.4415445229404587,2.0952110665820327,5.288134236837405,0.15363280026864623,1.444443004083214,0.9999999999999998,0.9970414201183433,1.079881656804734,0.9018500233628265,0.9348593994876304,0.20650112835069495,0.38523721878409023
BedSet_05_02.obj,BedSet_05,OB,SL,x,0.4782774162517173,0.5105249289371703,1.916727454685733,5.864407023230353,0.13626799444946028,1.3648485033730013,0.7722262233336518,0.9981633677799068,1.0624454954183666,0.8970760969453604,0.929840469658954,0.2384001649761355,0.4419138899419993
BedSet_05_03.obj,BedSet_05,CA,CA,,0.8114817576016448,0.161302026418993,5.304526433365961,1.0603303326593887,0.5657452583788467,1.0603098598000196,0.36080093331082297,0.580827475161932,1.0821146367990409,0.5802271822188567,0.38387031814976524,0.10380867290028606,0.06475947105028637
BedSet_05_04.obj,BedSet_05,CA,CA,,0.8114819563047364,0.16130180772348252,5.304532024479588,1.0603303326593887,0.5657452583788467,1.0603098598000196,0.3607968449299485,0.580838808371439,1.0821210796392402,0.5802214567944883,0.3838589909496639,0.10380986984725725,0.06475821417095605
BedSet_05_05.obj,BedSet_05,CA,CA,,0.8114821458091017,0.16130162090285205,5.304537356770146,1.0603303326593887,0.5657487547432527,1.0603303326593887,0.36079713912358446,0.5808338266281199,1.0821246015051473,0.5802217453434919,0.38386028371003866,0.10380966152961849,0.06475823186758628
BedSet_05_06.obj,BedSet_05,CA,CA,,0.8114823445087285,0.16130140221038414,5.304542947809299,1.0603303326593887,0.5657487547432527,1.0603303326593887,0.3607930502875062,0.5808451166054288,1.0821312784998374,0.5802160517506667,0.3838489624610938,0.10381086349050667,0.06475697883462683
BedSet_05_07.obj,BedSet_05,SL,OB,x,0.9336938550420699,0.060693532210204654,15.081558438276474,5.42310950556735,0.1664360529697803,2.2735426008010293,0.5436221374007221,0.9992006179521657,1.0566562879083357,0.9999999999999999,1.0,0.025025187218186085,0.06069353221020465
BedSet_05_08.obj,BedSet_05,M,M,,0.9835627960156667,0.014164513799549406,60.83759749851417,20.831278958752556,0.047561130672918825,7.799999998814678,0.993032356146848,0.9999992348951384,1.0017355538086976,0.9999999640472376,0.9999819701580291,0.00567127591401599,0.014164385598327896
BedSet_05_09.obj,BedSet_05,M,M,,0.9992697131498515,0.00039566810334124345,1369.3247224897177,52.99995087833235,0.01885860201020447,39.74997237021962,0.9998873753309122,0.9338775510204081,1.580408163265306,0.9360284361018268,0.997812253520312,0.0002131561957372918,0.0003699514728163315
BedSet_05_10.obj,BedSet_05,M,M,,0.9955052621040213,0.003993836146879507,222.48201139021467,42.99988045395846,0.023193178853748823,14.333320050246954,0.9983367858274408,1.0,1.0,0.9999999999999999,1.0,0.0015975344587518033,0.0039938361468795066
BedSet_05_11.obj,BedSet_05,M,M,,0.9955052621039386,0.003993836146962238,222.48201138611967,42.99988045395846,0.023193178853747783,14.333320050114814,0.9983367858274492,1.0,1.0,0.9999999999999984,0.9999999999999999,0.0015975344587848975,0.003993836146962232
BedSet_05_12.obj,BedSet_05,M,M,,0.9955052621040215,0.003993836146879346,222.48201139022262,42.99988045395846,0.023193178853748823,14.333320050246954,0.9983367858274408,1.0,1.0,0.9999999999999953,0.9999999999999998,0.0015975344587517452,0.003993836146879327
BedSet_05_13.obj,BedSet_05,M,M,,0.9955052621039385,0.003993836146962262,222.48201138611847,42.99988045395846,0.023193178853747783,14.333320050114814,0.9983367858274492,1.0,1.0,0.9999999999999999,1.0,0.0015975344587849053,0.0039938361469622615
BedSet_05_14.obj,BedSet_05,M,M,,0.9955052621038557,0.0039938361470451085,222.4820113820177,42.99988045395846,0.02319317885374675,14.333320049982676,0.9983367858274694,1.0,1.0,0.9999999999999999,1.0,0.0015975344588180437,0.003993836147045108
BedSet_05_15.obj,BedSet_05,M,M,,0.9955052621040229,0.0039938361468779375,222.4820113902924,42.99988045395846,0.023193178853748837,14.333320050249313,0.9983367858274366,1.0,1.0,1.0,1.0,0.0015975344587511751,0.0039938361468779375
BedSet_05_16.obj,BedSet_05,OB,OB,,0.975379782315298,0.014999925673480097,40.616823854559414,9.99998887846615,0.09826614788460782,6.249995655835097,0.9991410900683566,0.9983999999999998,1.0816000000000001,0.9999999999999998,1.0,0.006264928956488392,0.014999925673480094
BedSet_05_17.obj,BedSet_05,OB,OB,,0.975379782315298,0.014999925674357189,40.61682385455944,9.999988878922242,0.09826614788016924,6.249995655835097,0.9991410900683172,0.9984000000000001,1.0816000000000001,1.0,1.0,0.0062649289568547225,0.014999925674357189
BedSet_05_18.obj,BedSet_05,OB,OB,,0.975379782315298,0.014999925675618923,40.616823854559456,9.999988879578353,0.09826614787378414,6.249995655835097,0.9991410900682626,0.9984000000000002,1.0816000000000001,1.0,1.0,0.006264928957381703,0.014999925675618923
BedSet_05_19.obj,BedSet_05,M,M,,0.9979974380941461,0.0019094650720636848,499.36030209085425,99.49986167975277,0.010037080086678264,19.899994467304168,0.9999460049073279,0.98046875,1.26953125,1.0,1.0,0.0008702983773765265,0.0019094650720636848
BedSet_05_20.obj,BedSet_05,OB,M,x,0.9828697392786802,0.00493035427044624,58.37601995304013,8.49999409177101,0.11605176127807838,8.499994091770747,0.9628549096557666,0.929783711663137,1.5041357996774443,0.9593917599046619,0.9838390841035103,0.002546646590395134,0.0046919195529323415
BedSet_05_21.obj,BedSet_05,M,M,,0.9947340261125457,0.005059927483953184,189.89836554691038,80.99988739995358,0.012321289471523254,16.199995496559207,0.9983905659916574,0.7712665406427218,1.2287334593572778,0.9655843614936649,0.9971709697494545,0.002134793876565355,0.0048788758294006996
BedSet_05_22.obj,BedSet_05,M,M,,0.9947340261122525,0.0050599274842463154,189.89836553633958,80.99988739995358,0.012321289471521954,16.199995496108766,0.998390565991658,0.7712665406427218,1.2287334593572778,0.9655843614936176,0.9971709697493739,0.0021347938766892137,0.004878875829682906
BedSet_05_23.obj,BedSet_05,M,M,,0.9947340261122527,0.005059927484246097,189.8983655363479,80.99988739995358,0.012321289471521954,16.199995496108766,0.998390565991658,0.7712665406427218,1.2287334593572778,0.9655843614936184,0.9971709697493737,0.0021347938766891205,0.004878875829682699
BedSet_05_24.obj,BedSet_05,M,M,,0.9947340261122527,0.005059927484246095,189.898365536348,80.99988739995358,0.012321289471521954,16.199995496108766,0.9983905659916583,0.7712665406427218,1.2287334593572778,0.9655843614936191,0.9971709697493737,0.002134793876689118,0.0048788758296827005
BedSet_05_25.obj,BedSet_05,M,M,,0.9947340261122236,0.005059927484275288,189.89836553529477,80.99988739995358,0.012321289471521822,16.19999549606366,0.998390565991658,0.7712665406427218,1.2287334593572778,0.9655843614936158,0.9971709697493659,0.0021347938767014504,0.0048788758297108135
BedSet_05_26.obj,BedSet_05,M,M,,0.9947340261120774,0.005059927484421458,189.89836553002365,80.99988739995358,0.012321289471521174,16.19999549583854,0.9983905659916591,0.7712665406427218,1.2287334593572778,0.9655843614935925,0.9971709697493256,0.0021347938767632122,0.004878875829851538
BedSet_05_27.obj,BedSet_05,M,M,,0.9947340261121533,0.005059927484345698,189.89836553276095,80.99988739995358,0.01232128947152151,16.19999549595565,0.9983905659916587,0.7712665406427218,1.2287334593572778,0.965584361493604,0.9971709697493467,0.002134793876731202,0.004878875829778597
BedSet_05_28.obj,BedSet_05,M,M,,0.9947340261121415,0.005059927484357502,189.89836553233377,80.99988739995358,0.01232128947152146,16.1999954959376,0.9983905659916584,0.7712665406427218,1.2287334593572778,0.9655843614935995,0.9971709697493432,0.0021347938767361943,0.004878875829789947
BedSet_05_29.obj,BedSet_05,M,M,,0.9947340261121943,0.0050599274843047114,189.89836553423743,80.99988739995358,0.012321289471521694,16.199995496018655,0.9983905659916583,0.7712665406427218,1.2287334593572778,0.9655843614936094,0.9971709697493578,0.0021347938767138862,0.004878875829739132
BedSet_05_30.obj,BedSet_05,M,M,,0.9947340261120774,0.005059927484421458,189.89836553002365,80.99988739995358,0.012321289471521174,16.19999549583854,0.9983905659916585,0.7712665406427218,1.2287334593572778,0.9655843614935925,0.9971709697493256,0.0021347938767632122,0.004878875829851538
BedSet_05_31.obj,BedSet_05,M,M,,0.99473402611196,0.005059927484538891,189.89836552578927,80.99988739995358,0.012321289471520653,16.19999549565837,0.9983905659916598,0.7712665406427218,1.2287334593572778,0.9655843614935721,0.9971709697492934,0.0021347938768128344,0.004878875829964586
BedSet_05_32.obj,BedSet_05,M,M,,0.9947340261119603,0.0050599274845386545,189.89836552579783,80.99988739995358,0.012321289471520653,16.19999549565832,0.9983905659916584,0.7712665406427218,1.2287334593572778,0.9655843614935721,0.9971709697492934,0.0021347938768127347,0.004878875829964359
BedSet_05_33.obj,BedSet_05,M,M,,0.9947340261119603,0.005059927484538643,189.89836552579777,80.99988739995358,0.012321289471520653,16.19999549565832,0.9983905659916594,0.7712665406427218,1.2287334593572778,0.9655843614935736,0.9971709697492935,0.002134793876812727,0.0048788758299643555
BedSet_05_34.obj,BedSet_05,M,M,,0.9947340261122526,0.005059927484246213,189.89836553634373,80.99988739995358,0.012321289471521954,16.199995496108766,0.998390565991658,0.7712665406427218,1.2287334593572778,0.9655843614936174,0.9971709697493737,0.002134793876689171,0.0048788758296828055
BedSet_05_35.obj,BedSet_05,M,M,,0.9947340261122526,0.005059927484246201,189.89836553634373,80.99988739995358,0.012321289471521954,16.199995496108766,0.998390565991658,0.7712665406427218,1.2287334593572778,0.9655843614936184,0.9971709697493737,0.0021347938766891643,0.004878875829682799
BedSet_06_01.obj,BedSet_06,M,M,,0.9976369217705228,0.002170179937143982,423.1768493847083,72.00054901602365,0.01387106721119319,20.571262698344437,0.9999999999997882,0.888888888888889,1.1111111111111112,1.0,1.0,0.0008777172190226772,0.002170179937143982
BedSet_06_02.obj,BedSet_06,M,M,,0.9998114751165031,9.766529890674344e-09,5304.339572849653,51.50043927815321,0.01940999287779578,51.49761128731708,0.7764329074853737,0.8888889185344444,1.111127209103337,0.9999725414675527,0.9999993308696351,3.9501488915075915e-09,9.766258448645311e-09
BedSet_06_03.obj,BedSet_06,M,M,,0.9998114751165033,7.498616123058505e-09,5304.339572857772,51.50043927365491,0.019409992879490506,51.49761128731708,0.7764375768638334,0.8888889185974342,1.111115997171714,0.9999725414675813,0.9999993308696353,3.03285505233991e-09,7.498407713357612e-09
BedSet_06_04.obj,BedSet_06,OB,OB,,0.4521977922607086,0.5477481298501996,1.825476396173608,103.51860011612243,0.007881179120272681,1.4109857603385407,0.9930091639397,0.993826868531353,1.1143025009004583,0.8927155576180645,0.9231672026659204,0.2633535436637447,0.47019830065606116
BedSet_06_05.obj,BedSet_06,M,M,,0.9998088274406861,5.3814717593265615e-06,5230.876249127506,51.50043927365491,0.019409992879490506,51.49761128731708,0.7764340819397648,0.8855452217563325,1.1400419798609915,0.9999999988093582,0.9999999945301796,2.2075194162445106e-06,5.381471738201314e-06
BedSet_06_06.obj,BedSet_06,OB,OB,,0.45219779285202355,0.5477480302400562,1.825476398144085,98.64790642393316,0.008270320711519591,1.4110051986208232,0.9579061185741065,0.9938284917259952,1.1135238202489113,0.8927161137288815,0.9231729097748052,0.2632589331082716,0.4701999033963154
BedSet_06_07.obj,BedSet_06,M,M,,0.9988066647790991,0.001102004022906458,837.987501319902,102.00087846788786,0.00979760016794182,29.14265092048995,0.999999999999852,0.9777777777777777,1.1555555555555554,0.9910102997172091,0.9996041437912635,0.0004776830184730007,0.001091881180274395
BedSet_06_08.obj,BedSet_06,OB,OB,,0.517840472592247,0.4763193311289229,2.074002364686641,13.333352855428814,0.061326673157422795,1.4285727733778404,0.9992255245392745,0.888888888885474,1.1111147275633422,0.9992255245357472,0.9766254958092154,0.19555763244793176,0.47038788079266075
BedSet_06_09.obj,BedSet_06,M,M,,0.989550069512243,0.009702716425157762,95.69441645258809,35.004173871495716,0.02837182024331119,8.749601881867253,0.9999999999969597,0.9955555555555559,1.1377777777777778,0.9999999999999998,1.0,0.004167424512565539,0.00970271642515776
BedSet_06_10.obj,BedSet_06,M,M,,0.9895512171343227,0.009701240465362042,95.70492686577367,34.99648571141965,0.028378068128918948,8.750082364643225,0.9999999999969709,0.9955555555555559,1.1377777777777778,1.0,1.0,0.004166790571433724,0.009701240465362042
BedSet_06_11.obj,BedSet_06,M,M,,0.9974732730548403,0.0023331654418627607,395.76892228714973,72.0005490286243,0.013871068234696606,20.57190823355718,0.9999999999997868,0.994809688581315,1.1228373702422145,0.9767142176738137,0.9985192907923756,0.0010140174211926737,0.0022771487126328344
BedSet_06_12.obj,BedSet_06,M,M,,0.9879248969301182,0.011348668274896166,82.81502809613627,35.00417385925837,0.028371840324678984,8.750082364643225,0.999999999996948,0.9986282578875171,1.0754458161865568,0.9646714566828599,0.99473966219808,0.004880281897323787,0.010918941960454776
BedSet_06_13.obj,BedSet_06,M,M,,0.9895512171343243,0.00970124046530813,95.7049268657889,34.99648571019596,0.02837806812991044,8.750082364643921,0.9999999999969477,0.9955555555555555,1.1377777777777778,0.9999999999999998,1.0,0.004166790571410569,0.009701240465308129
BedSet_06_14.obj,BedSet_06,M,M,,0.9874413667487811,0.011773546245853745,79.62649915737809,34.99648571141965,0.028378068128918917,8.75008236464253,0.9999999999969624,0.9984000000000002,1.0816000000000001,0.9999999999999937,0.9999999999999992,0.004917386419228288,0.011773546245853665
BedSet_06_15.obj,BedSet_06,M,M,,0.9895512171343227,0.009701568803034022,95.70492686577371,35.00417387149502,0.028371840314768828,8.750082364643225,0.9999999999969464,0.9955555555555556,1.1377777777777778,1.0,1.0,0.004166931596112036,0.009701568803034022
BedSet_06_16.obj,BedSet_06,M,M,,0.9988035729497123,0.0011108782387005878,835.821958187397,102.00087846788786,0.00979760016794182,29.14265092049003,0.9999999999998457,0.9872447798158337,1.2270406570250767,0.9691580519948915,0.9986112692486242,0.0005096652364461588,0.0010758690245397137
BedSet_06_17.obj,BedSet_06,M,M,,0.9998132616253613,7.417369104220206e-08,5355.085701772383,51.7504118204832,0.01931630637549368,51.750411815958955,0.7764636882178819,0.9998123473993915,1.0275849128745813,0.9999863550203802,0.9999952322904909,3.011755011862277e-08,7.417250212680612e-08
BedSet_06_18.obj,BedSet_06,M,CA,x,0.4530407697001528,0.5315768959715367,1.8282898333235014,5.7222300181621195,0.14115131824657146,1.4109588216377178,0.3677610090774051,0.9987020699618021,1.0309529999840983,0.5231517668562479,0.3179942458492173,0.3954795771053894,0.18326406345557247
BedSet_06_19.obj,BedSet_06,OB,OB,,0.45139784244079895,0.5485483580714167,1.8228145591861893,103.00076863631782,0.007920748335231194,1.4109588216377178,0.9928038813195923,0.9928828695150376,1.1214238876662723,0.8778631387729889,0.911623189240501,0.2689391490598091,0.46027143983353797
BedSet_06_20.obj,BedSet_06,M,M,,0.9997411480524335,2.6538472701900937e-05,3863.2121929199725,42.88782767792663,0.022460709691235963,3.6008458850856706,0.0646579832063102,0.9588949625579338,1.4035276522421607,0.9999917353398323,0.9999973428060872,1.277510946007372e-05,2.6538218111800026e-05
BedSet_06_21.obj,BedSet_06,M,M,,0.9997378021351163,3.3282794902121784e-05,3813.913589431297,42.88782767792663,0.022460709691235963,3.6008458850856706,0.06465680209838758,0.9792139188597854,1.3035373189290558,0.9999967199694861,0.9999974886180856,1.5411215141563712e-05,3.328264394077141e-05
BedSet_06_22.obj,BedSet_06,M,M,,0.9986633258909486,0.00011116333472206477,748.1255103426204,19.781763920935777,0.05042291934969897,19.781763920935777,0.7792932240363308,0.7126678819248928,1.8029338300748037,0.9999999999999979,0.9999999999999999,5.835248699828954e-05,0.00011116333472206454
BedSet_06_23.obj,BedSet_06,M,M,,0.9982816376752406,4.151011450685044e-05,581.9494442976223,17.10190829488154,0.058274051826076104,17.097608091646734,0.7856957982890546,0.9014937371834301,1.5425917992565927,0.9999999999999998,1.0,2.082309517576801e-05,4.1510114506850434e-05
BedSet_06_24.obj,BedSet_06,M,M,,0.9982492787134348,0.0001516758972227392,571.1931463161199,17.102976010517338,0.05827048833623789,17.102976010517338,0.7873894535980054,0.9275294110306767,1.5333905778189787,0.9999999999999981,0.9999999999999999,7.64903401817297e-05,0.0001516758972227389
BedSet_06_25.obj,BedSet_06,M,M,,0.9983288311205559,5.325024777416738e-05,598.3835699049856,17.255712194842502,0.05775812456079148,17.25138456263269,0.7814694968974546,0.9413199950853872,1.4530297680234363,1.0,1.0,2.604491707266105e-05,5.325024777416738e-05
BedSet_06_26.obj,BedSet_06,M,M,,0.9982146675696036,0.0015869621601601789,560.1197754401807,71.00054903037186,0.014070449225266264,23.66684970298331,0.9999999999997494,1.0,1.0,1.0,1.0,0.0006347848640640716,0.0015869621601601789
BedSet_06_27.obj,BedSet_06,M,M,,0.9991177469868581,0.0007842249004755934,1133.4616998797399,101.00076863982962,0.009896065457678616,33.66692291720323,0.9999999999998251,1.0,1.0,0.9999999999999974,1.0,0.0003136899601902381,0.0007842249004755915
BedSet_06_28.obj,BedSet_06,M,M,,0.9982146675696036,0.001586962160160181,560.11977544018,71.00054903037186,0.014070449225266264,23.66684970298331,0.9999999999997494,1.0,1.0,1.0,1.0,0.0006347848640640725,0.001586962160160181
BedSet_06_29.obj,BedSet_06,M,M,,0.9991177469868581,0.0007842249004756222,1133.4616998796628,101.00076863981356,0.00989606545768019,33.66692291720323,0.9999999999998235,1.0,1.0,0.9999999999999997,1.0,0.00031368996019024895,0.0007842249004756219
BedSet_06_30.obj,BedSet_06,OB,OB,,0.5058326403973679,0.4940693314899659,2.023605931407522,101.00076863981356,0.008099560466427506,1.4225350369352554,1.0000000000000024,1.0,1.0,1.0,1.0,0.19762773259598637,0.4940693314899659
BedSet_07_01.obj,BedSet_07,OB,OB,,0.3783613763374446,0.6138163929669409,1.6086516537665287,10.099957598735536,0.07738032280519938,1.2624997184145919,0.9953040175318967,0.9999999998148301,1.0000233682815796,0.999751001684825,0.9869223672521237,0.2475900228870139,0.6096509204261167
BedSet_07_02.obj,BedSet_07,M,M,,0.9911001530789276,0.008343594696019868,112.36148316576345,42.399830377378954,0.023474273613966853,10.60006995895929,0.9999999999999892,1.0,1.0,1.0,1.0,0.0033374378784079475,0.008343594696019868
BedSet_07_03.obj,BedSet_07,M,M,,0.9853075084060229,0.013774210869222219,68.06197530239227,32.99987278139393,0.030069353087786025,8.24996819894812,0.999999999999986,1.0,1.0,0.9999999999999986,0.9999999999999998,0.005509684347688896,0.013774210869222198
BedSet_07_04.obj,BedSet_07,M,M,,0.9911001530789276,0.008343594696019932,112.36148316576336,42.39983037738114,0.023474273613965643,10.60006995895929,0.9999999999999893,1.0,1.0,1.0,1.0,0.003337437878407973,0.008343594696019932
BedSet_07_05.obj,BedSet_07,OB,OB,,0.9642318049666047,0.00028748501704735683,27.957798794832897,4.000004220641626,0.23570186234671767,3.9999501825959167,0.58333108172002,0.9985406097268263,1.0777893937067198,0.7421502708756664,0.8873290172214762,0.0001538809917186196,0.00020133750714674894
BedSet_07_06.obj,BedSet_07,OB,OB,,0.9642318049666044,0.00028748501704735737,27.957798794832705,4.000004220641626,0.23570186234671767,3.9999501825959167,0.58333108172002,0.9985406097268263,1.0777893937067198,0.7421502708756663,0.8873290172214761,0.00015388099171861991,0.00020133750714674927
BedSet_07_07.obj,BedSet_07,OB,OB,,0.9642318049666047,0.00028748501704735683,27.957798794832897,4.000004220641626,0.23570186234671767,3.9999501825959167,0.58333108172002,0.9985406097268263,1.0777893937067198,0.7421502708756664,0.8873290172214762,0.0001538809917186196,0.00020133750714674894
BedSet_07_08.obj,BedSet_07,OB,OB,,0.9642318049666044,0.00028748501704735737,27.957798794832705,4.000004220641626,0.23570186234671767,3.9999501825959167,0.58333108172002,0.9985406097268263,1.0777893937067198,0.7421502708756663,0.8873290172214761,0.00015388099171861991,0.00020133750714674927
BedSet_07_09.obj,BedSet_07,OB,OB,,0.8747477884069044,0.12280141180874095,7.983890961131732,16.50004727920413,0.05570606269762403,2.3571488299953716,0.7857102594141723,0.9999930801582357,1.0046803253780396,1.0,1.0,0.049246856889667984,0.12280141180874095
BedSet_07_10.obj,BedSet_07,M,M,,0.9938812621823659,0.0002886661015894131,163.43053227148977,12.854902505499311,0.07731316528839426,12.54742844856596,0.9922957000876339,0.9984000000000001,1.0816000000000001,0.9999999999999963,0.9999999999999998,0.00012056543865424103,0.00028866610158941194
BedSet_07_11.obj,BedSet_07,M,M,,0.9938812621823659,0.0002886660990633197,163.43053227148977,12.854902502708919,0.07731316530507622,12.54742844856596,0.9922957000892934,0.9984000000000002,1.0816000000000001,0.9999999999999961,0.9999999999999998,0.0001205654375991828,0.0002886660990633185
BedSet_07_12.obj,BedSet_07,M,M,,0.9938812621823659,0.00028866610158829163,163.43053227148988,12.854902505498071,0.07731316528840167,12.54742844856596,0.9922957000876363,0.9984000000000002,1.0816000000000001,0.9999999999999963,0.9999999999999998,0.00012056543865377264,0.0002886661015882905
BedSet_07_13.obj,BedSet_07,M,M,,0.9938812621823659,0.00028889423586160134,163.4305322714898,12.855154516159796,0.07731165870777885,12.54742844856596,0.9922955502139763,0.9984000000000002,1.0816000000000001,0.9999999999999963,0.9999999999999998,0.00012066072212690027,0.0002888942358616002
BedSet_07_14.obj,BedSet_07,M,M,,0.9938812621823659,0.0002886661015894168,163.43053227148974,12.854902505499311,0.07731316528839426,12.54742844856596,0.9922957000876339,0.9984000000000001,1.0816000000000001,0.9999999999999963,0.9999999999999998,0.00012056543865424259,0.0002886661015894157
BedSet_07_15.obj,BedSet_07,OB,OB,,0.9141767773446172,0.08567072503233465,11.651854489603519,77.89364970641466,0.011541090167839215,2.053214317701458,0.7947071527034519,0.2550434194286034,1.858463371267224,0.9995752960796142,0.9997869805476833,0.038977751845247106,0.08562521944941182
BedSet_07_16.obj,BedSet_07,M,M,,0.998773560079922,0.0006317182868149291,815.3677513470602,47.766206682025526,0.0209158768279991,26.559810313552667,0.9997815856623673,0.7232000000000001,1.7007999999999976,0.8605046769020681,0.991997359755813,0.0003507148462220885,0.0005414214365138505
BedSet_07_17.obj,BedSet_07,OB,CA,x,0.4750977913970328,0.5249021296797735,1.9051166192607074,108995.63501351203,7.310309516808294e-06,1.3241366758988455,0.16443421696893107,3.3071747786833084e-11,7.381553359611989e-11,0.647807258124409,0.6486398878014099,0.11081076989992956,0.2802979696103549
BedSet_07_18.obj,BedSet_07,OB,OB,,0.925216215677101,0.07465732116559615,13.37188095649079,67.80176693765938,0.013871705368627606,2.7708635033107663,0.9133137643514057,0.9907004940081545,1.1727025725694364,0.9918882147974292,0.9966700981262798,0.032848643105055066,0.07392842453688543
BedSet_07_19.obj,BedSet_07,M,M,,0.9936369876933698,0.000972590106195366,157.15647690922145,12.854902505499311,0.07731316528839426,12.54742844856596,0.9922957000876339,0.4444444444444445,0.888888888888889,1.0,1.0,0.0002680026070405009,0.000972590106195366
BedSet_07_20.obj,BedSet_07,M,M,,0.9936369876933698,0.000972590105261059,157.15647690922137,12.854902504382906,0.07731316529506853,12.54742844856596,0.9922957000882815,0.4444444444444445,0.888888888888889,1.0,1.0,0.00026800260678304746,0.000972590105261059
BedSet_07_21.obj,BedSet_07,M,M,,0.9936369876933698,0.0009725901054943805,157.15647690922134,12.854902504661698,0.0773131652934018,12.54742844856596,0.9922957000881131,0.4444444444444445,0.888888888888889,1.0,1.0,0.0002680026068473405,0.0009725901054943805
BedSet_07_22.obj,BedSet_07,M,M,,0.9936369876933698,0.0009725901061953653,157.1564769092214,12.854902505499311,0.07731316528839426,12.54742844856596,0.9922957000876339,0.4444444444444445,0.888888888888889,1.0,1.0,0.0002680026070405007,0.0009725901061953653
BedSet_07_23.obj,BedSet_07,M,M,,0.9993009562738285,0.0005831109258478823,1430.525483850382,92.92868608278047,0.010756070973199581,35.662625490212385,0.9997936786175826,0.4444444444444444,0.888888888888889,0.9999999999999956,0.9999999999999999,0.00016067945512252853,0.0005831109258478797
BedSet_07_24.obj,BedSet_07,M,M,,0.9987023455024744,0.0006965567134545676,770.620830554271,47.766206682025526,0.02091451373235902,25.41492108101048,0.9997909986860961,0.566358024691358,1.433641975308642,0.8581706976963482,0.9916586033018661,0.00032673475195418785,0.0005952714651036458
BedSet_07_25.obj,BedSet_07,M,M,,0.9961257159955823,0.0027016180886516505,258.11198567865523,30.462097406615687,0.03275170605727382,16.749313288361297,0.9996497977966934,0.9265927977839339,1.5470914127423825,0.9604371776898526,0.9967486754316486,0.0014097222394504813,0.0025905162903239543
BedSet_07_26.obj,BedSet_07,M,M,,0.9957692444723085,0.003056581164656415,236.36419805522547,30.462097406615687,0.03274635462625102,16.02731609749523,0.9996648885910002,0.9265927977839337,1.5470914127423825,0.9591047138689395,0.9965028702552258,0.0015965576323101517,0.002926455343082548
BedSet_07_27.obj,BedSet_07,OB,OB,,0.404732200048971,0.5849988183994602,1.679916029089716,9.241573772909584,0.08542013305185941,1.2986268951625883,0.9999996587703528,0.8395061728395061,1.1604938271604937,0.9999999183156276,0.9999999496329952,0.23775509942075698,0.584998755881881
BedSet_08_01.obj,BedSet_08,M,M,,0.9971555555554868,0.002492404420195289,351.56249999148594,53.297149054848596,0.018732813971274836,18.749999995386325,0.9999999999999776,1.0,1.0,1.0,1.0,0.0009969617680781156,0.002492404420195289
BedSet_08_02.obj,BedSet_08,M,M,,0.9971555555554871,0.0024923945708554118,351.5624999915101,53.29565797524961,0.018733337884770263,18.749999995386325,0.9999860116382502,0.9999999999999923,1.000000174978136,0.9999999999999999,1.0,0.0009969579242873638,0.0024923945708554113
BedSet_08_03.obj,BedSet_08,OB,OB,,0.9064688131764638,0.09265901632547566,10.691620987195487,28.830434684116607,0.03315137393496367,3.270428564320474,0.8734817303392102,0.972975268235082,1.3331275356807306,0.9940173759629216,0.9939997238618806,0.0437366859094023,0.09182834553354788
BedSet_08_04.obj,BedSet_08,OB,OB,,0.5621847434871569,0.4369415303610746,2.2840684172697103,28.830415251926503,0.029495361970817063,1.6186044785936287,0.8719559402844028,0.9729756370218445,1.3331246596704944,0.9939451876753626,0.9951610060256414,0.20612802885811143,0.43324515370033695
BedSet_08_05.obj,BedSet_08,OB,OB,,0.5149436757512219,0.4778917318048699,2.06161624951214,9.430234463494884,0.08595497166350231,1.3992524521742635,0.9435779193820566,0.9984710839110689,1.074516869794615,0.9996978916616694,0.9901575060274741,0.200086036587057,0.47539624398838026
BedSet_08_06.obj,BedSet_08,SL,SL,,0.7297169852032778,0.2457801524700238,3.699825535656268,3.165760419938616,0.2683502391821812,1.8704614707079725,0.5539028703073311,0.9982201002176903,1.0811270297527884,0.9542790131997737,0.8910113414755408,0.11324985964889438,0.22176158653984002
BedSet_08_07.obj,BedSet_08,SL,SL,,0.05886616013065547,0.9171374536492725,1.0625481282648004,5.488828515518218,0.1366505211021231,1.159080745607746,0.8204566243329848,0.9936622257913885,1.1464528442439192,0.9272215168255011,0.9265063610806104,0.4355712348178821,0.8191404685100451
BedSet_08_08.obj,BedSet_08,SL,OB,x,0.5158226255176316,0.48075897998952954,2.065358797628672,12.65768799639567,0.06414371720562571,1.3992524521742635,0.947546302744804,0.9981754323753212,1.0699983098742079,0.9946853710254171,0.9870993350738968,0.2019940067089881,0.4751193500872691
BedSet_08_09.obj,BedSet_08,SL,SL,,0.7307309665514564,0.2449202399415879,3.713757899272781,3.2805332134330056,0.25917709416751034,1.8557238751786378,0.5721981458683355,0.998923441210762,1.0621783874253938,0.9594883090448265,0.8974005998011664,0.11102587321766372,0.22294277446592214
BedSet_08_10.obj,BedSet_08,SL,SL,,0.31814936040408687,0.6184939817681098,1.4665968496975201,2.184257801012715,0.3262957657810379,1.1477937905807267,0.6095053479604959,0.9985392665839661,1.0720963699533093,0.9594060359100233,0.8988192118432987,0.2814774484479664,0.5633671842303396
BedSet_08_11.obj,BedSet_08,SL,SL,,0.3052392837552048,0.6301245243436502,1.439344477334065,1.4842790074554906,0.4759644363423146,1.3487285580335928,0.4967839920941093,0.9985033015853295,1.0716256130064794,0.9559799449567677,0.8988913150643115,0.28744542894802577,0.5719331593249937
BedSet_09_01.obj,BedSet_09,OB,OB,,0.9540633863922752,0.04416880754396514,21.769127531654597,49.297161351551594,0.019975953171328435,5.699476844753462,0.9653050360355525,0.7573874752158392,1.7073997168412285,0.8993797343502883,0.9673220921671648,0.024528893439333677,0.039075473123977626
BedSet_09_02.obj,BedSet_09,OB,OB,,0.9540635033539719,0.04416869058061768,21.769182959348957,49.2971613515509,0.01997595317132872,5.699476844753462,0.9653050360355525,0.7573847225520353,1.7074103942513847,0.8993799288780163,0.9673221427941839,0.024528906787075828,0.03907537910549576
BedSet_09_03.obj,BedSet_09,OB,OB,,0.9540634449029222,0.044168750942229884,21.76915525958791,49.29716135158041,0.01997595317131711,5.699476844756792,0.9653054044779996,0.7573873362936795,1.7073961603410546,0.8993782924432039,0.9673216273093509,0.024528853766023973,0.03907535116952755
BedSet_09_04.obj,BedSet_09,OB,OB,,0.9540635618644135,0.04416863397908768,21.769210687326144,49.2971613515797,0.019975953171317395,5.699476844756792,0.9653054044779997,0.7573845750728315,1.7074068553236073,0.8993784869800409,0.9673216779389244,0.024528867216353747,0.03907525715184839
BedSet_09_05.obj,BedSet_09,M,M,,0.9971144610319508,0.0028044461552434166,346.5557079882037,81.33156411020025,0.012277010224862748,18.76922580352435,0.9972655060036826,0.9722222222222222,1.3611111111111114,1.0,1.0,0.0013305538980988214,0.0028044461552434166
BedSet_09_06.obj,BedSet_09,M,M,,0.9984044287326368,0.001514895828721167,626.734775471694,100.7942807999015,0.00991290881124375,25.200549946311547,0.991865064606789,0.9999999957836212,1.0001292223608456,1.0,1.0,0.0006060013971901323,0.001514895828721167
BedSet_09_07.obj,BedSet_09,M,M,,0.9993277738288369,0.00042272903334836394,1487.5945669742755,65.99853346464778,0.015143163428263759,33.00041899537549,0.9965298275447141,0.9722222222222222,1.3611111111111114,0.9965295525761436,0.9968707634385026,0.00020140561677386225,0.00042060286027736075
BedSet_09_08.obj,BedSet_09,OB,OB,,0.749999999976335,0.08999664793637883,3.999999999521813,2.4999738108339415,0.3368638966013955,1.99999999898226,0.999999999999224,1.0,1.0,1.0,1.0,0.035998659174551535,0.08999664793637883
BedSet_09_09.obj,BedSet_09,M,OB,x,0.9639516562000967,0.03543595333281904,27.740525488505252,68.0031425927612,0.014570899654333495,7.391578610782318,0.9999999999999694,0.986159169550173,1.2491349480968859,0.9999984521785229,0.9999997381712235,0.016028353072461525,0.035435893845220445
BedSet_09_10.obj,BedSet_09,M,M,,0.9971146470367221,0.002804260150471973,346.57804876107525,81.33156411020025,0.01227701134474043,18.769830774447065,0.9972655060036825,0.9722222222222223,1.3611111111111114,1.0,1.0,0.0013304656491683697,0.002804260150471973
BedSet_09_11.obj,BedSet_09,M,M,,0.9971144610319511,0.0028044461552431204,346.55570798822794,81.33156411020025,0.01227701022486275,18.769225803525003,0.9972655060036827,0.972222222222222,1.3611111111111107,1.0,1.0,0.0013305538980986802,0.0028044461552431204
BedSet_09_12.obj,BedSet_09,M,M,,0.9971144610319508,0.0028044461552434166,346.5557079882037,81.33156411020025,0.012277010224862748,18.76922580352435,0.9972655060036821,0.9722222222222222,1.3611111111111114,1.0,1.0,0.0013305538980988214,0.0028044461552434166
BedSet_09_13.obj,BedSet_09,M,M,,0.9971142750212066,0.0028046321659875337,346.5333693781109,81.33156411020025,0.012277009104949414,18.768620871670752,0.9972655060036822,0.9722222222222223,1.3611111111111114,1.0,1.0,0.0013306421498629746,0.0028046321659875337
BedSet_09_14.obj,BedSet_09,M,M,,0.997114647036722,0.002804260150472276,346.5780487610512,81.33156411020025,0.01227701134474043,18.76983077444641,0.997265506003682,0.9722222222222223,1.3611111111111114,1.0,1.0,0.0013304656491685135,0.002804260150472276
BedSet_09_15.obj,BedSet_09,M,M,,0.9971142750212066,0.0028046321659875337,346.5333693781109,81.33156411020025,0.012277009104949414,18.768620871670752,0.9972655060036828,0.9722222222222223,1.3611111111111114,1.0,1.0,0.0013306421498629746,0.0028046321659875337
BedSet_09_16.obj,BedSet_09,M,M,,0.9971144610319511,0.0028044461552431204,346.55570798822794,81.33156411020025,0.01227701022486275,18.769225803525003,0.9972655060036811,0.972222222222222,1.3611111111111107,1.0,1.0,0.0013305538980986802,0.0028044461552431204
BedSet_09_17.obj,BedSet_09,M,M,,0.9971146470366999,0.00280426015049408,346.5780487584143,81.33156411020025,0.012277011344740296,18.769830774375002,0.9972655060036826,0.9722222222222223,1.3611111111111114,1.0,1.0,0.0013304656491788583,0.00280426015049408
BedSet_09_18.obj,BedSet_09,M,M,,0.9971144610319507,0.002804446155243519,346.5557079881795,81.33156411020025,0.012277010224862748,18.769225803523696,0.9972655060036832,0.9722222222222223,1.3611111111111114,1.0,1.0,0.00133055389809887,0.002804446155243519
BedSet_09_19.obj,BedSet_09,M,M,,0.9971146470366999,0.002804260150494073,346.57804875841487,81.33156411020025,0.012277011344740296,18.769830774375002,0.9972655060036831,0.9722222222222223,1.3611111111111114,0.9999999999999999,1.0,0.0013304656491788553,0.0028042601504940728
BedSet_09_20.obj,BedSet_09,M,M,,0.9979175547905913,0.002021360753333609,480.2047110204553,100.79428079990123,0.009908528574426555,20.16012318285576,0.9669106024389297,0.9924617987891106,1.1742050213437871,0.999572717536395,0.9946542124958536,0.0008862741609634991,0.002015096487359776
BedSet_09_21.obj,BedSet_09,M,M,,0.9971142750211176,0.002804632166076595,346.5333693674201,81.33156411020025,0.012277009104948878,18.76862087138123,0.9972655060036824,0.9722222222222223,1.3611111111111114,1.0,1.0,0.0013306421499052292,0.002804632166076595
BedSet_09_22.obj,BedSet_09,M,M,,0.9971144610319508,0.002804446155243384,346.5557079882041,81.33156411020025,0.012277010224862748,18.76922580352435,0.9972655060036828,0.9722222222222222,1.3611111111111114,1.0,1.0,0.0013305538980988058,0.002804446155243384
BedSet_09_23.obj,BedSet_09,M,M,,0.9971146470369213,0.0028042601502728617,346.57804878500224,81.33156411020025,0.012277011344741628,18.769830775094974,0.997265506003683,0.9722222222222223,1.3611111111111107,1.0,1.0,0.0013304656490739021,0.0028042601502728617
BedSet_09_24.obj,BedSet_09,OB,OB,,0.517899372503176,0.47534431866445037,2.0742557527712924,11.660901879547726,0.07018813780700375,1.4352230533018673,0.9969241205267235,0.996895813596624,1.1014124225294064,0.9924310041366496,0.989756283738873,0.20295398809036974,0.4693302211461826
BedSet_09_25.obj,BedSet_09,M,M,,0.9975000894168019,0.002409667857669114,400.01430720001815,100.7942807999015,0.009908528064969354,20.15970083107311,0.9918650646067985,1.0,1.0,1.0,1.0,0.0009638671430676456,0.002409667857669114
BedSet_09_26.obj,BedSet_09,M,M,,0.997935770453972,0.001999776917612825,484.44224719297364,100.80483959824328,0.009907490298527066,20.15970083107311,0.9669072981938133,0.9591836734693875,1.3265306122448979,0.999578227756492,0.9946789621691399,0.0009318314021411876,0.001993615266915554
BedSet_09_27.obj,BedSet_09,M,M,,0.9942379075462318,0.005626151293959395,173.54806574577765,61.00293308996796,0.016335167952288867,12.142836287565473,0.9148884614961312,0.927437641723356,1.4535147392290249,0.9999761913054003,0.9998193098936091,0.002738616481077512,0.005625509059805365
BedSet_09_28.obj,BedSet_09,M,M,,0.9942378632455103,0.005626195859738572,173.54673146565955,61.00293308996796,0.016335165658337127,12.142583090331172,0.9148711755429585,0.927437641723356,1.4535147392290249,0.9999723430180709,0.9998188971596678,0.002738646332619234,0.005625530810206243
BedSet_09_29.obj,BedSet_09,M,M,,0.9975001941612642,0.0024095631132067838,400.03106821516695,100.7942807999015,0.009908528574426529,20.16012318285576,0.9918650646067985,1.0,1.0,1.0,1.0,0.0009638252452827136,0.0024095631132067838
BedSet_09_30.obj,BedSet_09,OB,OB,,0.9767190810088633,0.023133750386386535,42.95363084165919,69.9960196062361,0.014113478463563638,6.392859533767266,0.923115583644368,0.8649236422211465,1.7755730592500407,0.8941968619303942,0.9760885706083217,0.013633211488545113,0.02043880956761174
BedSet_09_31.obj,BedSet_09,M,M,,0.9984506819353249,0.0006197077505178939,645.4452593047952,31.999790479425513,0.031211176908864286,25.60010054856366,0.9999999999999422,0.9375,1.5625,1.0,1.0,0.00031760022214042066,0.0006197077505178939
BedSet_09_32.obj,BedSet_09,M,M,,0.9984506819353249,0.0006196103707964962,645.4452593047959,31.998114569726873,0.031212810009954732,25.60010054856366,0.9999999999999413,0.9375,1.5625,0.9999999999999973,0.9999999999999999,0.00031755031503320487,0.0006196103707964946
BedSet_09_33.obj,BedSet_09,OB,OB,,0.9817250753450062,0.01807894064592619,54.71978784469745,53.00251401075132,0.018536724450347174,5.300029329099137,0.9929696953679784,0.8535272660565706,1.440132487262332,0.985962671854864,0.9966581017668215,0.008609419230753564,0.017795375687165882
BedSet_09_34.obj,BedSet_09,OB,OB,,0.9823711347327396,0.017432807527428568,56.72514849020148,53.00251400942861,0.01853672445080961,5.300029329099137,0.9929696953659791,0.8505450486965571,1.4458337763295217,0.9960590952389282,0.9990392071755062,0.008242249780649982,0.01735576483878365
BedSet_09_35.obj,BedSet_09,OB,OB,,0.9817249361993333,0.018079063441312188,54.719371210218,53.00230449805913,0.018536795180970955,5.300008378801531,0.9929696843944178,0.8535401897468602,1.4400305328445586,0.9859627647154714,0.9966581047977591,0.008609113649966154,0.017795498259569387
BedSet_09_36.obj,BedSet_09,OB,OB,,0.9823710005268438,0.0174328692295016,56.724716653477536,52.99120221659577,0.018540677523161023,5.300008378801531,0.9929671438126874,0.8505331838173228,1.4457328043120274,0.9960589459739533,0.9990391441323928,0.008241855656916874,0.017355823119957783
BedSet_09_37.obj,BedSet_09,OB,OB,,0.9817250717658265,0.01807892931176343,54.719777127722345,53.002514009813396,0.01853672445067508,5.300029329099137,0.992969684394417,0.8535401897468604,1.4400305328445586,0.9859628306141395,0.9966581330177802,0.008609049233957687,0.01779536767470576
BedSet_09_38.obj,BedSet_09,OB,OB,,0.982371131381462,0.017432739811372347,56.725137706654685,52.99141168446404,0.0185406067780616,5.300029329099137,0.9929671438127076,0.8505331838173227,1.4457328043120274,0.9960588808971665,0.99903913272194,0.008241794917823576,0.017355693040816
BedSet_09_39.obj,BedSet_09,OB,OB,,0.9817249397785399,0.018079074775551103,54.7193819271149,53.002304498997056,0.018536795180643047,5.300008378801531,0.9929696953679794,0.8535272660565704,1.440132487262332,0.9859626059558325,0.9966580735466278,0.00860948364950672,0.017795506272072208
BedSet_09_40.obj,BedSet_09,OB,OB,,0.9823710038781462,0.017432936946042796,56.72472743694407,53.002304497674345,0.018536795181105483,5.300008378801531,0.9929696953659626,0.8505450486965571,1.4458337763295217,0.9960591603161721,0.9990392185864391,0.008242310523105114,0.017355894918457772
BedSet_09_41.obj,BedSet_09,M,M,,0.9948026733888816,0.00513946035852256,192.40661109510833,93.61575505820076,0.010626776788054484,9.853746744633895,0.9768007199601527,0.4363168046866333,1.6217733994565775,1.0,1.0,0.0022373467472029127,0.00513946035852256
BedSet_09_42.obj,BedSet_09,M,M,,0.9948026276933948,0.005139507795470714,192.4049194491634,93.61533603223094,0.010626823863723503,9.853702639314626,0.9768001447334502,0.4362972918162425,1.6218722528843166,0.9999999999999999,1.0,0.0022374611189682723,0.005139507795470713
BedSet_09_43.obj,BedSet_09,M,M,,0.9948026268621554,0.005139506367227218,192.40488867697874,93.61533603456718,0.010626823863458331,9.853702639314626,0.9768007199601528,0.43631680468663314,1.621773399456577,1.0,1.0,0.0022373667760422315,0.005139506367227218
BedSet_09_44.obj,BedSet_09,M,M,,0.9948026742201136,0.005139461786753268,192.40664186756854,93.61575505586453,0.010626776788319652,9.853746744633895,0.9768001447334502,0.43629729181624244,1.6218722528843161,1.0,1.0,0.002237441089284396,0.005139461786753268
BedSet_09_45.obj,BedSet_09,OB,OB,,0.7203795911453409,0.27961013849634236,3.5762768679717327,312.03072364009023,0.0027888400919168503,1.7662512203632703,0.9905664852301742,0.8888888888888888,1.1111111111111112,1.0,1.0,0.11308676712518735,0.27961013849634236
BedSet_09_46.obj,BedSet_09,OB,OB,,0.7203793193371403,0.27961041021260585,3.5762733916144827,312.0293269921913,0.002788852220569848,1.7662502963800133,0.9905664479403858,0.8888888888888888,1.1111111111111112,1.0,1.0,0.11308687701932059,0.27961041021260585
BedSet_09_47.obj,BedSet_09,OB,OB,,0.7203770879695381,0.2796126415802043,3.5762448532499964,312.0293269921913,0.002788849544627701,1.7662433146319785,0.9905664852301742,0.888888888888889,1.1111111111111112,1.0,1.0,0.1130877794835493,0.2796126415802043
BedSet_09_48.obj,BedSet_09,OB,OB,,0.7203818224929679,0.279607907148719,3.5763054065916973,312.03072364009023,0.0027888427678317874,1.7662582021425557,0.990566447940386,0.888888888888889,1.1111111111111112,1.0,1.0,0.11308586466903747,0.279607907148719
BedSet_09_49.obj,BedSet_09,OB,OB,,0.9767451894566824,0.023107362849042093,43.00185538545301,70.00335210154505,0.014112000442850617,6.392859533767266,0.9231152955541532,0.9278239026508055,1.3993988298907485,0.8709179580805857,0.9702425333063216,0.012188998179424553,0.01982518845506057
BedSet_09_50.obj,BedSet_09,M,M,,0.999303324517239,0.00025079383256813723,1435.3885341810287,45.499764283406776,0.02196454649656683,36.400192724388546,0.9999999999999575,1.0,1.0,1.0,1.0,0.0001003175330272549,0.00025079383256813723
BedSet_09_51.obj,BedSet_09,M,M,,0.999303324517239,0.0002508405376276855,1435.3885341810287,45.5021474675544,0.02196339665397064,36.400192724388546,0.9999999999999575,1.0,1.0,1.0,1.0,0.0001003362150510742,0.0002508405376276855
BedSet_10_01.obj,BedSet_10,OB,OB,,0.21976742394090515,0.774752534448506,1.2816691210854645,11.031762820098841,0.06722525407826994,1.1111123654170458,0.9923011752293346,0.9999999999013797,1.000018530803542,0.9582921475380629,0.9555559574684627,0.32982209844735433,0.7259407687996848
BedSet_10_02.obj,BedSet_10,OB,M,x,0.9768096225518409,0.022410915895629612,43.12133350288756,35.818108748479446,0.027590131264513276,6.566683599387884,0.9999999999999905,1.0,1.0,0.9999999999999996,1.0,0.00896436635825185,0.022410915895629602
BedSet_10_03.obj,BedSet_10,OB,OB,,0.8472259388802615,0.1519946427628271,6.54561378201595,35.81910126032584,0.02599360100083079,2.5584397162161046,0.9999999999999969,1.0,1.0,0.9999999999999998,1.0,0.06079785710513085,0.15199464276282706
BedSet_10_04.obj,BedSet_10,M,M,,0.9962484322687614,0.0026952815533118294,266.555230143676,30.768703826974363,0.0324227082133466,16.32651922548094,0.9999999999999828,1.0,1.0,1.0,1.0,0.001078112621324732,0.0026952815533118294
BedSet_10_05.obj,BedSet_10,M,M,,0.9981937047416274,0.0010500628778392792,553.619346208592,36.36405996194515,0.02746451287004747,23.529116979750356,0.9999999999999708,1.0,1.0,1.0,1.0,0.00042002515113571167,0.0010500628778392792
BedSet_10_06.obj,BedSet_10,M,M,,0.9962484322687614,0.0026952815533118294,266.555230143676,30.768703826974363,0.0324227082133466,16.32651922548094,0.9999999999999828,1.0,1.0,1.0,1.0,0.001078112621324732,0.0026952815533118294
BedSet_10_07.obj,BedSet_10,M,M,,0.9981937047416274,0.0010500628778392785,553.6193462085921,36.36405996194515,0.02746451287004747,23.529116979750356,0.9999999999999708,1.0,1.0,1.0,1.0,0.00042002515113571145,0.0010500628778392785
BedSet_10_08.obj,BedSet_10,M,M,,0.9997584977073632,6.784806750951553e-06,4140.740845268057,46.005467033979734,0.021726217856998516,45.9959263219956,0.772353817758797,0.9995616214653439,1.041417477837555,0.9998168100622524,0.9999948805869595,2.7756531337091437e-06,6.783546478692619e-06
BedSet_10_09.obj,BedSet_10,M,M,,0.9961113406088518,0.003836552346552016,257.15801208498675,101.7325082673175,0.009807646568354223,15.071096128879208,0.9668313465977075,0.9999999998887373,1.0000198482580958,0.9999976168145752,0.9999997995453099,0.0015346410836870282,0.0038365428188098425
BedSet_10_10.obj,BedSet_10,M,M,,0.9998940710069107,1.3264050616688187e-05,9440.284515031497,71.50129627917028,0.013983005038392365,71.50129627916796,0.7742774811803169,0.9983759534312647,1.071891943003368,0.9999993778286358,0.999999039226319,5.511536104136165e-06,1.3264035992304317e-05
BedSet_10_11.obj,BedSet_10,M,M,,0.9920828720899306,0.007816854014513859,126.30840967876827,71.67644898576893,0.01388876377236491,10.618460816897679,0.9663973445229448,0.9993318236280033,1.0458606457299744,0.9999997730212885,0.9999998479286876,0.0032046692912782726,0.007816851645894915
BedSet_10_12.obj,BedSet_10,M,M,,0.9960533399365284,0.0038937760633077786,253.37878140218456,100.98243157854523,0.009880166494524775,14.960206338476668,0.9668454914658091,0.9999999999099733,1.0000181252640266,0.9999988082396177,0.9999998990222367,0.001557527674371256,0.0038937712262675644
BedSet_10_13.obj,BedSet_10,M,M,,0.9997585341882221,6.715094125203831e-06,4141.366431894793,46.005467033979734,0.021726217856998506,45.9959263219719,0.7723591878683035,0.9995573374751552,1.0417205583104785,0.9998090298185164,0.9999946647705531,2.7475950317126266e-06,6.713793832597006e-06
BedSet_10_14.obj,BedSet_10,M,M,,0.9997585341882672,6.715094080270389e-06,4141.366432666265,46.005467033979734,0.0217262178569994,45.99592632597676,0.7723591878602347,0.9995573374747827,1.0417205583323137,0.99980902982027,0.9999946647706017,2.747595013354949e-06,6.713793787684205e-06
BedSet_10_15.obj,BedSet_10,M,M,,0.9997584976436812,6.751518552239676e-06,4140.73975339123,46.005467033979734,0.021726217856999405,45.99592632600046,0.7724054006250123,0.9995629984266812,1.0413541965115614,0.9998169406719594,0.9999948823843368,2.7619423549024813e-06,6.750265351114205e-06
BedSet_10_16.obj,BedSet_10,M,M,,0.9997585060031383,6.776628693609568e-06,4140.88308753999,46.005467033979734,0.021726217856998506,45.9959263219719,0.7723538177594943,0.9995562738817672,1.0417663074270738,0.9998084176647645,0.999994649725939,2.772841332999487e-06,6.775312286322145e-06
BedSet_10_17.obj,BedSet_10,M,M,,0.9997584977073619,6.784806752258256e-06,4140.740845245673,46.005467033979734,0.021726217856998423,45.99592632159275,0.7723538177539335,0.9995616214653499,1.0414174778374015,0.9998168100625772,0.9999948805869681,2.7756531342427063e-06,6.783546480001311e-06
BedSet_10_18.obj,BedSet_10,M,M,,0.9997584968090277,6.785691820492601e-06,4140.725442678181,46.005467033979734,0.021726217856999405,45.99592632600046,0.7723538178798488,0.9995622561618562,1.0413807386240208,0.9998177420451534,0.9999949062244257,2.7759588862573294e-06,6.784437794933408e-06
BedSet_10_19.obj,BedSet_10,M,M,,0.9997137889402754,2.3166190889621368e-07,3493.92432831389,41.666050279939775,0.02398651864280566,41.6660502799362,0.7763285513197602,0.9995619182841529,1.039475126546562,0.9999899622108364,0.9999996000325103,9.465920726843801e-08,2.3165953719466388e-07
BedSet_10_20.obj,BedSet_10,M,M,,0.9998940710069092,1.3264182231539812e-05,9440.284514902522,71.50129627917028,0.013983005038392365,71.50129627916796,0.7742780124840017,0.9983750173192653,1.0719156150787896,0.9999993784478827,0.9999990415988094,5.511657625512698e-06,1.326416763095919e-05
BedSet_10_21.obj,BedSet_10,M,M,,0.9997584976436807,6.751518552643039e-06,4140.73975338431,46.005467033979734,0.0217262178569994,45.99592632597676,0.7724054006249551,0.9995629984266803,1.0413541965116275,0.9998169406719573,0.9999948823843369,2.761942355067593e-06,6.750265351517479e-06
BedSet_10_22.obj,BedSet_10,M,M,,0.9994739296641143,4.219653684790965e-07,1900.8857483028635,30.732842737651616,0.03250405239483997,30.732842737648976,0.7762686603057529,0.9995617283202092,1.0394836004697066,0.9999905984173494,0.9999994405461279,1.7241966316886266e-07,4.219612833028391e-07
BedSet_10_23.obj,BedSet_10,M,M,,0.9997585826058033,6.666725237802781e-06,4142.197005625463,46.005467033979734,0.0217262199844526,46.005467033979734,0.7724402284059431,0.9995582247722097,1.0416618409135845,0.9998092853939698,0.9999946728624458,2.7277184136676648e-06,6.665436042030927e-06
BedSet_10_24.obj,BedSet_10,M,M,,0.9997137887069082,2.3597622335346326e-07,3493.921479483863,41.666050279939775,0.02398651864280566,41.6660502799362,0.7763285513197923,0.9995599061676768,1.0395844040758508,0.9999900528661091,0.9999996020235706,9.642765626667867e-08,2.3597382911035419e-07
BedSet_10_25.obj,BedSet_10,M,M,,0.9997585826743843,6.700003648983703e-06,4142.19818232568,46.005467033979734,0.0217262199844526,46.005467033979734,0.772388656344595,0.9995568367163302,1.0417257389828092,0.9998091488900513,0.9999946709025677,2.7414272494790333e-06,6.69870709677168e-06
BedSet_10_26.obj,BedSet_10,M,M,,0.9997585138448185,6.768665755253031e-06,4141.017552725934,46.005467033979734,0.0217262178569994,45.99592632597676,0.7723270957258765,0.9995619561290712,1.0413984279746495,0.9998172824887926,0.9999948935823023,2.76902077855322e-06,6.7674117228324265e-06
BedSet_10_27.obj,BedSet_10,M,M,,0.9997585342554239,6.748375339288396e-06,4141.367584469143,46.005467033979734,0.0217262178569994,45.99592632597676,0.7723076050428204,0.999555944520377,1.041784718385358,0.999808895313213,0.9999946628648585,2.761306490453345e-06,6.747067688078783e-06
BedSet_10_28.obj,BedSet_10,M,M,,0.9994633286127993,5.614901265409448e-07,1863.3355743061616,30.55872005307814,0.0326888390825923,30.55519906627544,0.7754056701474057,0.9996034973942455,1.0398516367090003,0.9999999999999967,0.9999999999999999,2.2947876292118051e-07,5.614901265409429e-07
BedSet_10_29.obj,BedSet_10,M,M,,0.9997585059361617,6.743347074184638e-06,4140.881939095003,46.005467033979734,0.021726217856998506,45.9959263219719,0.7724054005769018,0.9995576636057972,1.0417023006201784,0.9998085516833022,0.9999946516183237,2.7591296671314385e-06,6.742038042193799e-06
BedSet_10_30.obj,BedSet_10,M,M,,0.9994739276232062,4.257260645029056e-07,1900.8783737796257,30.732842737651616,0.03250405239483997,30.732842737648976,0.7762686603057838,0.9995619172688397,1.0394726238452345,0.9999913306963933,0.9999994690253873,1.7395519895005288e-07,4.257222607305129e-07
BedSet_10_31.obj,BedSet_10,M,M,,0.9997584976436574,6.7515185759823615e-06,4140.739752983048,46.005467033979734,0.021726217856996424,45.99592631263514,0.7724054004395,0.9995629984267022,1.0413541965031332,0.9998169406722691,0.9999948823843441,2.7619423646020123e-06,6.7502653748546e-06
BedSet_10_32.obj,BedSet_10,M,M,,0.9997585342553793,6.748375383876757e-06,4141.367583703616,46.005467033979734,0.021726217856998506,45.9959263219719,0.772307605050895,0.999555944520747,1.0417847183636622,0.9998088953114617,0.9999946628648101,2.761306508670509e-06,6.747067732646521e-06
BedSet_10_33.obj,BedSet_10,CA,CA,,0.4972014905624419,0.5024631620471472,1.988863706141846,69.43642996618676,0.011423357071286227,1.302772788157938,0.7852038982027449,0.9999575033813037,1.0126573101764986,0.654662631535827,0.5348540164688467,0.3215420219129213,0.2524403992224027
BedSet_10_34.obj,BedSet_10,M,M,,0.9997584977073491,6.7848067648988995e-06,4140.740845028522,46.005467033979734,0.021726217856996424,45.99592631263514,0.7723538176220874,0.9995616214651654,1.0414174778422598,0.9998168100641689,0.9999948805870112,2.7756531394171467e-06,6.783546492650553e-06
BedSet_10_35.obj,BedSet_10,M,M,,0.9997584976437071,6.751518526338108e-06,4140.739753834159,46.005467033979734,0.0217262178569997,45.99592632732751,0.7724054006086485,0.999562998427207,1.0413541964810349,0.9998169406697196,0.9999948823842756,2.761942344267242e-06,6.750265325202116e-06
BedSet_10_36.obj,BedSet_10,M,M,,0.9997584977073729,6.784806741284851e-06,4140.740845434461,46.005467033979734,0.0217262178569994,45.99592632597676,0.7723538178075586,0.9995616214651513,1.0414174778504068,0.9998168100638546,0.9999948805870041,2.77565312976958e-06,6.783546469038734e-06
BedSet_10_37.obj,BedSet_10,M,M,,0.9997584976436699,6.751518563561648e-06,4140.739753196436,46.005467033979734,0.021726217856998423,45.99592632159275,0.772405400571343,0.9995629984268809,1.041354196498511,0.999816940670678,0.9999948823843015,2.7619423595180722e-06,6.750265362425306e-06
BedSet_10_38.obj,BedSet_10,M,M,,0.9997584977073994,6.784806714682892e-06,4140.740845889438,46.005467033979734,0.0217262178569997,45.99592632732751,0.7723538177912189,0.9995616214656777,1.0414174778198475,0.9998168100616192,0.9999948805869426,2.7756531188472044e-06,6.78354644242634e-06
BedSet_10_39.obj,BedSet_10,M,M,,0.9997585137810892,6.735377641110654e-06,4141.016459890828,46.005467033979734,0.0217262178569994,45.99592632597676,0.7723786999380651,0.9995633320864303,1.0413351708662908,0.9998174133090749,0.9999948953853908,2.755310433078956e-06,6.734130663180283e-06
BedSet_10_40.obj,BedSet_10,CA,CA,,0.4972981656502214,0.5023664846818314,1.9892461865406266,69.43539283997029,0.011423464422180198,1.3027533294989406,0.7852174551875694,0.9999666343067398,1.0111282878763563,0.6546331905353473,0.5347991668078214,0.3213240574063023,0.252371458489299
BedSet_10_41.obj,BedSet_10,M,M,,0.9997585341882157,6.715094131748682e-06,4141.366431782621,46.005467033979734,0.021726217856998506,45.9959263219719,0.7723591878781412,0.9995573374751108,1.0417205583130615,0.9998090298189066,0.9999946647705638,2.7475950343933906e-06,6.713793839143246e-06
BedSet_10_42.obj,BedSet_10,M,M,,0.992076610974801,0.007823035826632213,126.20859991018344,71.67644898576893,0.01388876377236491,10.618460816897679,0.9662093254132804,0.9993313089727741,1.0458835428179751,0.999999548004471,0.9999997681758342,0.0032072430985916945,0.007823031383871028
BedSet_10_43.obj,BedSet_10,M,M,,0.9684277215042767,0.03133336711621707,31.67334247919007,70.001350305769,0.014078631546677368,5.833352792340598,0.7332491600610205,0.9995545741517387,1.0422949973139835,0.7522719858388868,0.8017700293789155,0.017091945066323493,0.021234953744088927
BedSet_10_44.obj,BedSet_10,M,M,,0.9997584967456049,6.75240309302559e-06,4140.724355255266,46.005467033979734,0.021726217856999405,45.99592632600046,0.7724054006972532,0.9995636335215655,1.0413174089129955,0.9998178723720573,0.9999949080138872,2.7622480846195363e-06,6.751156105427016e-06
BedSet_10_45.obj,BedSet_10,M,M,,0.9997584976436714,6.751518561981023e-06,4140.739753223518,46.005467033979734,0.021726217856998516,45.9959263219956,0.772405400576214,0.9995629984268749,1.0413541964986774,0.9998169406703533,0.9999948823842923,2.7619423588724853e-06,6.750265360842751e-06
BedSet_10_46.obj,BedSet_10,OB,OB,,0.519597621897042,0.4700242134006219,2.0815881816262354,9.999998549743768,0.08164965712556416,1.4285713989740632,0.9992251479733673,0.9999599276794039,1.0124587638158113,0.9700883984221943,0.9584387179275574,0.1990990117926299,0.44648979065101774
BedSet_10_47.obj,BedSet_10,OB,OB,,0.9550546818709094,0.03596214400222625,22.24925470407527,6.761875140100466,0.1432226927508678,4.749156760837155,0.9997894028511395,0.8177431398895506,1.7474359824017203,1.0,1.0,0.01911854315507384,0.03596214400222625
BedSet_11_01.obj,BedSet_11,OB,OB,,0.3834474098032569,0.6110722266631378,1.6219216590766634,11.031750210889498,0.07060709747526983,1.249999761853647,0.9923014750810869,0.9999999999883892,1.0000064284227967,0.9776365346965437,0.9690033030237545,0.25394805242344676,0.5881477194693115
BedSet_11_02.obj,BedSet_11,OB,OB,,0.9712727052582939,0.027761738446092407,34.81009990641755,32.18186434635127,0.030622098642532795,5.9000084660877885,0.9999999999999923,1.0,1.0,0.9999999999999993,0.9999999999999999,0.01110469537843697,0.02776173844609239
BedSet_11_03.obj,BedSet_11,OB,OB,,0.8107497175291171,0.18828468158352216,5.284007965239101,32.18112125355684,0.028483014913883227,2.2986970145822894,0.9999999999999977,1.0,1.0,1.0,1.0,0.07531387263340887,0.18828468158352216
BedSet_11_04.obj,BedSet_11,M,M,,0.9962484294099887,0.0026953661570284855,266.55502702320024,30.76989447637728,0.03242145488120966,16.326513005065078,0.9999999999999857,1.0,1.0,1.0,1.0,0.0010781464628113943,0.0026953661570284855
BedSet_11_05.obj,BedSet_11,M,M,,0.9981938113150575,0.0010499557281664204,553.6520122933567,36.36404610806336,0.02746452478592465,23.52981113281366,0.9999999999999749,1.0,1.0,1.0,1.0,0.00041998229126656816,0.0010499557281664204
BedSet_11_06.obj,BedSet_11,M,M,,0.9962484294099887,0.0026953661570284855,266.55502702320024,30.76989447637728,0.03242145488120966,16.326513005065078,0.9999999999999857,1.0,1.0,1.0,1.0,0.0010781464628113943,0.0026953661570284855
BedSet_11_07.obj,BedSet_11,M,M,,0.9981938113150575,0.0010499557281664204,553.6520122933567,36.36404610806336,0.02746452478592465,23.52981113281366,0.9999999999999749,1.0,1.0,1.0,1.0,0.00041998229126656816,0.0010499557281664204
BedSet_11_08.obj,BedSet_11,M,M,,0.9936345640865808,0.005741301651411431,157.09833619249412,38.095089630242626,0.026167582371915778,13.333293478837843,0.999749450357659,0.9382716049382717,1.5061728395061729,1.0,1.0,0.002872068431051743,0.005741301651411431
BedSet_11_09.obj,BedSet_11,M,M,,0.9936345640872034,0.00574130165078876,157.09833620785918,38.095089630242626,0.02616758237192293,13.33329347948994,0.9997494503576473,0.9382716049382717,1.506172839506173,1.0,1.0,0.002872068430740255,0.00574130165078876
BedSet_11_10.obj,BedSet_11,M,M,,0.9936345640872034,0.005741301650788968,157.09833620785932,38.095089630242626,0.02616758237192293,13.33329347948994,0.9997494503576465,0.9382716049382717,1.506172839506173,1.0,1.0,0.0028720684307403585,0.005741301650788968
BedSet_11_11.obj,BedSet_11,M,M,,0.994313398300283,0.005032238213401242,175.8518467303469,38.095089630242626,0.026167582371922935,13.33329347949052,0.9997494503576473,0.9387755102040819,1.346938775510204,0.9567265360291907,0.995570729923238,0.002423320368508804,0.004803813527506835
BedSet_11_12.obj,BedSet_11,M,M,,0.993634564087204,0.005741301650788399,157.09833620787265,38.095089630242626,0.026167582371922935,13.33329347949052,0.9997494503576473,0.9382716049382717,1.506172839506173,1.0,1.0,0.002872068430740074,0.005741301650788399
BedSet_11_13.obj,BedSet_11,M,M,,0.993634564087204,0.005741301650788349,157.0983362078728,38.095089630242626,0.026167582371922935,13.33329347949052,0.9997494503576473,0.9382716049382717,1.506172839506173,1.0,1.0,0.0028720684307400493,0.005741301650788349
BedSet_11_14.obj,BedSet_11,M,M,,0.9936345640878266,0.005741301650165701,157.09833622323805,38.095089630242626,0.02616758237193009,13.333293480142617,0.9997494503576337,0.9382716049382717,1.506172839506173,1.0,1.0,0.0028720684304285714,0.005741301650165701
BedSet_11_15.obj,BedSet_11,M,M,,0.993634564087204,0.005741301650788201,157.09833620787293,38.095089630242626,0.026167582371922935,13.33329347949052,0.9997494503576473,0.9382716049382717,1.506172839506173,1.0,1.0,0.002872068430739975,0.005741301650788201
BedSet_11_16.obj,BedSet_11,M,M,,0.9936345640870796,0.005741301650912681,157.09833620480242,38.095089630242626,0.02616758237192151,13.333293479360217,0.9997494503576496,0.9382716049382717,1.506172839506173,1.0,1.0,0.002872068430802246,0.005741301650912681
BedSet_11_17.obj,BedSet_11,M,M,,0.9936345640871415,0.005741301650850873,157.09833620633106,38.095089630242626,0.02616758237192222,13.333293479425079,0.9997494503576485,0.9382716049382717,1.5061728395061729,0.9999999999999999,1.0,0.002872068430771326,0.005741301650850872
BedSet_11_18.obj,BedSet_11,M,M,,0.9936345640872659,0.00574130165072628,157.0983362094012,38.095089630242626,0.026167582371923646,13.333293479555381,0.999749450357646,0.9382716049382717,1.506172839506173,1.0,1.0,0.0028720684307089995,0.00574130165072628
BedSet_11_19.obj,BedSet_11,M,M,,0.9936345640873278,0.005741301650664208,157.0983362109294,38.095089630242626,0.02616758237192436,13.333293479620245,0.9997494503576444,0.9382716049382717,1.506172839506173,1.0,1.0,0.002872068430677948,0.005741301650664208
BedSet_11_20.obj,BedSet_11,M,M,,0.9936345640874527,0.005741301650539182,157.09833621401373,38.095089630242626,0.026167582371925794,13.333293479751127,0.9997494503576421,0.9382716049382717,1.506172839506173,1.0,1.0,0.002872068430615404,0.005741301650539182
BedSet_11_21.obj,BedSet_11,M,M,,0.9998932380828571,2.2294290402544856e-05,9366.631784031795,77.09582507727477,0.012968499765928693,72.10581589888042,0.7706434085152426,1.0,1.000000000061037,1.0,1.0,8.917716161317314e-06,2.2294290402544856e-05
BedSet_11_22.obj,BedSet_11,M,M,,0.9998944354161118,2.202488341448918e-05,9472.869919674762,77.55864696129171,0.012891138593980245,72.51358192127672,0.7710084946627679,0.9999999996932524,1.0000336515663113,1.0,1.0,8.810116422381015e-06,2.202488341448918e-05
BedSet_11_23.obj,BedSet_11,M,M,,0.9998858907221839,2.3828665342253974e-05,8763.525242955673,74.63703981321463,0.013395559946523045,69.74578913838789,0.7712575959265016,1.0,1.0000000000737215,1.0,1.0,9.531466137288061e-06,2.3828665342253974e-05
BedSet_11_24.obj,BedSet_11,M,M,,0.9998796038368236,3.1660990932451246e-05,8305.90860137472,73.86101010032975,0.013536248486077556,69.05647038606091,0.7709324854598495,0.9989917331430328,1.0620179077397103,1.0,1.0,1.3090630933184875e-05,3.1660990932451246e-05
BedSet_11_25.obj,BedSet_11,M,M,,0.9998920348830804,2.2525728080012623e-05,9262.246826382783,76.69156711842477,0.01303683382762047,71.70290423390492,0.7709913273318357,0.9999999996932526,1.0000336515721329,1.0,1.0,9.010457996517236e-06,2.2525728080012623e-05
BedSet_11_26.obj,BedSet_11,OB,OB,,0.3665960751982387,0.6321844190495516,1.5787712605611486,18.348664785527966,0.042518777055658256,1.250001461450491,0.9990203983538702,0.7726017395859843,2.1536830935841915,0.8518150633624731,0.8913416562422545,0.41603906593210915,0.5092477231342054
BedSet_11_27.obj,BedSet_11,M,M,,0.9963365457958011,0.003621403313020422,272.9664025634249,113.27325373528971,0.008809514075279723,15.49026150370208,0.9655539257552156,0.9999999999999599,1.0000003978270695,1.0,1.0,0.0014485616421604417,0.003621403313020422
BedSet_11_28.obj,BedSet_11,M,M,,0.9939684025924264,0.005484505307730985,165.79345636524812,38.09518963014576,0.02616751411299248,13.333328479487824,0.9997494510151781,0.8888888888888887,1.7777777777777777,0.9999999999999741,0.9999999999999974,0.0030225718140384633,0.005484505307730836
BedSet_11_29.obj,BedSet_11,M,M,,0.9936345993332598,0.005741269860000695,157.09920608243516,38.09518963014576,0.02616751411299248,13.333328479487824,0.9997494510151764,0.9382716049382717,1.506172839506173,1.0,1.0,0.002872052527496645,0.005741269860000695
BedSet_11_30.obj,BedSet_11,M,M,,0.9936345993338824,0.005741269859378034,157.09920609780036,38.09518963014576,0.026167514112999626,13.333328480139922,0.999749451015163,0.9382716049382717,1.506172839506173,1.0,1.0,0.002872052527185161,0.005741269859378034
BedSet_11_31.obj,BedSet_11,M,M,,0.9936345993326373,0.005741269860623264,157.09920606706982,38.09518963014576,0.026167514112985325,13.333328478835725,0.9997494510151878,0.9382716049382717,1.5061728395061729,1.0,1.0,0.0028720525278080823,0.005741269860623264
BedSet_11_32.obj,BedSet_11,M,M,,0.9936345993332598,0.00574126986000064,157.09920608243507,38.09518963014576,0.02616751411299248,13.333328479487824,0.9997494510151764,0.9382716049382717,1.506172839506173,1.0,1.0,0.0028720525274966175,0.00574126986000064
BedSet_11_33.obj,BedSet_11,M,M,,0.9936345993332598,0.005741269860000695,157.09920608243516,38.09518963014576,0.02616751411299248,13.333328479487824,0.9997494510151754,0.9382716049382717,1.506172839506173,1.0,1.0,0.002872052527496645,0.005741269860000695
BedSet_11_34.obj,BedSet_11,M,M,,0.9943134291682145,0.005032210897624323,175.85280129261125,38.09518963014576,0.026167514112992483,13.333328479488403,0.9997494510151743,0.9387755102040819,1.346938775510204,0.9567265459613703,0.9955707425280051,0.0024233071809956755,0.0048037875318675165
BedSet_11_35.obj,BedSet_11,M,M,,0.9936345993332605,0.005741269859999817,157.0992060824486,38.09518963014576,0.026167514112992483,13.333328479488403,0.9997494510151762,0.9382716049382717,1.506172839506173,1.0,1.0,0.002872052527496206,0.005741269859999817
BedSet_11_36.obj,BedSet_11,M,M,,0.9936345993332605,0.005741269860000344,157.0992060824487,38.09518963014576,0.026167514112992483,13.333328479488403,0.9997494510151743,0.9382716049382717,1.506172839506173,1.0,1.0,0.002872052527496469,0.005741269860000344
BedSet_11_37.obj,BedSet_11,M,M,,0.993634599333883,0.005741269859377631,157.09920609781403,38.09518963014576,0.026167514112999637,13.333328480140501,0.999749451015163,0.9382716049382717,1.5061728395061729,1.0,1.0,0.0028720525271849584,0.005741269859377631
BedSet_11_38.obj,BedSet_11,M,M,,0.9936345993332605,0.005741269860000259,157.09920608244883,38.09518963014576,0.026167514112992483,13.333328479488403,0.9997494510151752,0.9382716049382717,1.506172839506173,0.9999999999999999,1.0,0.0028720525274964267,0.005741269860000258
BedSet_11_39.obj,BedSet_11,M,M,,0.993634599333136,0.005741269860124678,157.09920607937835,38.09518963014576,0.026167514112991057,13.333328479358098,0.9997494510151776,0.9382716049382717,1.506172839506173,0.9999999999999999,1.0,0.0028720525275586673,0.0057412698601246774
BedSet_11_40.obj,BedSet_11,M,M,,0.993634599333198,0.005741269860062581,157.0992060809068,38.09518963014576,0.026167514112991768,13.333328479422962,0.9997494510151765,0.9382716049382717,1.506172839506173,1.0,1.0,0.0028720525275276036,0.005741269860062581
BedSet_11_41.obj,BedSet_11,M,M,,0.9936345993333224,0.005741269859938057,157.0992060839771,38.09518963014576,0.026167514112993197,13.333328479553265,0.9997494510151743,0.9382716049382717,1.506172839506173,1.0,1.0,0.0028720525274653105,0.005741269859938057
BedSet_11_42.obj,BedSet_11,M,M,,0.9936345993333843,0.0057412698598763605,157.0992060855053,38.09518963014576,0.02616751411299391,13.333328479618128,0.9997494510151728,0.9382716049382717,1.506172839506173,1.0,1.0,0.002872052527434447,0.0057412698598763605
BedSet_11_43.obj,BedSet_11,M,M,,0.9936345993335092,0.005741269859751254,157.09920608858954,38.09518963014576,0.02616751411299534,13.33332847974901,0.9997494510151703,0.9382716049382717,1.506172839506173,1.0,1.0,0.0028720525273718627,0.005741269859751254
BedSet_11_44.obj,BedSet_11,M,M,,0.9997968351896869,4.239878086927231e-05,4922.10818313725,55.902107244763755,0.01788223427295043,52.268040760284485,0.7703016590001135,0.9999999919941435,1.0001718532979738,1.0,1.0,1.6961115288080924e-05,4.239878086927231e-05
BedSet_11_45.obj,BedSet_11,M,M,,0.9997999674935829,4.1810529905773735e-05,4999.18341270226,56.36247046496714,0.017736270044017798,52.67568343462438,0.7704903189474545,0.9999999999999998,1.0000000001027636,1.0,1.0,1.6724211963254746e-05,4.1810529905773735e-05
BedSet_11_46.obj,BedSet_11,M,M,,0.9997771729587788,4.6623552225761833e-05,4487.781599932778,53.42497250644775,0.01871075770155935,49.90872790114217,0.7706005022092776,1.0000000000000002,1.0000000001027352,1.0,1.0,1.864942089135851e-05,4.6623552225761833e-05
BedSet_11_47.obj,BedSet_11,M,M,,0.99976302152211,6.24009787618109e-05,4219.788560387198,52.66451359959084,0.01898073113274602,49.21961766576772,0.770343854415818,0.9989902374324086,1.0620696384728794,0.9999999999999999,1.0,2.5801155035929985e-05,6.240097876181088e-05
BedSet_11_48.obj,BedSet_11,M,M,,0.9997936673499577,4.312737764573319e-05,4846.538646718523,55.495315594474626,0.01801322081736091,51.86525097493613,0.7704577207182616,1.0000000000000002,1.0000000001027636,1.0,1.0,1.7250951059268302e-05,4.312737764573319e-05
BedSet_11_49.obj,BedSet_11,M,M,,0.9996075551697006,9.34653370425791e-05,2548.128641676116,51.26600040124604,0.019498535681083187,50.34321307053193,0.9849359857162541,0.9640880579053482,1.41158539778637,0.9516902172753412,0.9954434358875327,4.693195558563663e-05,8.87473936219712e-05
BedSet_11_50.obj,BedSet_11,M,M,,0.9941968443419281,0.005718885134378673,172.32001421235722,79.99926263299736,0.012458072216705592,12.307594145312539,0.9655516224178651,0.9999999999517104,1.0000131605547211,1.0,1.0,0.0022875706117159262,0.005718885134378673
BedSet_11_51.obj,BedSet_11,M,CA,x,0.6730526583202485,0.3252834678187425,3.0585925424270655,17.585648586385197,0.044686507583969096,1.2740390830547772,0.28434519864778324,0.9851816535658915,1.22429782784609,0.4684128068487927,0.4210825564977595,0.2528958926987197,0.10826300186121685
BedSet_11_52.obj,BedSet_11,M,M,,0.9941968443419281,0.0057188842157805285,172.32001421235887,79.99926264473501,0.012458072214877998,12.307594145312539,0.9655523816130507,0.9999999999516328,1.0000130846214834,1.0,0.9999999999999999,0.002287570148738182,0.0057188842157805285
BedSet_11_53.obj,BedSet_11,SL,SL,,0.17975485154617618,0.8032806271512211,1.2183854925003628,12.09042314173202,0.0611392046483082,1.1021442618877475,0.7254885980597436,0.9999999999943552,1.0000047187624819,0.776665865075679,0.49953828098469744,0.4846058800347262,0.467766453610584
BedSet_12_01.obj,BedSet_12,OB,OB,,0.5279303354791022,0.4665891790766685,2.118331414103509,11.03175161198236,0.07405734353783028,1.4285710138500605,0.9923014530526036,0.9999999998876214,1.0000181506876609,0.9849468840011201,0.9740143698172684,0.19212695560885917,0.45359450772222853
BedSet_12_02.obj,BedSet_12,OB,OB,,0.9634874807133504,0.0352852816086508,27.387866395883425,28.545368884876027,0.03438904476319358,5.233341799555157,0.9999999999999909,1.0,1.0,0.9999999999999994,0.9999999999999999,0.014114112643460328,0.03528528160865078
BedSet_12_03.obj,BedSet_12,OB,OB,,0.7594620499123064,0.23931078041981158,4.157348142508511,28.546159870436,0.031436383467268555,2.0389576116767856,0.9999999999999957,1.0,1.0,1.0,1.0,0.09572431216792464,0.23931078041981158
BedSet_12_04.obj,BedSet_12,M,M,,0.9962484303628786,0.0026953654724025445,266.55509472756836,30.769898384450645,0.03242145078368787,16.326515078657895,0.9999999999999872,1.0,1.0,1.0,1.0,0.001078146188961018,0.0026953654724025445
BedSet_12_05.obj,BedSet_12,M,M,,0.9981938117736947,0.0010499554616145437,553.6521528797646,36.36405072698235,0.027464521306937884,23.529814120510625,0.9999999999999786,1.0,1.0,1.0,1.0,0.00041998218464581747,0.0010499554616145437
BedSet_12_06.obj,BedSet_12,M,M,,0.9962484303628786,0.0026953654724026265,266.5550947275683,30.769898384451825,0.03242145078368663,16.326515078657895,0.9999999999999872,1.0,1.0,1.0,1.0,0.0010781461889610507,0.0026953654724026265
BedSet_12_07.obj,BedSet_12,M,M,,0.9981938117736947,0.0010499554616145437,553.6521528797646,36.36405072698235,0.027464521306937884,23.529814120510625,0.9999999999999786,1.0,1.0,1.0,1.0,0.00041998218464581747,0.0010499554616145437
BedSet_12_08.obj,BedSet_12,M,M,,0.996248370602123,0.0026953639363343405,266.5508321975963,30.769894436590526,0.032421442184665375,16.326515913538554,0.9999903294698087,1.0,1.0,1.0,1.0,0.0010781455745337363,0.0026953639363343405
BedSet_12_09.obj,BedSet_12,OB,OB,,0.4821358865093312,0.5152218739388508,1.9310080727535295,19.455008979847612,0.041684470183319555,1.389607410154969,0.9999966014219267,1.0,1.0,0.9999999999999988,0.9999999999999992,0.20608874957554066,0.5152218739388499
BedSet_12_10.obj,BedSet_12,OB,OB,,0.9213905018011119,0.07596711222532826,12.721106312239206,19.45446990121336,0.049433007871126866,3.566670604219539,0.9999912772423181,1.0,1.0,1.0,1.0,0.030386844890131305,0.07596711222532826
BedSet_12_11.obj,BedSet_12,OB,OB,,0.8049023445565777,0.18961699660751044,5.125637896054741,11.0317543028337,0.08238231211888107,2.2222201225218257,0.9923004063122116,0.9999999999055562,1.0000171644909202,0.9917212177016488,0.9785415767050021,0.07741416435573417,0.18602960057717988
BedSet_13_01.obj,BedSet_13,OB,OB,,0.8049023959316468,0.18961700871032788,5.125639572947205,11.03175581523311,0.08238231304932431,2.222220183891164,0.9923008745972343,0.9999999999055562,1.0000171644909104,0.9917212177016487,0.978541576526033,0.077414169305386,0.18602961243419475
BedSet_13_02.obj,BedSet_13,OB,OB,,0.921390701061021,0.075967128653976,12.721141308944121,19.454478692709973,0.04943300897540222,3.5666708997143473,0.9999999999999919,1.0,1.0,1.0,1.0,0.030386851461590397,0.075967128653976
BedSet_13_03.obj,BedSet_13,OB,OB,,0.4821359907760388,0.5152219853607317,1.9310088791424636,19.45501777183155,0.04168447096856203,1.3896074550096817,0.9999999999999984,1.0,1.0,0.9999999999999984,0.9999999999999992,0.2060887941442931,0.5152219853607307
BedSet_13_04.obj,BedSet_13,M,M,,0.9962484322687678,0.0026953641031743207,266.5552301441472,30.76990620260123,0.03242144258661147,16.3265192261018,0.9999999999999903,1.0,1.0,1.0,1.0,0.0010781456412697283,0.0026953641031743207
BedSet_13_05.obj,BedSet_13,M,M,,0.9981938126914354,0.0010499549280608273,553.6524341955806,36.36405996530242,0.027464514348680805,23.529820098981656,0.9999999999999837,1.0,1.0,1.0,1.0,0.00041998197122433093,0.0010499549280608273
BedSet_13_06.obj,BedSet_13,M,M,,0.9997416889999369,0.00019414737479661715,3871.302421327233,124.84051530977095,0.008008928812908786,62.2197911937664,0.9999999999998431,1.0,1.0,1.0,1.0,7.765894991864687e-05,0.00019414737479661715
BedSet_13_07.obj,BedSet_13,M,M,,0.9987645431964134,0.0009285437203086156,809.4172107811934,57.0810953598051,0.017505440252998966,28.45025851742447,0.999999999999658,1.0,1.0,1.0,1.0,0.00037141748812344626,0.0009285437203086156
BedSet_13_08.obj,BedSet_13,M,M,,0.9985705010298301,0.0010744160034420424,699.5457995194506,53.068288277630465,0.018826853707815807,26.44892811802049,0.9999999999996309,1.0,1.0,1.0,1.0,0.000429766401376817,0.0010744160034420424
BedSet_13_09.obj,BedSet_13,M,M,,0.9962484322687678,0.0026953641031743207,266.5552301441472,30.76990620260123,0.03242144258661147,16.3265192261018,0.9999999999999903,1.0,1.0,1.0,1.0,0.0010781456412697283,0.0026953641031743207
BedSet_13_10.obj,BedSet_13,M,M,,0.9981938126914354,0.0010499549280608273,553.6524341955806,36.36405996530242,0.027464514348680805,23.529820098981656,0.9999999999999837,1.0,1.0,1.0,1.0,0.00041998197122433093,0.0010499549280608273
BedSet_13_11.obj,BedSet_13,M,M,,0.9997416889999369,0.00019414737479661715,3871.302421327233,124.84051530977095,0.008008928812908786,62.2197911937664,0.9999999999998431,1.0,1.0,1.0,1.0,7.765894991864687e-05,0.00019414737479661715
BedSet_14_01.obj,BedSet_14,SL,SL,,0.17986730642166598,0.8037831605857038,1.2193148830724965,12.090541275313706,0.061139241171751145,1.1021452435529244,0.7766658650209074,0.9999999999943552,1.0000047187624865,0.7766658650756942,0.49953828098470243,0.4849090501212803,0.46805908892946496
BedSet_14_02.obj,BedSet_14,M,M,,0.9941969780856518,0.005718884985109802,172.32400889738096,79.99937989365215,0.012458072442347746,12.307596920438211,0.9656110153985304,0.9999999999516328,1.0000130846214943,0.9999999999999994,1.0,0.0022875704564721214,0.005718884985109799
BedSet_14_03.obj,BedSet_14,CA,M,x,0.67305353259704,0.3252838903529719,3.058604694346508,17.585657098122667,0.04468650855049179,1.2740391277299994,0.28434653092442275,0.9851816535658914,1.2242978278460925,0.46841280684879305,0.42108255649775916,0.2528962212034909,0.10826314249186242
BedSet_14_04.obj,BedSet_14,M,M,,0.9941969780856516,0.0057188859037082,172.324008897376,79.99937988192097,0.012458072444174325,12.307596920438211,0.9656102561572167,0.9999999999517106,1.0000131605547267,1.0,1.0,0.002287570919449972,0.0057188859037082
BedSet_14_05.obj,BedSet_14,M,M,,0.9996076427713747,9.346534523351306e-05,2548.6977862075205,51.26603865823622,0.01949853596480016,50.34324996266631,0.9850146246024362,0.9640880579053475,1.411585397786376,0.9516902172753411,0.9954434358875328,4.6931959698568446e-05,8.87474013994432e-05
BedSet_14_06.obj,BedSet_14,M,M,,0.9997945046669189,4.3127413764521684e-05,4866.2905624476925,55.49545637391025,0.01801322164048525,51.8653739393468,0.7725822546854759,1.0000000000000002,1.0000000001028,1.0,1.0,1.7250965506784046e-05,4.3127413764521684e-05
BedSet_14_07.obj,BedSet_14,M,M,,0.9997639512440342,6.240103679101356e-05,4236.412922016992,52.66464719790346,0.018980732046666733,49.21973435779496,0.7725822546241903,0.9989902374324087,1.0620696384728854,0.9999999999999999,1.0,2.5801179029471263e-05,6.240103679101354e-05
BedSet_14_08.obj,BedSet_14,M,M,,0.9997780771966459,4.6623594394003354e-05,4506.071412608209,53.42510809254565,0.018710758590051703,49.90884622694216,0.7728096873022182,0.9999999999999998,1.0000000001027716,1.0,1.0,1.864943775865549e-05,4.6623594394003354e-05
BedSet_14_09.obj,BedSet_14,M,M,,0.9998007792490735,4.181056385254267e-05,5019.557427371304,56.362613444182905,0.017736270842026315,52.67580832044386,0.7725822547775276,1.0,1.0000000001028,1.0,1.0,1.6724225541962657e-05,4.181056385254267e-05
BedSet_14_10.obj,BedSet_14,M,M,,0.9997976596538634,4.239881583282699e-05,4942.168080133838,55.90224899480501,0.01788223508379591,52.268164679646816,0.7724084821368862,0.9999999919941435,1.0001718532979862,1.0,1.0,1.6961129274824758e-05,4.239881583282699e-05
BedSet_14_11.obj,BedSet_14,M,M,,0.99363520431618,0.005741273355371236,157.11423424659424,38.095242804679025,0.026167515068776494,13.333334993634804,0.9999999999997513,0.9382716049382717,1.506172839506173,1.0,1.0,0.0028720542760449696,0.005741273355371236
BedSet_14_12.obj,BedSet_14,M,M,,0.9936352043160555,0.005741273355496029,157.11423424351952,38.095242804679025,0.026167515068775064,13.333334993504337,0.9999999999997514,0.9382716049382717,1.506172839506173,1.0,1.0,0.002872054276107397,0.005741273355496029
BedSet_14_13.obj,BedSet_14,M,M,,0.9936352043159937,0.005741273355557713,157.1142342419961,38.095242804679025,0.026167515068774353,13.333334993439697,0.9999999999997513,0.9382716049382717,1.5061728395061729,1.0,1.0,0.002872054276138254,0.005741273355557713
BedSet_14_14.obj,BedSet_14,M,M,,0.9936352043158692,0.0057412733556822465,157.1142342389213,38.095242804679025,0.02616751506877292,13.333334993309231,0.9999999999997514,0.9382716049382717,1.506172839506173,1.0,1.0,0.002872054276200552,0.0057412733556822465
BedSet_14_15.obj,BedSet_14,M,M,,0.993635204315807,0.005741273355744571,157.1142342373841,38.095242804679025,0.02616751506877221,13.333334993243998,0.9999999999997511,0.9382716049382717,1.506172839506173,1.0,1.0,0.0028720542762317295,0.005741273355744571
BedSet_14_16.obj,BedSet_14,M,M,,0.9936352043159316,0.005741273355620292,157.11423424045898,38.095242804679025,0.02616751506877364,13.333334993374464,0.9999999999997508,0.9382716049382717,1.506172839506173,1.0,1.0,0.002872054276169559,0.005741273355620292
BedSet_14_17.obj,BedSet_14,M,M,,0.9936352043165537,0.005741273354997991,157.11423425581853,38.095242804679025,0.026167515068780785,13.3333349940262,0.9999999999997504,0.9382716049382717,1.5061728395061729,1.0,1.0,0.0028720542758582544,0.005741273354997991
BedSet_14_18.obj,BedSet_14,M,M,,0.9936352043159321,0.005741273355619367,157.1142342404727,38.095242804679025,0.026167515068773645,13.333334993375056,0.9999999999997514,0.9382716049382717,1.506172839506173,1.0,1.0,0.002872054276169097,0.005741273355619367
BedSet_14_19.obj,BedSet_14,M,M,,0.9936352043159316,0.005741273355620049,157.11423424045898,38.095242804679025,0.02616751506877364,13.333334993374464,0.9999999999997519,0.9382716049382717,1.506172839506173,0.9999999999999999,1.0,0.0028720542761694378,0.005741273355620048
BedSet_14_20.obj,BedSet_14,M,M,,0.9943140152975058,0.005032213864018805,175.87103242834777,38.095242804679025,0.026167515068773645,13.333334993375056,0.9999999999997514,0.9387755102040819,1.346938775510204,0.9567265459613702,0.9955707425280053,0.002423308609490068,0.004803790363610685
BedSet_14_21.obj,BedSet_14,M,M,,0.993635204315931,0.005741273355620519,157.11423424044477,38.095242804679025,0.026167515068773628,13.333334993373871,0.9999999999997513,0.9382716049382717,1.5061728395061729,1.0,1.0,0.0028720542761696724,0.005741273355620519
BedSet_14_22.obj,BedSet_14,M,M,,0.9936352043159316,0.005741273355620106,157.11423424045904,38.095242804679025,0.02616751506877364,13.333334993374464,0.9999999999997522,0.9382716049382717,1.506172839506173,1.0,1.0,0.0028720542761694664,0.005741273355620106
BedSet_14_23.obj,BedSet_14,M,M,,0.9936352043153087,0.005741273356242859,157.1142342250852,38.095242804679025,0.02616751506876648,13.333334992722133,0.9999999999997516,0.9382716049382717,1.5061728395061726,0.9999999999999999,1.0,0.002872054276480996,0.005741273356242858
BedSet_14_24.obj,BedSet_14,M,M,,0.9936352043165537,0.005741273354997731,157.11423425581825,38.095242804679025,0.026167515068780785,13.3333349940262,0.9999999999997504,0.9382716049382717,1.5061728395061729,1.0,1.0,0.0028720542758581243,0.005741273354997731
BedSet_14_25.obj,BedSet_14,M,M,,0.993635204315931,0.005741273355620788,157.1142342404449,38.095242804679025,0.026167515068773628,13.333334993373871,0.9999999999997502,0.9382716049382717,1.5061728395061729,1.0,1.0,0.002872054276169807,0.005741273355620788
BedSet_14_26.obj,BedSet_14,M,M,,0.9939690172569862,0.005484508699318379,165.81045620761554,38.095242804679025,0.02616751506877364,13.333334993374464,0.9999999999997519,0.8888888888888887,1.7777777777777777,0.999999999999974,0.9999999999999974,0.0030225736831799603,0.00548450869931823
BedSet_14_27.obj,BedSet_14,M,M,,0.9963366304085733,0.0036214036205640568,272.9727304447226,113.27344050485426,0.008809514203242294,15.49026499645802,0.965606336331305,0.9999999999999599,1.000000397827072,1.0,1.0,0.0014485617651779244,0.0036214036205640568
BedSet_14_28.obj,BedSet_14,OB,OB,,0.3665961071640455,0.6321844741736734,1.5787714778994943,18.34866971988767,0.042518777541828034,1.2500014843508755,0.9990211218867682,0.7726017395859868,2.1536830935841818,0.851815063362473,0.8913416562422541,0.41603910220916335,0.509247767538706
BedSet_14_29.obj,BedSet_14,M,M,,0.9998924732874518,2.252573795655146e-05,9300.014631719821,76.69176165126044,0.013036834258732085,71.70307428174658,0.7725299399854991,0.9999999996932526,1.0000336515721564,1.0,1.0,9.010461947206006e-06,2.252573795655146e-05
BedSet_14_30.obj,BedSet_14,M,M,,0.9998800764808962,3.166100589862933e-05,8338.647893862058,73.86119745328557,0.013536248950851735,69.05663415772214,0.7725299400549679,0.9989917331430338,1.0620179077396967,1.0,1.0,1.3090637121137473e-05,3.166100589862933e-05
BedSet_14_31.obj,BedSet_14,M,M,,0.9998863540727686,2.382867638452097e-05,8799.259457520047,74.63722923296316,0.013395560401923141,69.74595454481089,0.7728407513910177,0.9999999999999998,1.0000000000737734,1.0,1.0,9.53147055419513e-06,2.382867638452097e-05
BedSet_14_32.obj,BedSet_14,M,M,,0.9998948640738766,2.202489285633746e-05,9511.496563276,77.55884369352881,0.012891139015509704,72.51375389169033,0.7725299400163712,0.9999999996932528,1.0000336515663353,1.0,1.0,8.810120199190348e-06,2.202489285633746e-05
BedSet_14_33.obj,BedSet_14,M,M,,0.9998936716020214,2.229430006856303e-05,9404.825230234876,77.09602056786852,0.012968500192385045,72.10598690225186,0.7721722041199421,0.9999999999999998,1.000000000061102,1.0,1.0,8.917720027724902e-06,2.229430006856303e-05
BedSet_14_34.obj,BedSet_14,M,M,,0.993635169073452,0.005741305146198191,157.1133642888058,38.095142804636296,0.026167583327711946,13.333299993619816,0.9999999999997519,0.9382716049382717,1.506172839506173,1.0,1.0,0.0028720701793080346,0.005741305146198191
BedSet_14_35.obj,BedSet_14,M,M,,0.9936351690733274,0.005741305146322879,157.1133642857311,38.095142804636296,0.026167583327710516,13.33329999348935,0.9999999999997514,0.9382716049382717,1.506172839506173,1.0,1.0,0.002872070179370409,0.005741305146322879
BedSet_14_36.obj,BedSet_14,M,M,,0.9936351690732657,0.005741305146384489,157.11336428420782,38.095142804636296,0.026167583327709805,13.33329999342471,0.9999999999997514,0.9382716049382717,1.506172839506173,1.0,1.0,0.0028720701794012296,0.005741305146384489
BedSet_14_37.obj,BedSet_14,M,M,,0.9936351690731411,0.005741305146509172,157.11336428113285,38.095142804636296,0.026167583327708372,13.333299993294244,0.9999999999997514,0.9382716049382717,1.5061728395061729,1.0,1.0,0.002872070179463601,0.005741305146509172
BedSet_14_38.obj,BedSet_14,M,M,,0.9936351690730788,0.005741305146571382,157.11336427959574,38.095142804636296,0.026167583327707654,13.33329999322901,0.9999999999997511,0.9382716049382717,1.506172839506173,0.9999999999999999,1.0,0.002872070179494722,0.005741305146571381
BedSet_14_39.obj,BedSet_14,M,M,,0.9936351690732035,0.00574130514644696,157.11336428267046,38.095142804636296,0.02616758332770909,13.333299993359477,0.999999999999752,0.9382716049382717,1.5061728395061726,0.9999999999999999,1.0,0.0028720701794324797,0.005741305146446959
BedSet_14_40.obj,BedSet_14,M,M,,0.9936351690738257,0.0057413051458247285,157.11336429803006,38.095142804636296,0.026167583327716237,13.333299994011213,0.9999999999997511,0.9382716049382717,1.506172839506173,1.0,1.0,0.002872070179121211,0.0057413051458247285
BedSet_14_41.obj,BedSet_14,M,M,,0.993635169073204,0.005741305146446477,157.11336428268427,38.095142804636296,0.02616758332770909,13.33329999336007,0.9999999999997525,0.9382716049382717,1.506172839506173,1.0,1.0,0.0028720701794322386,0.005741305146446477
BedSet_14_42.obj,BedSet_14,M,M,,0.9936351690732035,0.005741305146446863,157.1133642826705,38.095142804636296,0.02616758332770909,13.333299993359477,0.999999999999753,0.9382716049382717,1.5061728395061726,1.0,1.0,0.002872070179432431,0.005741305146446863
BedSet_14_43.obj,BedSet_14,M,M,,0.9943139844327382,0.005032241179828331,175.87007776712937,38.095142804636296,0.02616758332770909,13.33329999336007,0.9999999999997525,0.9387755102040819,1.346938775510204,0.956726536029191,0.995570729923238,0.002423321797018918,0.004803816359281083
BedSet_14_44.obj,BedSet_14,M,M,,0.9936351690732029,0.005741305146447574,157.11336428265622,38.095142804636296,0.02616758332770908,13.333299993358883,0.9999999999997522,0.9382716049382717,1.506172839506173,1.0,1.0,0.0028720701794327876,0.005741305146447574
BedSet_14_45.obj,BedSet_14,M,M,,0.9936351690732035,0.005741305146446793,157.11336428267046,38.095142804636296,0.02616758332770909,13.333299993359477,0.9999999999997514,0.9382716049382717,1.5061728395061726,1.0,1.0,0.0028720701794323965,0.005741305146446793
BedSet_14_46.obj,BedSet_14,M,M,,0.9936351690725805,0.005741305147069624,157.1133642672968,38.095142804636296,0.02616758332770193,13.333299992707147,0.9999999999997528,0.9382716049382717,1.506172839506173,0.9999999999999999,1.0,0.0028720701797439662,0.005741305147069623
BedSet_14_47.obj,BedSet_14,M,M,,0.9936351690738257,0.005741305145824592,157.11336429802975,38.095142804636296,0.026167583327716237,13.333299994011213,0.9999999999997511,0.9382716049382717,1.506172839506173,1.0,1.0,0.002872070179121143,0.005741305145824592
BedSet_14_48.obj,BedSet_14,M,M,,0.9936351690732029,0.005741305146447401,157.11336428265642,38.095142804636296,0.02616758332770908,13.333299993358883,0.9999999999997513,0.9382716049382717,1.506172839506173,1.0,1.0,0.0028720701794327005,0.005741305146447401
BedSet_14_49.obj,BedSet_14,M,M,,0.9939689833957406,0.005484539492358923,165.80952526198053,38.095142804636296,0.02616758332770909,13.333299993359477,0.999999999999753,0.8888888888888887,1.7777777777777777,0.9999999999999427,0.9999999999999943,0.0030225906535668134,0.005484539492358593
BedSet_14_50.obj,BedSet_14,M,M,,0.9963365796053998,0.0036214488894091347,272.9689449438715,113.25820172017616,0.00881069935736972,15.490237150248948,0.9656023340872087,0.999999999128785,1.0000582099341186,1.0,1.0,0.0014486259321420218,0.0036214488894091347
BedSet_14_51.obj,BedSet_14,CA,CA,,0.7374286472676264,0.2617330395019844,3.808488586409531,21.681096058865688,0.03887776555411841,1.570710509894221,0.30433765710321586,0.9741450529589577,1.274090386738533,0.49855215978955375,0.6171234790684074,0.19024638358134988,0.10550725831064392
BedSet_14_52.obj,BedSet_14,CA,CA,,0.7374456387332583,0.26171633879595824,3.808735056521906,21.680930933394237,0.03887802549022099,1.570705499449154,0.30433905138653433,0.8091045512293346,1.3071476721501238,0.49854920259940366,0.6171209621068112,0.18436315559121405,0.1054997360987211
BedSet_14_53.obj,BedSet_14,CA,CA,,0.674446698239329,0.3243647824340107,3.0716936200334795,17.635065099899844,0.044609060562020325,1.2776180088682583,0.29809809339779747,0.9058212301242119,1.4359203363550366,0.503376278966003,0.5395606256954413,0.24907272356701868,0.12568783367394137
BedSet_15_01.obj,BedSet_15,OB,OB,,0.9550548434566405,0.035962150086662495,22.24933845841898,6.76187607313874,0.14322269558132078,4.74915722109178,0.9997921393238011,0.8177431398895343,1.7474359824017955,1.0,1.0,0.019118546389741232,0.035962150086662495
BedSet_15_02.obj,BedSet_15,OB,OB,,0.5195976672660524,0.47002425444109974,2.0815885599658905,9.999999998593209,0.08164965809146388,1.4285714285424207,0.9992255834238857,0.9999599276794039,1.0124587638158111,0.9700883984221943,0.958438717927556,0.19909902917709307,0.4464898296365714
BedSet_15_03.obj,BedSet_15,M,M,,0.9997600899129434,6.751529315040649e-06,4168.228240282874,46.0056003605847,0.021726219224963456,45.99605959331014,0.7765033835246835,0.9995629984268735,1.041354196498723,0.9998169406703507,0.9999948823842925,2.761946757783795e-06,6.750276111906401e-06
BedSet_15_04.obj,BedSet_15,M,M,,0.9997600890148756,6.7524138473448134e-06,4168.212637198798,46.0056003605847,0.021726219224964347,45.99605959728981,0.7765033836464958,0.9995636335215653,1.0413174089130126,0.9998178723720574,0.9999949080138871,2.762252483956696e-06,6.751166857760206e-06
BedSet_15_05.obj,BedSet_15,M,M,,0.9684281189047429,0.031333379974063255,31.67375415428823,70.00145172930326,0.014078631833856936,5.833353496647304,0.7332757891489988,0.9995545741517385,1.0422949973139928,0.7522719858388862,0.8017700293789156,0.01709195208011176,0.021234962457987037
BedSet_15_06.obj,BedSet_15,M,M,,0.9920767742565063,0.00782303711419261,126.21122158749506,71.67655283631942,0.013888764051850808,10.618463096076733,0.9662702481189313,0.9993313089727743,1.0458835428179707,0.9999995480044713,0.9999997681758342,0.0032072436264582696,0.007823032671430696
BedSet_15_07.obj,BedSet_15,M,M,,0.9997601264575461,6.715104826506976e-06,4168.863267570484,46.0056003605847,0.021726219224963445,45.99605959326161,0.7764569256459206,0.9995573374751101,1.041720558313068,0.9998090298189077,0.9999946647705639,2.747599410335745e-06,6.713804531830645e-06
BedSet_15_08.obj,BedSet_15,CA,CA,,0.49729930598261013,0.5023676366361575,1.9892552604335854,69.43559406790672,0.01142346480036297,1.3027534003342225,0.7852692532447462,0.9999666343067398,1.011128287876365,0.6546331905353476,0.534799166807822,0.3213247942202613,0.252372037191108
BedSet_15_09.obj,BedSet_15,M,M,,0.9997601060503867,6.7353883684389385e-06,4168.5086331288485,46.0056003605847,0.02172621922496434,45.99605959726554,0.7764765412271065,0.9995633320864293,1.0413351708663203,0.9998174133090727,0.9999948953853905,2.755314821417879e-06,6.7341413885225095e-06
BedSet_15_10.obj,BedSet_15,M,M,,0.9997600899766713,6.784817520919948e-06,4168.229347501104,46.0056003605847,0.021726219224964646,45.99605959864872,0.77645152706888,0.999561621465679,1.0414174778198386,0.9998168100616185,0.9999948805869429,2.775657539660762e-06,6.783557246656144e-06
BedSet_15_11.obj,BedSet_15,M,M,,0.9997600899129417,6.751529316545565e-06,4168.228240256748,46.0056003605847,0.021726219224963365,45.996059592897616,0.7765033835198405,0.9995629984268792,1.0413541964985968,0.999816940670685,0.9999948823843015,2.7619467583984466e-06,6.750276113413326e-06
BedSet_15_12.obj,BedSet_15,M,M,,0.9997600899766448,6.784817547414064e-06,4168.229347041944,46.0056003605847,0.02172621922496434,45.99605959726554,0.776451527085025,0.9995616214651499,1.0414174778504668,0.9998168100638584,0.9999948805870041,2.7756575505391097e-06,6.783557273160742e-06
BedSet_15_13.obj,BedSet_15,M,M,,0.9997600899129793,6.7515292790423005e-06,4168.228240907824,46.0056003605847,0.021726219224964646,45.99605959864872,0.7765033835579741,0.9995629984272075,1.0413541964810222,0.9998169406697196,0.9999948823842756,2.761946743033059e-06,6.750276075910417e-06
BedSet_15_14.obj,BedSet_15,M,M,,0.9997600899766214,6.784817570828074e-06,4168.229346634072,46.0056003605847,0.021726219224961367,45.99605958394338,0.776451526897684,0.9995616214651621,1.0414174778424694,0.9998168100641736,0.9999948805870112,2.7756575601050585e-06,6.783557296572566e-06
BedSet_15_15.obj,BedSet_15,CA,CA,,0.49720263068542897,0.502464314235569,1.9888727766434777,69.43663119712872,0.011423357449461904,1.3027728589942755,0.785255694591956,0.9999575033813038,1.012657310176494,0.6546626315358246,0.5348540164688469,0.321542759234625,0.25244097808853
BedSet_15_16.obj,BedSet_15,M,M,,0.9997601265247097,6.74838613170318e-06,4168.864434837191,46.0056003605847,0.021726219224963452,45.99605959328588,0.7764050691473259,0.9995559445207469,1.0417847183636666,0.9998088953114733,0.9999946628648105,2.7613109064760877e-06,6.747078478390389e-06
BedSet_15_17.obj,BedSet_15,M,M,,0.9997600899129292,6.751529329220639e-06,4168.228240036096,46.0056003605847,0.021726219224961367,45.99605958394338,0.7765033833867692,0.9995629984266987,1.0413541965033404,0.9998169406722744,0.9999948823843442,2.761946763586623e-06,6.750276126096924e-06
BedSet_15_18.obj,BedSet_15,M,M,,0.9994743233247105,4.2572623303779533e-07,1902.310007285164,30.732872422087926,0.03250405341531075,30.732872422082522,0.7764969522589773,0.9995619172688393,1.0394726238452503,0.9999913306964066,0.9999994690253877,1.7395526781480534e-07,4.2572242926390254e-07
BedSet_15_19.obj,BedSet_15,M,M,,0.9997600982054474,6.743357813535293e-06,4168.372320280006,46.0056003605847,0.021726219224963452,45.99605959328588,0.7765033835254732,0.999557663605799,1.0417023006201012,0.9998085516833087,0.9999946516183238,2.7591340612787083e-06,6.742048779459754e-06
BedSet_15_20.obj,BedSet_15,M,M,,0.9994644405324926,5.614907512035782e-07,1867.2062780501385,30.558769252502923,0.03268884080296814,30.5552482543595,0.7764676619168195,0.9996034973942451,1.0398516367090214,1.0,1.0,2.294790182182955e-07,5.614907512035782e-07
BedSet_15_21.obj,BedSet_15,M,M,,0.9997601265247543,6.748386087104579e-06,4168.864435613095,46.0056003605847,0.02172621922496434,45.99605959726554,0.7764050691391304,0.9995559445203778,1.0417847183853264,0.9998088953132126,0.9999946628648588,2.761310888254709e-06,6.747078433812329e-06
BedSet_15_22.obj,BedSet_15,M,M,,0.9997601061141158,6.768676535919373e-06,4168.5097405167035,46.0056003605847,0.02172621922496434,45.99605959726554,0.7764246632297415,0.9995619561290707,1.0413984279746824,0.9998172824887895,0.9999948935823022,2.7690251888595584e-06,6.7674225015014105e-06
BedSet_15_23.obj,BedSet_15,M,M,,0.9997601749437921,6.700014319616457e-06,4169.706100814416,46.005600360596844,0.021726221352412086,46.0056003605847,0.7764874004658661,0.9995568367163302,1.0417257389827939,0.9998091488900563,0.9999946709025679,2.74143161556071e-06,6.698717765339539e-06
BedSet_15_24.obj,BedSet_15,M,M,,0.999714004040961,2.359762742138849e-07,3496.552900117291,41.66609052461308,0.023986519198530502,41.66609052460576,0.7764969522590391,0.9995599061676773,1.0395844040758335,0.9999900528660421,0.9999996020235685,9.642767704992669e-08,2.3597387997024377e-07
BedSet_15_25.obj,BedSet_15,M,M,,0.9997601748752107,6.666735855741193e-06,4169.704908428754,46.005600360596844,0.021726221352412086,46.0056003605847,0.7765392461985663,0.9995582247722095,1.0416618409135667,0.9998092853939748,0.9999946728624458,2.7277227580413766e-06,6.6654466579161e-06
BedSet_15_26.obj,BedSet_15,M,M,,0.9994743253656194,4.2196553557220195e-07,1902.317392921278,30.732872422087926,0.03250405341531075,30.732872422082522,0.7764969522590012,0.9995617283202094,1.0394836004697061,0.9999905984173076,0.9999994405461263,1.724197314449388e-07,4.2196145039430894e-07
BedSet_15_27.obj,BedSet_15,M,M,,0.999760089912953,6.75152930552227e-06,4168.22824044894,46.0056003605847,0.02172621922496434,45.99605959726554,0.776503383574095,0.9995629984266795,1.0413541965116841,0.9998169406719606,0.9999948823843369,2.7619467539051083e-06,6.750276102400809e-06
BedSet_15_28.obj,BedSet_15,M,M,,0.9998942378356763,1.326418444476798e-05,9455.177155221752,71.50139987594586,0.013983005321683934,71.5013998759435,0.7746083690166408,0.9983750173192654,1.071915615078792,0.9999993784478671,0.9999990415988089,5.511658545174143e-06,1.3264169844184712e-05
BedSet_15_29.obj,BedSet_15,M,M,,0.999714004274328,2.316619587706759e-07,3496.5557532377634,41.66609052461308,0.023986519198530502,41.66609052460576,0.776496952259061,0.9995619182841531,1.0394751265465594,0.9999899622109034,0.9999996000325122,9.465922764760076e-08,2.3165958706863125e-07
BedSet_15_30.obj,BedSet_15,M,M,,0.9997600890782984,6.785702627848904e-06,4168.213739106585,46.0056003605847,0.021726219224964347,45.99605959728981,0.7764515271574303,0.9995622561618558,1.0413807386240417,0.9998177420451541,0.9999949062244257,2.7759633074390974e-06,6.7844486002924685e-06
BedSet_15_31.obj,BedSet_15,M,M,,0.999760089976634,6.784817558354216e-06,4168.229346851217,46.0056003605847,0.021726219224963365,45.996059592897616,0.7764515270307579,0.9995616214653482,1.0414174778374898,0.9998168100625844,0.9999948805869686,2.7756575549986653e-06,6.783557284090099e-06
BedSet_15_32.obj,BedSet_15,M,M,,0.9997600982724243,6.776639485897372e-06,4168.373484024877,46.0056003605847,0.021726219224963452,45.99605959328588,0.7764515270363909,0.9995562738817684,1.0417663074269996,0.9998084176647709,0.9999946497259392,2.7728457489564784e-06,6.775323076513517e-06
BedSet_15_33.obj,BedSet_15,M,M,,0.999760089912953,6.751529305408049e-06,4168.228240450926,46.0056003605847,0.02172621922496435,45.99605959731408,0.7765033835742922,0.9995629984266813,1.041354196511534,0.9998169406719538,0.9999948823843366,2.7619467538581785e-06,6.7502761022865634e-06
BedSet_15_34.obj,BedSet_15,M,M,,0.9997601264575974,6.715104775281646e-06,4168.863268461506,46.0056003605847,0.02172621922496434,45.99605959726554,0.7764569256282229,0.9995573374747833,1.0417205583322788,0.9998090298202694,0.9999946647706016,2.747599389400752e-06,6.713804480624505e-06
BedSet_15_35.obj,BedSet_15,M,M,,0.9997601264575524,6.715104820093955e-06,4168.863267681859,46.0056003605847,0.021726219224963452,45.99605959328588,0.7764569256364012,0.9995573374751557,1.0417205583104805,0.9998090298185268,0.9999946647705532,2.747599407708894e-06,6.713804525416272e-06
BedSet_15_36.obj,BedSet_15,M,M,,0.996053422119705,0.003893776384578603,253.38407864516293,100.98257788993855,0.009880166635961227,14.960209549630676,0.9668887630069929,0.9999999999099733,1.0000181252640667,0.9999988082396174,0.9999998990222368,0.0015575278028810442,0.0038937715475379888
BedSet_15_37.obj,BedSet_15,M,M,,0.9920830352435335,0.007816855300039316,126.31103342768343,71.67655283631942,0.013888764051850808,10.618463096076733,0.9664582790838028,0.9993318236280031,1.0458606457299788,0.9999997730212885,0.9999998479286876,0.003204669818304107,0.007816852931419984
BedSet_15_38.obj,BedSet_15,M,M,,0.9998942378356779,1.3264052829838413e-05,9455.177155355903,71.50139987594586,0.013983005321683934,71.5013998759435,0.7746078374862655,0.9983759534312647,1.0718919430033702,0.9999993778286358,0.9999990392263192,5.511537023753995e-06,1.3264038205452103e-05
BedSet_15_39.obj,BedSet_15,M,M,,0.9961114215893335,0.0038365526584507228,257.16338836240874,101.73265566548169,0.009807646707722025,15.071099363785605,0.9668742978083266,0.9999999998887372,1.0000198482581393,0.9999976168145751,0.9999997995453099,0.0015346412084481858,0.0038365431307077744
BedSet_15_40.obj,BedSet_15,M,M,,0.9997600899766356,6.784817556702188e-06,4168.229346879899,46.0056003605847,0.021726219224963456,45.99605959331014,0.7764515270355932,0.9995616214653431,1.0414174778376029,0.9998168100622493,0.9999948805869595,2.775657554323797e-06,6.7835572824360725e-06
BedSet_15_41.obj,BedSet_15,M,M,,0.9997600899766452,6.7848175470109115e-06,4168.229347048956,46.0056003605847,0.02172621922496435,45.99605959731408,0.7764515270852239,0.9995616214651525,1.0414174778503165,0.9998168100638525,0.999994880587004,2.7756575503739734e-06,6.783557272757624e-06
BedSet_15_42.obj,BedSet_15,M,M,,0.999760126524703,6.748386138415346e-06,4168.864434720615,46.0056003605847,0.021726219224963445,45.99605959326161,0.7764050691568513,0.9995559445207021,1.0417847183662234,0.9998088953118527,0.9999946628648205,2.7613109092254063e-06,6.747078485103848e-06
BedSet_15_43.obj,BedSet_15,OB,OB,,0.7905410985161139,0.20263095281238744,4.774206266315019,6.76187607313874,0.10839496804747123,1.0913741105105605,0.9996467723140905,0.761143286570383,2.0920848637442924,0.9940591030888036,0.9926511603330548,0.11771284228319326,0.20068701532069838
BedSet_15_44.obj,BedSet_15,CA,CA,,0.7348601036159224,0.002268540615516163,3.7715938396380406,1.592662579025693,0.46950043140843783,1.592662579025693,0.6403806970823238,0.9992019887626518,1.0522554017007546,0.8791395448201303,0.7149955490800066,0.001190767899807823,0.0017101624893654348
BedSet_15_45.obj,BedSet_15,CA,CA,,0.7348600804621784,0.002268130790455085,3.771593510277913,1.592662579025693,0.46950043140843783,1.592662579025693,0.6403788592310395,0.9992022276235469,1.0522433509086864,0.8791422501507711,0.7149970607931042,0.0011905438601607417,0.001709860307390675
BedSet_15_46.obj,BedSet_15,CA,CA,,0.7348533331303844,0.0022659644918151425,3.771497532481504,1.5927086683199172,0.4694928346631596,1.5927086683199172,0.640329359714655,0.9995301632792061,1.0402152292963922,0.8790740042806784,0.7149688973160748,0.001183614438472064,0.0017080665585633603
BedSet_15_47.obj,BedSet_15,CA,CA,,0.7348533275020362,0.002266008507308205,3.771497452422793,1.5927086683199172,0.4694928346631596,1.5927086683199172,0.6403275206394106,0.9992043771897348,1.0521576840355948,0.87907859172107,0.7149729424363761,0.0011894521926067946,0.0017081126797458177
BedSet_16_01.obj,BedSet_16,OB,OB,,0.7374515927222715,0.2624878080871703,3.8088214298025442,132.72999135094588,0.006669851585872586,1.9038775979126243,0.9921355152397264,0.9722222222222223,1.3611111111111114,0.9886957092814879,0.9936531613315326,0.12599090769638857,0.25869700200130546
BedSet_16_02.obj,BedSet_16,OB,OB,,0.4142806568283179,0.054964981741838635,1.7073023301802177,1.8292682906369988,0.39689720326981864,1.292880536859465,0.4741495252104595,0.9259628858216855,1.5666187165522019,0.7795016390231612,0.5029405920597089,0.039177319429013695,0.03219696528220123
BedSet_16_03.obj,BedSet_16,OB,OB,,0.41425080570811335,0.054993959436415565,1.7072153221440474,1.8292682906369988,0.3968864152813939,1.2927691104092194,0.4741210132257069,0.9259650345571325,1.5666165678167547,0.7794571712391605,0.5029585359063562,0.03919857830648889,0.03221248650902114
BedSet_16_04.obj,BedSet_16,OB,OB,,0.4142508057278067,0.05499395941759064,1.7072153222014452,1.8292682906369988,0.39688641528204166,1.2927691104159091,0.4741210132220445,0.9259650345596898,1.5666165678141977,0.7794571712286475,0.5029585359005255,0.03919857829334776,0.03221248649743509
BedSet_16_05.obj,BedSet_16,OB,OB,,0.526576378694823,0.47330117412112305,2.1122731418480485,90.38018489597482,0.009115074378554296,1.4535255171327488,0.9998903235878283,0.9999999971762304,1.0001062811274395,0.9995835636942885,0.99973477795714,0.18943190346743538,0.47304133551414373
BedSet_16_06.obj,BedSet_16,OB,OB,,0.5527407898105925,0.44713580994231633,2.2358399273116754,90.40306006775779,0.00912136076789864,1.4578048668712542,0.9992176072456751,0.9948790945879173,1.1482418433860202,0.7602675035941973,0.8099135118981695,0.2517908661556304,0.3076335570182594
BedSet_16_07.obj,BedSet_16,OB,OB,,0.526576378694823,0.47330117412112305,2.1122731418480485,90.38018489597482,0.009115074378554296,1.4535255171327488,0.9998903235878283,0.9999999971762304,1.0001062811274395,0.9995835636942885,0.99973477795714,0.18943190346743538,0.47304133551414373
BedSet_16_08.obj,BedSet_16,OB,OB,,0.5527407898105925,0.44713580994231633,2.2358399273116754,90.40306006775779,0.00912136076789864,1.4578048668712542,0.9992176072456751,0.9948790945879173,1.1482418433860202,0.7602675035941973,0.8099135118981695,0.2517908661556304,0.3076335570182594
BedSet_16_09.obj,BedSet_16,OB,OB,,0.9413172728855114,0.05354951402241877,17.040789499249108,19.150158521861787,0.051074689138156396,4.846152417740083,0.9999999999999826,0.9996000000000003,1.0403999999999933,0.9511936957271557,0.9870687509445405,0.022979757506509147,0.05060662735410531
BedSet_16_10.obj,BedSet_16,OB,OB,,0.9695080163497243,0.028852432526202298,32.795504925797054,24.696619932434537,0.03985611451249824,5.726735974455259,0.9999999999999971,1.0,1.0,0.9999999999999993,0.9999999999999999,0.011540973010480926,0.028852432526202277
BedSet_16_11.obj,BedSet_16,OB,OB,,0.7710326209345266,0.2103100359782247,4.3674343658950034,7.321079130643142,0.12228773832728243,2.089840751165647,0.9999999999999923,1.0,1.0,0.9999999999999998,1.0,0.0841240143912899,0.21031003597822465
BedSet_16_12.obj,BedSet_16,OB,OB,,0.7122999098543378,0.26425692846041154,3.475841802805895,6.531183839899104,0.13371589002058334,1.864360963515037,0.999999999999991,1.0,1.0,1.0,1.0,0.10570277138416462,0.26425692846041154
BedSet_16_13.obj,BedSet_16,OB,OB,,0.6286407098951285,0.34109918182043986,2.6928099731037296,5.748635347801052,0.146933285291773,1.6409783583872504,0.9999999999999905,1.0,1.0,1.0,1.0,0.13643967272817595,0.34109918182043986
BedSet_16_14.obj,BedSet_16,OB,OB,,0.7578549214463822,0.241789338337644,4.1297556240793405,53.01924237677334,0.01692069278278558,2.0321800175841673,0.9999999999999988,1.0,1.0,1.0,1.0,0.0967157353350576,0.241789338337644
BedSet_16_15.obj,BedSet_16,OB,OB,,0.4471928833999175,0.5499425492919087,1.8089492156866072,22.232216316903433,0.036825725451941835,1.428790377323251,0.9999999999981223,0.995846001241294,1.129211713097178,0.6206023279794758,0.6104023223500193,0.3617893089969636,0.27481163463736985
BedSet_16_16.obj,BedSet_16,OB,OB,,0.4471928833999175,0.5499425492919089,1.8089492156866072,22.232216316903433,0.036825725451941835,1.428790377323251,0.9999999999980909,0.9958460012413083,1.1292117130969386,0.6206023279794757,0.6104023223500189,0.36178930899693623,0.2748116346373698
BedSet_16_17.obj,BedSet_16,OB,OB,,0.9818135052115559,0.01796592311809762,54.98585690274483,43.33142438711696,0.022579252905830335,4.760429966890237,0.865666216358595,0.7580517539829789,1.352136605312384,0.995469410867183,0.9988330034854326,0.007829492238882131,0.01787409131177805
BedSet_16_18.obj,BedSet_16,OB,OB,,0.982370240837655,0.01743279166468502,56.72222069821187,53.0023819294088,0.018536723594549862,5.300028008406778,0.9926790102437713,0.8505450486965422,1.4458337763295428,0.9960590952389278,0.9990392071755059,0.008242242280728144,0.017355749046144023
BedSet_16_19.obj,BedSet_16,OB,OB,,0.9817241847826872,0.018078924245791526,54.717071767696055,53.00238193073574,0.01853672359408595,5.300028008406778,0.9926790102457796,0.8535272660565717,1.4401324872622758,0.9859626718548627,0.9966581017668212,0.008609411420802675,0.01779535954426438
BedSet_16_20.obj,BedSet_16,M,M,,0.9984505279417109,0.0006196102752325667,645.3810124664983,31.998094637293836,0.031212809403075067,25.600087790200735,0.9999393851898242,0.9375,1.5625,0.9999999999999973,0.9999999999999999,0.00031755026605669105,0.0006196102752325651
BedSet_16_21.obj,BedSet_16,M,M,,0.9984505279417111,0.000619707654938705,645.3810124665772,31.999770544903626,0.03121117630201718,25.600087790200735,0.9999393820153017,0.9375,1.5625,0.9999999999999971,0.9999999999999999,0.000317600173156087,0.0006197076549387033
BedSet_16_22.obj,BedSet_16,OB,OB,,0.9767189425429401,0.023133747106798632,42.953369282211625,69.99593240170495,0.014113478215403708,6.392858806350777,0.9230922224128533,0.8649236422211507,1.7755730592500376,0.894196861930394,0.9760885706083217,0.01363320955581416,0.020438806670075825
BedSet_16_23.obj,BedSet_16,M,M,,0.997500132103686,0.002409562963300395,400.0211128201223,100.79415522537171,0.009908528452110188,20.160118159238127,0.9918268913294495,1.0,1.0,1.0,1.0,0.000963825185320158,0.002409562963300395
BedSet_16_24.obj,BedSet_16,M,M,,0.994237694388635,0.005626194904210691,173.5416164307622,61.00285708151742,0.016335165325862308,12.142580078830276,0.9148132619182415,0.927437641723356,1.4535147392290249,0.9999723430180695,0.9998188971596674,0.0027386458674998225,0.005625529854791303
BedSet_16_25.obj,BedSet_16,M,M,,0.9942377386893487,0.00562615033843912,173.5429506322281,61.00285708151742,0.016335167619813955,12.142833275938687,0.9148305455695983,0.927437641723356,1.4535147392290249,0.9999761913054028,0.9998193098936092,0.0027386160159631797,0.00562550810439418
BedSet_16_26.obj,BedSet_16,M,M,,0.9979357083681404,0.001999776793198181,484.4276469235234,100.8047139974027,0.009907490176223553,20.159695807666,0.9668700823316284,0.9591836734693875,1.3265306122448979,0.9995782277564919,0.9946789621691403,0.000931831344167985,0.001993615142884253
BedSet_16_27.obj,BedSet_16,M,M,,0.9975000273592302,0.002409667707756198,400.0043526391952,100.79415522537171,0.009908527942653025,20.159695807666,0.9918268921291437,1.0,1.0,1.0,1.0,0.0009638670831024793,0.002409667707756198
BedSet_16_28.obj,BedSet_16,OB,OB,,0.5178993399602042,0.47534428879548923,2.074255482415052,11.660900195091909,0.07018813709537255,1.4352230277845976,0.9969238023977256,0.9968958135966242,1.1014124225293995,0.9924310041366486,0.989756283738872,0.20295397533745618,0.46933019165512546
BedSet_16_29.obj,BedSet_16,M,M,,0.9971144775581768,0.0028042596736351484,346.55763390938966,81.33142900299363,0.012277011094358345,18.769823579254105,0.9971354111502199,0.9722222222222222,1.3611111111111107,0.9999999999999999,1.0,0.0013304654229357872,0.002804259673635148
BedSet_16_30.obj,BedSet_16,M,M,,0.9971142915532379,0.0028044456785741427,346.5352957443466,81.33142900299363,0.01227700997447951,18.76921860814699,0.9971354153427686,0.9722222222222223,1.3611111111111114,1.0,1.0,0.0013305536719457325,0.0028044456785741427
BedSet_16_31.obj,BedSet_16,M,M,,0.9971141055424366,0.0028046316893753703,346.5129597549439,81.33142900299363,0.012277008854565686,18.768613676468746,0.9971354195350433,0.9722222222222222,1.3611111111111107,1.0,1.0,0.001330641923736981,0.0028046316893753703
BedSet_16_32.obj,BedSet_16,M,M,,0.9979174928299415,0.0020213606278274227,480.1903937175292,100.79415522537171,0.009908528452110188,20.160118159238127,0.9668733895680326,0.9924617987891108,1.1742050213437876,0.9995727175363952,0.994654212495854,0.0008862741059347816,0.0020150963622425386
BedSet_16_33.obj,BedSet_16,M,M,,0.9971144775579556,0.00280425967385634,346.5576338828137,81.33142900299363,0.012277011094357013,18.769823578534375,0.9971354111502255,0.9722222222222222,1.3611111111111107,1.0,1.0,0.0013304654230407301,0.00280425967385634
BedSet_16_34.obj,BedSet_16,M,M,,0.997114291553238,0.0028044456785739575,346.53529574437005,81.33142900299363,0.012277009974479511,18.76921860814763,0.9971354153427678,0.9722222222222223,1.3611111111111114,1.0,1.0,0.0013305536719456447,0.0028044456785739575
BedSet_16_35.obj,BedSet_16,M,M,,0.9971144775579556,0.002804259673856392,346.55763388281423,81.33142900299363,0.012277011094357013,18.769823578534375,0.997135411150225,0.9722222222222222,1.3611111111111107,0.9999999999999999,1.0,0.0013304654230407548,0.0028042596738563916
BedSet_16_36.obj,BedSet_16,M,M,,0.997114291553238,0.0028044456785739575,346.53529574437005,81.33142900299363,0.012277009974479511,18.76921860814763,0.9971354153427678,0.9722222222222223,1.3611111111111114,1.0,1.0,0.0013305536719456447,0.0028044456785739575
BedSet_16_37.obj,BedSet_16,M,M,,0.9971141055425253,0.0028046316892868335,346.5129597655952,81.33142900299363,0.01227700885456622,18.76861367675724,0.9971354195350414,0.9722222222222223,1.3611111111111114,1.0,1.0,0.0013306419236949758,0.0028046316892868335
BedSet_16_38.obj,BedSet_16,M,M,,0.9971144775579776,0.002804259673834493,346.55763388545955,81.33142900299363,0.012277011094357146,18.76982357860603,0.9971354111502245,0.9722222222222222,1.3611111111111107,1.0,1.0,0.0013304654230303647,0.002804259673834493
BedSet_16_39.obj,BedSet_16,M,M,,0.9971141055425253,0.0028046316892867437,346.5129597655958,81.33142900299363,0.01227700885456622,18.76861367675724,0.9971354195350408,0.9722222222222223,1.3611111111111114,1.0,1.0,0.001330641923694933,0.0028046316892867437
BedSet_16_40.obj,BedSet_16,M,M,,0.997114291553238,0.0028044456785739575,346.53529574437005,81.33142900299363,0.012277009974479511,18.76921860814763,0.9971354153427684,0.9722222222222223,1.3611111111111114,1.0,1.0,0.0013305536719456447,0.0028044456785739575
BedSet_16_41.obj,BedSet_16,M,M,,0.997114291553238,0.0028044456785739575,346.53529574437005,81.33142900299363,0.012277009974479511,18.76921860814763,0.9971354153427678,0.9722222222222223,1.3611111111111114,1.0,1.0,0.0013305536719456447,0.0028044456785739575
BedSet_16_42.obj,BedSet_16,M,M,,0.9971144775579779,0.002804259673834187,346.5576338854839,81.33142900299363,0.012277011094357148,18.76982357860667,0.9971354111502242,0.9722222222222223,1.3611111111111114,0.9999999999999999,1.0,0.0013304654230302203,0.0028042596738341867
BedSet_16_43.obj,BedSet_16,OB,OB,,0.9639512888877744,0.03543593983000259,27.740232260675427,68.00305786219087,0.014570899389797063,7.391577609729341,0.9999689898110667,0.986159169550173,1.2491349480968859,0.9999984521785222,0.9999997381712233,0.016028346964881826,0.035435880342426625
BedSet_16_44.obj,BedSet_16,OB,OB,,0.7499813350603409,0.08999440822988239,3.9996018443734718,2.499972253455543,0.33686382590979497,1.9999990022390717,0.9992246413583107,1.0,1.0,0.9999999999999999,1.0,0.035997763291952964,0.08999440822988237
BedSet_16_45.obj,BedSet_16,M,M,,0.9993277048870863,0.00042272900418507855,1487.4419162112451,65.99847864654,0.015143163237795194,33.0004052898858,0.9964864368945681,0.9722222222222222,1.3611111111111107,0.9965295525761433,0.9968707634385026,0.0002014056028792654,0.00042060283126075593
BedSet_16_46.obj,BedSet_16,M,M,,0.9984043667839739,0.0015148957347254231,626.710404313809,100.79415522537171,0.009912908688819243,25.200542096662776,0.9918173477194814,0.9999999957836214,1.000129222360763,1.0,1.0,0.0006060013595891353,0.0015148957347254231
BedSet_16_47.obj,BedSet_16,M,M,,0.997114291553238,0.0028044456785739575,346.53529574437005,81.33142900299363,0.012277009974479511,18.76921860814763,0.9971354153427681,0.9722222222222223,1.3611111111111114,1.0,1.0,0.0013305536719456447,0.0028044456785739575
BedSet_16_48.obj,BedSet_16,OB,OB,,0.9540625126313074,0.044168585404553616,21.768689528470663,49.297099934723846,0.019975952674174388,5.699476023811486,0.9652614970174244,0.757384575072832,1.707406855323607,0.899378486980041,0.9673216779389243,0.024528840240688243,0.039075214178764583
BedSet_16_49.obj,BedSet_16,OB,OB,,0.9540623956699453,0.044168702367567286,21.768634103386756,49.29709993472453,0.01997595267417411,5.699476023811486,0.9652614970174244,0.7573873362936799,1.7073961603410546,0.8993782924432038,0.9673216273093509,0.024528826790373316,0.03907530819634044
BedSet_16_50.obj,BedSet_16,OB,OB,,0.9540624541197973,0.04416864200596879,21.768661801258403,49.29709993469505,0.019975952674185702,5.699476023808156,0.9652611285917362,0.7573847225520346,1.7074103942514027,0.8993799288780165,0.967322142794184,0.02452887981133776,0.039075336132231325
BedSet_16_51.obj,BedSet_16,OB,OB,,0.9540623371582297,0.04416875896918788,21.768606376218287,49.29709993469573,0.019975952674185424,5.699476023808156,0.9652611285917362,0.7573874752158386,1.7073997168412467,0.8993797343502888,0.967322092167165,0.02452886646361044,0.03907543015061004
BedSet_17_01.obj,BedSet_17,OB,OB,,0.2379072023757019,0.7371620815672223,1.3121761590152519,6.022787137345561,0.11764273786476083,1.018308285267397,0.9771075912606758,0.9125946243470117,1.1224941020691945,0.9966116186573407,0.9852264972800493,0.3067294887557066,0.7292375128409176
BedSet_17_02.obj,BedSet_17,OB,OB,,0.42177647084201425,0.5643295706844793,1.7294349841766452,8.056489882921625,0.09805684436451592,1.3052949386910053,0.996582142488436,0.9999754104966169,1.0082792063841193,0.9993001038846994,0.9776278960557728,0.23005176488478435,0.5576263968812811
BedSet_17_03.obj,BedSet_17,M,M,,0.9986801561548095,0.0008303330754476343,757.665388707846,39.830253372343094,0.02507904825397284,25.28955554599437,0.9374995468342635,0.9398072400411774,1.0847273145232461,0.9999999999999858,0.9999999999999949,0.000338614239231078,0.0008303330754476203
BedSet_17_04.obj,BedSet_17,M,M,,0.9998187584584166,0.0001284401993963148,5517.498865122777,98.30302753555536,0.010171200536229384,75.17290344312465,0.5656108597218382,0.9753086419753085,1.2469135802469138,0.9999999999999999,1.0,5.7782232913601387e-05,0.00012844019939631476
BedSet_17_05.obj,BedSet_17,M,M,,0.9998722289780564,8.463639573335022e-05,7826.50075727505,98.3030521680787,0.010171571586490347,98.30305216519852,0.5739644970422109,0.9753086419753085,1.2469135802469138,1.0,1.0,3.8075929142262746e-05,8.463639573335022e-05
BedSet_17_06.obj,BedSet_17,M,M,,0.9869603433189053,0.0072442537117223755,76.68913564641694,13.135849992424797,0.07542058189272192,8.757233329674195,0.9999999999998925,1.0,1.0,0.9999999999999997,1.0,0.0028977014846889512,0.007244253711722373
BedSet_17_07.obj,BedSet_17,M,M,,0.9869603433189061,0.007244253711721421,76.68913564642257,13.135849992424797,0.07542058189272195,8.757233329674511,0.9999999999998921,1.0,1.0,1.0,1.0,0.0028977014846885687,0.007244253711721421
BedSet_17_08.obj,BedSet_17,M,M,,0.9972911974885929,0.0026535208273790523,369.1668166242221,134.49599967883768,0.007424910899710901,19.213714278870185,0.9999999999998626,1.0,1.0,1.0,1.0,0.001061408330951621,0.0026535208273790523
BedSet_17_09.obj,BedSet_17,OB,OB,,0.9095322178661323,0.08951512071887939,11.053658843101926,32.39893331333724,0.02954426877501316,3.324704323948162,0.9999999999999903,1.0,1.0,0.9999999999999989,0.9999999999999998,0.035806048287551795,0.08951512071887928
BedSet_17_10.obj,BedSet_17,M,M,,0.9843753654056665,0.015271823367369684,64.00149673660665,53.23886662531871,0.0186349900305311,8.00009354455919,0.9999999999999857,1.0,1.0,1.0,1.0,0.0061087293469478735,0.015271823367369684
BedSet_17_11.obj,BedSet_17,M,M,,0.9843195010269835,0.015327687746052754,63.77348078787166,53.238866625326395,0.01863447772131597,7.98582999900709,0.9999999999999857,1.0,1.0,1.0,1.0,0.006131075098421102,0.015327687746052754
BedSet_17_12.obj,BedSet_17,M,M,,0.9972911974885929,0.002653520827381724,369.166816624222,134.49599968203938,0.007424910899534158,19.213714278870185,0.999999999999869,1.0,1.0,1.0,1.0,0.0010614083309526895,0.002653520827381724
BedSet_17_13.obj,BedSet_17,M,M,,0.9961375993462034,0.0021457781409989357,258.90633562750077,24.135849986087745,0.04131704938643681,16.090566659948234,0.9999999999999409,1.0,1.0,0.9999999999999993,1.0,0.0008583112563995748,0.0021457781409989344
BedSet_17_14.obj,BedSet_17,M,M,,0.996137599346203,0.002145778140999218,258.90633562748184,24.135849986087745,0.0413170493864368,16.090566659947655,0.999999999999941,1.0,1.0,1.0,1.0,0.0008583112563996872,0.002145778140999218
BedSet_17_15.obj,BedSet_17,M,M,,0.9974788669549347,0.0014006294694813798,396.64705595649644,29.873999982697285,0.033413139843301715,19.91599999162856,0.9999999999999528,1.0,1.0,0.9999999999999989,1.0,0.0005602517877925525,0.0014006294694813783
BedSet_17_16.obj,BedSet_17,M,M,,0.9974788669550547,0.0014006294693612537,396.64705597539574,29.873999982697285,0.03341313984330372,19.915999992102957,0.9999999999999499,1.0,1.0,0.999999999999998,0.9999999999999999,0.0005602517877445025,0.0014006294693612508
BedSet_17_17.obj,BedSet_17,OB,OB,,0.9303196584895089,0.06882245596051419,14.351249984176386,34.14171426535998,0.028308286766541648,3.7883043676612718,0.9999999999999911,1.0,1.0,0.9999999999999996,1.0,0.02752898238420569,0.06882245596051416
BedSet_17_18.obj,BedSet_17,OB,OB,,0.9777412851180763,0.00951157648423557,44.926223517501526,8.857142851860196,0.11097750263574117,6.702702699358592,0.9999999999997309,1.0,1.0,0.9999999999999998,1.0,0.003804630593694229,0.009511576484235569
BedSet_17_19.obj,BedSet_17,OB,OB,,0.9777412851180785,0.009511576484233482,44.92622351750574,8.857142851860196,0.11097750263574127,6.702702699358906,0.9999999999997276,1.0,1.0,1.0,1.0,0.003804630593693393,0.009511576484233482
BedSet_17_20.obj,BedSet_17,OB,OB,,0.9777412851180785,0.009511576484233482,44.92622351750574,8.857142851860196,0.11097750263574127,6.702702699358906,0.9999999999997276,1.0,1.0,1.0,1.0,0.003804630593693393,0.009511576484233482
BedSet_17_21.obj,BedSet_17,OB,OB,,0.9777412851180785,0.009511576484233482,44.92622351750574,8.857142851860196,0.11097750263574127,6.702702699358906,0.9999999999997276,1.0,1.0,1.0,1.0,0.003804630593693393,0.009511576484233482
BedSet_17_22.obj,BedSet_17,OB,OB,,0.9777412851180785,0.009511576484233482,44.92622351750574,8.857142851860196,0.11097750263574127,6.702702699358906,0.9999999999997276,1.0,1.0,1.0,1.0,0.003804630593693393,0.009511576484233482
BedSet_17_23.obj,BedSet_17,OB,OB,,0.9777412851180763,0.00951157648423557,44.926223517501526,8.857142851860196,0.11097750263574117,6.702702699358592,0.9999999999997309,1.0,1.0,0.9999999999999998,1.0,0.003804630593694229,0.009511576484235569
BedSet_17_24.obj,BedSet_17,OB,OB,,0.9777412851180763,0.00951157648423557,44.926223517501526,8.857142851860196,0.11097750263574117,6.702702699358592,0.9999999999997309,1.0,1.0,0.9999999999999998,1.0,0.003804630593694229,0.009511576484235569
BedSet_17_25.obj,BedSet_17,OB,OB,,0.9777412851180763,0.00951157648423557,44.926223517501526,8.857142851860196,0.11097750263574117,6.702702699358592,0.9999999999997309,1.0,1.0,0.9999999999999998,1.0,0.003804630593694229,0.009511576484235569
BedSet_17_26.obj,BedSet_17,M,M,,0.9974788669549346,0.0016632474950885048,396.6470559564914,34.14171426535998,0.02924032319776341,19.91599999162867,0.9999999999999476,1.0,1.0,0.9999999999999991,1.0,0.0006652989980354025,0.0016632474950885033
BedSet_17_27.obj,BedSet_17,M,M,,0.9993032440347951,0.00025079323456950035,1435.2226142222512,45.499787019322056,0.0219645209302339,36.40021565593628,0.9999512624468749,1.0,1.0,1.0,1.0,0.00010031729382780014,0.00025079323456950035
BedSet_17_28.obj,BedSet_17,OB,OB,,0.9540622896148073,0.044169076098253435,21.76858161270069,49.302261282939114,0.019973861107500008,5.699475986316125,0.9652550206311004,0.7573844581824818,1.7073954853193514,0.8993787376611265,0.9673217879763759,0.024528996241110414,0.03907566136437677
BedSet_17_29.obj,BedSet_17,OB,OB,,0.36172844237424395,0.631513195301964,1.5667311496914,11.60517926527454,0.06713422364656073,1.2499904957374943,0.9993997954616273,0.9999999982272993,1.0000768100606956,0.9999644303034365,0.9950770932072525,0.2534010314701599,0.6299363475607701
BedSet_17_30.obj,BedSet_17,M,M,,0.9978748191687693,0.0020653234898781576,470.54812863464446,94.66436054623563,0.010551981818597017,21.846120287552043,0.9975228214558687,0.9722222222222223,1.3611111111111114,1.0,1.0,0.0009798812557533039,0.0020653234898781576
BedSet_17_31.obj,BedSet_17,M,M,,0.9978749561512341,0.0020651865074134347,470.5784606404912,94.66436054623563,0.01055198252963818,21.84682443271748,0.997522817336424,0.9722222222222223,1.3611111111111114,1.0,1.0,0.0009798162651839298,0.0020651865074134347
BedSet_17_32.obj,BedSet_17,M,M,,0.9978746821819406,0.0020654604767068115,470.51779957263335,94.66436054623563,0.010551981107533344,21.845416188038897,0.9975228255750467,0.9722222222222223,1.3611111111111114,1.0,1.0,0.0009799462483931207,0.0020654604767068115
BedSet_17_33.obj,BedSet_17,OB,OB,,0.7499795933409921,0.08999419922870155,3.9995646934877107,2.499972182339677,0.3368638226819921,1.999998956733353,0.9991137137814612,1.0,1.0,1.0,1.0,0.03599767969148062,0.08999419922870155
BedSet_17_34.obj,BedSet_17,M,M,,0.9984042763111799,0.0015149803611539904,626.6748680665507,100.79404474735783,0.009912918559278292,25.19985560887143,0.9918110278564283,0.9999999924381735,1.000129195539535,0.9999999999999999,1.0,0.0006060352027146447,0.0015149803611539901
BedSet_17_35.obj,BedSet_17,M,M,,0.9978748191687182,0.0020653234899297127,470.5481286233089,94.66436054623563,0.01055198181859675,21.84612028728889,0.9975228214558703,0.9722222222222223,1.3611111111111114,1.0,1.0,0.000979881255777764,0.0020653234899297127
BedSet_17_36.obj,BedSet_17,M,M,,0.9993276984535958,0.0004227290014621446,1487.4276727793426,65.99847614336085,0.01514316322909,33.000404663951194,0.9964802239636897,0.9722222222222222,1.3611111111111107,0.9965295525758157,0.9968707634382932,0.0002014056015820175,0.0004206028285513349
BedSet_17_37.obj,BedSet_17,M,M,,0.997874819168599,0.0020653234900485954,470.5481285969155,94.66436054623563,0.01055198181859613,21.846120286676168,0.9975228214558737,0.9722222222222223,1.3611111111111107,1.0,1.0,0.000979881255834167,0.0020653234900485954
BedSet_17_38.obj,BedSet_17,OB,OB,,0.9710668083177924,0.028439988539403507,34.56236960259856,78.00356473084838,0.012730630002338417,8.478580962472385,0.9999690943412867,0.9876543209876544,1.234567901234568,0.9999998374926239,0.9999999759308772,0.012780441082979632,0.02843998357543286
BedSet_17_39.obj,BedSet_17,M,M,,0.9979175348084123,0.0020213129663874006,480.2000706448406,100.79404474709509,0.009908538717075858,20.160096979716908,0.9668636558047684,0.9924631689908935,1.174202833760644,0.999572524846771,0.9946550598186914,0.00088625244245438,0.0020150493160482146
BedSet_17_40.obj,BedSet_17,M,M,,0.9978749561513534,0.0020651865072940736,470.5784606668873,94.66436054623563,0.0105519825296388,21.84682443333024,0.9975228173364207,0.9722222222222223,1.3611111111111114,1.0,1.0,0.0009798162651272996,0.0020651865072940736
BedSet_17_41.obj,BedSet_17,M,M,,0.997874956151217,0.0020651865074303305,470.57846063670127,94.66436054623563,0.010551982529638093,21.846824432629496,0.9975228173364246,0.9722222222222223,1.3611111111111114,1.0,1.0,0.000979816265191946,0.0020651865074303305
BedSet_17_42.obj,BedSet_17,M,M,,0.9978748191687693,0.0020653234898781576,470.54812863464446,94.66436054623563,0.010551981818597017,21.846120287552043,0.9975228214558681,0.9722222222222223,1.3611111111111114,1.0,1.0,0.0009798812557533039,0.0020653234898781576
BedSet_17_43.obj,BedSet_17,M,M,,0.9978746821817872,0.0020654604768601524,470.51779953866384,94.66436054623563,0.010551981107532546,21.84541618725027,0.9975228255750511,0.9722222222222223,1.3611111111111114,1.0,1.0,0.0009799462484658724,0.0020654604768601524
BedSet_17_44.obj,BedSet_17,M,M,,0.9978749561511828,0.002065186507464392,470.57846062915513,94.66436054623563,0.010551982529637917,21.846824432454312,0.9975228173364259,0.9722222222222223,1.3611111111111114,1.0,1.0,0.000979816265208106,0.002065186507464392
BedSet_17_45.obj,BedSet_17,M,M,,0.9978748191687693,0.0020653234898781576,470.54812863464446,94.66436054623563,0.010551981818597017,21.846120287552043,0.9975228214558687,0.9722222222222223,1.3611111111111114,1.0,1.0,0.0009798812557533039,0.0020653234898781576
BedSet_17_46.obj,BedSet_17,M,M,,0.9978746821817701,0.002065460476877252,470.51779953487465,94.66436054623563,0.010551981107532457,21.8454161871623,0.9975228255750519,0.9722222222222223,1.3611111111111107,1.0,1.0,0.000979946248473985,0.002065460476877252
BedSet_17_47.obj,BedSet_17,M,M,,0.9978749561511828,0.002065186507464577,470.5784606291545,94.66436054623563,0.010551982529637917,21.846824432454312,0.9975228173364262,0.9722222222222223,1.3611111111111114,1.0,1.0,0.000979816265208194,0.002065186507464577
BedSet_17_48.obj,BedSet_17,M,M,,0.9978748191687693,0.0020653234898781576,470.54812863464446,94.66436054623563,0.010551981818597017,21.846120287552043,0.9975228214558695,0.9722222222222223,1.3611111111111114,1.0,1.0,0.0009798812557533039,0.0020653234898781576
BedSet_17_49.obj,BedSet_17,OB,OB,,0.9540624065761655,0.04416895913570495,21.76863703752116,49.302261289369305,0.019973861104895973,5.699475986316125,0.9652550206310939,0.7573816883920469,1.7074061979268447,0.8993789322005955,0.9673218386065738,0.024529009795533217,0.03907556734736075
BedSet_17_50.obj,BedSet_17,OB,OB,,0.954062241956204,0.04416912207860565,21.768559028635188,49.302261282993086,0.0199738611074788,5.699475986322365,0.9652550206309092,0.7573962662073105,1.7074145436348882,0.8993795383889382,0.9673219963710814,0.024529286168838822,0.039075740971236096
BedSet_17_51.obj,BedSet_17,OB,OB,,0.9540623589177551,0.0441690051158643,21.768614453432107,49.302261289423285,0.019973861104874768,5.699475986322365,0.9652550206309024,0.7573935134844573,1.707425221103951,0.899379732915352,0.9673220469977906,0.024529299517024435,0.039075646953321504
BedSet_18_01.obj,BedSet_18,M,M,,0.996649685788954,0.0031701922423588206,298.4794670013209,74.51035921737896,0.013397324234573512,17.276558305410134,0.9999999999999762,0.888888888888889,1.1111111111111112,1.0,1.0,0.0012821666402429007,0.0031701922423588206
BedSet_18_02.obj,BedSet_18,OB,OB,,0.7763420897853103,0.221854631987526,4.471113939319372,17.40683522732213,0.05177010663576615,2.093771767893779,0.988148141127999,0.8162341050506137,1.2155144599515342,0.9922542861344377,0.9889461169900654,0.09313674662136927,0.21891952953543337
BedSet_18_03.obj,BedSet_18,M,M,,0.9850617402249646,0.014671583815909928,66.9422017731221,59.99895456266915,0.016541583409688882,8.181821419828902,0.9999999999999215,0.8834314575050761,1.1165685424949239,0.9999999999999998,1.0,0.005937043332024482,0.014671583815909925
BedSet_18_04.obj,BedSet_18,M,M,,0.9969061915802454,0.0029275448088174256,323.22621970215476,74.51099148177744,0.013397201816915182,17.273177594753133,0.9999999999999762,1.0,1.0,1.0,1.0,0.0011710179235269703,0.0029275448088174256
BedSet_18_05.obj,BedSet_18,M,M,,0.9957092444082095,0.00314524151383915,233.05918470681553,28.386949881044426,0.03512417852087043,14.667363595278067,0.9999999999993885,1.0,1.0,1.0,1.0,0.00125809660553566,0.00314524151383915
BedSet_18_06.obj,BedSet_18,M,M,,0.9957092444082095,0.003145241513839229,233.05918470681124,28.386949881044426,0.03512417852087043,14.667363595277939,0.9999999999993797,0.9999999999999999,1.0,0.9999999999999998,1.0,0.001258096605535692,0.003145241513839228
BedSet_18_07.obj,BedSet_18,M,M,,0.9957086836900556,0.0031458022319931353,233.0287323918661,28.386949881044426,0.03512416791533689,14.666405319878331,0.9999999999993846,1.0,1.0,1.0,1.0,0.0012583208927972541,0.0031458022319931353
BedSet_18_08.obj,BedSet_18,M,M,,0.9972520847723934,0.0014595540503487634,363.9122451642935,29.999477304628183,0.033282589851129286,22.499607984148298,0.9999999999998826,0.7696000000000001,2.1904,0.9999999999999998,1.0,0.0008443928856401696,0.0014595540503487632
BedSet_18_09.obj,BedSet_18,M,M,,0.979219659141244,0.02023743866759638,48.12240601809598,58.06423865722715,0.01709259494532973,8.181821419828902,0.9999999999999151,0.9423999999999999,1.5376,0.9999999999999994,1.0,0.010278676049026877,0.02023743866759637
BedSet_18_10.obj,BedSet_18,M,M,,0.9972133858878683,0.0009264695567528043,358.858442453863,26.332875974857117,0.03789950798162828,19.74965698497614,0.9999999999998648,0.8724489795918368,1.6989795918367343,0.8698829014828693,0.9895039380532558,0.0005364085729290252,0.0008016905329043094
BedSet_18_11.obj,BedSet_18,M,M,,0.9970218203294733,0.0011620409902967,335.7755779128766,26.332875974857114,0.037899507981628285,19.749656984976006,0.9999999999998666,0.8287646849412604,1.925952296190815,0.9159020469832139,0.9934938756088154,0.0007018122891342993,0.0010608534364527403
BedSet_18_12.obj,BedSet_18,OB,OB,,0.9828279615461344,0.007886918611428559,58.23420455779996,10.332483984789608,0.09554711757949588,7.749362990096266,0.9999999999996619,0.8602071005917158,1.7551775147928994,0.8541802029225283,0.970382542041742,0.0047275580212713065,0.006637085557971573
BedSet_18_13.obj,BedSet_18,OB,OB,,0.9828646238115589,0.008265471338524151,58.358800472182224,10.333137323311698,0.09554122955834302,7.749852993987979,0.9999884082892118,0.9074800146350703,1.6042414805859286,0.8330983355553664,0.9635706191047343,0.004825402468607119,0.006760524959463455
BedSet_19_01.obj,BedSet_19,M,M,,0.9947341909989476,0.005059928322977693,189.9043432452578,80.99999988812183,0.012321289682353099,16.19999999564054,0.9984567901231466,0.7712665406427218,1.2287334593572778,0.9655843614936193,0.9971709697493738,0.002134794230551715,0.0048788766384032485
BedSet_19_02.obj,BedSet_19,M,M,,0.9947341909989472,0.0050599283229780575,189.90434324524466,80.99999988812183,0.012321289682353099,16.19999999564054,0.9984567901231466,0.7712665406427218,1.2287334593572778,0.9655843614936175,0.9971709697493737,0.002134794230551872,0.004878876638403591
BedSet_19_03.obj,BedSet_19,M,M,,0.9947341909986547,0.005059928323270393,189.9043432346973,80.99999988812183,0.0123212896823518,16.19999999519014,0.9984567901231463,0.7712665406427218,1.2287334593572778,0.9655843614935747,0.9971709697492935,0.002134794230675386,0.004878876638685054
BedSet_19_04.obj,BedSet_19,M,M,,0.9947341909986547,0.005059928323270392,189.90434323469736,80.99999988812183,0.0123212896823518,16.199999995190037,0.9984567901231457,0.7712665406427218,1.2287334593572778,0.9655843614935711,0.9971709697492931,0.002134794230675392,0.004878876638685033
BedSet_19_05.obj,BedSet_19,M,M,,0.9947341909986547,0.005059928323270509,189.9043432346977,80.99999988812183,0.0123212896823518,16.19999999519009,0.998456790123147,0.7712665406427218,1.2287334593572778,0.9655843614935719,0.9971709697492934,0.00213479423067544,0.004878876638685151
BedSet_19_06.obj,BedSet_19,M,M,,0.994734190998772,0.005059928323153227,189.90434323892796,80.99999988812183,0.012321289682352316,16.19999999537028,0.9984567901231465,0.7712665406427218,1.2287334593572778,0.9655843614935911,0.9971709697493256,0.002134794230625884,0.004878876638572242
BedSet_19_07.obj,BedSet_19,M,M,,0.994734190998889,0.005059928323036281,189.9043432431449,80.99999988812183,0.012321289682352838,16.199999995550417,0.9984567901231468,0.7712665406427218,1.2287334593572778,0.9655843614936089,0.9971709697493578,0.0021347942305764717,0.004878876638459649
BedSet_19_08.obj,BedSet_19,M,M,,0.9947341909988364,0.005059928323088811,189.90434324125047,80.99999988812183,0.012321289682352604,16.199999995469362,0.9984567901231468,0.7712665406427218,1.2287334593572778,0.9655843614936027,0.9971709697493433,0.0021347942305986636,0.0048788766385102315
BedSet_19_09.obj,BedSet_19,M,M,,0.9947341909988481,0.005059928323077079,189.90434324166895,80.99999988812183,0.012321289682352654,16.199999995487385,0.9984567901231473,0.7712665406427218,1.2287334593572778,0.965584361493603,0.9971709697493466,0.002134794230593709,0.00487887663849893
BedSet_19_10.obj,BedSet_19,M,M,,0.9947341909987718,0.005059928323153454,189.9043432389192,80.99999988812183,0.012321289682352316,16.199999995370227,0.998456790123147,0.7712665406427218,1.2287334593572778,0.965584361493589,0.9971709697493253,0.0021347942306259838,0.004878876638572449
BedSet_19_11.obj,BedSet_19,M,M,,0.9947341909989182,0.005059928323006878,189.90434324420124,80.99999988812183,0.012321289682352967,16.199999995595427,0.9984567901231471,0.7712665406427218,1.2287334593572778,0.9655843614936162,0.9971709697493659,0.0021347942305640433,0.004878876638431354
BedSet_19_12.obj,BedSet_19,M,M,,0.9947341909989476,0.005059928322977577,189.9043432452574,80.99999988812183,0.012321289682353097,16.19999999564049,0.9984567901231475,0.7712665406427218,1.2287334593572778,0.9655843614936194,0.9971709697493739,0.002134794230551665,0.0048788766384031375
BedSet_19_13.obj,BedSet_19,M,M,,0.9947341909989473,0.005059928322977826,189.9043432452484,80.99999988812183,0.012321289682353099,16.199999995640592,0.9984567901231477,0.7712665406427218,1.2287334593572778,0.9655843614936178,0.9971709697493738,0.0021347942305517736,0.004878876638403369
BedSet_19_14.obj,BedSet_19,M,M,,0.9947341909989476,0.005059928322977577,189.9043432452574,80.99999988812183,0.012321289682353097,16.19999999564049,0.9984567901231469,0.7712665406427218,1.2287334593572778,0.9655843614936194,0.9971709697493739,0.002134794230551665,0.0048788766384031375
BedSet_19_15.obj,BedSet_19,M,M,,0.9947341909992402,0.005059928322685005,189.9043432558139,80.99999988812183,0.012321289682354398,16.199999996090785,0.9984567901231485,0.7712665406427218,1.2287334593572778,0.9655843614936629,0.9971709697494544,0.0021347942304280497,0.00487887663812145
BedSet_19_16.obj,BedSet_19,M,OB,x,0.9828732366639307,0.004930371814326461,58.38814844194287,8.499999993932434,0.11605177062988957,8.499999993932098,0.9632352941124842,0.929783711663137,1.504135799677445,0.9593917599046394,0.9838390841035094,0.0025466556522313623,0.004691936248380494
BedSet_19_17.obj,BedSet_19,M,M,,0.9979975196675305,0.0019094652281377272,499.3806849362088,99.49999985964513,0.010037080226586365,19.89999999450675,0.9999999999999463,0.98046875,1.26953125,0.9999999999999999,1.0,0.0008702984485121487,0.001909465228137727
BedSet_19_18.obj,BedSet_19,OB,OB,,0.9753846153798124,0.015000000001136,40.624999991871654,9.999999989523868,0.09826615860182404,6.249999995659632,0.9999999999991406,0.9984000000000002,1.0816000000000001,1.0,1.0,0.006264960000474468,0.015000000001136
BedSet_19_19.obj,BedSet_19,OB,OB,,0.9753846153798122,0.014999999999874607,40.62499999187163,9.999999988867938,0.09826615860820735,6.249999995659632,0.9999999999991401,0.9984000000000001,1.0816000000000001,1.0,1.0,0.006264959999947629,0.014999999999874607
BedSet_19_20.obj,BedSet_19,OB,OB,,0.9753846153798122,0.01499999999899761,40.62499999187162,9.999999988411897,0.09826615861264543,6.249999995659632,0.9999999999991417,0.9984000000000001,1.0816000000000001,1.0,1.0,0.006264959999581339,0.01499999999899761
BedSet_19_21.obj,BedSet_19,M,M,,0.9955069268197462,0.003993842825498375,222.5648147448643,42.999999885674406,0.023193180347826074,14.333333320464694,0.9999999999983348,1.0,1.0,0.9999999999999999,1.0,0.0015975371301993502,0.003993842825498374
BedSet_19_22.obj,BedSet_19,M,M,,0.995506926819578,0.003993842825666518,222.5648147365353,42.999999885674406,0.023193180347823972,14.33333332019649,0.9999999999983322,1.0,1.0,1.0,1.0,0.0015975371302666072,0.003993842825666518
BedSet_19_23.obj,BedSet_19,M,M,,0.9955069268196598,0.0039938428255847135,222.56481474058754,42.999999885674406,0.023193180347824995,14.333333320326966,0.9999999999983455,1.0,1.0,1.0,1.0,0.0015975371302338855,0.0039938428255847135
BedSet_19_24.obj,BedSet_19,M,M,,0.9955069268197431,0.003993842825501402,222.56481474471437,42.999999885674406,0.023193180347826036,14.333333320459861,0.9999999999983338,1.0,1.0,1.0,1.0,0.0015975371302005608,0.003993842825501402
BedSet_19_25.obj,BedSet_19,M,M,,0.9955069268196598,0.0039938428255847135,222.5648147405875,42.999999885674406,0.023193180347824995,14.333333320326966,0.9999999999983455,1.0,1.0,0.9999999999999999,1.0,0.0015975371302338857,0.003993842825584713
BedSet_19_26.obj,BedSet_19,M,M,,0.9955069268197432,0.003993842825501398,222.56481474471457,42.999999885674406,0.023193180347826036,14.333333320459861,0.9999999999983338,1.0,1.0,0.9999999999999999,1.0,0.0015975371302005595,0.003993842825501397
BedSet_19_27.obj,BedSet_19,M,M,,0.9992698746142415,0.000395668167274393,1369.6277646352419,52.999999947268805,0.01885860233947268,39.74999997150211,0.9999999999998889,0.9338775510204081,1.580408163265306,0.9360284361018302,0.9978122535203123,0.00021315623017966064,0.00036995153259411793
BedSet_19_28.obj,BedSet_19,M,M,,0.9994313185109569,0.0004434467816010339,1758.45357949417,100.99999985919351,0.009898564515178256,50.49999996498098,0.999999999999869,0.9809750297265158,1.2948870392390013,1.0,1.0,0.0002046288073766103,0.0004434467816010339
BedSet_19_29.obj,BedSet_19,M,M,,0.9979975196675305,0.0019094652281377274,499.3806849362087,99.49999985964513,0.010037080226586365,19.89999999450675,0.9999999999999463,0.98046875,1.26953125,0.9999999999999999,1.0,0.0008702984485121488,0.0019094652281377272
BedSet_19_30.obj,BedSet_19,M,M,,0.9961362588326553,0.0036788412757627407,258.8165088416221,79.49999988774637,0.01255282319248711,15.899999995585496,0.9999999999999307,0.9338775510204081,1.580408163265306,1.0,1.0,0.0018975012830023917,0.0036788412757627407
BedSet_19_31.obj,BedSet_19,M,M,,0.9931778247961304,0.006592455133006048,146.5808147865328,79.49999988774762,0.012552823192486913,15.899999995585496,0.9999999999999383,0.7263640149937528,2.2532278217409414,0.977439047930843,0.9981576722727317,0.0038177068389728354,0.006437787343894048
BedSet_19_32.obj,BedSet_19,M,M,,0.9966176088418339,0.0008352070123559064,295.64883339554217,20.249999985543486,0.04926272749518172,20.249999985542846,0.9845679012323941,0.8106021419092698,1.871986135280474,0.9116613524099169,0.989594370906506,0.0004938288990278049,0.0007574643963946701
BedSet_19_33.obj,BedSet_19,M,OB,x,0.9818742816395084,0.006053474246002531,55.170227193642674,8.499999993932434,0.11605177062988957,8.499999993932098,0.9632352941124842,0.9450844667758393,1.314121483657496,0.9793094217412444,0.9874503971583178,0.0028427177623414858,0.0058910259327198625
BedSet_19_34.obj,BedSet_19,M,M,,0.9966176088418339,0.000835207012355906,295.6488333955423,20.249999985543486,0.04926272749518172,20.249999985542846,0.9845679012323968,0.8106021419092698,1.871986135280474,0.911661352409917,0.989594370906506,0.0004938288990278048,0.0007574643963946699
BedSet_19_35.obj,BedSet_19,M,M,,0.9939079304700714,0.005877157756059902,164.14783105922746,80.99999988812183,0.012321289682353097,16.19999999564049,0.9999999999999323,0.9256198347107438,1.6198347107438016,1.0,1.0,0.00307360779176422,0.005877157756059902
BedSet_20_01.obj,BedSet_20,OB,OB,,0.2951838035648425,0.6934658830612066,1.4188096202354017,9.196693022098277,0.08299057364649641,1.1911379517879501,0.9999999999999998,0.883431457505076,1.1165685424949239,1.0,1.0,0.2806198055148187,0.6934658830612066
BedSet_20_02.obj,BedSet_20,OB,OB,,0.924325595535036,0.07512068357664083,13.214507693455042,41.49999997019103,0.023104410093205904,3.3877551018500585,0.9999999999999961,0.9244444444444445,1.208888888888889,0.9999999999999998,1.0,0.03247884488149165,0.07512068357664081
BedSet_20_03.obj,BedSet_20,OB,OB,,0.93424898649483,0.0651753133974806,15.208891037416352,41.49999997019103,0.023104410093205904,3.3877551018500585,0.999999999999993,0.9649668432231855,1.408366490110148,0.9949913082771742,0.9982026933133589,0.03165806305336586,0.0647905936905882
BedSet_20_04.obj,BedSet_20,CA,CA,,0.8114609485590593,0.16129729125657385,5.3038018409369885,1.0603297838834955,0.5657470494689781,1.0603197872815266,0.360769627843301,0.5808402923655932,1.0821269202059418,0.5802205735560552,0.38385638801456423,0.10380736832483188,0.06475618055764368
BedSet_20_05.obj,BedSet_20,CA,CA,,0.8114609485590593,0.16129729125657385,5.3038018409369885,1.0603297838834955,0.5657470494689781,1.0603197872815266,0.3607696278432994,0.5808402923655932,1.0821269202059418,0.5802205735560547,0.38385638801456434,0.10380736832483192,0.06475618055764362
BedSet_20_06.obj,BedSet_20,CA,CA,,0.8114609485590593,0.16129729125657385,5.3038018409369885,1.0603297838834955,0.5657470494689781,1.0603197872815266,0.3607696278432994,0.5808402923655932,1.0821269202059418,0.5802205735560547,0.38385638801456434,0.10380736832483192,0.06475618055764362
BedSet_20_07.obj,BedSet_20,OB,OB,,0.47827737316371466,0.5105248829439886,1.916727123709214,5.864406541820075,0.13626799292513014,1.3648484772972982,0.7722260532909088,0.9981633677799068,1.0624454954183666,0.8970760969453598,0.9298404696589537,0.23840014349866903,0.4419138501299846
BedSet_20_08.obj,BedSet_20,OB,OB,,0.5227210632950556,0.44154447858052065,2.0952106255481344,5.288133802733467,0.15363279833106805,1.4444429716947995,0.9999997134022609,0.9970414201183433,1.079881656804734,0.901850023362826,0.9348593994876301,0.20650110760448082,0.3852371800810866
Cabinet_01_01.obj,Cabinet_01,OB,OB,,0.7735041314287455,0.22587070353815603,4.415091570136384,39.99471995083845,0.022571147519914726,2.1012119287698416,0.9999999999999664,1.0,1.0,1.0,1.0,0.09034828141526241,0.22587070353815603
Cabinet_01_02.obj,Cabinet_01,OB,OB,,0.7735041314287455,0.22587070353830116,4.415091570136382,39.99471995547891,0.022571147517297205,2.1012119287698416,0.9999999999999664,1.0,1.0,1.0,1.0,0.09034828141532047,0.22587070353830116
Cabinet_01_03.obj,Cabinet_01,OB,OB,,0.7735041314287455,0.22587070353815605,4.415091570136382,39.99471995083913,0.022571147519914344,2.1012119287698416,0.999999999999979,1.0,1.0,1.0,1.0,0.09034828141526242,0.22587070353815605
Cabinet_01_04.obj,Cabinet_01,OB,OB,,0.7735041314287455,0.225870703538156,4.415091570136383,39.99471995083898,0.022571147519914427,2.1012119287698416,0.9999999999999762,0.9999999999999999,1.0,1.0,1.0,0.09034828141526241,0.225870703538156
Cabinet_01_05.obj,Cabinet_01,M,M,,0.9934265683723631,0.005948266594625517,152.1275426058042,39.99471995362293,0.024913789075681387,12.333999452923898,0.9999999999998795,1.0,1.0,1.0,1.0,0.002379306637850207,0.005948266594625517
Cabinet_01_06.obj,Cabinet_01,M,M,,0.9626237586123436,0.03728730445609761,26.75496419311456,106.03736541483349,0.009258791542329415,5.172520100504222,0.9999999999999921,1.0,1.0,1.0,1.0,0.014914921782439045,0.03728730445609761
Cabinet_01_07.obj,Cabinet_01,M,M,,0.9626237586123435,0.037287303507428766,26.75496419311448,106.03679988176346,0.009258840918620887,5.172520100504222,0.999999999999992,1.0,1.0,0.9999999999999994,0.9999999999999999,0.014914921402971515,0.037287303507428746
Cabinet_01_08.obj,Cabinet_01,OB,OB,,0.7735041314287455,0.22587070353830116,4.415091570136381,39.99471995547943,0.022571147517296906,2.1012119287698416,0.9999999999999796,1.0,1.0,1.0,1.0,0.09034828141532047,0.22587070353830116
Cabinet_01_09.obj,Cabinet_01,OB,OB,,0.7735041314287455,0.22587070353824165,4.415091570136383,39.99471995357703,0.022571147518369982,2.1012119287698416,0.9999999999999796,1.0,1.0,1.0,1.0,0.09034828141529666,0.22587070353824165
Cabinet_01_10.obj,Cabinet_01,M,M,,0.9934265683723631,0.005948266594640034,152.12754260580414,39.99471995408719,0.02491378907539237,12.333999452923898,0.9999999999998795,1.0,1.0,1.0,1.0,0.002379306637856014,0.005948266594640034
Cabinet_01_11.obj,Cabinet_01,OB,OB,,0.7735041314287455,0.22587070353830108,4.415091570136382,39.99471995547891,0.022571147517297205,2.1012119287698416,0.9999999999999664,1.0,1.0,1.0,1.0,0.09034828141532043,0.22587070353830108
Cabinet_01_12.obj,Cabinet_01,OB,OB,,0.848620022136302,0.15136946258933598,6.605893422050477,308.38247894049465,0.0030220314776744743,2.570193265431496,0.9999999999999886,1.0,1.0,1.0,1.0,0.060547785035734394,0.15136946258933598
Cabinet_01_13.obj,Cabinet_01,OB,OB,,0.9512364000738103,0.048660372651670745,20.507099588905533,124.47118383582962,0.007873986810212811,4.939321408265942,0.9999999999999913,0.9997477399439666,1.02572123560503,0.9755510077266917,0.9937921550678384,0.020229205616663713,0.04732333028029121
Cabinet_01_14.obj,Cabinet_01,M,M,,0.8824569753148307,0.11754302468494157,8.507523119114898,41897616159.8868,0.0,2.91676586615156,1.0,0.0,0.0,1.0,1.0,0.0,0.11754302468494157
Cabinet_01_15.obj,Cabinet_01,M,M,,0.8824576845731628,0.11754231542660953,8.50757445408848,41897742566.229996,0.0,2.9167746661201717,1.0,0.0,0.0,1.0,1.0,0.0,0.11754231542660953
Cabinet_01_16.obj,Cabinet_01,OB,OB,,0.9512366753106464,0.04866009741482523,20.50721533796992,124.47118383582962,0.007873987518823386,4.939332698143446,0.9999999999999913,0.9997477399439664,1.0257212356050296,0.9755510146427512,0.9937921699349642,0.020229090895902403,0.047323063294501734
Cabinet_01_17.obj,Cabinet_01,M,M,,0.8824577275865788,0.11754227241319341,8.507577567350056,41897616159.8868,0.0,2.9167751998023443,1.0,6.162975822039155e-33,1.232595164407831e-32,0.9999999999999999,1.0,4.567434801996139e-18,0.1175422724131934
Cabinet_01_18.obj,Cabinet_01,M,M,,0.8824584368403716,0.1175415631594006,8.507628902652183,41897742566.229996,0.0,2.9167839997991156,1.0,0.0,0.0,1.0,1.0,0.0,0.1175415631594006
Cabinet_02_01.obj,Cabinet_02,OB,OB,,0.5099999999828654,0.48000000000285037,2.0408163264334034,9.999999981333342,0.08164965808770495,1.4285714281927453,0.9999999999992015,1.0,1.0,0.9999999999999996,0.9999999999999998,0.19200000000114026,0.4800000000028501
Cabinet_02_02.obj,Cabinet_02,OB,OB,,0.5100000000077762,0.47559999997978825,2.040816326537155,8.33333332099031,0.09783620167584865,1.4285714282290543,0.9999999999993296,1.0,1.0,0.9999999999999992,0.9999999999999994,0.19023999999191551,0.47559999997978775
Cabinet_02_03.obj,Cabinet_02,M,M,,0.9982001836546832,0.0017171717171764142,555.6122448837899,109.9999998731064,0.009082364511463653,23.571428565441057,0.9999999999999682,1.0,1.0,1.0,1.0,0.0006868686868705657,0.0017171717171764142
Cabinet_02_04.obj,Cabinet_02,M,M,,0.9982001836546832,0.0017171717171764142,555.6122448837899,109.9999998731064,0.009082364511463653,23.571428565441057,0.9999999999999682,1.0,1.0,1.0,1.0,0.0006868686868705657,0.0017171717171764142
Cabinet_02_05.obj,Cabinet_02,OB,OB,,0.834530307383392,0.1648233262229246,6.043402777792233,39.333320917250816,0.023543362842071706,2.4583333331567205,0.9999999999999735,1.0,1.0,0.9999999999999999,1.0,0.06592933048916985,0.16482332622292456
Cabinet_02_06.obj,Cabinet_02,OB,OB,,0.834530307383392,0.16482332622277124,6.043402777792233,39.33332091258525,0.02354336284486278,2.4583333331567205,0.9999999999999867,1.0,1.0,1.0,1.0,0.0659293304891085,0.16482332622277124
Cabinet_02_07.obj,Cabinet_02,OB,OB,,0.5099999999828654,0.48000000000285037,2.0408163264334034,9.999999981333342,0.08164965808770495,1.4285714281927453,0.9999999999991952,1.0,1.0,0.9999999999999996,0.9999999999999998,0.19200000000114026,0.4800000000028501
Cabinet_02_08.obj,Cabinet_02,OB,OB,,0.5100000000077761,0.47559999997980396,2.0408163265371546,8.333333320994806,0.09783620167579639,1.4285714282290543,0.9999999999993279,1.0,1.0,0.9999999999999998,1.0,0.19023999999192162,0.47559999997980384
Cabinet_02_09.obj,Cabinet_02,M,M,,0.9982001836546832,0.0017171717171764142,555.6122448837899,109.9999998731064,0.009082364511463653,23.571428565441057,0.999999999999964,1.0,1.0,1.0,1.0,0.0006868686868705657,0.0017171717171764142
Cabinet_02_10.obj,Cabinet_02,M,M,,0.9982001836546832,0.0017171717171764142,555.6122448837899,109.9999998731064,0.009082364511463653,23.571428565441057,0.999999999999964,1.0,1.0,1.0,1.0,0.0006868686868705657,0.0017171717171764142
Cabinet_02_11.obj,Cabinet_02,OB,OB,,0.9028473300178149,0.09655984954944666,10.293077896706357,39.33333329268629,0.02354335543873606,2.458333333156753,0.9999999999999702,0.999928541076529,1.0120262841811627,0.9966086997692593,0.9984756489566046,0.03902958415138739,0.09615904014030219
Cabinet_02_12.obj,Cabinet_02,OB,OB,,0.9028473300178148,0.09655984954926959,10.293077896706345,39.33333328680749,0.023543355442252924,2.458333333156753,0.9999999999999736,0.9999285410765287,1.0120262841811627,0.9966086997692601,0.9984756489566013,0.039029584151315855,0.09615904014012579
Cabinet_02_13.obj,Cabinet_02,OB,OB,,0.9028473300178148,0.09655984954930615,10.293077896706345,39.33333328802112,0.023543355441526897,2.458333333156753,0.9999999999999736,0.999928541076529,1.0120262841811627,0.9966086997692601,0.9984756489566021,0.03902958415133063,0.09615904014016223
Cabinet_02_14.obj,Cabinet_02,OB,OB,,0.917387810069134,0.0825887609921649,12.104751137047874,206.66666543539083,0.004651776415038626,3.4929577461256276,0.9999999999998307,0.9918640772551818,1.1748025894114844,0.9917575758722441,0.9971978761434561,0.03638674844080335,0.08179327117427526
Cabinet_02_15.obj,Cabinet_02,OB,OB,,0.9173878100707903,0.08258876099050862,12.104751137290561,206.66666543539083,0.0046517764150421585,3.4929577461606374,0.999999999999829,0.9918640772551818,1.1748025894114844,0.9917575758722711,0.9971978761434893,0.03638674844007216,0.08179327117263852
Cabinet_02_16.obj,Cabinet_02,OB,OB,,0.9173878100707903,0.08258876099050863,12.10475113729056,206.66666543539083,0.0046517764150421585,3.4929577461606387,0.9999999999998296,0.9918640772551818,1.1748025894114844,0.9917575758722711,0.9971978761434893,0.03638674844007217,0.08179327117263853
Cabinet_02_17.obj,Cabinet_02,OB,OB,,0.917387810069134,0.08258876099216488,12.104751137047879,206.66666543539083,0.004651776415038626,3.4929577461256276,0.9999999999998307,0.9918640772551818,1.1748025894114844,0.9917575758722437,0.9971978761434561,0.03638674844080335,0.0817932711742752
Cabinet_03_01.obj,Cabinet_03,M,OB,x,0.9519609682865797,0.04686620379068615,20.816406249931905,29.199999988232477,0.03343378559424462,4.562499999698525,0.9999999999999962,1.0,1.0,1.0,1.0,0.01874648151627446,0.04686620379068615
Cabinet_03_02.obj,Cabinet_03,M,M,,0.9484935365423178,0.050248981439626084,19.41503906245699,28.19999998865096,0.0345609275935339,4.406249999711176,0.999999999999996,1.0,1.0,0.9999999999999993,0.9999999999999999,0.020099592575850447,0.05024898143962605
Cabinet_03_03.obj,Cabinet_03,M,M,,0.9484935365423178,0.050248981439626084,19.41503906245699,28.19999998865096,0.0345609275935339,4.406249999711176,0.999999999999996,1.0,1.0,0.9999999999999993,0.9999999999999999,0.020099592575850447,0.05024898143962605
Cabinet_03_04.obj,Cabinet_03,M,M,,0.9446366782006376,0.0540116782006955,18.062499999980503,27.199999989068335,0.03576450074953044,4.249999999723832,0.999999999999991,1.0,1.0,1.0,1.0,0.021604671280278202,0.0540116782006955
Cabinet_03_05.obj,Cabinet_03,M,M,,0.9446366782006376,0.055241673875393166,18.062499999980503,90.66666654055881,0.010735600059081219,4.249999999723832,0.9999999999999859,1.0,1.0,1.0,1.0,0.022096669550157266,0.055241673875393166
Cabinet_03_06.obj,Cabinet_03,M,M,,0.9446366782006376,0.05524167387539314,18.062499999980506,90.66666654055881,0.010735600059081219,4.249999999723832,0.9999999999999859,1.0,1.0,1.0,1.0,0.022096669550157256,0.05524167387539314
Cabinet_03_07.obj,Cabinet_03,M,M,,0.9446366782006376,0.05524167387539319,18.0624999999805,90.66666654055881,0.010735600059081219,4.249999999723832,0.999999999999978,1.0,1.0,1.0,1.0,0.022096669550157277,0.05524167387539319
Cabinet_03_08.obj,Cabinet_03,M,M,,0.9446366782006376,0.05524167387539315,18.06249999998051,90.66666654055881,0.010735600059081219,4.249999999723832,0.9999999999999819,1.0,1.0,0.9999999999999999,1.0,0.022096669550157266,0.055241673875393145
Cabinet_03_09.obj,Cabinet_03,M,M,,0.9446366782006375,0.055241673875393256,18.06249999998047,90.66666654055872,0.01073560005908123,4.249999999723827,0.9999999999999885,1.0,1.0,0.9999999999999997,1.0,0.02209666955015731,0.055241673875393235
Cabinet_03_10.obj,Cabinet_03,M,M,,0.9446366782006375,0.055241673875393256,18.06249999998047,90.66666654055872,0.01073560005908123,4.249999999723827,0.999999999999985,1.0,1.0,0.9999999999999997,1.0,0.02209666955015731,0.055241673875393235
Cabinet_03_11.obj,Cabinet_03,M,M,,0.9446366782006375,0.055241673875393256,18.06249999998047,90.66666654055872,0.01073560005908123,4.249999999723827,0.9999999999999868,1.0,1.0,0.9999999999999997,1.0,0.02209666955015731,0.055241673875393235
Cabinet_03_12.obj,Cabinet_03,M,M,,0.9446366782006375,0.055241673875393256,18.06249999998047,90.66666654055872,0.01073560005908123,4.249999999723827,0.9999999999999885,1.0,1.0,0.9999999999999997,1.0,0.02209666955015731,0.055241673875393235
Cabinet_03_13.obj,Cabinet_03,M,OB,x,0.9519609682865797,0.04686620379068615,20.816406249931905,29.199999988232477,0.03343378559424462,4.562499999698525,0.9999999999999962,1.0,1.0,1.0,1.0,0.01874648151627446,0.04686620379068615
Cabinet_03_14.obj,Cabinet_03,M,M,,0.9484935365423178,0.050248981439626084,19.41503906245699,28.19999998865096,0.0345609275935339,4.406249999711176,0.999999999999996,1.0,1.0,0.9999999999999993,0.9999999999999999,0.020099592575850447,0.05024898143962605
Cabinet_03_15.obj,Cabinet_03,M,M,,0.9484935365423178,0.050248981439626084,19.41503906245699,28.19999998865096,0.0345609275935339,4.406249999711176,0.999999999999996,1.0,1.0,0.9999999999999993,0.9999999999999999,0.020099592575850447,0.05024898143962605
Cabinet_03_16.obj,Cabinet_03,M,M,,0.9446366782006376,0.0540116782006955,18.062499999980503,27.199999989068335,0.03576450074953044,4.249999999723832,0.999999999999991,1.0,1.0,1.0,1.0,0.021604671280278202,0.0540116782006955
Cabinet_03_17.obj,Cabinet_03,M,M,,0.9446366782006376,0.055241673875393166,18.062499999980503,90.66666654055881,0.010735600059081219,4.249999999723832,0.9999999999999859,1.0,1.0,1.0,1.0,0.022096669550157266,0.055241673875393166
Cabinet_03_18.obj,Cabinet_03,M,M,,0.9446366782006376,0.05524167387539314,18.062499999980506,90.66666654055881,0.010735600059081219,4.249999999723832,0.9999999999999859,1.0,1.0,1.0,1.0,0.022096669550157256,0.05524167387539314
Cabinet_03_19.obj,Cabinet_03,M,M,,0.9446366782006376,0.05524167387539319,18.0624999999805,90.66666654055881,0.010735600059081219,4.249999999723832,0.999999999999978,1.0,1.0,1.0,1.0,0.022096669550157277,0.05524167387539319
Cabinet_03_20.obj,Cabinet_03,M,M,,0.9446366782006376,0.05524167387539315,18.06249999998051,90.66666654055881,0.010735600059081219,4.249999999723832,0.9999999999999819,1.0,1.0,0.9999999999999999,1.0,0.022096669550157266,0.055241673875393145
Cabinet_03_21.obj,Cabinet_03,M,M,,0.9446366782006375,0.055241673875393256,18.06249999998047,90.66666654055872,0.01073560005908123,4.249999999723827,0.9999999999999885,1.0,1.0,0.9999999999999997,1.0,0.02209666955015731,0.055241673875393235
Cabinet_03_22.obj,Cabinet_03,M,M,,0.9446366782006375,0.055241673875393256,18.06249999998047,90.66666654055872,0.01073560005908123,4.249999999723827,0.999999999999985,1.0,1.0,0.9999999999999997,1.0,0.02209666955015731,0.055241673875393235
Cabinet_03_23.obj,Cabinet_03,M,M,,0.9446366782006375,0.055241673875393256,18.06249999998047,90.66666654055872,0.01073560005908123,4.249999999723827,0.9999999999999868,1.0,1.0,0.9999999999999997,1.0,0.02209666955015731,0.055241673875393235
Cabinet_03_24.obj,Cabinet_03,M,M,,0.9446366782006375,0.055241673875393256,18.06249999998047,90.66666654055872,0.01073560005908123,4.249999999723827,0.9999999999999885,1.0,1.0,0.9999999999999997,1.0,0.02209666955015731,0.055241673875393235
Cabinet_04_01.obj,Cabinet_04,OB,OB,,0.84861992120508,0.15136956352055744,6.605889017634124,308.3824789285673,0.00302203134542976,2.570192408606104,0.9999999999999888,1.0,1.0,0.9999999999999998,1.0,0.06054782540822299,0.15136956352055742
Cabinet_04_02.obj,Cabinet_04,OB,OB,,0.8888602906899814,0.11051454469374955,8.997684141949845,39.994733284328255,0.023713230365992707,2.9996139985712604,0.9999999999999846,1.0,1.0,1.0,1.0,0.044205817877499824,0.11051454469374955
Cabinet_04_03.obj,Cabinet_04,M,M,,0.9934265727550092,0.005948262628822396,152.12764403252902,39.994733287548954,0.024913780829246772,12.334003564629272,0.9999999999998826,1.0,1.0,1.0,1.0,0.0023793050515289586,0.005948262628822396
Cabinet_04_04.obj,Cabinet_04,OB,OB,,0.8888602906899815,0.11051454469383575,8.99768414194985,39.994733287087286,0.02371323036435777,2.9996139985712604,0.9999999999999712,1.0,1.0,1.0,1.0,0.044205817877534304,0.11051454469383575
Cabinet_04_05.obj,Cabinet_04,OB,OB,,0.8888602906899815,0.1105145446938933,8.997684141949849,39.99473328892716,0.023713230363267505,2.9996139985712604,0.9999999999999781,1.0,1.0,1.0,1.0,0.04420581787755732,0.1105145446938933
Cabinet_04_06.obj,Cabinet_04,M,M,,0.9808685781265591,0.01904248399319341,52.270030247370336,106.03679987061628,0.009341343489399141,7.229801535263803,0.9999999999999913,1.0,1.0,0.9999999999999992,0.9999999999999999,0.00761699359727737,0.019042483993193395
Cabinet_04_07.obj,Cabinet_04,M,M,,0.9808685781265591,0.019042483993193478,52.27003024737014,106.03679987061489,0.009341343489399263,7.229801535263803,0.9999999999999916,1.0,1.0,0.9999999999999992,0.9999999999999999,0.0076169935972773975,0.019042483993193464
Cabinet_04_08.obj,Cabinet_04,M,M,,0.9934265727550092,0.005948262628822396,152.12764403252902,39.994733287548954,0.024913780829246772,12.334003564629272,0.9999999999998826,1.0,1.0,1.0,1.0,0.0023793050515289586,0.005948262628822396
Cabinet_04_09.obj,Cabinet_04,OB,OB,,0.8888602906899815,0.11051454469374954,8.997684141949849,39.99473328432773,0.023713230365993012,2.9996139985712604,0.9999999999999715,1.0,1.0,1.0,1.0,0.04420581787749982,0.11051454469374954
Cabinet_04_10.obj,Cabinet_04,OB,OB,,0.8888602906899815,0.11051454469374951,8.99768414194985,39.99473328432814,0.023713230365992773,2.9996139985712604,0.9999999999999711,1.0,1.0,1.0,1.0,0.0442058178774998,0.11051454469374951
Cabinet_04_11.obj,Cabinet_04,OB,OB,,0.8888602906899815,0.11051454469389325,8.997684141949852,39.99473328892716,0.023713230363267505,2.9996139985712604,0.9999999999999715,1.0,1.0,1.0,1.0,0.044205817877557306,0.11051454469389325
Cabinet_04_12.obj,Cabinet_04,OB,OB,,0.8888602906899815,0.11051454469374956,8.997684141949847,39.994733284328255,0.023713230365992707,2.9996139985712604,0.9999999999999715,1.0,1.0,1.0,1.0,0.04420581787749983,0.11051454469374956
Cabinet_05_01.obj,Cabinet_05,OB,OB,,0.9236645513603512,0.07562609952101719,13.100073659362824,37.54654528238467,0.02566333735726658,3.6194023896116687,0.9999999999999952,1.0,1.0,1.0,1.0,0.030250439808406877,0.07562609952101719
Cabinet_05_02.obj,Cabinet_05,OB,OB,,0.7902831973710167,0.20891108101512695,4.768335142745111,35.229582205681126,0.025799189918756463,2.1836517905689083,0.9999999999999977,1.0,1.0,1.0,1.0,0.08356443240605078,0.20891108101512695
Cabinet_05_03.obj,Cabinet_05,OB,OB,,0.7902831973710167,0.20933443301363835,4.768335142745111,51.139716091169454,0.01777588390027592,2.1836517905689083,0.999999999999997,1.0,1.0,1.0,1.0,0.08373377320545534,0.20933443301363835
Cabinet_05_04.obj,Cabinet_05,OB,OB,,0.9359646951361936,0.06397800910452443,15.616385400628184,132.11093309025654,0.007337895584236891,3.9517572545534922,0.9999999999999823,1.0,1.0,1.0,1.0,0.025591203641809775,0.06397800910452443
Cabinet_05_05.obj,Cabinet_05,OB,OB,,0.9359646951361936,0.06397800910452443,15.616385400628184,132.11093309025654,0.007337895584236891,3.9517572545534922,0.9999999999999823,1.0,1.0,1.0,1.0,0.025591203641809775,0.06397800910452443
Cabinet_05_06.obj,Cabinet_05,OB,OB,,0.18863475390221562,0.8112242473725669,1.2324905519547025,84.21557272846238,0.008822418908121013,1.1101759103477418,0.9999999999999974,1.0,1.0,1.0,1.0,0.3244896989490268,0.8112242473725669
Cabinet_05_07.obj,Cabinet_05,OB,OB,,0.9236645513603512,0.0759491030224835,13.100073659362819,50.875888260219426,0.018942454072417958,3.6194023896116687,0.9999999999999933,1.0,1.0,1.0,1.0,0.030379641208993405,0.0759491030224835
Cabinet_06_01.obj,Cabinet_06,M,M,,0.9850925320028824,0.012709518296795251,67.08047269944481,19.99999997565695,0.04955294307986914,7.999999995931909,0.9976633333320345,1.0,1.0000000004064247,0.9998999999999639,0.9936981996857988,0.005104275364594074,0.012668204926409389
Cabinet_06_02.obj,Cabinet_06,M,M,,0.9850925320024105,0.012709518297267052,67.0804726973218,19.99999997565695,0.04955294307990632,7.99999999632298,0.9976633333370255,1.0,1.000000000406425,0.9999000000002035,0.9936981996954424,0.005104275364751848,0.012668204926943968
Cabinet_06_03.obj,Cabinet_06,CA,CA,,0.43528423845546554,2.541614826304623e-05,1.7708023530398984,1.035714284838527,0.5638472868248205,0.9999999991821986,0.441401811292271,0.9998198216855353,1.0267668815122803,0.730090330184646,0.6016527081239917,1.524743935524075e-05,1.4860201157363558e-05
Cabinet_06_05.obj,Cabinet_06,OB,OB,,0.4374818922632695,0.5607255122053543,1.7777205502278501,22.569446050180744,0.035419246949224666,1.3328459338314025,0.9802756624253669,0.9999999955604849,1.000103177485133,0.9999979879293835,0.9985952172552308,0.22450025162645162,0.5603305360164299
Cabinet_06_06.obj,Cabinet_06,M,M,,0.9780626673790874,0.02186923711609972,45.58439338457567,117.9999998564695,0.008382594949102566,6.7428609954553655,0.9999471392795758,1.0,1.0000000000935496,0.9999996125905779,0.9995824477454917,0.00874998069952751,0.021864662870888927
Cabinet_06_07.obj,Cabinet_06,M,M,,0.9780626673790874,0.021869237116099706,45.584393384575705,117.9999998564695,0.008382594949102566,6.7428609954553655,0.9999471392795751,1.0,1.0000000000935494,0.9999996125905779,0.9995824477454917,0.008749980699527501,0.021864662870888913
Cabinet_06_08.obj,Cabinet_06,OB,OB,,0.9720843634430151,0.02757540279941042,35.8222173425114,51.111110971619446,0.01929109582415994,5.9508408777206565,0.999454804148622,1.0,1.0000000000925644,0.9999910006187142,0.9978925023564509,0.011044776750978003,0.027546097351136636
Cabinet_06_09.obj,Cabinet_06,M,M,,0.9995471641318451,0.0003863625062488904,2208.305636376536,114.49999986065151,0.008731210597376703,45.79999997761151,0.9979411935959571,0.9240548685385056,1.3329581281264322,0.9999825327510874,0.9987906649799073,0.00017768390983814933,0.0003861221407849081
Cabinet_06_10.obj,Cabinet_06,M,M,,0.9995471641318451,0.00038636250624870784,2208.305636376532,114.49999986065151,0.008731210597376703,45.79999997761151,0.997941193595957,0.942709744682953,1.393917434050557,0.9999825327510872,0.9987906649799074,0.00018416279373175827,0.0003861221407847256
Cabinet_06_11.obj,Cabinet_06,OB,OB,,0.39453298807831944,0.6053598213199021,1.6516176444115873,80.95238063886117,0.009710242928705298,1.2718204488017562,0.9629160461984559,0.9787857214102238,1.3119679698599116,0.8805150234710412,0.9158042905813407,0.31943811829189805,0.510589064411409
Cabinet_06_12.obj,Cabinet_06,OB,OB,,0.391517442234386,0.6083754364060249,1.6434324817313901,80.95238063889998,0.009710242928702423,1.2718204488023659,0.9629160461978387,0.984858242116711,1.260677526334262,0.9536649979673694,0.969930617863245,0.29102133951628434,0.5714634366490329
Cabinet_06_13.obj,Cabinet_06,OB,OB,,0.39353761970568596,0.6063553983706715,1.648906894296903,81.11111079705324,0.009698488114540016,1.2743142143888464,0.9619855116617324,0.7799017803991509,1.8078914288130368,0.9517781990243289,0.9686570037321479,0.3412761089265485,0.5680715790787858
Cabinet_06_14.obj,Cabinet_06,OB,OB,,0.3930417753733563,0.6068491350486445,1.6475598474905595,81.1111107972589,0.0096984881145248,1.2743142143920771,0.9619863041892793,0.9540855013572039,1.4737700177417588,0.9516365657829862,0.9685607262001565,0.3160177882488795,0.5684217392385942
Cabinet_06_15.obj,Cabinet_06,M,M,,0.9851260674184565,0.012683574325576409,67.23171525191412,19.99999997565695,0.04955294307990632,7.999999996323003,0.9976633333319266,0.9239222005302167,1.3336523055326919,0.9998999999999592,0.9936981996857648,0.005851185916708785,0.012642345288275698
Cabinet_06_16.obj,Cabinet_06,M,M,,0.9851260674170749,0.01268357432695817,67.23171524566843,19.99999997565695,0.049552943079882894,7.999999996076527,0.9976633333330878,0.9239222004692886,1.3336523058301477,0.9999000000000147,0.9936981996833831,0.00585118591804444,0.012642345289638566
Cabinet_06_17.obj,Cabinet_06,M,M,,0.9851260674169613,0.012683574327071727,67.23171524515513,19.99999997565695,0.04955294307986914,7.999999995931909,0.9976633333320345,0.9239222005302204,1.3336523055326661,0.999899999999964,0.9936981996857989,0.0058511859173984125,0.01264234528976643
Cabinet_07_01.obj,Cabinet_07,OB,OB,,0.06297599999192546,0.9369067354931366,1.0672085239968443,92.34570365493838,0.007780413096376771,1.033057851164413,0.9999999999997201,1.0,1.0,1.0,1.0,0.37476269419725466,0.9369067354931366
Cabinet_07_02.obj,Cabinet_07,OB,OB,,0.04632568359564669,0.9535624842482314,1.0485760000003217,94.56200054275477,0.0075656253747369675,1.023999999933063,0.9999999999997362,1.0,1.0,1.0,1.0,0.3814249936992926,0.9535624842482314
Cabinet_07_03.obj,Cabinet_07,OB,OB,,0.04632568359564567,0.9535624842482324,1.0485760000003206,94.56200054275477,0.0075656253747369675,1.023999999933063,0.9999999999997357,1.0,1.0,1.0,1.0,0.381424993699293,0.9535624842482324
Cabinet_07_04.obj,Cabinet_07,OB,OB,,0.04632568360677753,0.9535624842371019,1.0485760000125601,94.56200054330662,0.007565625374714369,1.023999999939039,0.9999999999997362,1.0,1.0,1.0,1.0,0.3814249936948408,0.9535624842371019
Cabinet_07_05.obj,Cabinet_07,OB,OB,,0.04632568359564611,0.953562484248232,1.048576000000321,94.56200054275473,0.007565625374736969,1.0239999999330627,0.9999999999997359,1.0,1.0,1.0,1.0,0.38142499369929284,0.953562484248232
Cabinet_07_06.obj,Cabinet_07,OB,OB,,0.06297599999192546,0.9369067354931366,1.0672085239968443,92.34570365493838,0.007780413096376771,1.033057851164413,0.9999999999997201,1.0,1.0,1.0,1.0,0.37476269419725466,0.9369067354931366
Cabinet_07_07.obj,Cabinet_07,OB,OB,,0.04632568359564669,0.9535624842482314,1.0485760000003217,94.56200054275477,0.0075656253747369675,1.023999999933063,0.9999999999997362,1.0,1.0,1.0,1.0,0.3814249936992926,0.9535624842482314
Cabinet_07_08.obj,Cabinet_07,OB,OB,,0.04632568359564567,0.9535624842482324,1.0485760000003206,94.56200054275477,0.0075656253747369675,1.023999999933063,0.9999999999997359,1.0,1.0,1.0,1.0,0.381424993699293,0.9535624842482324
Cabinet_07_09.obj,Cabinet_07,OB,OB,,0.04632568360677753,0.9535624842371019,1.0485760000125601,94.56200054330662,0.007565625374714369,1.023999999939039,0.9999999999997362,1.0,1.0,1.0,1.0,0.3814249936948408,0.9535624842371019
Cabinet_07_10.obj,Cabinet_07,OB,OB,,0.04632568359564611,0.953562484248232,1.048576000000321,94.56200054275473,0.007565625374736969,1.0239999999330627,0.9999999999997359,1.0,1.0,1.0,1.0,0.38142499369929284,0.953562484248232
Cabinet_07_11.obj,Cabinet_07,OB,OB,,0.6713862631342717,0.32601728264838403,3.043086419750982,19.62499999036372,0.04416385931041107,1.7444444443641411,0.9999999999999937,1.0,1.0,1.0,1.0,0.13040691305935362,0.32601728264838403
Cabinet_07_12.obj,Cabinet_07,OB,OB,,0.6415270396403838,0.35587650614200256,2.7896106835966963,19.624999989345593,0.04367673815967867,1.6702127658931787,0.9999999999999939,1.0,1.0,1.0,1.0,0.14235060245680103,0.35587650614200256
Cabinet_07_13.obj,Cabinet_07,OB,OB,,0.9304756977713565,0.06902073100372566,14.383459710408335,44.56249997577732,0.021693663900881052,3.7925531913408226,0.9999999999999981,1.0,1.0,0.9999999999999996,1.0,0.027608292401490278,0.06902073100372563
Cabinet_07_14.obj,Cabinet_07,OB,OB,,0.9304756977713565,0.06902073100372566,14.383459710408335,44.56249997577732,0.021693663900881052,3.7925531913408226,0.9999999999999981,1.0,1.0,0.9999999999999997,1.0,0.027608292401490275,0.06902073100372563
Cabinet_07_15.obj,Cabinet_07,OB,OB,,0.5555555555579734,0.4412252904757439,2.2500000000114606,17.624999991297454,0.04715600957686101,1.4999999999381783,0.9999999999999875,1.0,1.0,1.0,1.0,0.17649011619029756,0.4412252904757439
Cabinet_07_16.obj,Cabinet_07,OB,OB,,0.5555555555579735,0.4412252904757439,2.250000000011461,17.62499999129766,0.047156009576860454,1.4999999999381783,0.9999999999999931,1.0,1.0,1.0,1.0,0.17649011619029756,0.4412252904757439
Cabinet_07_17.obj,Cabinet_07,OB,OB,,0.5555555555579735,0.4412252904757439,2.250000000011461,17.62499999129766,0.047156009576860454,1.4999999999381783,0.9999999999999931,1.0,1.0,1.0,1.0,0.17649011619029756,0.4412252904757439
Cabinet_07_18.obj,Cabinet_07,OB,OB,,0.5555555555579734,0.44122529047574394,2.2500000000114606,17.624999991297557,0.04715600957686073,1.4999999999381783,0.9999999999999932,1.0,1.0,1.0,1.0,0.17649011619029759,0.44122529047574394
Cabinet_07_19.obj,Cabinet_07,OB,OB,,0.5555555555579734,0.44122529047574394,2.2500000000114606,17.62499999129761,0.04715600957686059,1.4999999999381783,0.9999999999999932,1.0,1.0,1.0,1.0,0.17649011619029759,0.44122529047574394
Cabinet_07_20.obj,Cabinet_07,OB,OB,,0.9272471279872763,0.07064504774428924,13.745161838079113,21.781249994388983,0.04428341540399395,3.707446808367736,0.9999999999999986,1.0,1.0,1.0,1.0,0.0282580190977157,0.07064504774428924
Cabinet_07_21.obj,Cabinet_07,OB,OB,,0.8363060379704812,0.1636841533785453,6.108960816890818,319.29738303312297,0.0029032432066902814,2.4716312056076073,0.9999999999999867,1.0,1.0,1.0,1.0,0.06547366135141812,0.1636841533785453
Cabinet_08_01.obj,Cabinet_08,M,M,,0.9773727018097189,0.022569125251428672,44.19440587164198,131.11111092981176,0.007542050899511395,6.647887323450455,0.9999999999999852,1.0,1.0,0.9999999999999986,0.9999999999999999,0.009027650100571482,0.02256912525142864
Cabinet_08_02.obj,Cabinet_08,M,M,,0.9773727018097189,0.022569125251428672,44.19440587164198,131.11111092981176,0.007542050899511395,6.647887323450455,0.9999999999999852,1.0,1.0,0.9999999999999986,0.9999999999999999,0.009027650100571482,0.02256912525142864
Cabinet_08_03.obj,Cabinet_08,OB,OB,,0.8643865894187723,0.135264759559132,7.3739020035982845,53.5555554817295,0.017519171236752985,2.7154929575565068,0.999999999999988,1.0,1.0,1.0,1.0,0.0541059038236528,0.135264759559132
Cabinet_08_04.obj,Cabinet_08,OB,OB,,0.8704298737974984,0.12922147518040591,7.717828401562555,53.555555481729286,0.017565958735748843,2.7780979825104577,0.9999999999999707,1.0,1.0,1.0,1.0,0.051688590072162366,0.12922147518040591
Cabinet_08_05.obj,Cabinet_08,OB,OB,,0.87560475887185,0.12170503262598227,8.038892733601655,19.279999990163027,0.04885562222426377,2.835294117441198,0.9999999999999895,1.0,1.0,1.0,1.0,0.04868201305039291,0.12170503262598227
Cabinet_08_06.obj,Cabinet_08,OB,OB,,0.8202896263744051,0.17969799709114265,5.564509047670944,284.24999907807796,0.0032389895687236834,2.358921161754632,0.9999999999999902,1.0,1.0,0.9999999999999998,1.0,0.07187919883645708,0.17969799709114262
Cabinet_09_01.obj,Cabinet_09,OB,OB,,0.9228392255891331,0.07705874400574285,12.95995287288237,98.9999998788481,0.009732041963730868,3.5999934544047787,0.9999999999999926,1.0,1.0,1.0,1.0,0.03082349760229714,0.07705874400574285
Cabinet_09_02.obj,Cabinet_09,OB,OB,,0.9228392255891331,0.07705874400574285,12.95995287288237,98.9999998788481,0.009732041963730868,3.5999934544047787,0.9999999999999926,1.0,1.0,1.0,1.0,0.03082349760229714,0.07705874400574285
Cabinet_09_03.obj,Cabinet_09,OB,OB,,0.7933876784368566,0.20633911618082804,4.83998240005366,60.49999992593936,0.015045671857644138,2.1999959999130616,1.000000000000003,1.0,1.0,1.0,1.0,0.08253564647233122,0.20633911618082804
Cabinet_09_04.obj,Cabinet_09,OB,OB,,0.6508264462817369,0.3491480059922648,2.8639053254497298,197.84445128985865,0.004351491130814346,1.6923076922747546,0.999999999999994,1.0,1.0,1.0,1.0,0.13965920239690593,0.3491480059922648
Cabinet_09_05.obj,Cabinet_09,OB,OB,,0.08656092434112886,0.9121860409646955,1.094763763284338,28.24999996539803,0.025581857413773893,1.0463095924187786,0.9999999999999771,1.0,1.0,1.0,1.0,0.3648744163858782,0.9121860409646955
Cabinet_09_06.obj,Cabinet_09,OB,OB,,0.08656092434112886,0.9121860409646955,1.094763763284338,28.24999996539803,0.025581857413773893,1.0463095924187786,0.9999999999999771,1.0,1.0,1.0,1.0,0.3648744163858782,0.9121860409646955
Cabinet_09_07.obj,Cabinet_09,OB,OB,,0.08656092434112926,0.9121860409646951,1.0947637632843386,28.2499999653978,0.0255818574137741,1.0463095924187786,0.9999999999999769,1.0,1.0,1.0,1.0,0.3648744163858781,0.9121860409646951
Cabinet_09_08.obj,Cabinet_09,OB,OB,,0.08656092434112926,0.9121860409646951,1.0947637632843386,28.2499999653978,0.0255818574137741,1.0463095924187786,0.9999999999999769,1.0,1.0,1.0,1.0,0.3648744163858781,0.9121860409646951
Cabinet_09_09.obj,Cabinet_09,OB,OB,,0.08656092434112926,0.9121860409647313,1.0947637632843386,28.249999965806225,0.02558185741340449,1.0463095924187786,0.9999999999999838,1.0,1.0,1.0,1.0,0.3648744163858926,0.9121860409647313
Cabinet_09_10.obj,Cabinet_09,OB,OB,,0.052389067269662755,0.9463578980361617,1.05528541879312,28.249999965397993,0.02535658628712552,1.0272708594628317,0.9999999999999774,1.0,1.0,1.0,1.0,0.3785431592144647,0.9463578980361617
Cabinet_09_11.obj,Cabinet_09,OB,OB,,0.08656092434112886,0.9121860409646954,1.094763763284338,28.249999965397993,0.025581857413773924,1.0463095924187786,0.9999999999999769,1.0,1.0,1.0,1.0,0.36487441638587814,0.9121860409646954
Cabinet_09_12.obj,Cabinet_09,OB,OB,,0.9228392255891333,0.07675265279056548,12.95995287288238,49.499999970243316,0.019461319274022577,3.5999934544047787,0.9999999999999969,1.0,1.0,0.9999999999999999,1.0,0.030701061116226197,0.07675265279056546
Cabinet_09_13.obj,Cabinet_09,OB,OB,,0.4987861226378756,0.5010696560092277,1.995156249987026,83.26935812318219,0.009801050705219477,1.412499999911381,0.9999999999999091,1.0,1.0,1.0,1.0,0.2004278624036911,0.5010696560092277
Cabinet_09_14.obj,Cabinet_09,OB,OB,,0.055944647785797164,0.9439191992740972,1.0592599233232431,85.70111801537377,0.00836843004960491,1.029203538292452,0.999999999999937,1.0,1.0,1.0,1.0,0.3775676797096389,0.9439191992740972
Cabinet_09_15.obj,Cabinet_09,OB,OB,,0.055944647785797164,0.9439191992740972,1.0592599233232431,85.70111801537377,0.00836843004960491,1.029203538292452,0.999999999999937,1.0,1.0,0.9999999999999999,1.0,0.37756767970963895,0.9439191992740971
Cabinet_09_16.obj,Cabinet_09,OB,OB,,0.6442352494257165,0.35562052922138676,2.810846207739948,83.26935812318219,0.01031334424869079,1.6765578449143683,0.9999999999998915,1.0,1.0,1.0,1.0,0.1422482116885547,0.35562052922138676
Cabinet_09_17.obj,Cabinet_09,OB,OB,,0.6442352494257165,0.35562052922138676,2.810846207739948,83.26935812318219,0.01031334424869079,1.6765578449143683,0.9999999999998919,1.0,1.0,1.0,1.0,0.1422482116885547,0.35562052922138676
Cabinet_09_18.obj,Cabinet_09,OB,OB,,0.4987861226378756,0.5010696560092277,1.995156249987026,83.26935812318219,0.009801050705219477,1.412499999911381,0.999999999999909,1.0,1.0,1.0,1.0,0.2004278624036911,0.5010696560092277
Cabinet_09_19.obj,Cabinet_09,OB,OB,,0.7718988854424731,0.22806821750618825,4.384020665307336,174.34982398239083,0.005175539241532187,2.0938053073141143,0.9999999999999691,1.0,1.0,1.0,1.0,0.0912272870024753,0.22806821750618825
Cabinet_10_01.obj,Cabinet_10,OB,OB,,0.922839506172761,0.07705846342212176,12.959999999986202,98.99999988854131,0.009732043231360175,3.599999999857266,0.9999999999999966,1.0,1.0,1.0,1.0,0.030823385368848707,0.07705846342212176
Cabinet_10_02.obj,Cabinet_10,OB,OB,,0.922839506172761,0.07705846342212176,12.959999999986202,98.99999988854131,0.009732043231360175,3.599999999857266,0.9999999999999966,1.0,1.0,1.0,1.0,0.030823385368848707,0.07705846342212176
Cabinet_10_03.obj,Cabinet_10,OB,OB,,0.17355371901291247,0.825353459457906,1.2100000000061832,30.24999996603656,0.02445351430500529,1.0999999999597825,0.9999999999999968,1.0,1.0,1.0,1.0,0.3301413837831624,0.825353459457906
Cabinet_10_04.obj,Cabinet_10,OB,OB,,0.05239251311794053,0.9463544521879694,1.0552892561979854,28.249999968204314,0.02535660870464886,1.0272727272323685,0.9999999999999833,1.0,1.0,1.0,1.0,0.3785417808751878,0.9463544521879694
Cabinet_10_05.obj,Cabinet_10,OB,OB,,0.052392513117941276,0.9463544521879688,1.0552892561979863,28.249999968204374,0.025356608704648807,1.0272727272323685,0.9999999999999836,1.0,1.0,1.0,1.0,0.37854178087518753,0.9463544521879688
Cabinet_10_06.obj,Cabinet_10,OB,OB,,0.9169031132859552,0.08304583097336456,12.034145195369101,139.95154880074475,0.006865598475557145,3.469026548536697,0.9999999999999934,1.0,1.0,1.0,1.0,0.03321833238934582,0.08304583097336456
Cabinet_10_07.obj,Cabinet_10,OB,OB,,0.9169031132859552,0.08304583097336456,12.034145195369101,139.95154880074475,0.006865598475557145,3.469026548536697,0.9999999999999934,1.0,1.0,1.0,1.0,0.03321833238934582,0.08304583097336456
Cabinet_11_01.obj,Cabinet_11,OB,OB,,0.4177091218255602,0.5549484015105499,1.7173547405266647,5.875019998061895,0.13391085960787782,1.305559999889876,0.999999638847561,0.9716223937907018,1.061410416724907,0.9999999945199487,0.9999999945379765,0.22664221790105646,0.5549483969538337
Cabinet_11_02.obj,Cabinet_11,OB,OB,,0.3792248624722163,0.5906882683550071,1.6108892569065276,5.875019997612678,0.1339108596179334,1.305559999889876,0.9999996388475622,0.9724849374473409,1.0969676129366632,0.8651167036582563,0.9030459126261722,0.28815418156267436,0.486241825663834
Cabinet_11_03.obj,Cabinet_11,OB,OB,,0.4177091231649227,0.5549483928879494,1.7173547444768562,5.875019997747402,0.1339108596149176,1.305559999889876,0.9999996388475564,0.9763313608074481,1.023668643267003,0.9999999999999966,0.9999999999999981,0.22250475258389504,0.5549483928879471
Cabinet_11_04.obj,Cabinet_11,OB,OB,,0.41770912048629816,0.5549484101301312,1.7173547365767694,5.875019998061883,0.13391085960787813,1.305559999889876,0.9999996388475588,0.967090662751211,1.0329093372531282,1.0,1.0,0.22270988342796832,0.5549484101301312
Cabinet_11_05.obj,Cabinet_11,OB,OB,,0.41379945605108753,0.5580797277968901,1.705900839432619,5.875019997612678,0.1339108596179334,1.305559999889876,0.9999996388475616,0.972111433840532,1.048888337418698,0.9999999940475214,0.9999999939372181,0.2264327551219496,0.5580797227831746
Cabinet_11_06.obj,Cabinet_11,OB,OB,,0.4137994549957625,0.5580797374560149,1.7059008363615198,5.875019997612626,0.1339108596179345,1.305559999889876,0.9999996388475582,0.9722222321237531,1.027777841079193,0.9999999999999998,1.0,0.22385199234622344,0.5580797374560148
Cabinet_11_07.obj,Cabinet_11,OB,OB,,0.4173036234688507,0.5550203022234018,1.71615963351516,5.875019997612704,0.13391085961793278,1.305559999889876,0.9999996388475647,0.972641162325961,1.108777214506692,0.8727060030366378,0.9091861272798671,0.26988570597293926,0.462375812246057
Cabinet_11_08.obj,Cabinet_11,OB,OB,,0.9448389082502163,0.05491968179486242,18.128720231572007,37.37481776274483,0.026422200065879503,6.361680470462577,0.9999999999999584,0.8956269381024972,1.3318360301614687,0.9916291042096821,0.9983153721135885,0.02512947500948333,0.05441408248239382
Cabinet_12_01.obj,Cabinet_12,OB,OB,,0.15972782405013003,0.8224945166880977,1.1900905785301075,7.500024996910856,0.09781570961001494,1.0909127272140127,0.9999999999999887,1.0,1.0,1.0,0.9999999999999999,0.3289978066752391,0.8224945166880977
Cabinet_12_02.obj,Cabinet_12,OB,OB,,0.9550497071998401,0.04415118181107899,22.246796132024162,35.37499998611316,0.02764329055840388,4.716650944234687,0.999999999999998,1.0,1.0,1.0,1.0,0.017660472724431598,0.04415118181107899
Cabinet_12_03.obj,Cabinet_12,OB,OB,,0.9550497071998401,0.04415118181107899,22.246796132024162,35.37499998611316,0.02764329055840388,4.716650944234687,0.9999999999999981,1.0,1.0,1.0,1.0,0.017660472724431598,0.04415118181107899
Cabinet_12_04.obj,Cabinet_12,OB,OB,,0.15972782405013083,0.8224945166880966,1.1900905785301088,7.500024996910786,0.09781570961001584,1.0909127272140127,0.9999999999999846,1.0,1.0,1.0,0.9999999999999999,0.32899780667523865,0.8224945166880966
Cabinet_12_05.obj,Cabinet_12,OB,OB,,0.5775028166554123,0.404719524084193,2.366879684457767,7.500024997201363,0.11110013879307706,1.538466666550698,0.9999999999999841,1.0,1.0,1.0,1.0,0.16188780963367722,0.404719524084193
Cabinet_12_06.obj,Cabinet_12,OB,OB,,0.5775028166554123,0.4047195240841927,2.366879684457767,7.500024997201363,0.11110013879307706,1.538466666550698,0.9999999999999841,1.0,1.0,1.0,1.0,0.1618878096336771,0.4047195240841927
Cabinet_12_07.obj,Cabinet_12,OB,OB,,0.5775028166554124,0.4047195240841926,2.3668796844577673,7.500024997201363,0.11110013879307706,1.538466666550698,0.9999999999999841,1.0,1.0,1.0,1.0,0.16188780963367705,0.4047195240841926
Cabinet_13_01.obj,Cabinet_13,M,M,,0.9790786452553581,0.020848230564295543,47.79805190464843,113.99999984584755,0.008679333379038407,6.839999999507602,0.9999999999999909,0.9972729337404377,1.0991014037660822,0.9462268380209904,0.9896319840907635,0.009230013020134606,0.01962488955526555
Cabinet_13_02.obj,Cabinet_13,OB,OB,,0.805455994895468,0.1938265306144574,5.140225212605534,37.33333329169144,0.024500320762488773,2.267206477552631,0.9999999999999708,1.0,1.0,1.0,1.0,0.07753061224578296,0.1938265306144574
Cabinet_13_03.obj,Cabinet_13,OB,OB,,0.805455994895468,0.19382653061428276,5.140225212605534,37.33333328714586,0.024500320765470054,2.267206477552631,0.9999999999999706,1.0,1.0,1.0,1.0,0.07753061224571312,0.19382653061428276
Cabinet_13_04.obj,Cabinet_13,OB,OB,,0.805455994895468,0.1938265306144574,5.140225212605534,37.33333329169176,0.02450032076248856,2.267206477552631,0.9999999999999706,1.0,1.0,1.0,1.0,0.07753061224578296,0.1938265306144574
Cabinet_13_05.obj,Cabinet_13,OB,OB,,0.8839440172303629,0.11605459418009816,8.616531230319094,838.5799922543144,0.0011280377453610619,2.91679999990631,0.9999999999999684,0.9988927719321026,1.0395299308688435,0.887895742336686,0.9506329250024772,0.053393880396809215,0.10050088023209261
Cabinet_13_06.obj,Cabinet_13,OB,OB,,0.805455994895468,0.1938265306143177,5.140225212605533,37.33333328805463,0.024500320764874024,2.267206477552631,0.9999999999999706,1.0,1.0,1.0,1.0,0.07753061224572709,0.1938265306143177
Cabinet_13_07.obj,Cabinet_13,OB,OB,,0.805455994895468,0.1938265306141779,5.140225212605534,37.3333332844175,0.02450032076725949,2.267206477552631,0.9999999999999569,1.0,1.0,1.0,1.0,0.07753061224567116,0.1938265306141779
Cabinet_13_08.obj,Cabinet_13,M,M,,0.9790786452553581,0.020848230564295543,47.79805190464843,113.99999984584755,0.008679333379038407,6.839999999507602,0.9999999999999909,0.9972729337404377,1.0991014037660822,0.9462268380209904,0.9896319840907635,0.009230013020134606,0.01962488955526555
Cabinet_13_09.obj,Cabinet_13,OB,OB,,0.805455994895468,0.19382653061428276,5.1402252126055314,37.333333287146125,0.024500320765469884,2.267206477552631,0.9999999999999845,0.9999999999999999,1.0,1.0,1.0,0.07753061224571312,0.19382653061428276
Cabinet_14_01.obj,Cabinet_14,M,M,,0.973946805910725,0.025972000281410324,38.383009644549226,110.97842187126604,0.008895274072900543,6.195402298440664,0.9999999999999916,1.0,1.0,0.9999999999999996,1.0,0.010388800112564135,0.025972000281410314
Cabinet_14_02.obj,Cabinet_14,M,OB,x,0.973946805910725,0.025987856758799287,38.38300964454922,123.71413030209388,0.00797961480679465,6.195402298440664,0.9999999999999934,1.0,1.0,1.0,1.0,0.010395142703519716,0.025987856758799287
Cabinet_14_03.obj,Cabinet_14,OB,OB,,0.7572477015466339,0.2420187705467361,4.1194254652615685,36.92254930612018,0.024287784489007522,2.029636781476485,0.99999999999996,1.0,1.0,1.0,1.0,0.09680750821869444,0.2420187705467361
Cabinet_14_04.obj,Cabinet_14,OB,OB,,0.7572477015466339,0.2420187705467361,4.1194254652615685,36.92254930612018,0.024287784489007522,2.029636781476485,0.99999999999996,1.0,1.0,1.0,1.0,0.09680750821869444,0.2420187705467361
Cabinet_14_05.obj,Cabinet_14,OB,OB,,0.7572477015466339,0.24201877054673607,4.1194254652615685,36.92254930612018,0.024287784489007522,2.029636781476485,0.9999999999999739,1.0,1.0,1.0,1.0,0.09680750821869444,0.24201877054673607
Cabinet_14_06.obj,Cabinet_14,OB,OB,,0.7572477015466339,0.2420187705467361,4.1194254652615685,36.92254930612018,0.024287784489007522,2.029636781476485,0.9999999999999739,1.0,1.0,1.0,1.0,0.09680750821869444,0.2420187705467361
Cabinet_14_07.obj,Cabinet_14,OB,OB,,0.7572477015466339,0.24201877054673607,4.1194254652615685,36.92254930612018,0.024287784489007522,2.029636781476485,0.9999999999999739,1.0,1.0,1.0,1.0,0.09680750821869444,0.24201877054673607
Cabinet_14_08.obj,Cabinet_14,OB,OB,,0.7578192927165851,0.24161145562492803,4.129148069706938,41.91291313338418,0.021402291426902236,2.0320305286009663,0.9999999999999704,1.0,1.0,1.0,1.0,0.09664458224997122,0.24161145562492803
Cabinet_14_09.obj,Cabinet_14,OB,OB,,0.8868240618676424,0.1131364341954297,8.835800405122043,159.10352800246184,0.005957040850583646,2.9725074271646235,0.9999999999999937,1.0,1.0,1.0,1.0,0.04525457367817188,0.1131364341954297
Cabinet_15_01.obj,Cabinet_15,OB,OB,,0.9313173377590213,0.06859647218358395,14.559715179520701,85.85999989531533,0.011276915846734296,3.8762979681888075,0.9999999999999892,0.8790170132325141,1.1209829867674859,0.9999999999999999,1.0,0.027770549116892893,0.06859647218358393
Cabinet_15_02.obj,Cabinet_15,OB,OB,,0.9313173377590495,0.06859647218355588,14.55971517952665,85.85999989531533,0.011276915846730254,3.876297968166531,0.9999999999999891,0.8790170132325141,1.1209829867674859,0.9999999999999292,0.9999999999999782,0.027770549116883606,0.06859647218355028
Cabinet_15_03.obj,Cabinet_15,OB,OB,,0.9313173377590214,0.06859647218358397,14.559715179520694,85.85999989531533,0.011276915846734294,3.8762979681887972,0.9999999999999891,0.8790170132325142,1.1209829867674859,1.0,1.0,0.0277705491168929,0.06859647218358397
Cabinet_15_04.obj,Cabinet_15,CA,CA,,0.03461267976545598,0.3459845186893669,1.0358536699429572,1.7742782129634889,0.3702384724856851,1.0001479501559307,0.3504412241841416,0.6379127609125607,2.5633773402050943,0.7762679755928888,0.5000038273244065,0.26230108700273114,0.20143304039718926
Cabinet_15_05.obj,Cabinet_15,CA,CA,,0.03461317301321846,0.34598405090279255,1.035854199194539,1.7742782129634889,0.3702621037232881,1.0002959447823419,0.3504855605440634,0.6379131290589679,2.563375573173897,0.7763600384494744,0.5000212980361094,0.2622880958420855,0.20145900370982397
Cabinet_15_06.obj,Cabinet_15,CA,CA,,0.0346131729928998,0.3459840509231327,1.035854199172737,1.7742782129634889,0.37026210371605767,1.0002959447370543,0.3504855605329854,0.7668786366787874,2.1953244287339126,0.7763600384425836,0.5000212980081513,0.27031969743677736,0.2014590037161246
Cabinet_15_09.obj,Cabinet_15,OB,OB,,0.8494664393207944,0.15037541663243334,6.643036911422869,75.31999990429536,0.012389089118431219,2.597241379189391,0.9999999999999906,0.9575158263563436,1.442405035767804,0.7838060741855555,0.881545086761102,0.08946789305940034,0.11088431101979478
Cabinet_15_10.obj,Cabinet_15,M,M,,0.999340645632971,4.02253469363885e-14,1516.6351358314148,38.94399998122074,0.025660982359279008,38.94399998003281,0.9999999999999669,1.0,1.0,1.0,1.0,1.60901387745554e-14,4.02253469363885e-14
Cabinet_15_11.obj,Cabinet_15,M,M,,0.9993406456329643,4.6939360409990975e-14,1516.6351358159698,38.94399998122074,0.02566098235927892,38.943999979834516,0.9999999999999654,1.0,1.0,0.9999999999999999,1.0,1.8775744163996394e-14,4.693936040999097e-14
Cabinet_15_12.obj,Cabinet_15,M,M,,0.999340645632971,4.02564128036155e-14,1516.6351358314143,38.943999981221644,0.02566098235927841,38.94399998003281,0.9999999999999667,1.0,1.0,0.9999999999999997,1.0,1.6102565121446204e-14,4.025641280361549e-14
Cabinet_15_13.obj,Cabinet_15,M,M,,0.9993406456329643,4.69713000047337e-14,1516.6351358159682,38.943999981221644,0.025660982359278328,38.943999979834516,0.9999999999999675,1.0,1.0,1.0,1.0,1.8788520001893483e-14,4.69713000047337e-14
Cabinet_15_14.obj,Cabinet_15,M,M,,0.9876543209865447,5.020263820917936e-13,80.99999999261568,8.999999995658518,0.10976425998068721,8.99999999547553,0.9999999999998549,1.0,1.0,0.9999999999999998,1.0,2.0081055283671745e-13,5.020263820917935e-13
Cabinet_15_15.obj,Cabinet_15,SL,OB,x,0.935886067090513,0.06410601760905182,15.597233777744862,355.4399983269141,0.002727332071780465,3.9493333331083607,0.9999999999999707,1.0,1.0,0.9999999999999989,0.9999999999999999,0.02564240704362076,0.06410601760905175
Cabinet_15_16.obj,Cabinet_15,OB,OB,,0.8555044911194026,0.14330133112107557,6.920630320948025,28.937799984523895,0.032285014622215544,2.630709090780194,0.9999999999999958,1.0,1.0,1.0,1.0,0.05732053244843023,0.14330133112107557
Cabinet_15_17.obj,Cabinet_15,OB,OB,,0.935886067090513,0.06410601760905187,15.597233777744854,355.4399983269964,0.002727332071779834,3.9493333331083607,0.9999999999999565,1.0,1.0,0.9999999999999999,1.0,0.025642407043620752,0.06410601760905185
Cabinet_15_18.obj,Cabinet_15,M,M,,0.9876543209865446,5.027352971554139e-13,80.99999999261478,8.999999995658726,0.1097642599806847,8.99999999547553,0.9999999999998531,1.0,1.0,0.9999999999999977,0.9999999999999999,2.01094118862166e-13,5.027352971554127e-13
Cabinet_15_19.obj,Cabinet_15,OB,OB,,0.42563013259649823,0.5743619521030667,1.7410384087879143,355.4399983270786,0.002242225169761424,1.319484144930273,0.9999999999999862,1.0,1.0,0.9999999999999999,1.0,0.22974478084122674,0.5743619521030666
Cabinet_15_20.obj,Cabinet_15,OB,OB,,0.42563013259649823,0.5743619521030667,1.7410384087879143,355.4399983270786,0.002242225169761424,1.319484144930273,0.9999999999999862,1.0,1.0,0.9999999999999999,1.0,0.22974478084122674,0.5743619521030666
Cabinet_16_01.obj,Cabinet_16,OB,OB,,0.7559878066496398,0.239883227688501,4.098155859629847,15.562499996511907,0.057516014315875115,2.0243902438469705,0.9999999999999982,1.0,1.0,0.9999999999999999,1.0,0.09595329107540042,0.23988322768850098
Cabinet_16_02.obj,Cabinet_16,OB,OB,,0.7559878066496398,0.239883227688501,4.098155859629847,15.562499996511907,0.057516014315875115,2.0243902438469705,0.9999999999999992,1.0,1.0,0.9999999999999999,1.0,0.09595329107540042,0.23988322768850098
Cabinet_16_03.obj,Cabinet_16,OB,OB,,0.6787147741537269,0.3158487120107646,3.1124991737975427,13.5624999969781,0.06401331615323744,1.7642276422304217,0.9999999999999989,1.0,1.0,1.0,1.0,0.12633948480430585,0.3158487120107646
Cabinet_16_04.obj,Cabinet_16,OB,OB,,0.678714774153727,0.31992609738728317,3.1124991737975436,27.124999987392346,0.032055954418889705,1.7642276422304217,0.9999999999999978,1.0,1.0,1.0,1.0,0.12797043895491328,0.31992609738728317
Cabinet_16_05.obj,Cabinet_16,OB,OB,,0.6787147741537269,0.3158487120107646,3.1124991737975427,13.562499996978083,0.06401331615323753,1.7642276422304217,0.9999999999999988,1.0,1.0,1.0,1.0,0.12633948480430585,0.3158487120107646
Cabinet_16_06.obj,Cabinet_16,OB,OB,,0.678714774153727,0.31992609738728317,3.1124991737975436,27.124999987392336,0.03205595441888971,1.764227642230421,0.9999999999999978,1.0,1.0,1.0,1.0,0.12797043895491328,0.31992609738728317
Cabinet_16_07.obj,Cabinet_16,OB,OB,,0.7559878066496398,0.239883227688501,4.098155859629847,15.562499996511907,0.057516014315875115,2.0243902438469705,0.9999999999999982,1.0,1.0,0.9999999999999999,1.0,0.09595329107540042,0.23988322768850098
Cabinet_16_08.obj,Cabinet_16,OB,OB,,0.7559878066496398,0.239883227688501,4.098155859629847,15.562499996511907,0.057516014315875115,2.0243902438469705,0.9999999999999992,1.0,1.0,0.9999999999999999,1.0,0.09595329107540042,0.23988322768850098
Cabinet_16_09.obj,Cabinet_16,OB,OB,,0.6787147741537269,0.3158487120107646,3.1124991737975427,13.5624999969781,0.06401331615323744,1.7642276422304217,0.9999999999999989,1.0,1.0,1.0,1.0,0.12633948480430585,0.3158487120107646
Cabinet_16_10.obj,Cabinet_16,OB,OB,,0.678714774153727,0.31992609738728317,3.1124991737975436,27.124999987392346,0.032055954418889705,1.7642276422304217,0.9999999999999978,1.0,1.0,1.0,1.0,0.12797043895491328,0.31992609738728317
Cabinet_16_11.obj,Cabinet_16,OB,OB,,0.6787147741537269,0.3158487120107646,3.1124991737975427,13.562499996978083,0.06401331615323753,1.7642276422304217,0.9999999999999988,1.0,1.0,1.0,1.0,0.12633948480430585,0.3158487120107646
Cabinet_16_12.obj,Cabinet_16,OB,OB,,0.678714774153727,0.31992609738728317,3.1124991737975436,27.124999987392336,0.03205595441888971,1.764227642230421,0.9999999999999978,1.0,1.0,1.0,1.0,0.12797043895491328,0.31992609738728317
Cabinet_17_01.obj,Cabinet_17,OB,OB,,0.8361317508058792,0.16369809777509736,6.1024634419275925,109.24999981592681,0.008810615433090134,3.552845528255348,0.9999999999999857,1.0,1.0,0.9999999999999999,1.0,0.06547923911003896,0.16369809777509733
Cabinet_17_02.obj,Cabinet_17,OB,OB,,0.9207777178491793,0.07788175044133157,12.622711349013377,27.312499987884262,0.035221961399850635,3.552845528255348,0.999999999999997,1.0,1.0,0.9999999999999991,0.9999999999999999,0.031152700176532655,0.0778817504413315
Cabinet_17_03.obj,Cabinet_17,OB,OB,,0.9207777178491795,0.07913849891889214,12.622711349013395,109.24999981593527,0.008810615433089454,3.5528455282553506,0.9999999999999952,1.0,1.0,1.0,1.0,0.031655399567556856,0.07913849891889214
Cabinet_17_04.obj,Cabinet_17,OB,OB,,0.920777717849445,0.07913849891862322,12.622711349055702,109.22815419073589,0.008812377418894976,3.5528455282553506,0.9998000400668737,1.0,1.0,1.0,1.0,0.03165539956744929,0.07913849891862322
Cabinet_17_05.obj,Cabinet_17,OB,OB,,0.9207777178491793,0.0791384989188882,12.62271134901339,109.24999981335367,0.008810615433297633,3.5528455282553506,0.9999999999999856,1.0,1.0,1.0,1.0,0.03165539956755528,0.0791384989188882
Cabinet_17_06.obj,Cabinet_17,OB,OB,,0.8361317508058792,0.16369809777508934,6.1024634419275925,109.24999981334626,0.00881061543329823,3.552845528255348,0.9999999999999857,1.0,1.0,1.0,1.0,0.06547923911003574,0.16369809777508934
Cabinet_17_07.obj,Cabinet_17,OB,OB,,0.8361317508058792,0.16369809777508937,6.1024634419275925,109.24999981335465,0.008810615433297555,3.552845528255348,0.9999999999999879,1.0,1.0,0.9999999999999999,1.0,0.06547923911003577,0.16369809777508934
Cabinet_17_08.obj,Cabinet_17,OB,OB,,0.933398161326439,0.06542756866013189,15.014600496260574,29.31249998704078,0.03298120902728508,3.8130081298724465,0.9999999999999966,0.9972729337404379,1.0991014037660825,0.840215490019493,0.9403802800953671,0.03219958549373331,0.05333451158032317
Cabinet_17_09.obj,Cabinet_17,OB,OB,,0.933398161326439,0.06542756866013189,15.014600496260574,29.312499987040795,0.03298120902728507,3.8130081298724465,0.9999999999999966,0.9972729337404379,1.0991014037660825,0.840215490019493,0.9403802800953671,0.03219958549373331,0.05333451158032317
Cabinet_17_10.obj,Cabinet_17,OB,OB,,0.9207777178491794,0.07788175044133147,12.622711349013391,27.312499987884262,0.035221961399850635,3.552845528255348,0.999999999999997,1.0,1.0,0.9999999999999997,1.0,0.0311527001765326,0.07788175044133144
Cabinet_17_11.obj,Cabinet_17,OB,OB,,0.8361317508058792,0.16369809777509736,6.1024634419275925,109.24999981592681,0.008810615433090134,3.552845528255348,0.9999999999999857,1.0,1.0,0.9999999999999999,1.0,0.06547923911003896,0.16369809777509733
Cabinet_17_12.obj,Cabinet_17,OB,OB,,0.9207777178491793,0.07788175044133157,12.622711349013377,27.312499987884262,0.035221961399850635,3.552845528255348,0.999999999999997,1.0,1.0,0.9999999999999991,0.9999999999999999,0.031152700176532655,0.0778817504413315
Cabinet_17_13.obj,Cabinet_17,OB,OB,,0.9207777178491795,0.07913849891889214,12.622711349013395,109.24999981593527,0.008810615433089454,3.5528455282553506,0.9999999999999952,1.0,1.0,1.0,1.0,0.031655399567556856,0.07913849891889214
Cabinet_17_14.obj,Cabinet_17,OB,OB,,0.920777717849445,0.07913849891862322,12.622711349055702,109.22815419073589,0.008812377418894976,3.5528455282553506,0.9998000400668737,1.0,1.0,1.0,1.0,0.03165539956744929,0.07913849891862322
Cabinet_17_15.obj,Cabinet_17,OB,OB,,0.9207777178491793,0.0791384989188882,12.62271134901339,109.24999981335367,0.008810615433297633,3.5528455282553506,0.9999999999999856,1.0,1.0,1.0,1.0,0.03165539956755528,0.0791384989188882
Cabinet_17_16.obj,Cabinet_17,OB,OB,,0.8361317508058792,0.16369809777508934,6.1024634419275925,109.24999981334626,0.00881061543329823,3.552845528255348,0.9999999999999857,1.0,1.0,1.0,1.0,0.06547923911003574,0.16369809777508934
Cabinet_17_17.obj,Cabinet_17,OB,OB,,0.8361317508058792,0.16369809777508937,6.1024634419275925,109.24999981335465,0.008810615433297555,3.552845528255348,0.9999999999999879,1.0,1.0,0.9999999999999999,1.0,0.06547923911003577,0.16369809777508934
Cabinet_17_18.obj,Cabinet_17,OB,OB,,0.933398161326439,0.06542756866013189,15.014600496260574,29.31249998704078,0.03298120902728508,3.8130081298724465,0.9999999999999966,0.9972729337404379,1.0991014037660825,0.840215490019493,0.9403802800953671,0.03219958549373331,0.05333451158032317
Cabinet_17_19.obj,Cabinet_17,OB,OB,,0.933398161326439,0.06542756866013189,15.014600496260574,29.312499987040795,0.03298120902728507,3.8130081298724465,0.9999999999999966,0.9972729337404379,1.0991014037660825,0.840215490019493,0.9403802800953671,0.03219958549373331,0.05333451158032317
Cabinet_17_20.obj,Cabinet_17,OB,OB,,0.9207777178491794,0.07788175044133147,12.622711349013391,27.312499987884262,0.035221961399850635,3.552845528255348,0.999999999999997,1.0,1.0,0.9999999999999997,1.0,0.0311527001765326,0.07788175044133144
Cabinet_18_01.obj,Cabinet_18,OB,OB,,2.7509380918349296e-10,0.9999999981785938,0.9999999987287813,508605863.1999549,0.0,0.9999999981713992,1.0,0.0,0.0,1.0,1.0,0.0,0.9999999981785938
Cabinet_18_02.obj,Cabinet_18,OB,OB,,2.3577552482644893e-10,0.999999998217912,0.999999998689463,508605863.1999549,0.0,0.9999999981517288,1.0,0.0,0.0,1.0,1.0,0.0,0.999999998217912
Cabinet_18_03.obj,Cabinet_18,OB,OB,,0.8845544938015975,0.1153822314049418,8.662095502282666,125.71428550204239,0.007531454751377875,2.9431438125930125,0.9999999999999912,1.0,1.0,1.0,1.0,0.04615289256197672,0.1153822314049418
Cabinet_18_04.obj,Cabinet_18,OB,OB,,0.948605049070138,0.05133167613640131,19.457164213749607,125.71428550204239,0.007757456633093313,4.411027568659677,0.9999999999999868,1.0,1.0,1.0,1.0,0.020532670454560524,0.05133167613640131
Cabinet_18_05.obj,Cabinet_18,OB,OB,,0.948605049069956,0.051331676136583196,19.45716421368075,125.71428550204239,0.007757456633092643,4.411027568651873,0.9999999999999867,1.0,1.0,1.0,1.0,0.02053267045463328,0.051331676136583196
Cabinet_18_06.obj,Cabinet_18,OB,OB,,0.8956314590900846,0.09716187473025466,9.58143125572228,12.499999973752868,0.07567702695227453,2.999999998560793,0.9999999999985388,0.96,1.44,0.999999999999868,0.9999999999999496,0.04757045386793839,0.09716187473023939
Cabinet_18_07.obj,Cabinet_18,OB,OB,,0.8996819150638355,0.09315030558001838,9.968292363481504,12.499999975472903,0.07567702694192077,2.999999998560793,0.9999999999985408,0.9477077884957248,1.3804294917618816,0.9635004922877906,0.9852895875299872,0.0457120519535696,0.08909023283678143
Cabinet_18_08.obj,Cabinet_18,OB,OB,,0.8996819150638157,0.09315030557806576,9.968292363479536,12.49999997375175,0.07567702695228125,2.999999998560793,0.9999999999985401,0.9477077884957248,1.3804294917618813,0.9635004922879087,0.9852895875299684,0.04571205195260797,0.08909023283492401
Cabinet_18_09.obj,Cabinet_18,OB,OB,,0.8672959183671781,0.1305484693878129,7.535563244895357,21.53846153065461,0.04358271036631887,2.745098039087963,0.9999999999999972,1.0,1.0,1.0,1.0,0.05221938775512516,0.1305484693878129
Cabinet_18_10.obj,Cabinet_18,OB,OB,,0.9147900030073858,0.0851348190714611,11.735712185116071,115.33333315287986,0.008322872097841888,3.425742574104149,0.9999999999999896,1.0,1.0,1.0,1.0,0.03405392762858444,0.0851348190714611
Cabinet_18_11.obj,Cabinet_18,OB,OB,,0.91458198208551,0.08534412689546339,11.70713187235279,116.33333315328741,0.008250543006415279,3.4215686272935706,0.9999999999999917,1.0,1.0,0.9999999999999997,0.9999999999999999,0.03413765075818537,0.08534412689546336
Cabinet_18_12.obj,Cabinet_18,OB,OB,,0.9145819820855099,0.0853441268954634,11.70713187235279,116.33333315328741,0.008250543006415279,3.4215686272935706,0.9999999999999917,1.0,1.0,0.9999999999999998,1.0,0.03413765075818537,0.08534412689546339
Cabinet_18_13.obj,Cabinet_18,OB,OB,,0.86142042730031,0.13845969417644316,7.216070742020104,91.33333317761179,0.010260443571805214,2.6862745096803904,0.9999999999999875,1.0,1.0,1.0,1.0,0.055383877670577265,0.13845969417644316
Cabinet_18_14.obj,Cabinet_18,OB,OB,,0.25480312660273663,0.7449746850702313,1.3419272620407932,67.08715578358506,0.011282640789451627,1.1584158415338484,0.99999999999998,1.0,1.0,1.0,1.0,0.29798987402809257,0.7449746850702313
Cabinet_18_15.obj,Cabinet_18,OB,OB,,0.25480312660273685,0.7449746850702311,1.3419272620407936,67.08715578358299,0.011282640789451974,1.1584158415338484,0.9999999999999493,1.0,1.0,1.0,1.0,0.29798987402809246,0.7449746850702311
Cabinet_18_16.obj,Cabinet_18,OB,OB,,0.25480312660273663,0.7449746850702313,1.3419272620407932,67.08715578358299,0.011282640789451974,1.1584158415338484,0.9999999999999493,1.0,1.0,1.0,1.0,0.29798987402809257,0.7449746850702313
Cabinet_18_17.obj,Cabinet_18,OB,OB,,0.25480312660273663,0.7449746850702313,1.3419272620407932,67.08715578358402,0.0112826407894518,1.1584158415338484,0.9999999999999489,1.0,1.0,1.0,1.0,0.29798987402809257,0.7449746850702313
Cabinet_18_18.obj,Cabinet_18,OB,OB,,0.38361754008582705,0.6163742498008775,1.6223693324095727,348.9999982522198,0.002253727508712009,1.2737226277152662,0.9999999999999889,1.0,1.0,1.0,1.0,0.24654969992035103,0.6163742498008775
Cabinet_18_19.obj,Cabinet_18,OB,OB,,2.7509380918349296e-10,0.9999999981785938,0.9999999987287813,508605863.1999549,0.0,0.9999999981713992,1.0,0.0,0.0,1.0,1.0,0.0,0.9999999981785938
Cabinet_18_20.obj,Cabinet_18,OB,OB,,2.3577552482644893e-10,0.999999998217912,0.999999998689463,508605863.1999549,0.0,0.9999999981517288,1.0,0.0,0.0,1.0,1.0,0.0,0.999999998217912
Cabinet_18_21.obj,Cabinet_18,OB,OB,,0.8845544938015975,0.1153822314049418,8.662095502282666,125.71428550204239,0.007531454751377875,2.9431438125930125,0.9999999999999912,1.0,1.0,1.0,1.0,0.04615289256197672,0.1153822314049418
Cabinet_18_22.obj,Cabinet_18,OB,OB,,0.948605049070138,0.05133167613640131,19.457164213749607,125.71428550204239,0.007757456633093313,4.411027568659677,0.9999999999999868,1.0,1.0,1.0,1.0,0.020532670454560524,0.05133167613640131
Cabinet_18_23.obj,Cabinet_18,OB,OB,,0.948605049069956,0.051331676136583196,19.45716421368075,125.71428550204239,0.007757456633092643,4.411027568651873,0.9999999999999867,1.0,1.0,1.0,1.0,0.02053267045463328,0.051331676136583196
Cabinet_18_24.obj,Cabinet_18,OB,OB,,0.8956314590900846,0.09716187473025466,9.58143125572228,12.499999973752868,0.07567702695227453,2.999999998560793,0.9999999999985388,0.96,1.44,0.999999999999868,0.9999999999999496,0.04757045386793839,0.09716187473023939
Cabinet_18_25.obj,Cabinet_18,OB,OB,,0.8996819150638355,0.09315030558001838,9.968292363481504,12.499999975472903,0.07567702694192077,2.999999998560793,0.9999999999985408,0.9477077884957248,1.3804294917618816,0.9635004922877906,0.9852895875299872,0.0457120519535696,0.08909023283678143
Cabinet_18_26.obj,Cabinet_18,OB,OB,,0.8996819150638157,0.09315030557806576,9.968292363479536,12.49999997375175,0.07567702695228125,2.999999998560793,0.9999999999985401,0.9477077884957248,1.3804294917618813,0.9635004922879087,0.9852895875299684,0.04571205195260797,0.08909023283492401
Cabinet_18_27.obj,Cabinet_18,OB,OB,,0.8672959183671781,0.1305484693878129,7.535563244895357,21.53846153065461,0.04358271036631887,2.745098039087963,0.9999999999999972,1.0,1.0,1.0,1.0,0.05221938775512516,0.1305484693878129
Cabinet_18_28.obj,Cabinet_18,OB,OB,,0.9147900030073858,0.0851348190714611,11.735712185116071,115.33333315287986,0.008322872097841888,3.425742574104149,0.9999999999999896,1.0,1.0,1.0,1.0,0.03405392762858444,0.0851348190714611
Cabinet_18_29.obj,Cabinet_18,OB,OB,,0.91458198208551,0.08534412689546339,11.70713187235279,116.33333315328741,0.008250543006415279,3.4215686272935706,0.9999999999999917,1.0,1.0,0.9999999999999997,0.9999999999999999,0.03413765075818537,0.08534412689546336
Cabinet_18_30.obj,Cabinet_18,OB,OB,,0.9145819820855099,0.0853441268954634,11.70713187235279,116.33333315328741,0.008250543006415279,3.4215686272935706,0.9999999999999917,1.0,1.0,0.9999999999999998,1.0,0.03413765075818537,0.08534412689546339
Cabinet_18_31.obj,Cabinet_18,OB,OB,,0.86142042730031,0.13845969417644316,7.216070742020104,91.33333317761179,0.010260443571805214,2.6862745096803904,0.9999999999999875,1.0,1.0,1.0,1.0,0.055383877670577265,0.13845969417644316
Cabinet_18_32.obj,Cabinet_18,OB,OB,,0.25480312660273663,0.7449746850702313,1.3419272620407932,67.08715578358506,0.011282640789451627,1.1584158415338484,0.99999999999998,1.0,1.0,1.0,1.0,0.29798987402809257,0.7449746850702313
Cabinet_18_33.obj,Cabinet_18,OB,OB,,0.25480312660273685,0.7449746850702311,1.3419272620407936,67.08715578358299,0.011282640789451974,1.1584158415338484,0.9999999999999493,1.0,1.0,1.0,1.0,0.29798987402809246,0.7449746850702311
Cabinet_18_34.obj,Cabinet_18,OB,OB,,0.25480312660273663,0.7449746850702313,1.3419272620407932,67.08715578358299,0.011282640789451974,1.1584158415338484,0.9999999999999493,1.0,1.0,1.0,1.0,0.29798987402809257,0.7449746850702313
Cabinet_18_35.obj,Cabinet_18,OB,OB,,0.25480312660273663,0.7449746850702313,1.3419272620407932,67.08715578358402,0.0112826407894518,1.1584158415338484,0.9999999999999489,1.0,1.0,1.0,1.0,0.29798987402809257,0.7449746850702313
Cabinet_18_36.obj,Cabinet_18,OB,OB,,0.38361754008582705,0.6163742498008775,1.6223693324095727,348.9999982522198,0.002253727508712009,1.2737226277152662,0.9999999999999889,1.0,1.0,1.0,1.0,0.24654969992035103,0.6163742498008775
Cabinet_19_01.obj,Cabinet_19,OB,OB,,0.5075407817765746,0.48968913512060686,2.0306249999891173,18.999999988663948,0.04304200558042016,1.424999999931294,0.9999999999999977,1.0,1.0,1.0,1.0,0.19587565404824275,0.48968913512060686
Cabinet_19_02.obj,Cabinet_19,OB,OB,,0.5075407817765746,0.48968913512060663,2.0306249999891173,18.99999998866368,0.043042005580420754,1.424999999931294,0.9999999999999909,1.0,1.0,1.0,1.0,0.19587565404824267,0.48968913512060663
Cabinet_19_03.obj,Cabinet_19,OB,OB,,0.5075407817765746,0.4896891351206067,2.0306249999891173,18.99999998866368,0.043042005580420754,1.424999999931294,0.9999999999999876,1.0,1.0,1.0,1.0,0.1958756540482427,0.4896891351206067
Cabinet_19_04.obj,Cabinet_19,OB,OB,,0.9708733679512119,0.02635654894573173,34.33284007311767,18.999999987848597,0.051811752713639574,5.859423184975815,0.9999999999999626,1.0,1.0,1.0,1.0,0.010542619578292693,0.02635654894573173
Cabinet_19_05.obj,Cabinet_19,OB,OB,,0.5075407817765746,0.4896891351206067,2.0306249999891173,18.99999998866373,0.04304200558042064,1.424999999931294,0.9999999999999909,1.0,1.0,1.0,1.0,0.1958756540482427,0.4896891351206067
Cabinet_19_06.obj,Cabinet_19,OB,OB,,0.8760366967863386,0.12392514891899302,8.06690346316735,161.89307970484577,0.005826238748484183,2.840229473590184,0.9999999999999932,1.0,1.0,1.0,1.0,0.04957005956759721,0.12392514891899302
Cabinet_19_07.obj,Cabinet_19,OB,OB,,0.9305819498723309,0.06909534224997192,14.40547520653229,55.66666663335218,0.01736862793736162,3.7954545452868516,0.9999999999999959,1.0,1.0,1.0,1.0,0.02763813689998877,0.06909534224997192
Cabinet_19_08.obj,Cabinet_19,OB,OB,,0.9305819498723309,0.06909534224997192,14.405475206532289,55.66666663335218,0.01736862793736162,3.7954545452868516,0.9999999999999959,1.0,1.0,1.0,1.0,0.02763813689998877,0.06909534224997192
Cabinet_19_09.obj,Cabinet_19,OB,OB,,0.9708733679512119,0.02635654894573173,34.33284007311767,18.999999987848597,0.051811752713639574,5.859423184975815,0.9999999999999626,1.0,1.0,1.0,1.0,0.010542619578292693,0.02635654894573173
Cabinet_20_01.obj,Cabinet_20,OB,OB,,0.5925772940446232,0.4064043216588705,2.4544532874150833,31.336042875613835,0.026889733837045675,1.5666694888248136,0.9999999999999863,1.0,1.0,1.0,1.0,0.16256172866354823,0.4064043216588705
Cabinet_20_02.obj,Cabinet_20,OB,OB,,0.5045249426645623,0.4944566730389298,2.0182650674234064,31.33604287558831,0.02608665760134433,1.4206565620422842,0.9999999999999919,1.0,1.0,1.0,1.0,0.19778266921557194,0.4944566730389298
Cabinet_20_03.obj,Cabinet_20,OB,OB,,0.5915685708042674,0.40671195862931764,2.4483914031026384,24.000105650074328,0.034727659164454486,1.5113391639755516,0.9999999999999942,0.997272933740438,1.0991014037660825,0.7159893912672567,0.7619766191098019,0.2359828173878459,0.25654507113164776
Cabinet_20_04.obj,Cabinet_20,OB,OB,,0.591568571532605,0.406712129096353,2.4483914074687463,24.00130053370406,0.034725932363395565,1.5113391639755516,1.0000000000000013,0.997272933740438,1.0991014037660825,0.7159893845350814,0.7619766209507346,0.23598291706753644,0.2565451765143965
Cabinet_20_05.obj,Cabinet_20,OB,OB,,0.5925772940446232,0.4064040342031218,2.4544532874150833,31.331621254421208,0.026893525860098348,1.5666694888248136,0.9999999999999912,1.0,1.0,1.0,1.0,0.16256161368124875,0.4064040342031218
Cabinet_20_06.obj,Cabinet_20,SL,SL,,0.00030305430120751073,0.768007308381492,1.000303146046841,2.6666621483735025,0.25630770276617815,0.99999999966647,0.7569775173262047,0.8716414058170212,1.8445177860093145,0.7855710142013089,0.5004294121366442,0.5857070709234798,0.4526227475035658
Cabinet_20_07.obj,Cabinet_20,SL,SL,,0.000298358688335936,0.7680164870520573,1.0002984476086956,2.6666790816452943,0.2563069424471994,1.0000063496171008,0.7569881319090408,0.8716413372290611,1.8445187530186062,0.7784860369224519,0.5004846835344926,0.5876080952204049,0.44856247721838544
Cabinet_20_08.obj,Cabinet_20,SL,SL,,0.00030328482753165254,0.7680075772997293,1.000303376713006,2.6666621483734123,0.25630770276618214,0.9999999996664364,0.7569773848109139,0.8716424525059526,1.8445147344110595,0.786582015989496,0.5004192655889965,0.5854370932962251,0.4532023507057044
Cabinet_20_09.obj,Cabinet_20,SL,SL,,0.0002985975942932679,0.7680158031067531,1.000298686657333,2.6666790816452943,0.2563069424471954,1.000006349617067,0.7569881804721267,0.8716402904339784,1.8445218049628995,0.778085940329351,0.5004948372088702,0.5877135415218153,0.4483345767393822
Cabinet_20_10.obj,Cabinet_20,OB,OB,,0.7775156304707972,0.22247936153103232,4.494697771875105,426.7828007753986,0.0021216574727746544,2.133726115514802,0.9999999999999857,0.9506172839506173,1.4938271604938274,0.9999999999998035,0.9999999999999039,0.11118474758985016,0.22247936153097791
Cabinet_20_11.obj,Cabinet_20,OB,OB,,0.8916985420175823,0.1080873837453016,9.233486036377148,68.34673885950606,0.01392287155841108,3.098842602831004,0.9999999999999979,0.9984000000000001,1.0816000000000001,0.9999999999999994,0.9999999999999999,0.04514420904459767,0.10808738374530154
Cabinet_20_12.obj,Cabinet_20,OB,OB,,0.8916985420175823,0.1080873595779578,9.233486036377148,68.34288127412974,0.013923657276728087,3.098842602831004,0.9999999999999966,0.9984000000000002,1.0816000000000001,0.9999999999999994,0.9999999999999998,0.045144198950768204,0.10808735957795773
Chair_001_01.obj,Chair_001,M,M,,0.987164226103591,0.008880962944703889,77.90726200618278,13.151211081750162,0.07362921979281434,4.057674309823071,0.22394531541034723,0.9996950532534731,1.034846896050993,0.9976763493209662,0.9979022617239826,0.00363186214993635,0.008851033365910053
Chair_001_02.obj,Chair_001,M,M,,0.9967008824410079,0.002534066137308307,303.1113569367186,32.622430564440805,0.030584885181280014,16.739013357084865,0.9830980062306095,0.9784368668727986,1.3056722992700247,0.9994539042653389,0.9955258324695012,0.0011775202669869608,0.0025270164721555907
Chair_001_03.obj,Chair_001,M,M,,0.9951485505873554,0.0037549899187010113,206.12396728151177,27.027078340416452,0.03688045950132947,13.975041295066434,0.9739858174788713,0.9743475114372153,1.3089071886546135,0.997829685026189,0.9944918618797118,0.0017478681200120048,0.003736521350613377
Chair_001_04.obj,Chair_001,M,M,,0.9871642261035914,0.008880962944703735,77.90726200618461,13.15121108175018,0.07362921979281424,4.057674309823071,0.22394531541034635,0.999695053253473,1.0348468960509953,0.9976763493209642,0.9979022617239822,0.0036318621499362978,0.00885103336590988
Chair_001_05.obj,Chair_001,M,M,,0.9967008824410076,0.002534066137308216,303.1113569367185,32.622430564440805,0.030584885181280014,16.73901335708484,0.9830980062306093,0.9784368668727995,1.3056722992700107,0.9994539042653395,0.9955258324695011,0.0011775202669869105,0.0025270164721555017
Chair_001_06.obj,Chair_001,M,M,,0.9951485505873554,0.0037549899187010764,206.123967281509,27.027078340416452,0.03688045950132947,13.975041295066456,0.9739858174788707,0.9743475114372152,1.3089071886545784,0.9978296850261892,0.9944918618797117,0.0017478681200120058,0.0037365213506134424
Chair_001_07.obj,Chair_001,M,M,,0.9945018796929015,0.004383178122372056,181.88034167036642,26.190132068139388,0.03804190872621526,12.977548210376286,0.9803720315068866,0.9999999787703778,1.000259084154016,0.9998273644822395,0.9943793978744304,0.0017599449341847515,0.00437010550654475
Chair_001_08.obj,Chair_001,M,M,,0.993327155237074,0.00514064752978257,149.8611215348147,23.741033889443916,0.03979240843210092,2.9025655051782024,0.23924579712291608,0.8688313720790851,1.5853883563449997,0.8607685833741758,0.9433419780905616,0.0029202506580894507,0.004299554627695428
Chair_001_09.obj,Chair_001,M,M,,0.993327155237074,0.005140647529782651,149.86112153481287,23.741033889444015,0.03979240843210075,2.9025655051782024,0.2392457971229111,0.8688313720792679,1.5853883563461464,0.8607685833741762,0.9433419780905616,0.0029202506580909607,0.004299554627695498
Chair_001_10.obj,Chair_001,M,M,,0.9937737882676858,0.004751762925353393,160.61130635981962,16.37684506428445,0.060700069352858085,11.025470122665947,0.6236614101977465,0.9999999510717243,1.0003986453823992,0.9997644699244727,0.9939392631845341,0.0019087133775320718,0.00473624754155972
Chair_001_11.obj,Chair_001,M,M,,0.9824361731483301,0.016188243487018122,56.935200309421575,13.065783518291877,0.07558322541691284,7.159920874783708,0.5259754373513045,0.9999999507537572,1.0003814939525588,0.9998635344794092,0.9942311162281616,0.00650077613081077,0.01613934667449731
Chair_001_12.obj,Chair_001,M,M,,0.9824360866653331,0.01618833077054653,56.93491996604582,13.067512957939574,0.07557324626942787,7.159756005815087,0.5260851431513365,0.9999999660464908,1.000328145059381,0.9998653958386945,0.9942272970784948,0.006500626137772697,0.016139432831101506
Chair_001_13.obj,Chair_001,M,M,,0.9824362085066671,0.016188220601731064,56.935314927839784,13.066924703583926,0.07557662995954598,7.159760599179384,0.5261003040557201,0.9999999544804726,1.0003588873171374,0.9998750696094992,0.9942078281024767,0.00650071533176993,0.016139321579835962
Chair_001_14.obj,Chair_001,M,M,,0.9824360754945254,0.01618830735950137,56.93488375494468,13.067521341444348,0.07557319898452283,7.159760599179386,0.5260622697521992,0.9999999314672035,1.0004528652358253,0.9998806252085491,0.9942253704972829,0.006500982326716298,0.016139639724713696
Chair_001_15.obj,Chair_001,M,M,,0.9824361549726424,0.01618827480797062,56.935141390863535,13.066844503960047,0.07557709117237782,7.159760599179369,0.526136856451912,0.9999998201317336,1.0007428518615216,0.999866187498114,0.9942333399733357,0.006502051243941296,0.016139438721650343
Chair_001_16.obj,Chair_001,M,M,,0.9923837918088234,0.005859241817001785,131.29893181731578,21.556659508046554,0.04578221998000205,6.3825690551415,0.5449371617951089,0.9775038179906486,1.3144315654909269,0.8298878647672039,0.923921125687037,0.003185579529260136,0.004677546397088085
Chair_001_17.obj,Chair_001,M,M,,0.9923837918088235,0.005859241817001605,131.2989318173189,21.556659508046497,0.045782219980002176,6.3825690551415,0.5449371617951042,0.9775038179908367,1.3144315654897385,0.8298878647672021,0.9239211256870365,0.00318557952925871,0.00467754639708793
Chair_001_18.obj,Chair_001,M,M,,0.9945018820777206,0.004383194522567472,181.88042056131152,26.184414413204227,0.03805020013078955,12.977349205189409,0.9802308688302092,0.9999999990542148,1.000053615330943,0.9998297170150967,0.9944060206431217,0.0017597206188197253,0.004370190476909341
Chair_001_19.obj,Chair_001,M,M,,0.9827796727869306,0.01574586759030075,58.07090583278033,19.99723037687957,0.049473992684701644,7.224543352116697,0.8121800020050866,0.999999900461851,1.000558388600212,0.9998104386512172,0.9942321043020355,0.006324030876103584,0.015697481129465486
Chair_001_20.obj,Chair_001,M,M,,0.9827797679148074,0.015745771765685066,58.07122662764249,19.997230376879372,0.04947412551126519,7.225577867812404,0.8122375151822162,0.9999999961648383,1.0001202454486968,0.9998688927743763,0.9942510941545857,0.006322078008424393,0.015698452835537332
Chair_001_21.obj,Chair_001,M,M,,0.9827799156752931,0.01574561855247521,58.07172491978172,19.996404308560248,0.04947616464492692,7.225580350956001,0.8122327151652369,0.9999999824515281,1.0002264093502626,0.9998505783790288,0.994218047823429,0.0063226152223243084,0.015697752411600513
Chair_001_22.obj,Chair_001,M,M,,0.9827799522021752,0.015745590508619716,58.07184810056941,19.996129429916117,0.04947687335301921,7.225815956332751,0.8122647930141133,0.9999999875307772,1.0001977132160278,0.9998498648427202,0.9942067343089408,0.006322553038269214,0.015697624194816323
Chair_001_23.obj,Chair_001,M,M,,0.9827800285683745,0.015745514700898185,58.07210563446459,19.996840949246327,0.049475111565453464,7.225772085429151,0.8123093161634839,0.9999999536096102,1.0003692061506868,0.9998658578051226,0.9941967634242653,0.006323067668841612,0.015697721218206683
Chair_001_24.obj,Chair_001,M,M,,0.28933282961167284,0.7044357080292964,1.4071284585348198,16.48916252700089,0.045911198192772534,1.1615334099349983,0.9154154224092985,0.993245405980339,1.1649992558160953,0.5808427209589844,0.44932026052331386,0.5068126043497442,0.2965065429480275
Chair_001_25.obj,Chair_001,M,M,,0.28976577448670127,0.7040062304033535,1.407986216486697,16.48953744857752,0.045910220842760495,1.1615372414014278,0.9153936297067355,0.993232997688997,1.1651143432115856,0.5805614110827861,0.44847685844537943,0.5067376207572437,0.2960098983044793
Chair_001_26.obj,Chair_001,M,CA,x,0.779604064155128,0.21941254590464104,4.537288748843973,27.91023812789978,0.027516222955942353,1.2002056862935544,0.44639137654822736,0.9662936599404265,1.3640868904189771,0.5332121765533634,0.4748043315117094,0.16866387874423752,0.08627121689424837
Chair_001_27.obj,Chair_001,M,CA,x,0.7796043467360507,0.21941225784862697,4.537294566341838,27.911293833269838,0.027514936683934923,1.2001794476336822,0.4464239291871629,0.9663144817274771,1.363993137884804,0.5332106648535876,0.4748048613770509,0.16866004117865455,0.0862708900426607
Chair_002_01.obj,Chair_002,SL,SL,,0.4664965939541327,0.5254695128901165,1.8744009536372632,7.135189233706773,0.12506922222636374,2.0581892974495495,0.45738567919065276,0.9637822863600987,1.408036414156409,0.8688998679857235,0.8815492068159677,0.2936042864747122,0.4295392356843074
Chair_002_02.obj,Chair_002,M,M,,0.9979849161460865,0.0005587626127073528,496.2572192599724,10.113706739473514,0.09761105400285833,7.831782063267319,0.13134883804378164,0.9740126923250474,1.3388471979948882,0.9523105101119503,0.9933954458201735,0.0002727941255364257,0.0005303583158851294
Chair_002_03.obj,Chair_002,M,M,,0.9979849266565147,0.0005587500667312506,496.25980768976353,10.156195113636628,0.09716985489668059,7.651934056519329,0.1289150478677971,0.9740137324778642,1.3388395874683905,0.9523118614215298,0.9933965319932065,0.00027278675355025444,0.0005303474492043596
Chair_002_04.obj,Chair_002,M,M,,0.9953215756662518,0.0009359678251778608,213.74713651802438,7.643868795737559,0.12828510254003514,6.614624050773364,0.21248761246837108,0.9988928031011387,1.039532513071774,0.9995732493264537,0.9990059812680797,0.00038271324231492205,0.000935103414020614
Chair_002_05.obj,Chair_002,M,M,,0.9953214676332272,0.0009360813942445698,213.74220083572106,7.6590545546782085,0.1279769712232743,6.482384329362182,0.2086891932672594,0.9988928505165305,1.0395292698455338,0.9995724942772582,0.9990047352942525,0.0003827595592656474,0.00093521558884747
Chair_002_06.obj,Chair_002,OB,SL,x,0.5488074808972909,0.4500879904984202,2.2163482877786596,11.30567760156466,0.06452253026496603,1.0712367432229486,0.43113483557743,0.997308494418868,1.1063712600724998,0.9439273638038507,0.9621004121381115,0.20344765987785557,0.4167995433813106
Chair_002_07.obj,Chair_002,M,M,,0.9405125646632422,0.04986303276420652,16.81025595604872,11.62504255388046,0.08436920687280786,5.577655785598244,0.675285558011237,0.9995985414632231,1.0404673130828492,0.9503919464317153,0.963041826106525,0.02171200538633426,0.04651371146319718
Chair_002_08.obj,Chair_002,M,M,,0.9405119870134673,0.04986358977491381,16.8100927224577,12.755668858998668,0.07693639327531666,5.5753886515875655,0.7415797479416247,0.9995985396443706,1.0404670123098128,0.9503922675755113,0.9630422750284771,0.021712233410425608,0.046514257413925085
Chair_002_09.obj,Chair_002,M,M,,0.9802118291980885,0.016674979559830935,50.535225331450526,14.745960850616907,0.06660034219824375,5.571539831867465,0.6468871212364529,0.9988925525336113,1.0395439056697704,0.9092487938412872,0.9817044142185004,0.007417650172003309,0.015023008914417109
Chair_002_10.obj,Chair_002,M,M,,0.9802118227069554,0.016674908581266277,50.535208754348254,14.543384572262951,0.06752026640525177,5.5621123682891636,0.6369044075925436,0.9988927612237105,1.0395324114047133,0.9092502489118962,0.9817050229697797,0.007417566028174239,0.015022973623671861
Chair_011_01.obj,Chair_011,CA,CA,,0.5070438785674198,0.4901495807917462,2.028578115824508,6.688359712146882,0.11374519342628343,1.1906024069376793,0.20348751408461768,0.9725456810814646,1.2920009900320153,0.7880468194526878,0.6118348468769226,0.30905075169896945,0.31129432337817314
Chair_011_02.obj,Chair_011,SL,SL,,0.6775483217497251,0.3113369472030252,3.1012398677099027,2.330523688190159,0.32852707813336807,1.3843939821898092,0.3481315727786277,0.9704217412678322,1.3651657005070783,0.9601754948297596,0.9741070830617437,0.15424384977419783,0.2950679175479415
Chair_011_03.obj,Chair_011,SL,SL,,0.6774937593982003,0.3116120131493156,3.1007151927780043,2.330516280997619,0.32852777799282473,1.3843907912039095,0.3481328873151218,0.9672308533928984,1.3883212242474121,0.9789726256665939,0.9864032306611413,0.15278056438495444,0.3029857179854122
Chair_011_04.obj,Chair_011,SL,OB,x,0.3272287176185662,0.6687453820639362,1.486389247264003,10.563330286728316,0.07499049819265079,1.3078188535988995,0.9212279172296975,0.9144679753278743,1.424125381780467,0.9999999999906538,0.999999999934722,0.3196013223714185,0.6687453820358588
Chair_011_05.obj,Chair_011,SL,SL,,0.1967939299211699,0.7825302469945785,1.2450105113145167,6.215585848973123,0.12881600057643058,1.3684336087465065,0.8635742259512902,0.9883985766972392,1.2182437822178998,0.7749625733525713,0.8213155028863307,0.44554110802426294,0.5522516863783573
Chair_011_06.obj,Chair_011,M,M,,0.9755868610385015,0.0009956601765682565,40.961549499065896,4.583427013755612,0.20847905174750425,4.583427013755612,0.7764587472790404,0.9990628740398471,1.0575873225949282,0.9812430874200354,0.9949037616563651,0.0004185153080439416,0.0009744951923198303
Chair_011_07.obj,Chair_011,M,M,,0.9907574598663454,0.003177585253498934,108.19536464421058,7.166031255134405,0.11731512813241382,1.590198367434535,0.10607253801761186,0.9911775111087913,1.1885370015499344,0.904081678589331,0.9510840877141937,0.0015433229162460991,0.0028025338763529753
Chair_011_08.obj,Chair_011,M,M,,0.9907575059894087,0.0031774121104827663,108.19590457440945,6.050917655626611,0.11627463855743175,1.0035913098037943,0.09389257333721894,0.9911778118219408,1.1885332678380651,0.9040808262471025,0.9510839687654071,0.0015432374267122155,0.0028023783566081253
Chair_011_09.obj,Chair_011,M,M,,0.9907574894544248,0.0031775209333542863,108.19571101038592,6.5612182794981155,0.12821814220351657,1.6018194073228649,0.09752301691566723,0.9911779304274048,1.188531747393425,0.9040809034642594,0.9510836594307062,0.0015432894457141266,0.0028024741300255586
Chair_011_10.obj,Chair_011,M,M,,0.9907574964684394,0.003177539101370138,108.19579311869019,5.527863593856116,0.12706855876950882,1.0029800427806235,0.08602797764293976,0.9911771244725802,1.1885413610029159,0.9040815419465834,0.9510849333916208,0.001543302807142596,0.0028024939627177814
Chair_011_11.obj,Chair_011,CA,SL,x,0.5973157538569034,0.2578826494401105,2.4833352920504654,2.3050654524074807,0.36317643011705003,2.046752932756724,0.8042275442017994,0.9980810659186091,1.080081170950932,0.9692556204322622,0.9836684157789664,0.11143518758139363,0.2479131332871612
Chair_015_01.obj,Chair_015,CA,CA,,0.8267788678590664,0.15460524745998758,5.772967695339641,4.140831080901881,0.21422406115773923,2.1692434721919787,0.37619988344094096,0.9651771458305147,1.3353389391227344,0.760992184022198,0.6667904768082157,0.09809108791723363,0.09805177077934431
Chair_015_02.obj,Chair_015,M,M,,0.9733274681582585,0.018993441133391516,37.49175391120709,7.076022522806856,0.13175861752184598,2.768534652857842,0.18676945388795213,0.9965671601135512,1.1086408066325102,0.7961449862591793,0.9475113327388538,0.009644004976223119,0.014724678374933742
Chair_015_03.obj,Chair_015,M,M,,0.9733128508580601,0.019072398742778884,37.4712186258914,7.087570287739436,0.13154775639220584,2.7685522951023356,0.1870804492416691,0.9996275261099453,1.0370454597914458,0.7965596546312459,0.9476069188682714,0.009390969673388878,0.014794317564395107
Chair_015_04.obj,Chair_015,SL,SL,,0.05132471192143439,0.9409961731065695,1.0541014534330595,6.205893493211235,0.1156853543737365,1.0458845493255553,0.4250487389051571,0.9629012164435813,1.3899760972346413,0.6245284946386345,0.2380845326205313,0.7537481482993398,0.3637980926358605
Chair_015_05.obj,Chair_015,M,M,,0.9930009500202196,0.0024572545255084053,142.87653365651977,6.001902180122548,0.12757132356503564,1.2144721692734555,0.0735267970052334,0.9891664073028822,1.217843803798569,0.9006460938546641,0.945815286781787,0.0012146101875309752,0.0021531581434226376
Chair_015_06.obj,Chair_015,M,M,,0.9930380495155209,0.002369656659612186,143.63790754173436,6.001288241927452,0.1275706704096245,1.2141491440194228,0.07352203299808201,0.9752670858040381,1.336630223800343,0.9086711327431318,0.9436539249553794,0.0012219332360101792,0.002092575329198774
Chair_015_07.obj,Chair_015,M,M,,0.989877956169893,0.005631938788142621,98.79427680656048,11.502148696163788,0.08479971289222467,4.791122873565229,0.20084158631275043,0.9846381587926912,1.231796250108486,0.8110863818189361,0.9476804948431611,0.0029704517080607067,0.004448491396090848
Chair_015_08.obj,Chair_015,M,M,,0.9890784198538435,0.007764887810652748,91.56184239069862,16.638344748070036,0.05706453303864079,3.0760761403843553,0.1649134288220154,0.9961153680597785,1.1231276062976399,0.7686595879831319,0.9636910783160922,0.004010061500223554,0.005860199558794282
Chair_015_09.obj,Chair_015,M,M,,0.990206852224124,0.00528906272492351,102.112213854577,11.49989404096008,0.08481491641397708,4.789348387173995,0.20078863945106679,0.9888699981252068,1.1995770301453577,0.8128778377130154,0.9473927044261131,0.0027532116949832664,0.004186272970991351
Chair_015_10.obj,Chair_015,M,M,,0.9897327452769643,0.007117508987534613,97.39701867493021,16.63476071921412,0.0570768375362261,3.07610428623166,0.16493125922333368,0.9965748772740238,1.113452492531672,0.7710720150791477,0.9639057495932304,0.0036547795377254214,0.0053890673530156636
Chair_018_01.obj,Chair_018,SL,OB,x,0.46225621659643157,0.5200158022636223,1.8596216839001727,5.702328603781587,0.1431452784024683,1.4584779220400392,0.8823290403550171,0.9525370490417535,1.4801318294558656,0.9881910614089184,0.9241178471276772,0.27050667594609107,0.4943779981644016
Chair_018_02.obj,Chair_018,M,M,,0.9940011767253999,0.00047103931712189697,166.6993598950763,5.272000847035297,0.1811438069335859,4.065428983452926,0.20041990845234095,0.9829102259745107,1.2481333024000267,0.7475750674669576,0.9418207972850184,0.00026114735067615,0.0003418937170724007
Chair_018_03.obj,Chair_018,M,M,,0.9940011933566113,0.00047100110594298445,166.69982205570886,5.272001377014451,0.18114379032606936,4.0654293921388645,0.20042001149722646,0.9829093912630749,1.2481420841323683,0.7475750452504264,0.9418208192774059,0.00026112700641379923,0.00034186597602552815
Chair_018_04.obj,Chair_018,M,M,,0.9940010782854447,0.0004711476916948345,166.696624423885,5.272001377014451,0.18114379032606936,4.0654293921388645,0.2004214203964366,0.9829065741426406,1.2481586048536033,0.7475674922170314,0.9418183020331193,0.00026121129030743224,0.00034196847374487287
Chair_018_05.obj,Chair_018,M,M,,0.9939906847442245,0.0004886020003545248,166.4083106704049,5.272000847035297,0.1811438069335859,4.065428983452926,0.20042250826066568,0.9828022868011653,1.2453667490132212,0.7488858369334342,0.9417476234274346,0.00027036212580133773,0.0003552496383497714
Chair_018_06.obj,Chair_018,M,M,,0.9924948158520325,0.006994514230850175,133.24123436338843,31.984161946294197,0.031126359983035062,11.193542853944702,0.811737401303847,0.9908594802771753,1.2003526503299058,1.0,1.0,0.0030945989452525473,0.006994514230850175
Chair_018_07.obj,Chair_018,M,M,,0.9924948158520325,0.006994514230850175,133.24123436338843,31.984161946294197,0.031126359983035062,11.193542853944702,0.811737401303847,0.9908594802771753,1.2003526503299058,1.0,1.0,0.0030945989452525473,0.006994514230850175
Chair_018_08.obj,Chair_018,M,M,,0.9813415051377293,0.017409691752880305,53.59489108746197,17.797146920258832,0.055558074585885936,7.129028569391705,0.7092215202771012,0.9906378653779557,1.2028783522298376,1.0,1.0,0.007711589069770571,0.017409691752880305
Chair_018_09.obj,Chair_018,M,M,,0.9813415051377293,0.017409691752880305,53.59489108746197,17.797146920258832,0.055558074585885936,7.129028569391705,0.7092215202770976,0.9906378653779557,1.202878352229838,0.9999999999999998,1.0,0.007711589069770574,0.0174096917528803
Chair_019_01.obj,Chair_019,OB,OB,,0.8936432431177443,0.06307044592013632,9.40231753312113,3.2289212446123083,0.2746993820146123,2.38939190209409,0.8468418202374044,0.9922329479898845,1.1588805078032105,0.9885171588263874,0.9477817600565701,0.028421384383750418,0.060718413121161975
Chair_019_02.obj,Chair_019,OB,OB,,0.8936425669364352,0.06307084715136958,9.402257756656091,3.228893042913763,0.27470126960755714,2.389371032922926,0.8468430374901107,0.9922376131751294,1.158870575774269,0.9885177899857635,0.9477867317870048,0.028421388014699362,0.06071899314340892
Chair_019_03.obj,Chair_019,OB,OB,,0.9434007375805981,0.055520209209823354,17.668074763765745,27.924284052292233,0.03468067022417125,3.923161063038767,0.9895337646279541,0.9752616974372542,1.2986781404025418,0.997344112339033,0.9963203691467154,0.02571172894918851,0.055270878124644665
Chair_019_04.obj,Chair_019,OB,OB,,0.8124882327541757,0.14722081021777464,5.33299864156765,3.2094233798399783,0.26406405255961996,1.8405285022519051,0.8788695008437767,0.9535629380629386,1.469371131061229,0.7618314586789424,0.8127425967865024,0.09202424197662237,0.10165628868303903
Chair_019_05.obj,Chair_019,OB,OB,,0.8483670931925028,0.1082801437907948,6.594874562877451,3.20944734864789,0.26406221798702867,1.8405285022519051,0.878876052512223,0.9344313412070808,1.572163973896811,0.7810706937641777,0.8311168612627704,0.06853264235461975,0.07743284799573322
Chair_019_06.obj,Chair_019,OB,OB,,0.23022647475280514,0.7076601340073602,1.2990833890770694,3.397693464538457,0.2073178576265253,1.0376419665711265,0.9438750681477338,0.9973470140901359,1.092914795245841,0.8534331001794836,0.8443573332485953,0.36102895138887264,0.5569411206653319
Chair_019_07.obj,Chair_019,OB,OB,,0.24924241335629946,0.6862301440943714,1.3319878717050047,3.3976975966332654,0.20731773252445976,1.0376432284963202,0.9438755848068713,0.9943436523868512,1.1411667814914814,0.9379729980364071,0.9147094115313534,0.32463533836891917,0.6162160475476399
Chair_019_08.obj,Chair_019,OB,OB,,0.8414178044079383,0.15764646044969172,6.3058781363602705,28.54511459391533,0.032241774586609796,2.361215996920177,0.9862348016402218,0.88863444808708,1.7510090396011713,0.97458957377233,0.9865723942713138,0.08787635251782425,0.15260908401820197
Chair_019_09.obj,Chair_019,M,M,,0.9336624972277012,0.0019573104240648252,15.074429368079615,2.7714707719308227,0.3213947386546362,2.7714707719308187,0.7364511551975124,0.9970003577041766,1.1107700873851438,0.968218753017878,0.918326812956142,0.0008913028294934136,0.0018177150394543533
Chair_019_10.obj,Chair_019,M,M,,0.9336625099371314,0.001957297738735478,15.07443225615102,2.7714707719308227,0.3213947386546362,2.7714707719308187,0.7364511579179045,0.9970004702238331,1.1107682812406166,0.9682187529974531,0.9183268130407409,0.0008912963148385816,0.001817703258884545
Chair_019_11.obj,Chair_019,M,M,,0.9336624977626928,0.0019603106050273687,15.074429489650255,2.7714707719308227,0.3213922410347782,2.771262286165674,0.7363653069182345,0.9970018069925224,1.110736415719594,0.9682187565584489,0.9183268112463668,0.0008926550138245837,0.0018205012525373326
Chair_019_12.obj,Chair_019,M,M,,0.9336625104733378,0.001960297917269026,15.074432377997729,2.7714707719308227,0.3213922410347782,2.771262286165674,0.7363652080193295,0.9970019195346971,1.110734609505447,0.9682187565380242,0.9183268113268835,0.000892648497002863,0.0018204894697079225
Chair_019_13.obj,Chair_019,M,M,,0.9977819879850014,0.0012727727693513107,450.8541852964596,28.666301742082563,0.03477917802807164,14.389527039257848,0.946569110632163,0.9849870904240277,1.1408301800159917,0.9982361185795835,0.9998390587019734,0.000545940491210535,0.0012704255089184793
Chair_019_14.obj,Chair_019,M,M,,0.9977420096648566,0.0013246731670778346,442.8716918916484,28.670106161688437,0.03477456853791775,14.389527039257848,0.9465898325761353,0.9816097210043891,1.1847237955458163,0.9814426190969288,0.9982255901791607,0.000588509462207108,0.0012989372556890053
Chair_023_01.obj,Chair_023,SL,SL,,0.06265191604268704,0.900365078731655,1.0668395413769436,2.848212813763659,0.25210379975298447,1.106842323010677,0.3153937296376741,0.9880424445474233,1.2051463212604092,0.8153972379316244,0.6580411266507192,0.533988985263832,0.6086297560860211
Chair_023_02.obj,Chair_023,CA,CA,,0.6127653347478528,0.3820720203749827,2.58241342971766,2.584162167225655,0.2676569462269092,1.031132113379245,0.1334638748036244,0.999092382583198,1.054777290920277,0.5703721698146079,0.36628724818811187,0.2753537884935586,0.14887287692580187
Chair_023_03.obj,Chair_023,CA,CA,,0.6155116334251208,0.379307605963982,2.6008589256097028,2.584158732705292,0.2676572442617854,1.0311318375658953,0.1334636447426675,0.9995834308283394,1.0321145099305506,0.5706171305153579,0.3672279784305402,0.27138215815369787,0.14796101375583515
Chair_023_04.obj,Chair_023,SL,SL,,0.14406064232220528,0.8462388883390024,1.1683070664170874,8.17086420474984,0.09133928331874232,1.1320083139381463,0.5674051474625278,0.9744398108337003,1.3429499652193981,0.8375203807976075,0.7210312213318126,0.5055923796562646,0.6098838268638983
Chair_023_05.obj,Chair_023,CA,CA,,0.4305140895418016,0.035317438827221354,1.7559696941300325,1.117537228244712,0.5450156358592149,1.0570889843957152,0.4484123085307723,0.9936251763561059,1.1620554026089078,0.7180520891232355,0.7341478249794942,0.021178085695263128,0.021988786958018494
Chair_023_06.obj,Chair_023,M,M,,0.9895770381438985,0.005873227433573328,95.9420185745001,1.0931224376265642,0.5592371908492229,1.0917238153868822,0.028896182408348736,0.9996611709783705,1.0241323274563088,0.8718057449875899,0.9037312950355039,0.002784986297455828,0.00487385044731634
Chair_023_07.obj,Chair_023,M,M,,0.9895776491625149,0.005876478297393319,95.94764325173031,1.0933082887941525,0.5592024101452387,1.0919141071146412,0.028902868686520703,0.9996495419511643,1.0235975100877164,0.8720411410586091,0.903808508232742,0.00278522648619067,0.0048780627068180545
Chair_023_08.obj,Chair_023,M,M,,0.9895892645790005,0.005859972811457174,96.0546935024691,1.0931207051439846,0.5592385548137182,1.0917285150129243,0.028896248439244945,0.9996520799578805,1.023502985665098,0.8717867781551586,0.9037287613103804,0.0027779228570016133,0.004862738938808739
Chair_023_09.obj,Chair_023,M,M,,0.9895750419363606,0.00586923636522279,95.9236472602443,1.0929355117423674,0.5592732097821546,1.0915388768132377,0.028889597259860476,0.9996580505323579,1.024033581246117,0.8713516100632992,0.9036536355460943,0.002784009847939805,0.004867802782858696
Chair_023_10.obj,Chair_023,CA,SL,x,0.3326261460355566,0.5203858277170742,1.4984105146754045,1.2690683666433813,0.5057379901693598,1.1133831479135108,0.33953413116026265,0.9876474665450141,1.217264365707266,0.8087596933368533,0.59310483250658,0.3196379418555765,0.3352426914400945
Chair_026_01.obj,Chair_026,SL,M,x,0.7611462155459634,0.2298513249389545,4.186661736531685,5.144127664920655,0.17092026981837585,1.9772795492288535,0.3658951232590321,0.9956384411996823,1.1355104709178725,0.8983228690403383,0.8415782355474674,0.11589555690365867,0.1901251831297562
Chair_026_02.obj,Chair_026,SL,SL,,0.3597933212517233,0.6209210186908077,1.561995576107893,5.489915847885692,0.13276689329463084,1.0852132688031622,0.47574657634439016,0.9984608173221979,1.0767745159313582,0.9409523271766964,0.8339204497991549,0.2972969301396216,0.5357405012111158
Chair_026_03.obj,Chair_026,SL,SL,,0.41322610056197695,0.5792848862842979,1.7042339493241911,7.587083469643149,0.09932595868105326,1.159746637901104,0.5245029191454348,0.9981413256091156,1.0200381022794027,0.9540630349973251,0.8818533257204303,0.26049770954827495,0.5200259816768702
Chair_026_04.obj,Chair_026,M,M,,0.9982477595084823,0.00013832504920022624,570.6979178032637,6.1014448878907785,0.1594926860915249,5.860910325589774,0.0352803838932611,0.9250799289826134,1.621939510898327,0.9742660427386294,0.9856713143945427,7.413256243801638e-05,0.0001337998927845923
Chair_026_05.obj,Chair_026,M,M,,0.9978187781683024,0.00024311794750303306,458.45864252209765,6.110512905881534,0.1592537229169277,5.84988433741279,0.035269728470704365,0.9479316515407772,1.5076511884269772,0.9921083216565789,0.9864315907005734,0.00012361700327439006,0.00023956299318561222
Chair_026_06.obj,Chair_026,M,M,,0.8348954680929267,0.16450244884204643,6.056768935711327,5.8498610057954465,0.14670709823983644,1.7447811284096029,0.15789676091950577,0.9776434805488778,1.3188539524630212,0.754384618939282,0.8071665365245693,0.0987503997823113,0.11213298231057306
Chair_026_07.obj,Chair_026,SL,SL,,0.3243834840445775,0.6748601440674764,1.4801295947976725,25.7609651703553,0.02873819647455153,1.102269142528713,0.8615334030604044,0.9981221720978187,1.0698696673448458,0.9328190556771293,0.8267581658588187,0.32518615654317673,0.5749925944991742
Chair_026_08.obj,Chair_026,SL,SL,,0.32372938107367094,0.54811917978917,1.478697982750168,1.7634931840995125,0.37291069738422333,1.0046626753710564,0.42091351504876073,0.9973994426894117,1.099141193196588,0.9310482349727839,0.8140331844884237,0.26965697815272494,0.46287360061555477
Chair_027_01.obj,Chair_027,SL,SL,,0.14385302721621884,0.8356743307336004,1.1680237526829518,4.166396165332343,0.20694109613072,1.8647244078224305,0.32759942889897603,0.9754810184583418,1.3119359435543996,0.8448986105731909,0.8192249728593772,0.4710627125413272,0.6422410657821203
Chair_027_02.obj,Chair_027,M,M,,0.9918369824984443,0.006598414020027922,122.50371873014868,11.366674907422345,0.08714083780276215,9.312456550878295,0.24434418519814424,0.9816964830559634,1.2110275345407575,0.638191616363871,0.8737119330588742,0.003967866371227865,0.003945149668312654
Chair_027_03.obj,Chair_027,M,M,,0.9918136611041217,0.006626509176221639,122.15472786050086,11.366674907422345,0.08714083780276215,9.312456550878295,0.24434418659117407,0.982322086881414,1.1980385230136348,0.639204283719393,0.873951451799198,0.003963825965619914,0.003968741571660892
Chair_027_04.obj,Chair_027,SL,SL,,0.009747206298242399,0.9864285475118019,1.009843149506649,12.651398649171439,0.056486023957023054,1.0249649527316307,0.8501053528308642,0.9861164596125301,1.2403689462733267,0.8421475766452134,0.65736342439334,0.5832649639611055,0.6884011550322123
Chair_027_05.obj,Chair_027,M,M,,0.9556410264080302,0.03868764557043217,22.543352990910723,5.700999089663582,0.13773106426176576,1.3006000728292448,0.24559080191854155,0.9895457569335542,1.1795739869412813,0.7075900890233339,0.6600935497415107,0.024177634984067012,0.022722525957659886
Chair_027_06.obj,Chair_027,M,M,,0.9556410264080305,0.0386876455704319,22.54335299091087,5.700999089663582,0.13773106426176576,1.3006000728292448,0.24559080191854113,0.9895460355922717,1.179577883940441,0.7075900890233339,0.6600935497415106,0.024177670093042693,0.022722525957659726
Chair_027_07.obj,Chair_027,M,M,,0.9934964055634536,0.002295616266705655,153.76112544474077,10.805599734705336,0.09107774581658401,6.467635302118212,0.363185455660483,0.9736621070023629,1.0687589520031078,0.7684107359984037,0.9263803606370202,0.0011704137575793759,0.0016990445397743602
Chair_027_08.obj,Chair_027,M,M,,0.9935093850147052,0.0022916521419496425,154.0686055581976,10.805599734705336,0.09107774581658401,6.467635302118212,0.36318545566048344,0.9737459585905786,1.0687286522146637,0.768242908962992,0.9263462978281244,0.0011685660972283718,0.0016957101606145898
Chair_027_09.obj,Chair_027,M,SL,x,0.769598346005165,0.227841342212196,4.340246620025158,4.128623312602966,0.2127998742911443,2.0547208936719903,0.23858446557137258,0.9436520814016284,1.4332700461865362,0.8890471682983089,0.794314380432533,0.1311071265050719,0.18172968572063822
Chair_027_10.obj,Chair_027,M,M,,0.7691359819408844,0.2282995005933275,4.331554169447163,9.164011573812754,0.09632771077302274,1.9195782674758937,0.49473090654563096,0.9436610452932045,1.4331377121650537,0.8890478776321217,0.7943179067609039,0.13136422917578466,0.18209562289918957
Chair_027_11.obj,Chair_027,M,M,,0.7283206817022256,0.2686621950310886,3.6808101782083766,12.744861625886518,0.06807448955263885,1.761334041697902,0.7432108487843899,0.9462565161758372,1.4192839298890778,0.8890903385179834,0.7904703912266436,0.1541501521411192,0.21384032091604321
Chair_027_12.obj,Chair_027,M,M,,0.7691359819927226,0.2282995005424417,4.331554170419772,9.164011573812754,0.09632771077302274,1.9195782674758937,0.494730906545631,0.9436610725464909,1.4331261664032082,0.8890480729372056,0.7943180146248933,0.13136362860814077,0.18209567380770877
Chair_028_01.obj,Chair_028,M,M,,0.9538462634428024,0.021106822836542315,21.66671811631789,5.090376709827083,0.18700167541609294,3.9222832544605306,0.40822685277382953,0.9940422996856635,1.1307073930306075,0.723461974494489,0.6996189237262198,0.012654950614754796,0.0129765766516865
Chair_028_02.obj,Chair_028,M,M,,0.9922353057446139,0.006329366919348922,128.78807163671826,9.267775992075089,0.10624669556065244,7.11821430125753,0.16377557941048385,0.9956058418204259,1.0830450941007084,0.652816821539453,0.8806303098766249,0.0036003686419611544,0.0038853043570761334
Chair_028_03.obj,Chair_028,M,M,,0.9922353057446137,0.006329366919348948,128.78807163671664,9.267775992075089,0.10624669556065244,7.11821430125753,0.16377557941048385,0.9955882334899595,1.0833110763514413,0.6528168215394535,0.880630309876625,0.003600718950872946,0.003885304357076154
Chair_028_04.obj,Chair_028,M,M,,0.9566954787743145,0.03938467822578437,23.09227701163546,1.6934866050550763,0.3980269884537173,1.0832076388388803,0.04256487592102211,0.9944522814035974,1.13957150662968,0.6960928126500772,0.7361638620869102,0.023710903246878242,0.023798805942853433
Chair_028_05.obj,Chair_028,M,M,,0.9630514124226845,0.032956121355547145,27.064634010901315,1.7451044862655634,0.38795003630573416,1.0824973560688298,0.041967574322988775,0.9963326669841598,1.1127026018328874,0.6840423090729464,0.7462307624436121,0.019713097935549862,0.019682973001553163
Chair_028_06.obj,Chair_028,SL,SL,,0.09403864395362388,0.8954075222402769,1.1037998401649216,9.582356655808548,0.07452638037666241,1.0260224949858197,0.6426774352406903,0.9999936000090413,1.0046276798212896,0.8507118040087011,0.6701796464019689,0.4796903096242605,0.6361161014178635
Chair_028_07.obj,Chair_028,M,M,,0.9905731844883062,0.0017630924685498631,106.08036178907493,8.70715465043073,0.11248974488671454,5.854139052756175,0.26764722963328846,0.9999627049064536,1.0095149129848429,0.8626102872900591,0.9458124903667414,0.0008175809655254155,0.0014796558467828607
Chair_028_08.obj,Chair_028,M,M,,0.9905731844883066,0.001763092468550086,106.08036178907652,8.70715465043073,0.11248974488671454,5.854139052756175,0.2676472296332885,0.9999627044931227,1.0095150214261825,0.8626102872900591,0.9458124903667415,0.0008175810074566095,0.0014796558467830478
Chair_029_01.obj,Chair_029,SL,SL,,0.12885513837877594,0.838943109461059,1.147914708626767,2.8058120601269003,0.26084853104852623,1.16262378822779,0.36282454811912085,0.9954967798183801,1.1007035768645603,0.951618972535053,0.8608231426350198,0.39688031114462663,0.7427979669334833
Chair_029_02.obj,Chair_029,SL,SL,,0.01714674622902984,0.9804307332026364,1.0174458864158404,9.434715819905668,0.07483397226540395,1.0025952368821631,0.3822578449797716,0.9777626575975151,1.3014137988024723,0.8890392461997179,0.7315158530676884,0.5571450732420816,0.7546304511429002
Chair_029_03.obj,Chair_029,M,M,,0.9425100992173002,0.041987484448869364,17.394359468032334,3.270540475405916,0.27611744718043746,2.744679071318413,0.31548299605328295,0.9537664327311112,1.4745512672418222,0.9889056507650698,0.9798736974347548,0.021203420775293115,0.04110382188044284
Chair_029_04.obj,Chair_029,M,M,,0.9918978524268567,0.0027235458603641124,123.42406639372945,6.1882566086402235,0.1558158635278309,4.49648540709986,0.20969154870126516,0.9224376180016377,1.503268079567332,0.9935722801010035,0.9835472996020944,0.0013702720976865384,0.002683778840460309
Chair_029_05.obj,Chair_029,M,M,,0.9341540313663567,0.04973378159289525,15.186958605814315,1.9714996667921842,0.3421125847118315,1.030913509609103,0.09416407936491417,0.9566352330297405,1.4158550555480443,0.6454429508117867,0.7041208932684646,0.03390586625011717,0.027351411928113842
Chair_029_06.obj,Chair_029,M,M,,0.9425100992173002,0.041987484448869364,17.394359468032334,3.270540475405916,0.27611744718043746,2.744679071318413,0.31548299605328345,0.9537664327311283,1.474551267241721,0.9889056507650698,0.9798736974347548,0.021203420775292314,0.04110382188044284
Chair_029_07.obj,Chair_029,M,M,,0.9918978524268567,0.0027235458603641124,123.42406639372945,6.1882566086402235,0.1558158635278309,4.49648540709986,0.2096915487012659,0.9224376180016377,1.5032680795673319,0.9935722801010032,0.9835472996020944,0.0013702720976865384,0.002683778840460308
Chair_029_08.obj,Chair_029,M,M,,0.9341540313663567,0.04973378159289525,15.186958605814315,1.9714996667921842,0.3421125847118315,1.030913509609103,0.0941640793649143,0.9566352330297465,1.415855055548028,0.6454429508117867,0.7041208932684646,0.03390586625011705,0.027351411928113842
Chair_029_09.obj,Chair_029,M,M,,0.9909078999146645,0.005110248766755532,109.98559085509568,6.728909023234089,0.14423530647928634,5.029605216610703,0.2992507208724207,0.858980509016238,1.7854923329092987,0.9643568618340984,0.9525315393064882,0.002921871700621532,0.00481113872111509
Chair_029_10.obj,Chair_029,M,M,,0.9722447647461478,0.014328481623155184,36.0292388391915,2.267438908205505,0.34809141048884357,1.5603223677120044,0.09862613931636648,0.8312367105996856,1.9351409806385578,0.6174664607527585,0.7060668031670956,0.011215241601146717,0.0075470908966749455
Chair_029_11.obj,Chair_029,M,M,,0.9945697272384607,0.00029335781142155967,184.15281219062035,3.7093643659205093,0.24638786246716343,2.833982397808754,0.0776426378646429,0.9472520771312943,1.4619275713549356,0.9840901742632214,0.9786734922945397,0.00014756763481863034,0.0002856121592529419
Chair_029_12.obj,Chair_029,M,M,,0.9909078999146645,0.005110248766755532,109.98559085509568,6.728909023234089,0.14423530647928634,5.029605216610703,0.2992507208724207,0.8589805090162421,1.785492332909292,0.9643568618340984,0.9525315393064882,0.0029218717006215286,0.00481113872111509
Chair_029_13.obj,Chair_029,M,M,,0.9722447647461478,0.014328481623155184,36.0292388391915,2.267438908205505,0.34809141048884357,1.5603223677120044,0.0986261393163664,0.8312367105996739,1.9351409806385826,0.6174664607527587,0.7060668031670957,0.011215241601146762,0.007547090896674949
Chair_029_14.obj,Chair_029,M,M,,0.9945697272384607,0.00029335781142155967,184.15281219062035,3.7093643659205093,0.24638786246716343,2.833982397808754,0.0776426378646423,0.9472520771313095,1.4619275713549251,0.9840901742632215,0.9786734922945397,0.00014756763481863048,0.00028561215925294197
Chair_032_01.obj,Chair_032,CA,SL,x,0.8915093175186036,0.07955693496494808,9.217381411267818,2.9007986074449392,0.30401021693591457,2.4470146420143926,0.5343594431945126,0.9943297325960132,1.1447462383051623,0.9603218324931787,0.9130481142905417,0.037109241169931466,0.07307868816684202
Chair_032_02.obj,Chair_032,M,M,,0.9972411217932121,0.0015805824797758027,362.4661637978524,26.19359958289126,0.03625575374814374,3.0521161113318356,0.17445571020645065,0.9839188175537356,1.2284737844058278,0.9523318456802696,0.9672668286782997,0.0007464091595485489,0.0014806034066867223
Chair_032_03.obj,Chair_032,M,M,,0.9972411217932128,0.001580582479775187,362.4661637979335,26.19359958289126,0.03625575374814374,3.0521161113318356,0.17445571020645048,0.9839182567363217,1.2284781969609337,0.9523318456802743,0.9672668286783003,0.0007464105343625874,0.0014806034066861533
Chair_032_04.obj,Chair_032,SL,SL,,0.3139297084710515,0.6856359700231898,1.4575765957904747,13.463854487396501,0.05341843968547628,1.038240569502236,0.432942803711318,0.9233946864662297,1.5710048905486937,0.8621386967065312,0.8105765658932521,0.4164823256733957,0.5351279458422528
Chair_032_05.obj,Chair_032,M,M,,0.988532638150963,0.006179158214159761,87.20401546268833,7.960089196523373,0.12310458999991053,6.248378786161371,0.2410791716225155,0.9293551852115731,1.6011582086802751,0.9616290898581921,0.9828774080639614,0.0033197478429548596,0.005891186569895972
Chair_032_06.obj,Chair_032,M,M,,0.988532638150963,0.006179158214159763,87.20401546268785,7.960089196523373,0.12310458999991053,6.248378786161371,0.24107917162251566,0.9293505670116557,1.6011808270469534,0.9616290898581917,0.9828774080639607,0.003319773454111607,0.00589118656989597
Chair_032_07.obj,Chair_032,M,M,,0.9029223513740666,0.011600557339428495,10.301032360719294,5.3141244921828585,0.17864814034077697,3.6730857868180045,0.4179419103243854,0.9700185730678421,1.368827360485425,0.8328814588316862,0.8931843938492108,0.006507225373904026,0.009145868848659958
Chair_032_08.obj,Chair_032,M,M,,0.9007092397340558,0.012962993244660706,10.071430587496664,5.3141244921828585,0.17864814034077697,3.6730857868180045,0.4179419103243854,0.96841615940853,1.3733386699057892,0.8349592833067452,0.9008826985733072,0.007246222382636185,0.010287169947200704
Chair_032_09.obj,Chair_032,OB,OB,,0.9370411348832083,0.043310162360170656,15.88338668658805,7.628426813318372,0.12669169315479767,4.3261342771082605,0.8719886773818422,0.9826639344329503,1.2386198660400092,0.9998925348353754,0.9995034371265141,0.01946954783987213,0.04329475607269102
Chair_032_10.obj,Chair_032,M,M,,0.9809039811069978,0.014177473086199967,52.366936040585635,10.442872736876895,0.09453800373239266,7.708344281335599,0.6067436366644605,0.8674639098430882,1.855113108405833,0.9999999999999999,1.0,0.007999899878890732,0.014177473086199965
Chair_053_01.obj,Chair_053,CA,SL,x,0.09834972486967627,0.8328458421739638,1.1090774633824942,1.7389599984532953,0.39900113677309773,1.1574177808127168,0.3171910786481909,0.9459697430445839,1.4548851422173736,0.9314039751789955,0.8629973900547538,0.4569063466916937,0.722578374748398
Chair_053_02.obj,Chair_053,CA,CA,,0.655528057878795,0.32695079407448724,2.9029940547313284,4.110061219575169,0.1852250174904741,1.2251190970040564,0.39228739046267697,0.8032525912916542,1.9759108792997497,0.5387792185850299,0.2372487917847993,0.3045222754397356,0.10897334330576863
Chair_053_03.obj,Chair_053,CA,CA,,0.6555280578787944,0.3269507940744877,2.9029940547313244,4.1100612195751705,0.1852250174904741,1.2251190970040566,0.3922873904626767,0.8014413520180348,1.9831724780947797,0.5387792185850299,0.23724879178479885,0.3049380027466605,0.10897334330576873
Chair_053_04.obj,Chair_053,SL,SL,,0.041319540223182086,0.9480758115781274,1.0431004301814388,3.9385846827957085,0.18518895147436784,1.1075346900037566,0.32771128818002926,0.9783536592455432,1.310878793659366,0.8765841177337911,0.7090573455659601,0.5502899516350722,0.7101716049442898
Chair_053_05.obj,Chair_053,M,M,,0.9892521562226917,0.007936048016829232,93.04191805527479,9.398325540790518,0.10107809968328488,3.2142249306074078,0.1806658858214451,0.819440619686812,2.0166101581046583,0.9754229282823299,0.9552383264819314,0.004819496131295161,0.007567753066693649
Chair_053_06.obj,Chair_053,M,M,,0.9857829736855086,0.0024403059839721796,70.33819716431545,5.586923222982532,0.16717549080298633,2.9579577547936795,0.2481229639932515,0.9243201546175381,1.531018387283798,0.9492771720240458,0.9678258394141488,0.0012909174802222209,0.00227926061129593
Chair_053_07.obj,Chair_053,M,M,,0.9892682277257476,0.007924695643588421,93.18125417163556,9.374174547129826,0.10133584663598996,3.2142274259132857,0.18027991724127393,0.8179604623806191,2.021515456444189,0.9726194796353881,0.9548000059190477,0.004819134722197159,0.007533519054166089
Chair_053_08.obj,Chair_053,M,M,,0.9857735232037834,0.0026988921177722876,70.29147232468074,5.586985555790563,0.16717367872997432,2.9579579221231387,0.24812340782022918,0.9615046410368521,1.3541883887504012,0.947641867580136,0.967606217913573,0.0013424723180799464,0.0025161582709950776
Chair_053_09.obj,Chair_053,M,M,,0.9606944705729971,0.036397575708314735,25.44171302556765,10.179892954484846,0.09559658297730084,4.649151035929418,0.51311651348821,0.9286508822580208,1.5327505103488215,0.9076680999842204,0.857140469401475,0.020833729153712205,0.030677099060589418
Chair_053_10.obj,Chair_053,M,M,,0.9821498216152692,0.003518063558468556,56.021849106788956,5.944009274940013,0.15910347979137465,3.3370596492142934,0.2710770681327763,0.8324323445576747,1.9653251726014362,0.9687743414144717,0.9471825117521601,0.0021331522009988765,0.0033182031688391914
Chair_053_11.obj,Chair_053,M,M,,0.9675978335425987,0.015150469901689603,30.86213390432986,2.133832325622338,0.3799988044209825,1.8217194832435444,0.07428087426458735,0.8108436471228357,2.0170605011846776,0.6525636162685605,0.7720928952610818,0.01158300946421968,0.008760027059766183
Chair_053_12.obj,Chair_053,M,M,,0.9878970963198508,0.00074206796895252,82.624800331119,2.649181914718893,0.31930223058638807,1.9799873625952524,0.10177968042218119,0.9872770177245361,1.170170782790097,0.9479183974775055,0.9513403896399089,0.0003454629892940852,0.0006863058113099332
Chair_053_13.obj,Chair_053,M,M,,0.9821498216152692,0.003518063558468556,56.021849106788956,5.944009274940013,0.15910347979137465,3.3370596492142934,0.2710770681327771,0.8324323445576798,1.965325172601419,0.9687743414144716,0.9471825117521601,0.0021331522009988666,0.003318203168839191
Chair_053_14.obj,Chair_053,M,M,,0.9675978335425987,0.015150469901689603,30.86213390432986,2.133832325622338,0.3799988044209825,1.8217194832435444,0.07428087426458738,0.8108456775872962,2.0170414529125242,0.6525636162685607,0.7720928952610818,0.011583015001468003,0.008760027059766187
Chair_053_15.obj,Chair_053,M,M,,0.9878970963198508,0.00074206796895252,82.624800331119,2.649181914718893,0.31930223058638807,1.9799873625952524,0.10177968042218132,0.9872770177245361,1.1701707827900965,0.9479183974775055,0.9513403896399089,0.000345462989294085,0.0006863058113099332
Chair_053_16.obj,Chair_053,CA,SL,x,0.1839132436728236,0.582283438750962,1.225359917002355,1.346873103376715,0.4713482301032625,1.0369746599528535,0.5280521629699657,0.910454914970324,1.5574682941464144,0.9054641595574617,0.8102508302327571,0.34182934482083677,0.4772154134287323
Chair_055_01.obj,Chair_055,SL,SL,,0.32439079651358005,0.6726653633837176,1.4801456150085317,3.5829479160603013,0.2155980422145609,1.2932260203861923,0.25368227228307766,0.9981036686038067,1.085065008529916,0.9862540103849725,0.9782324523807884,0.2883218273823052,0.6561984109019398
Chair_055_02.obj,Chair_055,SL,SL,,0.03001408545398624,0.9654825005028763,1.030942805460997,9.117669806200475,0.07753071391954854,1.0054724536478803,0.7420227518759449,0.981825064314593,1.2858376974093062,0.8557549314951207,0.8849594644450067,0.5202586575215457,0.7786922218702323
Chair_055_03.obj,Chair_055,M,M,,0.9972036199072821,0.00030854317325556836,357.60517770952276,17.216624778741703,0.05783231606433759,13.699749257720608,0.7531617342706121,0.9633051925063691,1.419462035095979,0.9998915894076852,0.9981873905081479,0.00015000371824403798,0.0003082301200804594
Chair_055_04.obj,Chair_055,M,M,,0.9972091825143553,0.0002977993487742068,358.31794989946343,17.216624778741703,0.05783231606433759,13.699749257720608,0.753161734270612,0.9633051351444836,1.4194615229418235,0.99988904245262,0.9981585015698315,0.00014478279765449512,0.0002974921375966139
Chair_055_05.obj,Chair_055,M,M,,0.9971340782084244,0.0002945563493702906,348.92787477287555,16.90646563084579,0.0580920195360608,5.486460597819399,0.30963993869848877,0.9565697890804546,1.4598740022122214,0.9982262644006904,0.9903642761037796,0.00014621323004980157,0.0002926172696248465
Chair_055_06.obj,Chair_055,M,M,,0.9971340761510292,0.00029453603835997863,348.92762428382,16.90646563084579,0.0580920195360608,5.486460597819399,0.3096401100753801,0.956569234783864,1.4598759331761715,0.9982279136507979,0.9903639104570371,0.00014620310061984326,0.0002925975219935732
Chair_064_01.obj,Chair_064,SL,CA,x,0.7173348803548878,0.23459725775887996,3.5377552110257193,2.8591740252086653,0.28806433833337997,1.6859362683839993,0.5058645139622103,0.9977299103019257,1.0949928224048802,0.8783529148672827,0.6909061792368025,0.12676222120834613,0.17421337474824186
Chair_064_02.obj,Chair_064,SL,CA,x,0.48381863711491657,0.48137571788146466,1.9373035756472132,4.372270673518303,0.17187496054957466,1.1797786811620872,0.5881516849044127,0.9975667448903345,1.0985959839490251,0.8347677825250954,0.6084384144666366,0.2777416600170381,0.3231649857881673
Chair_064_03.obj,Chair_064,M,M,,0.9326178090635887,0.06648061762184784,14.840716606314,7.328101815379581,0.13149549622386247,4.140593712367582,0.11989611350088192,0.9940884693381017,1.1412302244662806,0.5415179501448593,0.7204172316133832,0.04390187083660352,0.0309678953523493
Chair_064_04.obj,Chair_064,M,M,,0.9326178090635887,0.06648061762184784,14.840716606313997,7.328101815379583,0.13149549622386247,4.140593712367582,0.11989611350088261,0.9940885754388066,1.1412291887016475,0.541517950144859,0.720417231613383,0.04390185695743884,0.030967895352349284
Chair_064_05.obj,Chair_064,M,M,,0.9986097538380372,1.1875329337951741e-07,719.2970765607773,14.20254070410741,0.0696306181591186,7.548065202921557,0.2185169829938351,0.999999999992841,1.0000052380162736,0.9999957644878108,0.9999993609636387,4.750164921389996e-08,1.1875275245482026e-07
Chair_064_06.obj,Chair_064,M,M,,0.9986097538380372,1.1875329337971489e-07,719.2970765607774,14.20254070410741,0.0696306181591186,7.548065202921557,0.2185169829938352,0.9999999999923329,1.0000053486016163,0.999995764487811,0.9999993609636387,4.750165210309028e-08,1.1875275245501777e-07
Chair_064_07.obj,Chair_064,M,M,,0.996129363307012,0.0035020329154106466,258.35542814218644,13.169925799449327,0.05416490564742488,1.020944054577222,0.02809803927317109,0.9522214109626815,1.483534251706057,0.9100052954540157,0.9877662636446083,0.0018642510850312335,0.003167374843376782
Chair_064_08.obj,Chair_064,M,M,,0.9961293780339806,0.0035020172147527686,258.35641113465675,13.169925799449302,0.05416490564742498,1.020944054577222,0.02809803927317104,0.9522216214280419,1.4835344465571592,0.9100044202207898,0.9877661939831062,0.0018642441435966946,0.003167357485757296
Chair_066_01.obj,Chair_066,M,M,,0.9837540831030374,0.011316926731992744,61.55392806339445,14.415152681866074,0.06828323943630725,6.050621956996939,0.6233160416731669,0.9931256561598515,1.1686755113618794,0.8197591048647906,0.8692917385482226,0.0060164472874314895,0.008670853410158521
Chair_066_02.obj,Chair_066,M,M,,0.9964550511020414,0.00037866379469331,282.0915135266017,8.136337046220563,0.11358066045042316,2.533222612861778,0.032753860236800526,0.7875017968392432,1.2341489548798237,0.7190614794111275,0.9598629062729057,0.00019752082344642063,0.0002668182333286787
Chair_066_03.obj,Chair_066,M,M,,0.9991011301276329,0.0001545925239802112,1112.5080845866203,10.183480324960037,0.09476371953792992,3.94800855564115,0.03379797286784887,0.9852564783256422,1.2557269393864738,0.9307314110010222,0.9934767512870306,7.412416424597e-05,0.000143414822030615
Chair_066_04.obj,Chair_066,M,M,,0.9991011381293722,0.00015457958776588602,1112.5179882211166,10.491998935134774,0.09386682208072374,6.754697120315417,0.05695257960182375,0.9852479209975982,1.2558061487164431,0.9307146954238827,0.9934763768682973,7.412133601811367e-05,0.00014340021876694883
Chair_066_05.obj,Chair_066,M,M,,0.9991011387881427,0.00015458874210715572,1112.5188035796564,15.230578288103011,0.06512999452840809,9.14786219953715,0.1106450798100771,0.9852583909216023,1.2557024090286932,0.930686339262155,0.9934752826306888,7.412406527773253e-05,0.00014340426309495148
Chair_066_06.obj,Chair_066,M,M,,0.9991011325072906,0.00015459717433774828,1112.5110298354907,30.314901850796417,0.03280960190259609,10.122414941309415,0.24300725480870355,0.9852489592461284,1.2557993548091457,0.9307003523264405,0.9934768012190518,7.413032633918542e-05,0.00014341435381720697
Chair_066_07.obj,Chair_066,M,M,,0.9991011335322519,0.00015459681403569162,1112.5122984117866,30.314901850796417,0.03280960190259609,10.122414941309415,0.24300718660447598,0.9852522911566063,1.2557663497102647,0.9307319057484633,0.9934782690546973,7.412735969310751e-05,0.00014341898732802777
Chair_066_08.obj,Chair_066,M,M,,0.9991011380941219,0.00015459465180579074,1112.517944592083,15.230578288103011,0.06512999452840809,9.14786219953715,0.11064379941722643,0.9852587837491293,1.2556916310504527,0.9307172216719443,0.9934766756258275,7.412481846748228e-05,0.00014341460412236495
Chair_066_09.obj,Chair_066,M,M,,0.9991011314001208,0.0001545964871949611,1112.5096595141315,10.491998935134774,0.09386682208072374,6.754697120315417,0.05695220252242051,0.9852555740285295,1.2557342803918283,0.9307149763485243,0.9934778562267769,7.412713559807147e-05,0.00014341604572762332
Chair_066_10.obj,Chair_066,M,M,,0.9991011283725384,0.0001545968512831525,1112.505912355577,10.18368538487271,0.09476182849948182,3.94800855564115,0.03379865396007247,0.9852530696077352,1.2557557575672178,0.9307323686537735,0.9934769481792799,7.412706496599209e-05,0.00014341899818347116
Chair_066_11.obj,Chair_066,M,M,,0.9964550523232057,0.000378704192380613,282.09161070155216,8.13633704622057,0.11358066045042306,2.533222612861778,0.03275357588285382,0.7875562284090807,1.2342515060596164,0.7190614138410445,0.9598628701273529,0.0001975541625046082,0.0002668466695351254
Chair_066_12.obj,Chair_066,SL,SL,,0.0924935938198476,0.9023449451994245,1.1019205960306448,16.923076916568046,0.04222337336316451,1.0232558139296917,0.8787154498207,0.9982778767310897,1.0808749627411527,0.8274299060537771,0.647322122301222,0.5107737205039751,0.614967746263398
Chair_066_13.obj,Chair_066,CA,M,x,0.8784287487370338,0.018454977894246515,8.22562891809728,1.2124294736203984,0.520466952898935,1.0969599999477637,0.4045863842894148,0.9775402794354422,1.3220872391101126,0.5772954786741421,0.668305795827326,0.01287579034475582,0.0088870443686099
Chair_066_14.obj,Chair_066,M,M,,0.9872784174891631,0.01133565700431122,78.60657266086193,3.864582570859056,0.20345579754319257,1.3476870178474225,0.03717355828500018,0.9973475014231762,1.0925997314701927,0.8074745200553667,0.9075462225177353,0.005785626989419823,0.00873012773558882
Chair_066_15.obj,Chair_066,M,M,,0.9872717535584918,0.011340213248896131,78.56541783620287,3.864582570859056,0.20345579754319257,1.3476870178474225,0.03717311254776618,0.9979727380360338,1.0819534939457387,0.8071356184815874,0.9074867597422608,0.005764181689450275,0.008729699025636098
Chair_066_16.obj,Chair_066,M,M,,0.987301173958,0.011313153827778017,78.74743670728793,4.494477683334385,0.20511939913286992,2.8050323650103612,0.057204150776351013,0.9980429556118434,1.0811310074702367,0.8082917155856866,0.9076840151133777,0.005743387827569961,0.00872224466959235
Chair_066_17.obj,Chair_066,M,M,,0.9872989276924534,0.011319470811207051,78.7335097214653,20.217602204865134,0.04831998163463811,4.694539123642164,0.3779185897455292,0.9982543839522221,1.075398668583783,0.8085347691786421,0.9077218068319826,0.00573168055030737,0.008729912138693936
Chair_066_18.obj,Chair_066,M,M,,0.9873036224181766,0.011312778647146849,78.76262292568308,4.4944776833343845,0.20511939913286995,2.805032365010361,0.05720391019982598,0.9978149824949898,1.0845582880281706,0.808595430300581,0.9077332284023376,0.0057499212563895995,0.00872545776524451
Chair_066_19.obj,Chair_066,SL,SL,,0.00011479998396147576,0.46725175122894563,1.000114813138679,1.1162327039294109,0.5506242029881867,1.0881307046379016,0.4105940189238738,0.9964232935433539,1.122395963410203,0.776603026426069,0.49999177718320875,0.29412296960946566,0.2721503511772966
Chair_066_20.obj,Chair_066,SL,SL,,0.00011491928637031058,0.4672511010565302,1.0001149324684986,1.1162495144097344,0.5506210704215307,1.0881470919017182,0.4105894348055787,0.9964235844735453,1.122386510120821,0.7766182760986943,0.5000036940301831,0.2941177271190271,0.2721574786927811
Chair_066_21.obj,Chair_066,SL,SL,,0.00011463387023186286,0.4672530500067956,1.0001146469868307,1.3098541371326498,0.493755702117682,1.1125680192189904,0.497519439179253,0.9964238754555432,1.1223905718850662,0.776581952192607,0.5000017365926297,0.2941255649321898,0.27214552937691927
Chair_066_22.obj,Chair_066,SL,SL,,0.00011304129386974709,0.46725249434622307,1.0001130540478165,1.6040717266808489,0.40336794351891986,1.0000050429759915,0.7541478724286789,0.996423583398471,1.1223882977896478,0.7768001729873986,0.5000123371338847,0.29408803106947207,0.2722236027819792
Chair_066_23.obj,Chair_066,SL,SL,,0.00011397688700308305,0.46725693054817086,1.0001139898533828,1.3098561162725146,0.49375539005940106,1.1125697002670223,0.4975117742264706,0.9964236249848577,1.122391761351097,0.7764628493797325,0.5000036950323603,0.29414735814638243,0.2721064060573948
Chair_076_01.obj,Chair_076,OB,OB,,0.7699371718518561,0.19346180869996865,4.346638733641955,3.0967412748208996,0.2801891946911561,2.1129057100152777,0.643311999007335,0.9988460950195914,1.0614757326460502,0.9970342006381588,0.9693103682670324,0.08164618335023582,0.18992820833774293
Chair_076_02.obj,Chair_076,OB,OB,,0.3600385525137068,0.5748214229815721,1.5625941280179287,3.851351299304039,0.2021877967491293,1.3110919937543244,0.9086293605345316,0.9995578548554113,1.0419199513315762,0.9978573807548724,0.9728687563762022,0.2395140215410387,0.5658086972424824
Chair_076_03.obj,Chair_076,OB,OB,,0.7431561806065046,0.2098092156892855,3.8934166388014635,3.987199999840498,0.21260406397786094,1.744166107294489,0.9755208923325714,0.9906875700825644,1.1541162578499822,0.9957731364036493,0.9726302580632795,0.09243169693514514,0.2060633049302979
Chair_076_04.obj,Chair_076,OB,OB,,0.7488380089353887,0.20516787392688698,3.981494157460728,4.032053439838716,0.2108965754110845,1.7637868561517234,0.9755186826551367,0.9906615455114393,1.1543487749999717,0.9957695509241911,0.9726173796321698,0.09039740040515182,0.2015027880859187
Chair_076_05.obj,Chair_076,OB,OB,,0.748838020342734,0.20516856763265376,3.981494338293348,4.032053439838718,0.21089657541108445,1.7637868561517234,0.9755108616602439,0.990661651999048,1.1543443116800425,0.9957695190645464,0.972617348288168,0.0903975124202675,0.20150345975053507
Chair_076_06.obj,Chair_076,OB,OB,,0.5435707090083985,0.4381239268184025,2.1909198636823537,6.392075057736311,0.12334199471246712,1.3082274751221774,0.9755254715483449,0.990101950141555,1.176214077333845,0.9954858592182338,0.9720509781290116,0.19520727784045735,0.43005124425857993
Chair_076_07.obj,Chair_076,SL,SL,,0.29666226192603595,0.06147325633308815,1.421792043638723,1.19999999976,0.5076730825152632,0.9999999998333333,0.7764567906341164,0.9964591517638263,1.110914540525966,0.8547356447515914,0.7355809546808068,0.03323927401343941,0.04559664775034739
Chair_076_08.obj,Chair_076,SL,SL,,0.2897115047720739,0.03635150754464221,1.4078786390357585,1.19999999976,0.5076730825152632,0.9999999998333333,0.7764749943841138,0.9977594385112029,1.077398016103211,0.8641766833199661,0.7747621698067744,0.018919937503894264,0.027876300522217574
Chair_076_09.obj,Chair_076,SL,SL,,0.2966583358088171,0.0614772199500876,1.421784107066061,1.19999999976,0.5076730825152632,0.9999999998333333,0.7764590232868951,0.9964591404568637,1.1109153149615991,0.8547358349143648,0.7355870038462712,0.03324133047117837,0.04559975676689602
Chair_076_10.obj,Chair_076,SL,SL,,0.28970951510520304,0.03635351919643335,1.4078746952838064,1.19999999976,0.507674338614086,1.000006666544441,0.7764811802308698,0.9977594768787383,1.0773981347734365,0.8641785243492919,0.7747712008777803,0.01892088020967987,0.027878044415824182
Chair_085_01.obj,Chair_085,CA,CA,,0.5381601288169937,0.446865756234386,2.165252639270996,3.069224403144048,0.2589412827799443,1.4478159948847225,0.4510179971889763,0.737300159416545,1.7524071583046332,0.8256542132948791,0.6886206144236452,0.2936397225921268,0.31151385557592753
Chair_085_02.obj,Chair_085,SL,SL,,0.42070921331272265,0.5735291512836828,1.7262487562043491,8.678619429285101,0.08161188757619281,1.0100952597756527,0.6735786856932986,0.7467164291889449,1.2813302200153347,0.7876707268264485,0.4988274828317123,0.35324232841784026,0.3385492490255544
Chair_085_03.obj,Chair_085,CA,CA,,0.5531015988840252,0.4412825314769638,2.2376450609412184,1.1338645442456696,0.5516444736556737,1.1336059144000838,0.091548073603659,0.9922697569392116,1.0756089706720522,0.6860229098519789,0.7259765841743837,0.2619631231887533,0.26125238207053014
Chair_085_04.obj,Chair_085,CA,CA,,0.5528471634270005,0.4415220289439387,2.2363718134133608,1.1338645442456694,0.5516445204873947,1.1336062305014596,0.09154755523696617,0.9923344729174838,1.0865970171750927,0.68787359059814,0.7277980706560265,0.26269071668383975,0.2623759365622936
Chair_095_01.obj,Chair_095,M,M,,0.9504016207813495,0.04439062217516954,20.16194915546648,12.824851711700243,0.07517935326307039,3.7894736841274237,0.8054948389897434,0.9999649342938313,1.0113793531013944,0.946144506727254,0.9356291156101378,0.019418202229124853,0.040648156573285486
Chair_095_02.obj,Chair_095,SL,SL,,0.11296494573096663,0.8858550711639991,1.1273511629408401,3.4348274364307616,0.21867526978396085,1.2058184454839906,0.12234414257009167,0.9998415477196987,1.024083211714877,0.655197309807848,0.45617611079685594,0.5863534059774519,0.4225894859420108
Chair_095_03.obj,Chair_095,SL,SL,,0.11296495252725308,0.8858550627372214,1.127351171578381,3.4348274364307616,0.21867526978396085,1.2058184454839906,0.12234417550477496,0.9998414992124898,1.024078356063977,0.6551972771560617,0.4561760030406905,0.5863524803441507,0.4225894295909559
Chair_095_04.obj,Chair_095,M,M,,0.9994776214185985,0.0004799066731585105,1914.320448049279,113.98730595323266,0.008767008099790159,28.070376519104748,0.9197393480005768,0.9950203089826606,1.132044368505806,0.9667235698165669,0.9562543142011981,0.00021631149675482066,0.0004537894691204982
Chair_138_01.obj,Chair_138,SL,SL,,0.16582615198051304,0.8309296976151499,1.1987908783930492,3.8587531996262845,0.19291586579769293,1.1645274177283786,0.4410803543208743,0.5776856064438184,1.496033666987746,0.7438107602101317,0.7797784534970877,0.48013813169110325,0.549999996656216
Chair_138_02.obj,Chair_138,OB,OB,,0.1364457867680685,0.8526720595087741,1.1580048880280132,4.530925599493701,0.15484196683819773,1.0086414478794723,0.9749353875994548,0.7476768438202817,1.354312961000456,0.8119521083563569,0.8510720352468774,0.45667362121180505,0.6407753111995984
Chair_138_03.obj,Chair_138,M,M,,0.9900746586027859,0.004242080679623043,100.75220186182887,12.504724133619058,0.07911234608016908,8.0585999982092,0.8192298853563044,0.9962946186667472,1.1203252448706562,0.820352213339647,0.9716149788702553,0.0021031284334621187,0.003430610334029763
Chair_138_04.obj,Chair_138,M,M,,0.9900406193210426,0.004311783659518902,100.40784986887103,12.50472413361906,0.07911234608016907,8.0585999982092,0.8192098237547741,0.9949668853531308,1.1404193304116017,0.8202063021315777,0.9716122792091338,0.0021559393305490594,0.0034863548037372665
Chair_138_05.obj,Chair_138,M,M,,0.9883585989801026,0.006053351910776531,85.90031374149014,12.504724133619058,0.0785096451663769,5.666203124114657,0.615103657165939,0.9997167119278256,1.0259602297854085,0.8002574514728055,0.9614457059060263,0.0029371391578087895,0.0047508568466959195
Chair_138_06.obj,Chair_138,M,M,,0.9884851152656673,0.0058428663481528125,86.8441172509612,12.50472413361906,0.0785096451663769,5.666203124114657,0.6151460010775771,0.9998034990667017,1.022665482758366,0.801158947926075,0.9614378073980141,0.002829033807615191,0.004590808597928347
Chair_171_01.obj,Chair_171,M,M,,0.9919022917282737,0.006997921248935529,123.49172956638613,27.184042537474454,0.036707548236792856,18.438243130024215,0.7616968415447156,0.9999813095119128,1.0086631483819568,1.0,1.0,0.00281248224318459,0.006997921248935529
Chair_171_02.obj,Chair_171,M,M,,0.9919022917282737,0.0069979212489355205,123.49172956638616,27.184042537474454,0.036707548236792856,18.438243130024215,0.7616968415447154,0.9999813095119128,1.0086631483819568,1.0,1.0,0.0028124822431845864,0.0069979212489355205
Chair_171_03.obj,Chair_171,M,M,,0.9919022917282737,0.0069979212489355205,123.49172956638616,27.184042537474454,0.036707548236792856,18.438243130024215,0.7616968415447154,0.9999813095119128,1.0086631483819568,1.0,1.0,0.0028124822431845864,0.0069979212489355205
Chair_171_04.obj,Chair_171,M,M,,0.997456568078917,0.00026176227475219725,393.1695563425988,25.37464979734003,0.03933210808445226,20.491399308794588,0.7991124236252873,0.9999971294778901,1.0033857974548666,0.9178389383189406,0.9839394932604071,0.00011347809687453594,0.00023832629494193838
Chair_171_05.obj,Chair_171,M,M,,0.997456567933848,0.0002617663967201475,393.16953391749547,25.37457054613822,0.03933223073853157,20.491399308794588,0.7991134025288482,0.9999971300918508,1.0033854415086512,0.9178387363725816,0.9839394709477761,0.00011347988330563029,0.00023832999274506821
Chair_171_06.obj,Chair_171,OB,OB,,0.159947602385488,0.8383679851257191,1.1904019354501105,15.981566661339478,0.04605842671181763,1.089981744457075,0.9983867830185985,0.8689448339777985,1.1310682397844063,0.9999999943506278,0.9999999962368963,0.3397445060530357,0.8383679788120335
Chair_171_07.obj,Chair_171,M,M,,0.9960194502983439,2.9636671046760136e-05,251.2215836882318,10.645785894297168,0.09311586079290247,10.645785894297168,0.7320079141902307,0.9999621076009353,1.0099167867563599,0.86865427633313,0.9754742700431871,1.3463267147936456e-05,2.5428325587018844e-05
Chair_171_08.obj,Chair_171,M,M,,0.9960194232289158,2.9662515766918837e-05,251.2198752864157,10.645785894297168,0.09311585877053387,10.645759227832826,0.7320060416904656,0.9999620894970392,1.0099165398712948,0.8686602422971882,0.9754763111626203,1.3474929035959313e-05,2.545070150263502e-05
Chair_171_09.obj,Chair_171,M,M,,0.9851461057013943,0.013810090748006225,67.3224125537001,22.1999999889,0.04459488939643664,7.399999998766667,0.9791453842174302,0.9999883494039924,1.0068057935010821,0.9991925096846892,0.9866426410112373,0.005594704450683827,0.01370678054097083
Chair_171_10.obj,Chair_171,M,M,,0.982791334496754,0.015999388888333937,58.110258451541796,20.649999989675,0.04786812689011169,6.883333332186111,0.9789254200488067,0.9999883494024003,1.006805788794812,0.999131899030631,0.9857596053391319,0.006485498047227262,0.015871679890305333
Chair_171_11.obj,Chair_171,M,M,,0.9861432925811626,0.012879194924747428,72.16721619165918,22.9999999885,0.043073049224467155,7.666666665388889,0.9792422342615358,0.9999226458261997,1.014848904506968,0.9992053520725925,0.9870536780413385,0.005238838468976028,0.012785657646245872
Chair_171_12.obj,Chair_171,M,M,,0.9828073553934175,0.01597901910343888,58.16440826194253,20.649999989675,0.04786812689011169,6.883333332186111,0.978920272607685,0.9999999999972157,1.0000033213568444,0.9991318990314754,0.9857596053457862,0.0064533611924538934,0.01585147269948817
Chair_244_01.obj,Chair_244,SL,OB,x,0.790259087711617,0.1714855715295771,4.767787023949488,3.2619040117441176,0.26077489478569976,1.863155097481249,0.6559462168240344,0.9994421031634699,1.0446820044409648,0.9750709262492686,0.9242359387697203,0.07500707057683254,0.1608763181881227
Chair_244_02.obj,Chair_244,OB,OB,,0.25855736879704677,0.7114478816522227,1.348722015589294,4.497140016271938,0.16931035340178438,1.2167652085121388,0.918078196691252,0.9958716678676267,1.1288314584314907,0.9915605063638913,0.9658526927935319,0.31238998519431593,0.6933991217476688
Chair_244_03.obj,Chair_244,M,OB,x,0.8610350022987355,0.1380052798732976,7.19605668003965,9.1549260592688,0.09144780652336867,1.5526658792495573,0.3502949982682671,0.9992622544833379,1.0452832658780506,0.9825559621371334,0.9193099783328436,0.06018512972176012,0.1301272113759269
Chair_244_04.obj,Chair_244,M,OB,x,0.6698344214730806,0.3292714106197474,3.0287833288422337,23.40822139956032,0.031028828056564026,1.0577938584199356,0.8482914308036128,0.9998465536956728,1.0229779207224992,0.8122210975862536,0.7989538251650362,0.17155425140831784,0.2405571727640166
Chair_244_05.obj,Chair_244,M,M,,0.9827569220014089,0.012068105415177508,57.994286175654025,11.120498239792479,0.08841996988928805,6.175215280696517,0.9961969134396758,0.9869213436476109,1.208543649375986,0.9927986645673833,0.9915234095894938,0.005408503184140462,0.011930419082025853
Chair_244_06.obj,Chair_244,M,SL,x,0.3491405140718972,0.6499206722564072,1.5364299385971405,23.362407672318227,0.03108962390602109,1.0577943644645436,0.8468064583323146,0.9998980471933224,1.0184851039375968,0.627071879551612,0.5219684817847184,0.4251008237194465,0.31013682730939107
Chair_244_07.obj,Chair_244,M,M,,0.9823485500033176,0.01249313889726069,56.652569629540174,11.120485700083407,0.08842006628623077,6.175208317393128,0.9961969560490848,0.9871471463429828,1.2235776130555607,0.959531096949732,0.9839970794789608,0.005809789416356696,0.011891637323316755
Chair_244_08.obj,Chair_244,M,OB,x,0.7306699167578256,0.2685792234071573,3.712916091518516,29.942340412790493,0.025666019316092928,1.202033212650231,0.9430901349885021,0.9991859162882436,1.047787017154313,0.9559543178290186,0.9411353929772119,0.11830881197770055,0.2491927400179822
Chair_244_09.obj,Chair_244,M,M,,0.9994603701661533,4.955163589938471e-13,1853.1221538873535,30.439818167981898,0.03281630998333976,30.439818167981898,0.7500173646693973,0.9999999999524013,1.000012781211106,1.0,1.0,1.9820793691911533e-13,4.955163589938471e-13
Chair_244_10.obj,Chair_244,M,M,,0.9989130605689451,2.808429073242038e-09,920.0144657824632,21.778609595870627,0.04581861571127389,21.44777271752374,0.7814143860432393,0.999999999999996,1.0000001191477694,0.9999977403695509,0.9999998636819305,1.1233740197268407e-09,2.8084225358108077e-09
Chair_267_01.obj,Chair_267,CA,SL,x,0.11343630323301451,0.784320389853894,1.1279505394211444,2.1998281595330753,0.33045947570706685,1.207680975894855,0.4769622060171702,0.9109069548512512,1.6599806363281888,0.9032691812937752,0.8286230913502896,0.4751875714491025,0.647746242176233
Chair_267_02.obj,Chair_267,SL,SL,,0.3714478621452525,0.6045191982831961,1.5909579170508794,3.2415612979314727,0.23624659881203572,1.2803968734975464,0.43191568214132675,0.9915081114024714,1.1717086160947356,0.7926583163334909,0.7801650011827779,0.3408132308995799,0.4265072136130597
Chair_267_03.obj,Chair_267,SL,SL,,0.367488423240671,0.6082996887882575,1.5809987306837363,3.2467766764160313,0.23602832590404735,1.2825254704684785,0.4339163457308196,0.9923283753552393,1.1676832472247385,0.7903259032106602,0.7773696141117318,0.34341738518962917,0.4272396652731399
Chair_267_04.obj,Chair_267,SL,SL,,0.015564651183122093,0.9690873378708823,1.0158107398331542,9.369082544458916,0.07759427632056358,1.0655687591262901,0.6483130986948594,0.9946381857892369,1.150725676670267,0.7524997927832795,0.6359866471971974,0.5909716827485424,0.5965118324405076
Chair_267_05.obj,Chair_267,M,M,,0.9978789610600831,2.4178878040778517e-08,471.46706323031543,5.804526066204342,0.1669014319400546,5.28498873920466,0.09178659965851887,0.9997382304670439,1.0326203489111854,0.7097729404048955,0.9705560325069973,1.2477989261906702e-08,1.6908861841903767e-08
Chair_267_06.obj,Chair_267,M,M,,0.997878970566444,2.520115434370128e-08,471.46917632501123,5.804526066204342,0.1669014319400546,5.28498873920466,0.09178612120044759,0.9997382245864951,1.032620712042306,0.7097743798547123,0.9704119600447177,1.3006452198720584e-08,1.7622511082683238e-08
Chair_267_07.obj,Chair_267,M,M,,0.9978789652879135,3.371791524665301e-08,471.468002999369,5.155790783445419,0.1805477695374475,2.930645743783957,0.048695303024977404,0.9997382179849025,1.0326211335184554,0.7097635880387073,0.9704637882733884,1.7401692170054553e-08,2.3578321911209266e-08
Chair_267_08.obj,Chair_267,M,M,,0.9978789599873946,2.685022951414798e-08,471.46682479194504,5.15572627800574,0.18054995480972458,2.930645743783957,0.04869485880966085,0.9997382170071447,1.0326211920947723,0.7097753425934226,0.97068920025272,1.3855681583314622e-08,1.8778333651334423e-08
Chair_267_09.obj,Chair_267,CA,CA,,0.09767393536439942,0.41548245201343975,1.108246829158674,1.376326722814315,0.48093698586759187,1.1513017189856543,0.5693320378772425,0.9329265400262443,1.550847652079713,0.8155333175861873,0.7089068468363027,0.2685885844861342,0.28952281213829917
Sofa_01_01.obj,Sofa_01,OB,OB,,0.8974358974086847,1.0601839487549844e-14,9.7499999971344,2.1213203423406775,0.3922322701911752,2.121320342340568,0.4999999999995721,1.0,1.0000000000000635,1.0,1.0,4.240735795020087e-15,1.0601839487549844e-14
Sofa_01_02.obj,Sofa_01,OB,OB,,0.8974358974086847,1.324214434077107e-14,9.7499999971344,2.1213203423407045,0.39223227019117096,2.121320342340568,0.4999999999995693,1.0,1.0000000000000042,1.0,1.0,5.296857736308441e-15,1.324214434077107e-14
Sofa_01_03.obj,Sofa_01,OB,CA,x,0.4751521462016279,0.4399842877053475,1.9053140691398052,5.395760548925132,0.15932879661448168,1.7714286265764467,0.48179740208699456,0.9870880396368461,1.219277670285375,0.4757347224244569,0.5065779930538984,0.33120489706362904,0.15767529118601484
Sofa_01_04.obj,Sofa_01,CA,CA,,0.5237250962254923,0.3854663850131209,2.0996277403534713,2.279494144822652,0.2982719072778325,1.0149507232364747,0.4481825608998061,0.48999924681796053,1.8645115379003085,0.5655151390351272,0.2077098239262828,0.3270815833697504,0.13163256677673105
Sofa_01_05.obj,Sofa_01,CA,CA,,0.4989040469874842,0.42310992974758277,1.9956257758363853,2.0241986886364844,0.33082790462572226,1.0071445966802175,0.35106276207428233,0.6984423497576645,1.663171483729375,0.7137102731426246,0.7177725984870418,0.28025769534060374,0.2593646840157727
Sofa_01_06.obj,Sofa_01,CA,CA,,0.4087550994829959,0.4283920112463815,1.6913465116131094,2.0338052819636796,0.3283948979782309,1.0000008157982871,0.3454718002450286,0.4796218291109886,1.3925344445110983,0.5675746312953177,0.41683667658595147,0.29551732565826033,0.17224797861485103
Sofa_01_07.obj,Sofa_01,CA,CA,,0.4419502146707434,0.3019129546774501,1.7919548153014477,2.279499537357444,0.29627575997535754,1.0000030935431237,0.3394660635058566,0.5025523999915853,1.5591218060488778,0.663189980173029,0.5807693746908696,0.1981024171320982,0.15825528494936159
Sofa_01_08.obj,Sofa_01,OB,CA,x,0.5898769661558932,0.40545942407374547,2.438292701160492,20.859616209092554,0.03898592134361471,1.4005940813061293,0.5467428367266257,0.9753086867409141,1.2469134192331666,0.5802219061883077,0.4371834134113647,0.29902753973750656,0.1690533266742374
Sofa_01_09.obj,Sofa_01,OB,OB,,0.5115002873922039,0.47184964232324145,2.0470841111878624,1.1422477448855008,0.5263551712116095,0.9999999999459932,0.20245248147821285,0.9999999999990603,1.0000019228374153,0.9999999999999997,0.9999999999999999,0.18874005653304915,0.4718496423232413
Sofa_01_10.obj,Sofa_01,OB,OB,,0.5115030144168337,0.47184753648330435,2.0470955389938776,1.1422492509661957,0.5263549203436433,1.0000013184696686,0.20244956808578782,0.9999999999883656,1.0000067298850683,0.9999999999999998,0.9999999999999999,0.18873971319786553,0.47184753648330424
Sofa_01_11.obj,Sofa_01,OB,M,x,0.8888903196488592,7.691026278500609e-06,9.000115892792671,2.121407425625895,0.39221903461804236,2.121334000707598,0.49999999999957123,0.9999999998269568,1.000020767271168,0.9999999999999998,1.0,3.0764456499189086e-06,7.691026278500607e-06
Sofa_01_12.obj,Sofa_01,OB,OB,,5.154687473723976e-14,0.9999999997426939,0.999999999742797,1763451337.600054,0.0,0.9999999994329559,1.0,0.0,0.0,0.5,7.239653321278183e-12,0.42499999988883497,0.24999999993748337
Sofa_01_13.obj,Sofa_01,OB,OB,,1.2904997717905702e-13,0.9999999997426164,0.9999999997428745,1763451337.5999858,0.0,0.9999999994329947,1.0,6.162975822039155e-33,1.232595164407831e-32,0.5,6.572520305780927e-14,0.42499999989059556,0.24999999993567054
Sofa_01_14.obj,Sofa_01,OB,OB,,1.2904997717904705e-13,0.9999999997426164,0.9999999997428745,1763451337.600054,0.0,0.9999999994329947,1.0,0.0,0.0,0.5,4.0967229608668276e-14,0.4249999998906017,0.24999999993566432
Sofa_01_15.obj,Sofa_01,OB,M,x,0.8538509375703001,0.05003109441744631,6.8423292174277135,2.1213203423648563,0.3922322701873958,2.1213203423406912,0.2499999999997937,0.5,0.5,0.9999999999827707,0.9999999999893477,0.0100062188839242,0.05003109441631783
Sofa_02_01.obj,Sofa_02,OB,OB,,0.84084563256644,0.15456178420339667,6.283208033341435,11.666666664946398,0.07833772312880741,2.295081232047539,0.9942851498317662,0.6513759937645575,2.5098101304158424,0.9478538467165479,0.9688741057238424,0.0901528448008807,0.1442219791155461
Sofa_02_02.obj,Sofa_02,OB,OB,,0.910605706205506,0.08701658312528307,11.186396329711926,13.824423617912798,0.06898293757513282,3.2558139533496533,0.9856688573859974,0.8207758323105249,1.9864834996282954,0.9795870895630306,0.9886220597712753,0.051753549936715396,0.08475539176639015
Sofa_02_03.obj,Sofa_02,OB,M,x,0.8303435114494753,0.16965648855046078,5.894263217065998,87453885346.99995,0.0,2.285714285649315,1.0,0.0,0.0,0.9999999999999998,1.0,1.3184957790604306e-17,0.16965648855046075
Sofa_02_04.obj,Sofa_02,OB,OB,,0.8931623931540739,8.694812951056285e-15,9.359999999183977,2.999999998627947,0.301511344536174,2.999999998627822,0.9999999999996789,0.9984000000000001,1.0816000000000001,0.9999999999999997,0.9999999999999996,3.631510356389975e-15,8.69481295105628e-15
Sofa_02_05.obj,Sofa_02,OB,OB,,0.8931623931540825,9.773009459329506e-12,9.359999999184739,2.9999999987651607,0.3015113445236383,2.999999998627947,0.9999999999996789,0.9984000000000001,1.0816000000000001,0.999999999999996,0.9999999999999987,4.0818342228214165e-12,9.773009459329461e-12
Sofa_02_06.obj,Sofa_02,OB,OB,,0.8931623931540738,8.800685863702325e-15,9.35999999918397,2.999999998627947,0.301511344536174,2.999999998627822,0.9999999999996789,0.9984000000000001,1.0816000000000001,0.9999999999999997,0.9999999999999996,3.675729660577371e-15,8.80068586370232e-15
Sofa_02_07.obj,Sofa_02,OB,OB,,0.8931623931540826,9.773181502812552e-12,9.359999999184742,2.9999999987651607,0.3015113445236383,2.999999998627947,0.9999999999996789,0.9984000000000001,1.0816000000000001,0.999999999999996,0.9999999999999986,4.08190607919072e-12,9.773181502812506e-12
Sofa_02_08.obj,Sofa_02,OB,OB,,0.7149224273557989,0.27451055155588927,3.5078171556053244,7.099999998697509,0.1196083259836485,1.6511627906307849,0.9863794326725738,0.7164717852481138,2.0730973416328693,0.6756754668665451,0.6894331577836228,0.2086610204279729,0.15667806913463483
Sofa_02_09.obj,Sofa_02,OB,OB,,0.714922427355799,0.27451055155588916,3.5078171556053257,7.099999998697509,0.1196083259836485,1.6511627906307849,0.9863794326725738,0.7164717852481138,2.0730973416328693,0.6756754668665451,0.6894331577836228,0.20866102042797283,0.15667806913463478
Sofa_02_10.obj,Sofa_02,OB,OB,,0.1708606126763664,0.8130772407013585,1.2060698301012982,6.983102127395132,0.10509803114843995,1.0936478088387496,0.9908748774338649,0.9999989236428384,1.0017946920009675,0.8769174239443078,0.8875371728140835,0.38343848362355537,0.6729085115562023
Sofa_02_11.obj,Sofa_02,OB,OB,,0.17086060144523527,0.8130773786063415,1.2060698137644452,6.9829589607172196,0.1051000907575635,1.0936461603794416,0.9908726590948125,0.9999989213697311,1.0017879877948246,0.8769180042825481,0.8875374708592345,0.3834371233625401,0.672909177267317
Sofa_02_12.obj,Sofa_02,OB,OB,,0.7989538630167128,0.18438259807891377,4.9739826639033184,3.965789923523064,0.22440196097531018,2.2412310134235374,0.6381033373911745,0.9999417954281188,1.012495156128414,0.9934838600640482,0.9473428225615564,0.07710574192450481,0.1783582344964839
Sofa_02_13.obj,Sofa_02,OB,OB,,0.7989535102827959,0.18438291375827837,4.973973937103909,3.965798949449533,0.2244015164025374,2.2412335748241885,0.6381042235082893,0.9999271010309289,1.0130962735865516,0.9934838596942084,0.9473450872038,0.07712966575212724,0.17835874721543046
Sofa_03_01.obj,Sofa_03,OB,OB,,0.0,9.8221945056076e-08,0.9999999998939241,1.00000004859601,0.5773502501151475,0.999999999485034,0.9999999999986342,1.0,1.0,1.0,1.0,3.92887780224304e-08,9.8221945056076e-08
Sofa_03_02.obj,Sofa_03,OB,OB,,0.0,9.8221945056076e-08,0.9999999998939241,1.00000004859601,0.5773502501151475,0.999999999485034,0.9999999999986342,1.0,1.0,1.0,1.0,3.92887780224304e-08,9.8221945056076e-08
Sofa_03_03.obj,Sofa_03,OB,OB,,0.0,9.8221945056076e-08,0.9999999998939241,1.00000004859601,0.5773502501151475,0.999999999485034,0.9999999999986355,1.0,1.0,1.0,1.0,3.92887780224304e-08,9.8221945056076e-08
Sofa_03_04.obj,Sofa_03,OB,OB,,0.0,9.8221945056076e-08,0.9999999998939241,1.00000004859601,0.5773502501151475,0.999999999485034,0.9999999999986342,1.0,1.0,1.0,1.0,3.92887780224304e-08,9.8221945056076e-08
Sofa_03_05.obj,Sofa_03,OB,OB,,0.0,9.8221945056076e-08,0.9999999998939241,1.00000004859601,0.5773502501151475,0.999999999485034,0.9999999999986342,1.0,1.0,1.0,1.0,3.92887780224304e-08,9.8221945056076e-08
Sofa_03_06.obj,Sofa_03,OB,OB,,0.0,9.8221945056076e-08,0.9999999998939241,1.00000004859601,0.5773502501151475,0.999999999485034,0.9999999999986342,1.0,1.0,1.0,1.0,3.92887780224304e-08,9.8221945056076e-08
Sofa_03_07.obj,Sofa_03,CA,CA,,0.7064087918422832,0.18913077476265822,3.406096545855936,5.418515695073172,0.157865562465775,1.7339249674016786,0.5929019582881274,0.996629446004335,1.1100885005606522,0.5652870356985298,0.6943058794921071,0.1233484128370979,0.09057181051997021
Sofa_03_08.obj,Sofa_03,OB,OB,,0.5727798880818947,0.3707128086833836,2.340713772834632,4.941428069080073,0.17674263327349723,1.9242321200795323,0.9841009879656778,0.9992344013528659,1.0555992799847962,0.9999999994161215,0.9999999996859045,0.15276853683142289,0.37071280840871274
Sofa_03_09.obj,Sofa_03,SL,SL,,0.4436249121768134,0.5014472684954864,1.7973486266428007,2.961757421420747,0.26126199390865584,1.340954469993002,0.4604947966663735,0.9999872096742439,1.0071588797152629,0.9876232327154839,0.9766717299322293,0.20646418706392639,0.48946441477208336
Sofa_03_10.obj,Sofa_03,SL,OB,x,0.7542787366834307,0.24091495230057994,4.069651875065084,9.407208551135456,0.0948070399227352,2.016688695770518,0.7793758690519068,0.9826630791098661,1.280509555987307,0.998575232333188,0.977114903936829,0.11198001608056371,0.23781895118269689
Sofa_03_11.obj,Sofa_03,SL,SL,,0.00035176108145339944,0.9800951071548215,1.0003518848593778,4.664680913818116,0.14988588968596836,1.0001460265613207,0.779375810900447,0.9829674576748517,1.2776055498834453,0.9985609826534392,0.9758094172010094,0.4553116746772256,0.9668472562569139
Sofa_03_12.obj,Sofa_03,SL,SL,,0.00035174044778577533,0.9800951277884891,1.0003518642111866,4.664680557983167,0.14988589527520887,1.0001459502673755,0.7793758645563318,0.9829674402068656,1.2776057018070535,0.9985605858029196,0.9758092180802239,0.45531189886130147,0.9668467949266966
Sofa_03_13.obj,Sofa_03,SL,SL,,0.44362492042509405,0.5014472610614421,1.7973486532885592,2.9617573057393938,0.26126200001866084,1.340954417617535,0.4604948161741827,0.9999872097033089,1.0071588712995645,0.9876232631152934,0.976671773516441,0.20646417227811412,0.48946443337412515
Sofa_03_14.obj,Sofa_03,SL,SL,,0.44362494545319137,0.5014472385043093,1.7973487341408847,2.9617573057393938,0.26126200001866084,1.340954417617535,0.4604948271157732,0.9999872097192597,1.007158866681642,0.9876232643642517,0.9766717624159781,0.20646416365488948,0.4894644092263082
Sofa_03_15.obj,Sofa_03,SL,SL,,0.3486069723034518,0.5497119682306817,1.5351714824594647,1.6107367248989195,0.43594515449618126,1.2474152820913609,0.30980490255829607,0.9999990251036619,1.0016989626870114,0.9862872083167661,0.9758154864809109,0.22605211678402218,0.5356177767287479
Sofa_03_16.obj,Sofa_03,SL,SL,,0.3486069697551494,0.5497119715510422,1.5351714764537492,1.452923638050474,0.45909991925992266,1.1368118646591183,0.31728171113705744,0.9999990250909482,1.0016989746341212,0.9862871409170243,0.975815450138972,0.22605213755505893,0.535617733509731
Sofa_03_17.obj,Sofa_03,SL,SL,,0.34860696917709433,0.5497119715441885,1.5351714750914172,1.4539770201050999,0.46180042495188867,1.158530586926361,0.32382709032585555,0.9999990250891531,1.0016989704377877,0.9862871490534387,0.9758153815102634,0.22605214491063857,0.5356177193173067
Sofa_03_18.obj,Sofa_03,SL,SL,,0.34860696900693405,0.5497119724777726,1.5351714746903915,1.2265466861893304,0.5101946918078806,1.0606342849310388,0.24052393468947905,0.999999025087458,1.0016989714935773,0.9862871175580118,0.9758154210535639,0.22605214604740048,0.5356177138425717
Sofa_03_19.obj,Sofa_03,SL,SL,,0.34860696810393244,0.5497119720293152,1.5351714725622412,1.0342018512500868,0.5704414486934744,1.032378869361718,0.23014196580025292,0.9999990250914824,1.0016989830653587,0.9862870794378328,0.9758153178830591,0.22605216877564366,0.5356176647357159
Sofa_03_20.obj,Sofa_03,OB,OB,,0.6595659655918756,0.33752549065242476,2.9374266346148534,23.9999999904,0.03464794643328166,1.4999999999625,0.833333333333332,0.9988109393579071,1.0701545778834722,0.6567222015874083,0.662531774576545,0.2091761108621009,0.18425879833803685
Sofa_04_01.obj,Sofa_04,M,M,,0.9864105686523035,0.00038386102686341464,73.58659640775747,3.005361926105875,0.3008988908644167,2.9865692893515585,0.18749290939316357,0.7294654344138708,2.308540662939235,0.8946928443876254,0.9019758307655539,0.00024285632902493092,0.0003266051156759446
Sofa_04_02.obj,Sofa_04,M,M,,0.9864105548691258,0.0003838806394410782,73.58652177210244,3.0053657619905736,0.30089847160382743,2.9865617132548867,0.18749298253764907,0.7294648660032191,2.308541665269627,0.894694271438979,0.9019754416173636,0.00024286854359617394,0.0003266222570224875
Sofa_04_03.obj,Sofa_04,M,M,,0.986410589818914,0.0003838216744185133,73.58671102486058,3.0053657619905736,0.30089850659466544,2.9865655012984007,0.1874930588245165,0.7294677440470241,2.308533852116464,0.8946939719698151,0.9019731678844812,0.00024283169562779036,0.0003265715873176817
Sofa_04_04.obj,Sofa_04,M,M,,0.9864105638280172,0.0003838529242173951,73.58657028431817,3.0053619261058753,0.30089885587357806,2.9865655012984007,0.18749290060998502,0.729468933154959,2.308530410142775,0.8946925944334961,0.9019750476815518,0.00024285155321414746,0.0003265979958931854
Sofa_04_05.obj,Sofa_04,OB,OB,,0.846863455826406,0.14150868409223655,6.530119935749686,8.344638304098847,0.11077031192110008,2.5314469202722876,0.8969375512738205,0.9981493361222036,1.087781047733979,0.9971510395003339,0.9722767916379931,0.060410998168261905,0.13914958241631417
Sofa_04_06.obj,Sofa_04,OB,OB,,0.8614747941295163,0.13529865432519395,7.218902825054964,16.595118967895985,0.05695543027208689,2.939564299142872,0.884325918023446,0.9999667510285427,1.0111882264346495,0.9859526985716314,0.9675685720416856,0.05621386291168356,0.13123492834230155
Sofa_04_08.obj,Sofa_04,OB,OB,,0.7149221782432116,0.2745104559035043,3.5078128680447582,7.0999987010262755,0.1196083233689068,1.6511627204484567,0.9863774541593648,0.7164717852481121,2.073097341632872,0.6756754668665472,0.6894331577836255,0.20866094772066066,0.15667801454062855
Sofa_04_09.obj,Sofa_04,OB,OB,,0.7149221782432118,0.2745104559035041,3.507812868044761,7.099998701026305,0.11960832336890631,1.6511627204484567,0.986377454159362,0.7164717852481123,2.073097341632872,0.675675466866547,0.6894331577836252,0.20866094772066057,0.15667801454062835
Sofa_04_10.obj,Sofa_04,OB,OB,,0.7986538353623985,0.1846572709478736,4.9665689108640105,3.965798538801587,0.22440151118830204,2.2412334436698806,0.6381032109098761,0.9999020995329073,1.0153855577002127,0.9927689498599553,0.9470456531373388,0.07739663084337382,0.1784681564437431
Sofa_04_11.obj,Sofa_04,OB,OB,,0.7986497301267889,0.18465895161126178,4.966467649835479,3.96578951287655,0.22440195576105873,2.241230882269402,0.6381023247941515,0.9999020656876599,1.0153851225154706,0.9908843049350189,0.9461059847651996,0.07756250180538325,0.17804501049660365
Sofa_04_12.obj,Sofa_04,OB,OB,,0.17086055177375703,0.8130771422338009,1.2060693908913867,6.982957688838441,0.10510008874563566,1.093646129181888,0.9908713121880555,0.9999989213697311,1.0017879877948388,0.8769180042825505,0.8875374708592345,0.3834370118922079,0.6729089816435615
Sofa_04_13.obj,Sofa_04,OB,OB,,0.17086056300488603,0.8130770043288651,1.2060694072282396,6.983100855464963,0.10509802913655063,1.0936477776411264,0.9908735304967498,0.9999989236428384,1.0017946920009226,0.8769174239443123,0.8875371728140864,0.38343837215281934,0.6729083159326488
Sofa_05_01.obj,Sofa_05,OB,OB,,1.54304475854543e-11,0.884110457174542,0.9999999999893149,2.9374999977013805,0.23403220720873635,0.9999999997521986,0.9999999999995105,1.0,1.0,1.0,1.0,0.3536441828698168,0.884110457174542
Sofa_05_02.obj,Sofa_05,CA,SL,x,0.6984847458441875,0.11237985024242705,3.3165817855532422,3.6001236392268847,0.24374271460211017,2.12466084276383,0.5277969026940708,0.9219562573745526,1.6130546880403727,0.9045265033599397,0.9178155156781926,0.06459436489371832,0.09747350384872781
Sofa_05_03.obj,Sofa_05,OB,SL,x,0.906039707300204,0.07429457731591978,10.64279358083775,4.543175615438285,0.19052502067572455,1.8691402582398131,0.8426487117523518,0.4743853047353241,1.5256147204066748,0.9999995541256689,0.9999997548051284,0.03127986035021611,0.0742945350815542
Sofa_05_04.obj,Sofa_05,CA,OB,x,0.5872739133504421,0.35523833934281207,2.4229144518524866,8.142856824982706,0.11140084206027227,2.23506722687328,0.8110117491242482,0.9927362191666195,1.1488319889187801,0.5892069796510099,0.6590880296765822,0.23461400198320967,0.17363095269703907
Sofa_05_05.obj,Sofa_05,M,M,,0.9798333762509266,0.016637837349030248,49.586882387572395,28.5000131311212,0.03443223250590258,5.184457074792225,0.39114148233652185,0.98746908599465,1.1396476275083247,0.47570672394833735,0.8122117160224033,0.010962947735534008,0.0071715842132899004
Sofa_05_06.obj,Sofa_05,SL,SL,,0.5781862930982649,0.41290661299110804,2.3707148052250355,3.6318087769996716,0.20397586964891673,1.1574919439387696,0.4236989057738293,0.8693840076193237,1.6116733108123544,0.9999998452513787,0.9999998785875694,0.21101895293575834,0.4129065240283851
Sofa_05_07.obj,Sofa_05,SL,SL,,0.7075194531839518,0.28630447511686796,3.4190308069551834,4.3614888711781035,0.1829788560408006,1.3900481109534104,0.4236988435079124,0.8693840076192831,1.6116733108123948,0.9999998764465258,0.9999998955886109,0.1463179974986319,0.28630442479623325
Sofa_05_08.obj,Sofa_05,SL,SL,,0.7915058863974516,0.2040915144947293,4.796298479225664,5.165789503979614,0.16323345945624423,1.646385035174035,0.4236992091247019,0.8693840076193073,1.611673310812409,1.0,1.0,0.10430244809503053,0.2040915144947293
Sofa_05_09.obj,Sofa_05,SL,SL,,0.7401031336429383,0.25440883750014237,3.847680097171314,1.2728842150591726,0.48702697124859706,1.0076578284582594,0.12384127841354155,0.869384007619249,1.6116733108124963,0.9999999999999929,0.9999999999999861,0.13001748080497338,0.25440883750013876
Sofa_05_10.obj,Sofa_05,SL,SL,,0.7021100851011771,0.29159961801273465,3.356944797338294,4.32171082946344,0.1840460962469431,1.377369331541075,0.4236992091246881,0.8693840076193086,1.6116733108124188,1.0,1.0,0.1490240988097993,0.29159961801273465
Sofa_05_11.obj,Sofa_05,OB,OB,,0.04167762847090115,0.8560673784411965,1.0434901967063146,2.9999999975981786,0.22941573384193284,0.9999999997498292,0.9895833333417405,0.9256198347107436,1.0743801652892562,0.9999999999999997,0.9999999999999998,0.3449739287007666,0.8560673784411961
Sofa_05_12.obj,Sofa_05,OB,OB,,4.5994641443623123e-14,0.8744529952893698,0.9999999999717541,2.937499997701449,0.2340322072078804,0.9999999997445064,0.9999999999995097,1.0,1.0,1.0,1.0,0.3497811981157479,0.8744529952893698
Sofa_05_13.obj,Sofa_05,CA,M,x,0.9519485360523493,0.044532273415414825,20.811020473563918,7.75171199953776,0.12319402745441135,3.537735848557401,0.5884599073486889,0.9915539144541516,1.1720211327600383,0.9540969520749993,0.975705850830908,0.02041644232320179,0.04197200013801508
Sofa_06_01.obj,Sofa_06,SL,CA,x,0.8432605248450439,0.14145935514491545,6.3800137075287155,3.47260704095561,0.2636369563015464,3.012752918752556,0.5436470100060959,0.7876828049627318,2.070910034677429,0.9981614579027906,0.9861273892507153,0.08288026484605059,0.1402198748672755
Sofa_06_02.obj,Sofa_06,SL,CA,x,0.8432605042624044,0.14145945196259907,6.38001286972124,3.47260704095561,0.26363672222299245,3.0127239508975476,0.5436418411492179,0.7876797939525066,2.0709188988133964,0.9981629145429937,0.9861264988808179,0.08288020427092511,0.14022011260296693
Sofa_06_03.obj,Sofa_06,SL,SL,,0.6805486410222652,0.30117033990436687,3.130367024262355,3.2482841721705302,0.2446093092772246,1.429750808212101,0.5892538775722259,0.9270473859572493,1.4256407784208687,0.9993019438781132,0.9781008756052877,0.14643763317481076,0.2976647247041478
Sofa_06_04.obj,Sofa_06,SL,SL,,0.8492019568568299,0.12295874960379041,6.631385786951395,4.599999999384804,0.18342449503002728,1.6727272726467506,0.9491949376651091,0.9123497029660709,1.087651767334102,1.0,1.0,0.04961463445152346,0.12295874960379041
Sofa_06_05.obj,Sofa_06,SL,SL,,0.8492019019303535,0.12295854765739342,6.631383371545238,4.599999999384804,0.18342449503002728,1.6727272726467506,0.949195428727598,0.9123521995374339,1.0876515006912975,0.9999999999999998,1.0,0.04961460100741224,0.12295854765739339
Sofa_06_06.obj,Sofa_06,OB,OB,,0.8399999999999359,0.14999999999993122,6.24999999999701,9.999999998577044,0.09245003270326821,2.4999999999128195,0.9999999999999992,1.0,1.0,1.0,1.0,0.05999999999997249,0.14999999999993122
Sofa_06_07.obj,Sofa_06,SL,SL,,0.6805488301346817,0.3011701616141541,3.1303688774134106,3.2482841721705302,0.2446093092772246,1.429750808212101,0.5892539523032196,0.927048640661214,1.425636407498244,0.9993019732752886,0.9781007178101855,0.14643733367922798,0.29766453350083616
Sofa_06_08.obj,Sofa_06,OB,OB,,0.5105613967180457,0.4583147954640872,2.043157187222492,4.999999999301776,0.16086825121218962,1.406249999946604,0.9855206909623653,0.9999999999952607,1.0000040714235354,0.9984374978142243,0.965791832473668,0.18749649728399395,0.44977187148291264
Sofa_06_09.obj,Sofa_06,OB,OB,,0.510561223896411,0.4583149572958504,2.043156465780338,4.999999999301776,0.16086825121218962,1.406249999946604,0.9855205100848793,0.9999999999999994,1.0000000419462505,0.9984374527083888,0.9657920148315996,0.18749614354148858,0.44977205170244944
Sofa_06_10.obj,Sofa_06,OB,SL,x,0.8426294465358558,0.14967444026119975,6.354428944851906,8.99999999892013,0.10162764314319775,2.3376623375831396,0.7126623376600709,0.9822222222222224,1.2762227194027127,1.0,1.0,0.06848638369673012,0.14967444026119975
Sofa_06_11.obj,Sofa_06,OB,OB,,3.5425874353467497e-09,0.5244121913976743,1.0000000035238443,1.5624999994977622,0.4122944575732859,0.9999999997991291,0.857500000010751,0.9939791679506594,1.161208873387829,0.9999999960929982,0.9999999975127254,0.22779532369557454,0.5244121886966163
Sofa_06_12.obj,Sofa_06,OB,OB,,3.5623440817499766e-09,0.5244121913779176,1.000000003543601,1.5624999994977908,0.4122944575732796,0.9999999997991291,0.8575000000017101,0.9939791679498636,1.1612088733988801,0.9999995006373288,0.9999996820956915,0.22779545597837464,0.5244118461496389
Sofa_06_13.obj,Sofa_06,OB,OB,,1.975941658445958e-11,0.5244121915508908,1.0000000000010163,1.5624999994977908,0.4122944575732796,0.9999999997991291,0.8575000000017012,0.9939791679212554,1.1612088738699153,1.0,1.0,0.2277953227717751,0.5244121915508908
Sofa_06_14.obj,Sofa_06,OB,OB,,2.7701112433729595e-15,0.5244121915706474,0.9999999999812595,1.5624999994977622,0.4122944575732859,0.9999999997991291,0.8575000000107441,0.9939791679220512,1.1612088738588644,1.0,1.0,0.2277953227791572,0.5244121915706474
Sofa_07_01.obj,Sofa_07,OB,OB,,4.241706108271762e-11,0.43749999994179023,1.0000000000244738,1.33333333294739,0.46852128561028816,0.9999999998094107,0.9999999999998735,1.0,1.0,1.0,1.0,0.17499999997671611,0.43749999994179023
Sofa_07_02.obj,Sofa_07,OB,OB,,0.707985829419405,0.2650201483969421,3.4244913457844204,7.5999999987867595,0.10822003815672644,1.4728682170066127,0.9763342211685291,0.866077503036125,1.5835759917334982,0.6452345371753623,0.6368732780835893,0.19061051055362882,0.13995279032757454
Sofa_07_03.obj,Sofa_07,OB,OB,,3.875846589422823e-14,0.43749999998416844,0.9999999999820954,1.33333333294739,0.46852128560641404,0.9999999997882215,0.9999999999998732,1.0,1.0,1.0,1.0,0.1749999999936674,0.43749999998416844
Sofa_07_04.obj,Sofa_07,OB,OB,,0.7079858293145335,0.26502111430408626,3.4244913445545784,7.5999992387683735,0.10822004885224734,1.4728682170066127,0.9763335514550121,0.8659948249404605,1.5838110364550373,0.6452345209866756,0.6368733324473052,0.19062096330270908,0.1399533015440271
Sofa_07_05.obj,Sofa_07,OB,OB,,2.500484432117324e-07,0.43749989056415367,1.0000002500305625,1.3333334996181054,0.46852126275503636,1.0000001248124473,0.9999999999998724,1.0,1.0,1.0,1.0,0.17499995622566147,0.43749989056415367
Sofa_07_06.obj,Sofa_07,OB,OB,,2.500060647157185e-07,0.43749989060653166,1.000000249988184,1.3333334996181054,0.4685212627511621,1.000000124791258,0.9999999999998735,1.0,1.0,1.0,1.0,0.17499995624261266,0.43749989060653166
Sofa_07_07.obj,Sofa_07,OB,OB,,0.8332510666765554,0.1640340952739414,5.997039861479686,14.69043475578893,0.06285307841994289,2.437494166577786,0.7840925762939074,0.9998350319076151,1.0253265818967832,0.9999697606413603,0.9961946705889029,0.0666805273294108,0.16371704254228173
Sofa_07_08.obj,Sofa_07,OB,OB,,0.9585910502197055,0.03494375134978477,24.149368803257605,7.065981431660202,0.13486310935969265,3.5097988568654,0.773243972800615,0.8869261791539395,1.6034880484594678,0.9995429714106546,0.991188478606074,0.017988236807128532,0.034773897611388535
Sofa_07_09.obj,Sofa_07,OB,OB,,0.790152801677887,0.2050902027702251,4.7653721755432645,9.750022498613987,0.08800741212929676,1.6960397851930578,0.9959595909503818,0.8580185943085565,1.6840992382586568,0.9982215546635933,0.9921961834291594,0.1081888944657033,0.20392664108283648
Sofa_07_10.obj,Sofa_07,OB,OB,,0.8231311049941004,0.16352520795711228,5.653905396800036,5.571423060762145,0.15390101511972834,1.7462677611433108,0.9968105763598895,0.8650441464791181,1.6412875612314912,0.999923207310686,0.9933386567825391,0.0847851095819294,0.1629680434742117
Sofa_07_11.obj,Sofa_07,OB,OB,,0.5115039674774139,0.4718459474310475,2.0470980106850294,1.1422503485878406,0.5263545082777832,1.0000012336126716,0.20244875722761227,1.0,1.0000000000000002,0.9999999999999997,0.9999999999999999,0.18873837897241913,0.47184594743104735
Sofa_07_12.obj,Sofa_07,OB,M,x,0.8888620125999247,3.004367709701877e-06,8.997566362090557,2.1213337961685648,0.39222949117730904,2.12130511594693,0.49957056221487145,0.999999999989845,1.0000045066157106,1.0,1.0,1.201750062572018e-06,3.004367709701877e-06
Sofa_07_13.obj,Sofa_07,OB,OB,,5.0366230740734434e-14,0.9997428116349858,0.9997428116350865,1763451.3376000084,0.0,0.9999994329305452,1.0,6.162975822039155e-33,1.232595164407831e-32,0.5,1.609823385706477e-14,0.4248906949448649,0.24993570290875045
Sofa_07_14.obj,Sofa_07,OB,OB,,0.0,0.9997428116350362,0.9997428116350362,1763451.3376000084,0.0,0.99999943293052,1.0,3.0814879110195774e-33,1.0477058897466559e-32,0.5,1.609823385706477e-14,0.42489069494488635,0.24993570290876305
Sofa_07_15.obj,Sofa_07,OB,OB,,0.0,0.9997428116350362,0.9997428116350362,1763451.3376000084,0.0,0.99999943293052,1.0,3.0814879110195774e-33,1.0477058897466559e-32,0.5,7.230549492476257e-12,0.42489069494308324,0.24993570291056624
Sofa_08_01.obj,Sofa_08,OB,OB,,0.5303839588437186,0.41145665823539435,2.1293991524131584,3.47469282347651,0.2241472889707529,1.329537401476182,0.6483813278812963,0.9999998286700666,1.0003509625919966,0.9998748373385369,0.990551483376525,0.16560435832448697,0.40946157498201263
Sofa_08_02.obj,Sofa_08,OB,OB,,0.5303839588437183,0.4114566582353947,2.129399152413157,3.47469282347651,0.2241472889707529,1.329537401476182,0.6483813278812959,0.9999998286700665,1.000350962592,0.9998748373385367,0.990551483376525,0.16560435832448744,0.40946157498201285
Sofa_08_03.obj,Sofa_08,OB,OB,,0.5303839588437183,0.4114566582353946,2.129399152413157,3.47469282347651,0.2241472889707529,1.329537401476182,0.6483813278812949,0.9999998286700666,1.0003509625919842,0.999874837338537,0.9905514833765252,0.16560435832448592,0.409461574982013
Sofa_08_04.obj,Sofa_08,OB,OB,,0.5303839588437187,0.4114566582353941,2.1293991524131592,3.47469282347651,0.2241472889707529,1.329537401476182,0.6483813278812951,0.9999998286700666,1.000350962591991,0.999874837338537,0.990551483376525,0.1656043583244864,0.40946157498201247
Sofa_08_05.obj,Sofa_08,OB,OB,,0.5303839588437185,0.41145665823539446,2.129399152413158,3.474692823476512,0.22414728897075284,1.3295374014761825,0.6483813278812925,0.9999998286700666,1.0003509625919964,0.9998748373385365,0.990551483376526,0.16560435832448692,0.40946157498201274
Sofa_08_06.obj,Sofa_08,OB,OB,,0.5303839588437183,0.4114566582353946,2.129399152413157,3.474692823476512,0.22414728897075284,1.3295374014761825,0.6483813278812932,0.9999998286700666,1.0003509625919813,0.999874837338537,0.9905514833765264,0.16560435832448553,0.40946157498201324
Sofa_08_07.obj,Sofa_08,OB,OB,,0.624826574724298,0.3306985655264917,2.6654339903332844,4.880998654823057,0.17402459368955084,1.7049366967910609,0.9849384385095802,0.9999981398638027,1.0021911266820487,0.99600884285457,0.9845673575776821,0.1341765706815611,0.32683710376847075
Sofa_08_08.obj,Sofa_08,OB,OB,,0.6247780056764036,0.3307344534405772,2.665088974334503,4.880998654823057,0.17402459368955084,1.7049366967910609,0.9849384212858802,0.99999980490269,1.0007582234861268,0.9960446752052838,0.9845920649006804,0.13408077981320438,0.32688840179857265
Sofa_08_09.obj,Sofa_08,OB,OB,,0.7523354989791979,0.23856613764424603,4.037720367183083,9.941176469302501,0.08950468150233883,1.9882352940706647,0.9991355751025591,0.8888888888888891,1.111111118653801,1.0,1.0,0.09648674939865866,0.23856613764424603
Sofa_08_10.obj,Sofa_08,OB,OB,,0.27777500002418803,2.77779169872396e-06,1.3846100592185513,1.000001666491381,0.5773499483662503,1.0000016664534814,0.7037039197619032,0.9499430934538698,1.1236201953850156,0.8333336110893219,0.8845915359427559,1.4038169017486444e-06,2.181251862038022e-06
Sofa_08_11.obj,Sofa_08,OB,OB,,0.2777736111357499,1.3888884378527399e-06,1.3846073965231247,1.0000024997844468,0.5773494672614183,1.0000008331400196,0.7037042438295033,0.9499430934552247,1.1236201953826648,0.8333337499782237,0.8845915880081083,7.019046197143575e-07,1.090620323055971e-06
Sofa_08_12.obj,Sofa_08,OB,OB,,0.2777736111357502,4.166661198181815e-06,1.3846073965231254,1.0000024998033907,0.5773497879989272,1.0000024997844468,0.7037040277809269,0.949943093455226,1.1236201953826666,0.8333337499828529,0.8845915880089662,2.105711779341525e-06,3.271857737601065e-06
Sofa_08_13.obj,Sofa_08,OB,OB,,0.2777777777779873,3.7899502279952005e-11,1.3846153845958855,0.9999999998483539,0.5773502691118504,0.9999999998104544,0.7037037037085705,0.9499430934552272,1.1236201953816678,0.8333333333301493,0.8845914113372138,1.91533351499824e-11,2.976044853769991e-11
Sofa_08_14.obj,Sofa_08,OB,OB,,0.9587295620553259,0.03970445953729783,24.230418910031897,11.26668666515866,0.08467934633385146,3.3194395066175857,0.7264298376429571,0.8924979346961379,1.1386856747844494,0.9999293562448117,0.9957465349312885,0.016368106598557506,0.0396172198645342
Sofa_08_15.obj,Sofa_08,OB,OB,,0.32802120199367024,0.6152643930941539,1.488142189852382,3.777779443969672,0.2001977734600269,1.21428624995294,0.954261266260708,0.9994631309301601,1.0456066712112384,0.9930994592316595,0.9706802745471963,0.2582153614074176,0.602061285272308
Sofa_08_16.obj,Sofa_08,OB,OB,,0.3280225193205596,0.6152630757744191,1.4881451071669918,3.777779443969672,0.20019777346002776,1.2142862499529536,0.9542619456582291,0.9994772866656252,1.045058307459533,0.9930990764890333,0.9706719465780853,0.2581435143028322,0.6020572199199122
Sofa_08_17.obj,Sofa_08,OB,OB,,0.3280216399062556,0.6152639552082728,1.488143159639852,3.777779443969672,0.20019777346034306,1.2142862499578837,0.9542614999446024,0.9994593207988355,1.0457578879176395,0.9930993305789818,0.9706766857933207,0.2582358037857045,0.6020596823911712
Sofa_09_01.obj,Sofa_09,OB,OB,,0.9441297736727207,0.05488685660458425,17.898620888737607,26.489448844524503,0.03495517623281285,2.4623449797546444,0.9873254847099555,0.8873042551051099,1.1239052957516669,0.9892760952188548,0.9949599741298303,0.02261268808443073,0.05416142287521262
Sofa_09_02.obj,Sofa_09,OB,OB,,0.9563508028332384,0.04141559438868137,22.909928816776215,16.426365704509873,0.05925214798394402,4.3887999997607325,0.9210638598743474,0.9800719985229668,1.286166180955096,0.9631472040680649,0.9888476302982832,0.019674730357920098,0.0396668837521706
Sofa_09_03.obj,Sofa_09,OB,OB,,0.7784378702333828,0.21056661037147312,4.513406695688628,7.923460877819157,0.11258383630292995,2.03813354269654,0.9697402218201212,0.9052705143753106,1.612698203267918,0.9121626777384804,0.9284956937347373,0.11925680796352899,0.18520405124148814
Sofa_09_04.obj,Sofa_09,OB,OB,,0.7772045663888544,0.21514092112379385,4.488422333399461,9.147795537346953,0.09767041866406938,2.03813354269654,0.9651953798138903,0.9492144472804075,1.3434919660332814,0.9192400061932505,0.9327383009699883,0.11004635727815988,0.19111509831671664
Sofa_09_05.obj,Sofa_09,OB,OB,,0.8661726177276454,0.12595443491986227,7.472312340118326,8.300725770076308,0.11198458441392203,2.6462703398863905,0.9540115409306663,0.9999999999173975,1.0000161324630155,0.9979428646566736,0.9658431239789077,0.05154846036259897,0.12354864970534878
Sofa_09_06.obj,Sofa_09,OB,OB,,0.830754479021351,0.15906003693023768,5.908575861962772,8.279065114676808,0.11073582622398952,2.389260402544518,0.9896883683931057,0.9999392740454736,1.0132306930943122,0.9898044316982939,0.9736697088686398,0.0656998824207577,0.15536563093468986
Sofa_09_07.obj,Sofa_09,M,M,,0.9401227850180867,1.3296049785603536e-06,16.700843556215393,2.8798076914022666,0.3116899836445403,2.879807691307812,0.7764546212966479,0.9999524375586759,1.0138406658896,0.9999998483758077,0.9999999348718319,5.358792765864925e-07,1.3296047336627108e-06
Sofa_09_08.obj,Sofa_09,M,M,,0.930556572410426,6.321110987686255e-07,14.40021085803875,2.6741071420226357,0.33057446608205276,2.6741071419412115,0.7764600479927519,0.9999524375722335,1.0138406658760424,0.9999998516100768,0.9999999374182645,2.547638150470089e-07,6.321109851904062e-07
Sofa_09_09.obj,Sofa_09,M,M,,0.9213374489453503,0.0018843795900628148,12.712529489414477,2.535763149690182,0.3444163594716012,2.5357631496169475,0.776456540873426,0.9995429236427735,1.0410241563277955,0.9723297207555877,0.9876328664891929,0.0007946794710996342,0.0018209085128833892
Sofa_09_10.obj,Sofa_09,M,M,,0.9471961004878944,0.003648153802154344,18.937995285093553,3.1197916655663844,0.29194000631579364,3.1197916654555313,0.7764626096950855,0.9996823089654522,1.0318371559799981,0.9999111017439213,0.999961518806967,0.0014847538149926273,0.003647759301228093
Sofa_09_11.obj,Sofa_09,OB,OB,,0.8307927420757787,0.15900835883218292,5.909911975806647,8.279069765815489,0.11073577393574802,2.389261744833844,0.9896888059840002,0.9999999998310315,1.0000236961429814,0.9991740227353412,0.9780244357348965,0.06452371511599585,0.15713131544431475
Sofa_09_12.obj,Sofa_09,OB,OB,,0.8661726135781783,0.12595441480179934,7.472312108430959,8.300638712662082,0.11198574418346,2.646270339894945,0.9539977161417686,0.9999999999270506,1.000015433280568,0.9979428630435312,0.9658431118555628,0.05154843320777927,0.12354862900991352
Sofa_09_13.obj,Sofa_09,OB,OB,,0.3354565249763527,0.6527904778417606,1.504792444112359,8.19640232397204,0.09395092676303733,1.2203483764196663,0.9932625792002431,0.9999999999469873,1.0000129199557877,0.9995695655653163,0.9827399246876022,0.264033194043575,0.6468783128342697
Sofa_09_14.obj,Sofa_09,OB,OB,,0.33545747500270856,0.6527896305060258,1.5047945953553994,8.196418603020511,0.09395077207153635,1.2203493635115035,0.9932616724226342,0.9999999999984291,1.0000023650205818,0.9995694486493155,0.9827356408618104,0.2640320613173064,0.6468759998932311
Sofa_10_01.obj,Sofa_10,OB,CA,x,0.6656885239385864,0.32214238539138934,2.9912224724711227,10.499989863531141,0.0789952939081751,1.4999979868727626,0.8392881192331998,0.9754175563955791,1.2468025678233505,0.6633531428208901,0.6646572262599101,0.20988665846121024,0.17786376697729805
Sofa_10_02.obj,Sofa_10,OB,OB,,0.4943209876568951,0.47790141474889564,1.9775390625092022,6.0000194587761335,0.13458962872987473,1.406249999938521,0.9999999999999976,1.0,1.0,0.9999999999999996,0.9999999999999998,0.19116056589955838,0.47790141474889536
Sofa_10_03.obj,Sofa_10,OB,CA,x,0.6569809313633165,0.3308361131486684,2.9152898233161055,10.499984998440187,0.07873642065132551,1.48409681976046,0.8430507517250277,0.9753086419753085,1.2469135802469138,0.6621771241382769,0.6595851817634499,0.21610818829719136,0.18178441039933574
Sofa_10_04.obj,Sofa_10,OB,OB,,0.829510926120023,0.16112389009174,5.865478515672177,10.333366845687523,0.08909307943940091,2.4218749998982254,0.9999999999999983,1.0,1.0,0.9999999999999999,1.0,0.06444955603669601,0.16112389009173997
Sofa_10_05.obj,Sofa_10,OB,OB,,0.8951471898744214,0.0997507953475356,9.537178820503279,14.000035721995072,0.06779820634323434,3.0882323131001996,0.9999999999999987,1.0,1.0,1.0,1.0,0.03990031813901424,0.0997507953475356
Sofa_10_06.obj,Sofa_10,OB,OB,,5.821019937845242e-16,0.27777777774939066,0.9999999998975961,1.199999999286165,0.5076730824134685,0.9999999995042472,0.9999999999985354,0.9984000000000002,1.0816000000000001,1.0,1.0,0.11601777776592152,0.27777777774939066
Sofa_10_07.obj,Sofa_10,OB,OB,,4.4547537956837403e-11,0.27777777770484324,0.9999999999421432,1.199999999286165,0.5076730824176653,0.999999999526521,0.999999999998537,0.9984000000000002,1.0816000000000001,1.0,1.0,0.11601777774731567,0.27777777770484324
Sofa_10_08.obj,Sofa_10,OB,OB,,9.901482151527316e-11,0.27777777765024586,0.9999999999966104,1.1999999992860568,0.5076730824228305,0.9999999995537544,0.9999999999985385,0.9984000000000002,1.0816000000000001,0.9999998966425273,0.9999999342005825,0.11601779234255948,0.27777773980102977
Sofa_10_09.obj,Sofa_10,OB,OB,,9.022580903660936e-14,0.2777777777492356,0.9999999998976858,1.1999999992861108,0.5076730824134941,0.9999999995042924,0.9999999999985374,0.9983999999999998,1.0816000000000001,0.9999077022022298,0.9999412359731198,0.11603083199806087,0.2777439785549849
Sofa_10_10.obj,Sofa_10,OB,OB,,8.949818154437061e-14,0.2777777777493015,0.9999999998976851,1.199999999286165,0.5076730824134771,0.9999999995042924,0.999999999998538,0.9984000000000002,1.0816000000000001,0.9999918653397052,0.9999948212722877,0.11601892826950397,0.2777747988595553
Sofa_10_11.obj,Sofa_10,OB,OB,,0.6013404071018749,0.34968036181785483,2.5084057120751972,4.666666665754422,0.17739371879037488,1.5555555554643388,0.9975081363471603,0.9999911468972399,1.0057247063145789,0.9958537507241979,0.9570014951611923,0.14457837217746206,0.34074380445404556
Sofa_10_12.obj,Sofa_10,OB,OB,,0.6013403939395513,0.3496803733700675,2.5084056292565537,4.666666665714762,0.17739371879140803,1.555555555451119,0.9975081357876291,0.9999911473792323,1.0057245554629854,0.995853861690592,0.9570015663726812,0.14457834557291246,0.34074386607857327
Sofa_10_13.obj,Sofa_10,OB,OB,,0.6013405279102094,0.34968025585202483,2.5084064722134545,4.666646665742936,0.1773942398083698,1.555548888793843,0.9975088431233436,0.9999911183599494,1.0057350614145193,0.9958544606131314,0.9570094308035941,0.14457834256672808,0.34074532581053835
Sofa_10_14.obj,Sofa_10,M,M,,0.9971864488389859,0.00257827312313969,355.4226664057014,65.21416554746112,0.015310752529495781,18.853133412001963,0.9999157781831177,1.0,1.0,1.0,1.0,0.0010313092492558761,0.00257827312313969
Sofa_11_01.obj,Sofa_11,CA,SL,x,0.6058981922270048,0.3214574270610907,2.5374154096139763,1.7212121211736124,0.42906960931374516,1.419999999972407,0.772919796413868,0.8235038933367742,1.62863783091141,0.9618349635943371,0.9710876722264471,0.16944563223987807,0.30471930590463364
Sofa_11_02.obj,Sofa_11,OB,OB,,7.926677950202506e-11,0.15395251975577015,1.0000000000163756,1.065217390893009,0.5530540191005314,0.9999999996431138,0.999999999999337,0.9600000000000002,1.04,1.0,1.0,0.06182733193391731,0.15395251975577015
Sofa_11_03.obj,Sofa_11,OB,OB,,7.919528054767707e-11,0.15395251975578153,1.000000000016304,1.0652173908929705,0.5530540191005383,0.9999999996430777,0.999999999999337,0.9599999999999997,1.04,1.0,1.0,0.06182733193392186,0.15395251975578153
Sofa_11_04.obj,Sofa_11,OB,OB,,7.926695824941095e-11,0.15395251975576996,1.0000000000163758,1.065217390893009,0.5530540191005314,0.9999999996431138,0.999999999999337,0.96,1.04,0.9999999999999998,1.0,0.06182733193391723,0.15395251975576993
Sofa_11_05.obj,Sofa_11,OB,OB,,7.91949230529053e-11,0.15395251975578136,1.0000000000163036,1.0652173908929705,0.5530540191005383,0.9999999996430777,0.999999999999337,0.9600000000000002,1.04,1.0,1.0,0.061827331933921814,0.15395251975578136
Sofa_11_06.obj,Sofa_11,M,M,,0.913778311724315,3.2031810540543703e-16,11.597872905833343,2.399999009974158,0.35897902614889204,2.399999009974147,0.7762291302734996,0.9999524375743163,1.0138406658739596,0.9999999999998227,0.999999999999917,1.290998513345715e-16,3.203181054053669e-16
Sofa_11_07.obj,Sofa_11,M,M,,0.9131662080889547,0.00012461681945707712,11.516117781214792,2.414874631601206,0.3573333622803918,2.414855192989534,0.7858727801463596,0.9995434595851304,1.040997218912394,0.9992192667146901,0.9968380387499951,5.109301534142397e-05,0.00012432266399866213
Sofa_11_08.obj,Sofa_11,CA,SL,x,0.7902207510913505,0.19842491868146792,4.766915334280373,3.699999809210925,0.22818430662088246,1.7411764283372297,0.7212791909451485,0.7748250564611668,1.5164429636115206,0.9964215175404629,0.9974361483292811,0.09424774761713609,0.19746140280516972
Sofa_12_01.obj,Sofa_12,OB,OB,,0.8122547420784448,0.13935466842883687,5.3263662212853005,4.117640480924806,0.21785952973467917,2.3333321217142893,0.9039214479967274,0.9208356253799747,1.568384923569728,0.7452564113612622,0.8399209470832132,0.08918351995443626,0.09554245827297714
Sofa_12_02.obj,Sofa_12,OB,OB,,0.9001913476506064,0.059784537949042746,10.01917144917718,4.374997706707546,0.20856767414478247,2.5925941021574213,0.9953429781775606,0.9582327872489905,1.3575566864352169,0.9461183882200881,0.9614494253769942,0.029870781245741346,0.055472977776608326
Sofa_12_03.obj,Sofa_12,OB,OB,,0.4417672702533872,0.5257812186631292,1.7913675546283068,4.399997998547908,0.18455343402582405,1.4666662862186735,0.9962515384604588,0.8782355527637185,1.7239264280989963,0.8698237441503155,0.91011995360824,0.31829633780821076,0.4367842533624716
Sofa_12_04.obj,Sofa_12,OB,OB,,0.7852200382936378,0.16796151837450884,4.65592782517983,4.399997998547908,0.18455343402582405,1.4666662862186735,0.9962517092180104,0.8664092882219551,1.5481990237337866,0.8715477128648584,0.9072282417396302,0.09484933021491866,0.13959621175144757
Sofa_12_05.obj,Sofa_12,M,M,,0.8465383498251888,0.002108338619370702,6.516285983104623,1.8013798562334258,0.43664502969013813,1.8013798561576728,0.7776503447088321,0.995555555555469,1.1377777777778646,0.9871971023742859,0.9903814374622274,0.0009200721549461381,0.002071335998612609
Sofa_12_06.obj,Sofa_12,M,M,,0.8467347621903706,7.673272472141274e-07,6.524636729565235,1.8146624719231623,0.4346588845279313,1.8146514953472077,0.7891580660504245,0.9999524375728505,1.0138406658754253,0.999999972397143,0.9999999742404483,3.092608123800439e-07,7.673272161507004e-07
Sofa_12_07.obj,Sofa_12,M,M,,0.8467096024852238,4.014818122945057e-05,6.523565834460473,1.8065578040764205,0.4358669789229461,1.8065034114951979,0.7821337936252485,0.9999524375709554,1.0138406658773202,0.9999999538397495,0.9999999651055064,1.6181178836186968e-05,4.014817867572527e-05
Sofa_12_08.obj,Sofa_12,M,M,,0.8467055172357602,2.9134096539390376e-05,6.523391983495027,1.803101333529235,0.43637698360446103,1.8028846145591075,0.7791223259687254,0.9036860879904876,1.0963139120253067,0.999999999999966,0.9999999999999409,1.1765879368281023e-05,2.9134096539388526e-05
Sofa_13_01.obj,Sofa_13,OB,OB,,0.4970510538415085,0.4646366018858559,1.9882733777204307,4.249999866207917,0.18877167697485103,1.4166666666055667,0.9963715829829621,0.9402695444030091,1.4945975823426574,0.8156904838337982,0.8602430625611831,0.27762387815623163,0.35251573909059125
Sofa_13_02.obj,Sofa_13,OB,OB,,0.49705105384150733,0.4646366018858569,1.9882733777204262,4.249999866208021,0.18877167697484656,1.4166666666055667,0.9963715829829899,0.9402695433614985,1.4945975875971924,0.8156904838337984,0.8602430625611831,0.2776238786062447,0.3525157390905921
Sofa_13_03.obj,Sofa_13,OB,OB,,0.8429580980202032,0.13859861921535485,6.367727258731825,6.303025123127068,0.1506976213865133,3.4666666665191594,0.911363881425268,0.9931915333750396,1.1688830059276942,0.9752929917445108,0.9911642082629167,0.06192380323149303,0.13457707617263964
Sofa_13_04.obj,Sofa_13,OB,OB,,0.9436529109827813,0.020525740659811935,17.747145725562806,6.303030302535441,0.15212543556029112,4.00000208572916,0.9979781140968881,0.9628031236906069,1.4019263353213551,0.9982023195447193,0.9993797296609264,0.00990392873446682,0.020482487626529884
Sofa_13_05.obj,Sofa_13,M,M,,0.8518496969916531,2.1140805355688347e-06,6.749901820358265,1.8749999989743258,0.42579703622426446,1.8749999989741823,0.7764628888124582,0.9600000000000002,1.0400000000053615,0.9999999999999994,0.9999999999999999,8.490147430869382e-07,2.1140805355688335e-06
Sofa_13_06.obj,Sofa_13,M,M,,0.8518518110721945,4.205775536517723e-12,6.749998141725391,1.8749999989743737,0.4257970362242634,1.8749999989743737,0.7764573488793444,0.9600000000000002,1.0400000000053802,1.0,1.0,1.6890394554704957e-12,4.205775536517723e-12
Sofa_13_07.obj,Sofa_13,M,M,,0.8518496969916536,2.1140805426511406e-06,6.749901820358283,1.8749999989743737,0.4257970362242555,1.8749999989741823,0.776462888812459,0.9599999999999999,1.0400000000053857,0.9999999999999998,1.0,8.490147459312031e-07,2.1140805426511402e-06
Sofa_13_08.obj,Sofa_13,M,M,,0.8518518110721962,4.205218501235127e-12,6.749998141725467,1.8749999989743737,0.4257970362242555,1.8749999989741823,0.7764573488792593,0.9600000000000001,1.0400000000053826,1.0,1.0,1.688815750101007e-12,4.205218501235127e-12
Sofa_14_01.obj,Sofa_14,SL,OB,x,0.6358761012513742,0.33572312614332733,2.746317952313482,5.666666665942524,0.14655959061939733,1.5454545453942035,0.9976807902236946,0.9967725212161911,1.110831218836033,0.9935331191233135,0.9690441719292199,0.14563813146249627,0.3283893548051394
Sofa_14_02.obj,Sofa_14,M,M,,0.9137238256222433,0.0001266758380468003,11.590685460967611,2.409638553230304,0.35790533490067006,2.409309571181791,0.7825653001827553,0.9997751229420485,1.0270453201641514,0.9986162682210558,0.9966235785176313,5.158720278108423e-05,0.0001262869930722973
Sofa_14_03.obj,Sofa_14,M,M,,0.9137826441108498,5.70192698842037e-06,11.598592762156656,2.399999999018212,0.3589790792547931,2.3999999990181444,0.7764887279964996,0.9999524375743163,1.0138406658739596,0.9999999999999929,0.9999999999999759,2.298084042404618e-06,5.701926988420261e-06
Sofa_14_04.obj,Sofa_14,OB,OB,,0.6570886155578678,0.331724982449721,2.916205309505172,9.866666665254229,0.08755029506679733,1.7411764705455859,0.9999999999999997,0.9929026251362556,1.1302300623697874,1.0,1.0,0.14177032953439742,0.331724982449721
Sofa_14_05.obj,Sofa_14,SL,OB,x,0.5455294028160667,0.4300629610501701,2.200362369306359,5.666666665942524,0.14655959061939733,1.5454545453942035,0.9976807902236934,0.9814836948188728,1.2862927218366287,0.9500026014042401,0.9418615213345938,0.21145558142476695,0.3966843762577951
Sofa_14_06.obj,Sofa_14,M,M,,0.9137891105554301,2.2839965597665925e-15,11.599462741086105,2.3999999990182346,0.3589790792547917,2.3999999990182235,0.7764561669153647,0.9999524375743165,1.0138406658739596,0.999999999999941,0.9999999999999555,9.205337173847359e-16,2.283996559766407e-15
Sofa_14_07.obj,Sofa_14,M,M,,0.9131770063623854,0.00012461829306237713,11.517686249820144,2.4148756329438075,0.3573334152266529,2.414856194316025,0.7861054937780874,0.999543459585124,1.0409972189127052,0.9992192667149524,0.9968380387500805,5.109361952100277e-05,0.00012432413412558486
Sofa_14_08.obj,Sofa_14,CA,SL,x,0.7896889011238263,0.19873759805021465,4.754860800706927,3.699999999808027,0.2281843093030514,1.7411764705455859,0.721279316718908,0.757049918612069,1.4538704893068775,0.9913641312285189,0.9948466502902794,0.09150502742149777,0.19651366633631656
Sofa_15_01.obj,Sofa_15,SL,SL,,2.0167985337509856e-05,0.7946787463051774,1.0000201682308025,2.1220665380308152,0.32170734769564147,1.040543978749513,0.4396130580452789,0.9995835557182338,1.041230374749004,0.7071287722684867,0.5000456976434962,0.5058044615603933,0.4214679943385853
Sofa_15_02.obj,Sofa_15,SL,SL,,1.171182382093372e-05,0.7946625558433243,1.0000117117996967,3.1526874007584795,0.2188528921589652,1.0000282729077976,0.7071205420375087,0.9995835068539509,1.0412328196766614,0.707120552737119,0.5000299208797825,0.5057999973673372,0.421450075899249
Sofa_15_03.obj,Sofa_15,SL,SL,,6.825319291065639e-05,0.7946176240082189,1.0000682576904343,3.152776535139723,0.21884700106651764,1.0000282720640503,0.7071005498332348,0.999583506853951,1.0412328196766614,0.7071005605321582,0.4999864678070499,0.5057855907078488,0.421402123811178
Sofa_15_04.obj,Sofa_15,SL,SL,,3.6374779568542865e-05,0.794670007292684,1.000036375941454,2.1220665380308152,0.3216995173048805,1.0404851427898727,0.4396006292757409,0.9995835557182283,1.0412303747490328,0.707108780176043,0.500002245205052,0.5058130923511647,0.42143923543513556
Sofa_15_05.obj,Sofa_15,M,M,,0.841290060559119,0.15777406628904678,6.30080260582764,24.79513131850587,0.03749238419182886,2.5359113305036076,0.9345527604879313,0.9752681767234102,1.3141454952350158,0.9259760442899001,0.9434967930830824,0.07962769829054517,0.14196758762291453
Sofa_15_06.obj,Sofa_15,M,M,,0.841290060559119,0.15777401336988567,6.300802605827636,24.793729315923255,0.03749450128054381,2.5359113305036076,0.9345509810461441,0.9752681766523594,1.3141454957833065,0.9259760442899,0.9434967930830824,0.07962767159955089,0.1419675400054206
Sofa_15_07.obj,Sofa_15,OB,SL,x,0.11498095697539433,0.8349483402791292,1.1299191897409566,4.187398402947135,0.17108257733541604,1.059125652329705,0.8210439834696664,0.9515480244929199,1.4088341117506147,0.9996827146071904,0.9996774791643335,0.40195567758633366,0.8345488219693974
Sofa_15_08.obj,Sofa_15,OB,OB,,0.17341396746256865,0.7885520352588508,1.2097954243552365,4.768994691724069,0.15079070561987318,1.0601366638898622,0.9967350575693555,0.9351090065999893,1.5722355113550122,0.9907026315922477,0.99405132485301,0.4092211931332791,0.7788969627645593
Sofa_15_09.obj,Sofa_15,OB,OB,,0.3729798837630675,0.60192791169229,1.594845163822366,5.783668448883572,0.13330599094694096,1.2380938343307406,0.9890336407566226,0.9859742913854166,1.2044989640209651,0.874816889086428,0.8942996819827753,0.3086110363542728,0.4987470406686528
Sofa_15_10.obj,Sofa_15,OB,OB,,0.3926201320927036,0.580310354399291,1.6464161109673667,5.766977497049942,0.13368492353694536,1.2380938343307457,0.9891402173586882,0.9824344527749053,1.2329778095700616,0.9174970781067436,0.929967530143337,0.2869503898993651,0.513789253634481
Sofa_15_11.obj,Sofa_15,M,M,,0.9971865927163913,0.0025782734951416038,355.44089397435897,65.21424623904585,0.015310752819550143,18.853140155900974,0.9999999999999156,1.0,1.0,1.0,1.0,0.0010313093980566415,0.0025782734951416038
Sofa_15_12.obj,Sofa_15,M,M,,0.9971864645385705,0.0025784016729624155,355.42470095321465,65.21424623904585,0.01531075184128306,18.852710699443655,0.9999999999999158,1.0,1.0,1.0,1.0,0.0010313606691849662,0.0025784016729624155
Sofa_15_13.obj,Sofa_15,M,M,,0.9971864645385701,0.0025783646162988155,355.4247009531686,65.20910802216336,0.015311957984445485,18.852710699442426,0.9999999999999123,1.0,1.0,0.9999999999999999,1.0,0.0010313458465195265,0.002578364616298815
Sofa_15_14.obj,Sofa_15,OB,OB,,0.10308036850059797,0.8645118234588343,1.11492709589592,5.572980812718386,0.13000363020383499,1.0703390339130954,0.9937370636916014,0.993345788316346,1.1697491324341578,0.9985441627499726,0.9749561866610171,0.3829074565487626,0.852443658503059
Sofa_17_01.obj,Sofa_17,CA,CA,,0.08547678946850268,0.7815217609633042,1.0934659596212537,2.181871456239763,0.3563173722137794,1.5000002557404197,0.6979114366094193,0.9413864516377922,1.5028789411428154,0.9149915554096849,0.9405301545055896,0.4256975176421182,0.6938227902832845
Sofa_17_02.obj,Sofa_17,OB,OB,,0.6687272292498856,0.2949272087828589,3.0186604161132413,2.662191909003039,0.2803603287090752,1.2365485569897745,0.49818593799599437,0.8588673243631044,1.86128835958606,0.7909728752406946,0.830106652723572,0.20046567736182413,0.21346311136355856
Sofa_17_03.obj,Sofa_17,OB,OB,,0.7578665925378706,0.18971585014972162,4.129954682755391,3.918816380737293,0.22040965788020547,1.9060012041989498,0.9411183568923908,0.9758045312431932,1.2053184243198396,0.7752267437958145,0.8396422186041506,0.10616023811957062,0.13528066674140815
Sofa_17_04.obj,Sofa_17,OB,OB,,4.498535380523811e-11,0.9583997886040518,1.000000000023871,5.069749628274012,0.13813851605127028,0.9999999997998554,0.9726683341399708,0.9984000000000002,1.0816000000000001,0.9999428413938948,0.9999636096211493,0.40031698171897506,0.9583275705390918
Sofa_17_05.obj,Sofa_17,OB,OB,,4.064034873570992e-06,0.9583958936770024,1.0000040640302756,5.069759787250831,0.13813837838070092,1.0000019754825078,0.9726683341399355,0.9984000000000001,1.0816000000000001,0.9999999995263366,0.9999999996984567,0.40028746276784605,0.9583958930785464
Sofa_17_06.obj,Sofa_17,OB,OB,,0.6687272292498859,0.2949272087828583,3.0186604161132444,2.738213516520292,0.2729703812976947,1.234144091247348,0.5144107419199171,0.8588673248920513,1.8612883601127455,0.7909728752406968,0.8301066527235732,0.200465677424077,0.21346311136355886
Sofa_17_07.obj,Sofa_17,OB,OB,,0.7514323453925078,0.1960215460545606,4.023049586153193,4.130442289966344,0.20948926975527346,1.900006226942282,0.9982106091158043,0.9799312772582487,1.178926886516346,0.7933576663672952,0.8561437205588031,0.10664364651289987,0.14432927756485533
Sofa_17_08.obj,Sofa_17,OB,OB,,4.495954919686738e-11,0.9583997886040776,1.0000000000238451,4.999987294256789,0.1400283570835023,0.99999999979737,0.9999999999994298,0.9984000000000002,1.0816000000000001,1.0,1.0,0.40028908930753354,0.9583997886040776
Sofa_17_09.obj,Sofa_17,OB,OB,,4.0640348688901506e-06,0.9583958936770074,1.000004064030271,4.999997454236711,0.14002821760427783,1.0000020317985177,0.9999999999994293,0.9984000000000002,1.0816000000000001,1.0,1.0,0.4002874625367137,0.9583958936770074
Sofa_17_10.obj,Sofa_17,OB,SL,x,0.18828832317905517,0.776171520206809,1.2319645368611805,3.605385780005857,0.19768313700461676,1.0590054388968184,0.7147196107966183,0.7979205837363066,2.0788876777098335,0.9756022958506113,0.9812963192835438,0.4632508479034246,0.7501531788997106
Sofa_17_11.obj,Sofa_17,M,M,,0.9940212677405227,0.005978732239319954,167.25953874162397,920.9720200752574,0.0010825816593996074,12.942065501517385,0.9999999992286828,6.04884742774958e-26,1.550010264946126e-25,0.584203735014424,0.9066415576988514,0.0010096183692599723,0.0033297566283624026
Sofa_17_12.obj,Sofa_17,OB,SL,x,0.18988970161265312,0.7740950404017944,1.2343998119641069,3.558246194922056,0.199663167697985,1.0527860016842245,0.729472804470036,0.7994911544490236,2.0709925681822026,0.9225042223652216,0.9433482963076912,0.4839602372338654,0.6938782841307499
Sofa_17_13.obj,Sofa_17,M,M,,0.9940212677405228,0.005978732239319844,167.25953874162707,5366268119.300001,0.0,12.940787817543212,1.0,3.5217004697366597e-33,1.232595164407831e-32,0.5842037350144857,0.9066415576988799,0.0010096183692597817,0.0033297566283627435
Sofa_17_14.obj,Sofa_17,OB,OB,,0.277769618823614,4.166601344426041e-06,1.3845798425394997,1.0000023104354274,0.5773497248765118,1.0000023104164764,0.7036561008465169,0.9499430934552272,1.1236201953826606,0.8333337499827786,0.8845915880089473,2.1056815309598918e-06,3.271810737625307e-06
Sofa_17_15.obj,Sofa_17,OB,OB,,0.27776961882361334,1.3888685096209736e-06,1.3845798425394984,1.0000023104164764,0.5773494041390772,1.0000006437726883,0.7036563169602515,0.949943093455226,1.1236201953826592,0.8333337499821494,0.8845915880089473,7.018945485519697e-07,1.090604674479624e-06
Sofa_17_16.obj,Sofa_17,OB,OB,,0.27777100769212343,2.777751781096266e-06,1.3845825051290144,1.0000014771235433,0.5773498852438057,1.0000014770856347,0.7036559927949187,0.9499430934538692,1.1236201953850131,0.8333336110893329,0.8845915359428701,1.403796728515095e-06,2.181220516851366e-06
Sofa_17_17.obj,Sofa_17,OB,OB,,0.7523354444611429,0.23856612035653163,4.03771918577162,9.941175140453527,0.08950468043148685,1.9882352409167054,0.9991350935611064,0.8888888888888888,1.1111111186537965,1.0,1.0,0.09648674240673834,0.23856612035653163
Sofa_18_01.obj,Sofa_18,OB,OB,,0.8931623931540745,1.8527772090625102e-16,9.359999999184032,2.9999999986278314,0.3015113445361846,2.9999999986278314,0.9999999999996809,0.9984000000000001,1.0816000000000001,0.9999999999999992,0.9999999999999998,7.73838340245885e-17,1.8527772090625084e-16
Sofa_18_02.obj,Sofa_18,OB,OB,,0.8931623931540744,9.263886045312555e-17,9.359999999184026,2.9999999986278314,0.3015113445361846,2.9999999986278314,0.9999999999996809,0.9984000000000002,1.0816000000000001,0.999999999999999,0.9999999999999998,3.869191701229427e-17,9.263886045312543e-17
Sofa_18_03.obj,Sofa_18,OB,OB,,0.8931623931540744,7.940473753125048e-17,9.359999999184026,2.9999999986278314,0.3015113445361846,2.9999999986278314,0.9999999999996809,0.9984000000000002,1.0816000000000001,0.9999999999999992,0.9999999999999998,3.3164500296252235e-17,7.940473753125041e-17
Sofa_18_04.obj,Sofa_18,OB,OB,,0.8931623931540744,9.263886045312558e-17,9.359999999184023,2.9999999986278314,0.3015113445361846,2.9999999986278314,0.9999999999996809,0.9984000000000002,1.0816000000000001,0.9999999999999993,0.9999999999999999,3.8691917012294276e-17,9.263886045312552e-17
Sofa_18_05.obj,Sofa_18,OB,OB,,0.7937444612692519,0.19451147059889962,4.8483546485754285,6.999999998719319,0.12352470488002296,1.7758334830719535,0.9911690715789393,0.6484160539645586,2.533191029645078,0.8930436873484718,0.9199869253404702,0.11945977748958128,0.16675781571629003
Sofa_18_06.obj,Sofa_18,OB,OB,,0.7937444612692519,0.19451147059889953,4.84835464857543,6.999999998719319,0.12352470488002296,1.7758334830719535,0.9911690715789397,0.6484160539645586,2.533191029645079,0.8930436873484723,0.9199869253404702,0.1194597774895812,0.16675781571629006
Sofa_18_07.obj,Sofa_18,OB,OB,,0.17086085048776528,0.8130770315149345,1.2060701760229129,6.983019325623345,0.10509944459684183,1.0936519913562592,0.9908696181579604,0.9999991555614662,1.0015940946095243,0.8769220635346908,0.8875347123927355,0.3834017164742206,0.6729110215055548
Sofa_18_08.obj,Sofa_18,OB,OB,,0.17086036174591288,0.8130774875655382,1.206069465096858,6.982948703582649,0.1050999589447687,1.0936395867945898,0.9908772842994975,0.9999989476886856,1.0018076184385567,0.8769190588435276,0.8875352134479407,0.38344084882845286,0.6729092718969895
Sofa_18_09.obj,Sofa_18,OB,OB,,0.8002980193313257,0.18321024811785275,5.007461601789041,3.965779976126029,0.22440237729307447,2.2412235254850494,0.6381036599407658,0.9999438132319297,1.0114050606198572,0.9931960506871589,0.9472275869853118,0.0765953469607187,0.1771623632462266
Sofa_18_10.obj,Sofa_18,OB,OB,,0.8002982413129001,0.1832100403647995,5.0074671679103275,3.9658110503301915,0.2244007377222642,2.2412254384068695,0.6381039014235221,0.9997936295844368,1.026985657068935,0.9931953153647184,0.9472278733376731,0.07721833618805166,0.1771620572403045
Sofa_19_01.obj,Sofa_19,CA,SL,x,0.5056684088007041,0.4566617609842332,2.0229336295780866,2.7289835048384994,0.2942165967654761,1.548741266459486,0.6806889546900907,0.8827219395796383,1.7041785847378093,0.9923306252132125,0.9943337756081406,0.2456429621189245,0.45187559922172116
Sofa_19_02.obj,Sofa_19,OB,OB,,0.8931623931561856,1.345523268084024e-14,9.359999999391086,2.999999998814681,0.30151134454181966,2.9999999988144923,0.9999999999997949,0.9984000000000001,1.0816000000000001,0.9999999999999996,0.9999999999999999,5.6197663024104616e-15,1.3455232680840233e-14
Sofa_19_03.obj,Sofa_19,OB,OB,,0.8931623931561837,1.8770148380026768e-15,9.359999999390919,2.9999999988144923,0.30151134454183665,2.999999998814465,0.9999999999997963,0.9984000000000001,1.0816000000000001,0.9999999999999967,0.9999999999999988,7.83961525299553e-16,1.8770148380026693e-15
Sofa_19_04.obj,Sofa_19,OB,OB,,0.8931623931561847,1.45616835327155e-14,9.359999999391002,2.999999998814681,0.30151134454181955,2.999999998814479,0.9999999999997936,0.9984000000000002,1.0816000000000001,0.9999999999999998,0.9999999999999999,6.081890991008089e-15,1.4561683532715497e-14
Sofa_19_05.obj,Sofa_19,OB,OB,,0.893162393156184,7.705639861274143e-16,9.359999999390936,2.999999998814479,0.3015113445418379,2.999999998814465,0.9999999999997983,0.9984000000000002,1.0816000000000001,0.9999999999999964,0.9999999999999987,3.2183683670192165e-16,7.70563986127411e-16
Sofa_19_06.obj,Sofa_19,OB,OB,,0.7510966181628663,0.23817612448433242,4.0176231942644804,7.099999998901422,0.1216812480887685,1.7679040229607785,0.9863782896672052,0.7056220382006755,2.043157034250672,0.6897203176594072,0.7200294601107164,0.17758471163308653,0.14127884430342066
Sofa_19_07.obj,Sofa_19,OB,OB,,0.7459529919388321,0.24373906979046223,3.9362793824321103,7.099999998901397,0.12156581378709552,1.7609126983495385,0.9863779202167523,0.7062261363304856,2.1004193421500297,0.6947868842437173,0.7253564532668455,0.1810021399573391,0.14609171849260563
Sofa_19_08.obj,Sofa_19,OB,OB,,0.6771648963212858,0.29597455388711147,3.097556581067229,3.132981807851092,0.2677719659279939,1.770563054231208,0.6381053997930326,0.9998263959493924,1.0232520797238884,0.9934795646707866,0.944724192835201,0.12466013510908414,0.28591789268477996
Sofa_19_09.obj,Sofa_19,OB,OB,,0.6771649028016848,0.2959745531238603,3.097556643245731,3.1329767536596966,0.2677726896799002,1.7705725600775586,0.6381020558510816,0.9999296475341178,1.012998204865093,0.9934783247279642,0.9447205427383265,0.12399835916368508,0.28591699845372015
Sofa_19_10.obj,Sofa_19,OB,OB,,0.2613345844127705,0.7193257086081907,1.353792906636561,6.3850548095367685,0.11806976698798462,1.1664332476251387,0.9908702428775978,0.9999984457670333,1.0022057671924722,0.9194830789660924,0.9225728848186777,0.3222742390845558,0.6358023677033865
Sofa_19_11.obj,Sofa_19,OB,OB,,0.261334993061714,0.7193253288954723,1.3537936555904653,6.3850469626331545,0.11806984945481475,1.1664318141389443,0.9908732715492194,0.9999988634921325,1.0020001907453897,0.9194860998922075,0.9225715582548135,0.32224106825280785,0.6358036822823322
Sofa_19_12.obj,Sofa_19,SL,SL,,0.6805484349617242,0.301170248714228,3.130364057205247,3.2482838875560476,0.24460930403459707,1.4297507530717297,0.5892533388474072,0.9270473859572521,1.4256407784208942,0.9993019438781128,0.9781008756052885,0.1464375888355589,0.2976646345754598
Sofa_19_13.obj,Sofa_19,CA,SL,x,0.843260063016749,0.1414593779423314,6.3799915706547425,3.472606719133877,0.26363671578172293,3.012723708670429,0.5436407568657442,0.7876797939524995,2.070918898813433,0.9981629145429941,0.9861264988808212,0.08288016090291497,0.14022003923119794
Sofa_19_14.obj,Sofa_19,CA,SL,x,0.8432600835993783,0.14145928112469888,6.37999240845667,3.472606719133877,0.2636369498602653,3.0127526765207633,0.5436459257018853,0.7876828049627214,2.070910034677476,0.9981614579027911,0.9861273892507186,0.0828802214780089,0.14021980149563137
Sofa_20_01.obj,Sofa_20,OB,OB,,0.7773237120238969,0.20283352104275543,4.490823917934316,4.480514285415949,0.19723495148070372,2.0820786531148827,0.9572660227816878,0.9998981715746758,1.0201936668588971,0.9999999659505323,0.9999999830808332,0.08203080349441329,0.20283351242049497
Sofa_20_02.obj,Sofa_20,SL,SL,,0.881787440135936,0.08131530399488576,8.459338002236471,3.527054107915339,0.22532730026162207,1.4101863528630054,0.8758393929576495,0.9737609400649735,1.297388952705837,0.9871792464668171,0.9920312137929933,0.03798904627737643,0.07995294221077306
Sofa_20_03.obj,Sofa_20,SL,SL,,0.8868479684619249,0.07688688070433732,8.837667219993627,3.527195478450372,0.22531872761597413,1.4101863528630054,0.8758713216629251,0.9561024574644801,1.3840583893636393,0.994155973076986,0.9962100821104146,0.03687373139692571,0.07629270568115605
Sofa_20_04.obj,Sofa_20,OB,OB,,0.9586690117723998,0.03183550054754252,24.194921120519687,7.900348604688338,0.11502457885923073,2.2649706881851874,0.9896278896492855,0.9285514891488553,1.383023156539105,0.9992347324357599,0.9868171859278666,0.015120841147756815,0.0316014577135901
Sofa_20_05.obj,Sofa_20,SL,SL,,0.8221127804611058,0.13391079277121826,5.621539324701006,4.199781496279264,0.20954945882718345,2.06528136276423,0.8003253969987348,0.9509449929325328,1.36474271283563,0.9452278843953733,0.9046822365437699,0.06888547632760973,0.12054373447194282
Sofa_20_06.obj,Sofa_20,SL,SL,,0.8217708258958364,0.13432863567712625,5.610753710922649,4.199831156080671,0.20954753977005533,2.065305783431311,0.8003212267952071,0.9503816565318358,1.359606082447279,0.9471127260151606,0.9055891842529071,0.0688159268517613,0.12121868249779531
Sofa_20_07.obj,Sofa_20,OB,OB,,0.1573061736992568,0.8317150957311135,1.1866706136787581,6.520991051726836,0.11209722721679831,1.0859598853539487,0.9440779733450629,0.984794456136125,1.0754884588802929,0.9409938569027722,0.9601894082056439,0.3696767843282345,0.7670601389657409
Sofa_20_08.obj,Sofa_20,OB,OB,,0.15730977252294281,0.8317115412064411,1.186675681517654,6.520991051709646,0.1120972272169565,1.0859598853510926,0.9440823487784167,0.9847863031661821,1.0755157838659275,0.9409962298678441,0.9601911118198668,0.36967793869904303,0.7670594617518353
Sofa_20_09.obj,Sofa_20,SL,SL,,0.7401025851421533,0.25440864895419524,3.847669125267097,1.2728841343458746,0.48702695620810216,1.007657777876553,0.12384108145625818,0.8693840076192749,1.6116733108124537,0.9999999999999976,0.9999999999999897,0.13001738444719838,0.25440864895419335
Sofa_20_10.obj,Sofa_20,SL,SL,,0.7021094886911587,0.2915993703123534,3.356935224796988,4.321709969624623,0.18404608950764284,1.377369244202415,0.42369674091510673,0.8693840076193112,1.6116733108124057,1.0,1.0,0.149023972220723,0.2915993703123534
Sofa_20_11.obj,Sofa_20,SL,OB,x,0.04167658494347403,0.8560459441667595,1.0434629334883767,2.9999977481098017,0.22941569437720322,0.9999997498065525,0.9891186063882611,0.9256198347107436,1.0743801652892562,0.9999999999999992,0.9999999999999994,0.344965291219597,0.8560459441667586
Sofa_20_12.obj,Sofa_20,SL,OB,x,4.524296100898677e-14,0.874428256140024,0.9999717089721514,2.937497795077381,0.23403216613889608,0.999999744483289,0.9995101947028722,1.0,1.0,1.0,1.0,0.3497713024560096,0.874428256140024
Sofa_22_01.obj,Sofa_22,SL,SL,,0.3038567042479744,0.5941212641133543,1.436485858732568,1.746622344541878,0.4051416079495871,1.2223767544885595,0.5321201973147103,0.99816252510997,1.0679789859665592,0.9317285366861484,0.878979268882903,0.27850909242838934,0.5200636340410056
Sofa_22_02.obj,Sofa_22,SL,SL,,0.3377622544932427,0.5332960988616466,1.5100317171351196,1.833592224237256,0.39604631964151665,1.2922403524899249,0.4685059083383762,0.9976317139611117,1.09105764914522,0.8358046802516079,0.7877751286770729,0.28271677875609696,0.3984337334952818
Sofa_22_03.obj,Sofa_22,SL,SL,,0.3732105732423439,0.5363757756264194,1.595432145644651,1.8356432671370486,0.4018520021740233,1.3595723150721277,0.4864549666353458,0.9966809041159809,1.109936406569626,0.9115640953241849,0.8590282434974311,0.2627083146990286,0.4544774700074919
Sofa_22_04.obj,Sofa_22,SL,M,x,0.9239791664459475,0.04835649957325777,13.154288808064498,4.104999855787672,0.22440577370918458,2.8977415505968778,0.7736065476863863,0.9263708716291986,1.6140875219902087,0.9511539613935218,0.9648670167293928,0.026486081671974714,0.04518651454805159
Sofa_22_05.obj,Sofa_22,SL,M,x,0.9239070226137568,0.04848343060468662,13.141817212958708,4.104999855787703,0.22440577370918294,2.8977415505968778,0.7736065476863943,0.9257876786636989,1.6128772136510212,0.9459602472427547,0.9626210312003439,0.026652962353707607,0.04500623474050507
Sofa_22_06.obj,Sofa_22,OB,OB,,0.9090966633955307,0.08650535537741733,11.000696314933485,13.425575872835134,0.07099530743678024,3.2415808549877467,0.9668517830889191,0.9992516815647828,1.0457806075920428,0.9464237161312022,0.9688707635263004,0.03775708284448862,0.08059643340150197
Sofa_22_07.obj,Sofa_22,CA,CA,,0.535082717315559,0.4093749687508165,2.1509202545141317,3.6401234778257967,0.22061497493815435,1.4507630779016403,0.8179672153848607,0.9920771392095601,1.1749902238413479,0.9431505707338698,0.8674733290249663,0.20063495968460793,0.3605178134632781
Sofa_22_08.obj,Sofa_22,CA,CA,,0.5417266928083405,0.3993352571567678,2.1821039635228434,3.534998049191908,0.22724022228072743,1.4591333916892415,0.8251531432016637,0.991283273967007,1.1887628788543672,0.949036876076347,0.8760439646623306,0.1951890536672003,0.3554952150409985
Sofa_22_09.obj,Sofa_22,CA,CA,,0.5396627039998086,0.399513881722941,2.1723201849784974,3.575514158735939,0.2255685874713567,1.4758571373644382,0.8176698389315372,0.9868222373978366,1.2334164612502525,0.9482755282855166,0.8725211421520522,0.1993386113815753,0.3547016032177347
Sofa_22_10.obj,Sofa_22,OB,OB,,0.7509057884966303,0.23655881973765905,4.014545315865086,8.629013043260397,0.10319133107422854,2.008893717294336,0.9958273085345611,0.9978619297315163,1.0854188585722206,0.9991026128547517,0.9991749908689714,0.09910102665953456,0.23624904086904422
Table_01_01.obj,Table_01,SL,SL,,0.0028072592801474225,0.996049937580315,1.002815162170169,42.51778763324172,0.016724163232264055,1.0116039096610683,0.7764573843352461,0.9969836698621024,1.1096829968045638,0.7890676564856623,0.5003079185216285,0.6198783918168715,0.5895840968945552
Table_01_02.obj,Table_01,M,M,,0.9791634012936382,0.016478780154633027,47.992477759550795,12.625062509763119,0.07743134354451948,4.991892654773085,0.8166666666704195,0.8543945968787057,1.9046834584048542,0.8105362979233742,0.9495982000768807,0.01073978351337101,0.013020049873945441
Table_01_03.obj,Table_01,M,M,,0.9754158607707768,0.01952801492015335,40.67663263194471,12.479731634890998,0.07836174585935049,5.049664237135178,0.8166595227892314,0.6936484872481595,1.4268363852334374,0.8124938432850013,0.9504244453420733,0.01009172223162027,0.01547309930491469
Table_01_04.obj,Table_01,M,M,,0.9959660306550866,0.0014707175964054763,247.89479405955362,19.751694908542778,0.05046238440535254,15.744675097727162,0.9999999999999841,1.0,1.0,1.0,1.0,0.0005882870385621906,0.0014707175964054763
Table_01_05.obj,Table_01,M,M,,0.9960580615499263,0.0014945691105744557,253.68229683574742,20.213906028697455,0.04931360480231731,15.92740709300255,0.9999999999999843,1.0,1.0,0.9999999999999977,0.9999999999999999,0.0005978276442297837,0.0014945691105744522
Table_01_06.obj,Table_01,SL,SL,,0.004699734816890597,0.9941814703546978,1.0047219266195957,42.472798643619136,0.01674188993579055,1.011605955274923,0.77645948857478,0.9999061824992892,1.0137916831625837,0.7867524785411186,0.5000009027310924,0.5991471316125144,0.5866314049876361
Table_01_07.obj,Table_01,M,M,,0.9805347147919502,0.015137465769797598,51.37350875219682,12.479731634855137,0.07836182984161581,5.049808538037956,0.8166685717582173,0.8500556613177389,1.9227267296131831,0.812422233580944,0.9499078873858238,0.009902705253963091,0.011989997006569787
Table_01_08.obj,Table_01,M,M,,0.9748460295528787,0.020213682345229078,39.755155238887426,12.625062509762463,0.07743125965859601,4.9917516448524495,0.816671845425733,0.6937400871933366,1.4276607847400302,0.8122407612211296,0.9498253499356569,0.01045488004043282,0.0160064835815151
Table_02_01.obj,Table_02,M,M,,0.998468383629834,2.1568329805512157e-09,652.9050090339945,17.93276224421006,0.054087446273160276,4.087938051791071,0.17833613611023108,0.9999999999927047,1.0000052776053852,0.9999865076181302,0.9999984834384099,8.627466994860765e-10,2.1568022442740524e-09
Table_02_02.obj,Table_02,M,M,,0.9984683836298341,2.1568328896408334e-09,652.905009034035,17.93276224421006,0.054087446273160276,4.087938051791071,0.178336136110231,0.999999999992705,1.000005277605385,0.9999865076181302,0.9999984834384096,8.627466631213543e-10,2.1568021533649646e-09
Table_02_03.obj,Table_02,M,M,,0.998468383629834,2.1568330545183815e-09,652.9050090339634,17.93276224421006,0.054087446273160276,4.087938051791071,0.178336136110231,0.9999999999728032,1.0000102346136506,0.9999865076181298,0.9999984834384096,8.627490811823214e-10,2.1568023182401623e-09
Table_02_04.obj,Table_02,SL,SL,,0.0008163263591408817,0.9990056743900976,1.0008169932921813,105.99999985431022,0.006670670270750335,0.9999999999877938,0.7764572938724947,0.9996056843636036,1.0397692800288116,0.7764556116594504,0.4999982432111064,0.6113107929367703,0.5817619901137355
Table_02_05.obj,Table_02,M,M,,0.998468383629834,2.156833054154009e-09,652.9050090339643,17.93276224421006,0.054087446273160276,4.087938051791071,0.17833613611023108,0.9999999999728032,1.0000102346136504,0.9999865076181305,0.9999984834384096,8.627490810365692e-10,2.1568023178757967e-09
Table_02_06.obj,Table_02,SL,SL,,0.11814089099685732,0.8801434936785802,1.1339679885261587,25.33333332260862,0.027910617393594885,1.0006728207878983,0.7633885727522705,0.9998902577031467,1.0171954163247223,0.7794405395069741,0.49999349968017004,0.5333323448490795,0.5145124099941458
Table_03_01.obj,Table_03,M,M,,0.8872368183399583,0.11210195273764319,8.868142821782152,57.06773605406325,0.01548875946384359,1.8911038496532016,0.7730101515658994,0.9246737575350594,1.4165491829007055,0.6069897850967924,0.5818297416515781,0.08073338661933352,0.05381759690656915
Table_03_02.obj,Table_03,M,M,,0.887236818339958,0.11210195273764334,8.868142821782138,57.06773605406109,0.015488759463844181,1.891103849653204,0.773010151565884,0.9246737575350704,1.4165491829007795,0.6069897850967932,0.5818297416515782,0.08073338661933564,0.05381759690656931
Table_03_03.obj,Table_03,M,M,,0.8872368183399586,0.1121019527376428,8.86814282178218,57.06773605406325,0.015488759463843586,1.891103849653199,0.7730101515658865,0.9246737575350582,1.4165491829006762,0.6069897850967927,0.5818297416515771,0.0807333866193325,0.053817596906568954
Table_03_04.obj,Table_03,M,M,,0.8872368183399583,0.11210195273764315,8.868142821782156,57.06773605406541,0.015488759463843003,1.8911038496532016,0.773010151565924,0.9246737575350387,1.4165491829005261,0.6069897850967925,0.5818297416515772,0.08073338661932869,0.05381759690656911
Table_03_05.obj,Table_03,SL,SL,,5.660474702908546e-13,0.999421464368296,1.0000000000004055,58.79626916391981,0.012025518971565924,0.9999999999872441,0.7764577514342486,1.0,1.0000000000000562,0.7764577514342571,0.49999868399256275,0.6028911200983026,0.5820058966023978
Table_04_01.obj,Table_04,M,M,,0.9982638888882831,2.0797981581558582e-13,575.9999997987843,23.99999998196054,0.041594516539188595,23.99999998052247,0.9999999999998244,1.0,1.0,1.0,1.0,8.319192632623434e-14,2.0797981581558582e-13
Table_04_02.obj,Table_04,M,M,,0.998263888888283,2.082658728686948e-13,575.9999997987745,23.99999998196054,0.04159451653918859,23.99999998052227,0.999999999999824,1.0,1.0,1.0,1.0,8.330634914747793e-14,2.082658728686948e-13
Table_04_03.obj,Table_04,M,M,,0.9962515618485971,3.747926895158258e-13,266.7777777326717,16.333333325426594,0.06099627594937017,16.333333324610038,0.9999999999999234,1.0,1.0,1.0,1.0,1.4991707580633033e-13,3.747926895158258e-13
Table_04_04.obj,Table_04,M,M,,0.9962515618485971,3.748357379806104e-13,266.7777777326686,16.333333325426594,0.06099627594937017,16.333333324609946,0.999999999999925,1.0,1.0,1.0,1.0,1.4993429519224418e-13,3.748357379806104e-13
Table_04_05.obj,Table_04,M,M,,0.9871999999971248,0.0006599269119585227,78.12499998222674,6.93863749382074,0.10138350012503254,0.9999999999058743,0.17879372940336086,1.0,1.000000000000008,1.0,1.0,0.00026397076478341025,0.0006599269119585227
Table_04_06.obj,Table_04,M,M,,0.9871999999971249,0.0006599269119584035,78.12499998222688,6.93863749382074,0.10138350012503243,0.9999999999058719,0.17879372940336144,1.0,1.0000000000000084,0.9999999999999994,1.0,0.0002639707647833628,0.0006599269119584031
Table_04_07.obj,Table_04,M,M,,0.9871999999971248,0.0006599269119585227,78.12499998222674,6.93863749382074,0.10138350012503254,0.9999999999058743,0.17879372940336086,1.0,1.0000000000000082,1.0,1.0,0.00026397076478341036,0.0006599269119585227
Table_04_08.obj,Table_04,M,M,,0.9871999999971249,0.0006599269119584035,78.12499998222688,6.93863749382074,0.10138350012503243,0.9999999999058719,0.17879372940336144,1.0000000000000002,1.0000000000000084,0.9999999999999992,1.0,0.00026397076478336287,0.0006599269119584029
Table_04_09.obj,Table_04,M,M,,0.999527410207781,5.675527887534606e-14,2115.9999992901594,45.99999996574925,0.02172886402032834,45.99999996298708,0.9999999999999085,1.0,1.0,1.0,1.0,2.2702111550138427e-14,5.675527887534606e-14
Table_04_10.obj,Table_04,M,M,,0.999527410207781,5.675527887534606e-14,2115.9999992901594,45.99999996574925,0.02172886402032834,45.99999996298708,0.9999999999999085,1.0,1.0,1.0,1.0,2.2702111550138427e-14,5.675527887534606e-14
Table_04_11.obj,Table_04,M,M,,0.9962515618485971,3.747926895158258e-13,266.7777777326717,16.333333325426594,0.06099627594937017,16.333333324610038,0.9999999999999234,1.0,1.0,1.0,1.0,1.4991707580633033e-13,3.747926895158258e-13
Table_04_12.obj,Table_04,M,M,,0.9961675541118373,3.832374173828475e-13,260.92997244613855,16.15332697117327,0.06167085251462791,16.153326970365622,0.9999999999999221,1.0,1.0,1.0,1.0,1.5329496695313903e-13,3.832374173828475e-13
Table_04_13.obj,Table_04,OB,OB,,0.5739743891486362,0.4260227361828523,2.34727672357901,589.9999956789663,0.001413929390870903,1.512820512795102,0.9999999999999817,0.8663506373945967,1.2078580071863327,0.8009947695936855,0.8531836708424332,0.22495184355415046,0.3161920357310701
Table_05_01.obj,Table_05,M,M,,0.9995659744729237,1.8804713058259967e-17,2304.01194772207,48.000124428423476,0.02082424302194374,48.00012442842207,0.9999999999999523,1.0,1.0,1.0,1.0,7.521885223303987e-18,1.8804713058259967e-17
Table_05_02.obj,Table_05,M,M,,0.9995659744729237,1.6975065301240078e-17,2304.0119477220696,48.000124428423035,0.020824243021943932,48.00012442842207,0.9999999999999448,1.0,1.0,1.0,1.0,6.790026120496032e-18,1.6975065301240078e-17
Table_05_03.obj,Table_05,M,M,,0.9960937289154601,1.9843464158896995e-08,255.99861821089766,15.999997449321171,0.06225728982937767,15.999956810080748,0.9999999999998367,1.0,1.0,1.0,1.0,7.937385663558799e-09,1.9843464158896995e-08
Table_05_04.obj,Table_05,M,M,,0.9992283965859854,3.91966769977736e-09,1296.0025601714265,36.00012697640521,0.027756271261152883,36.0000355377779,0.9999999999999241,1.0,1.0,1.0,1.0,1.567867079910944e-09,3.91966769977736e-09
Table_05_05.obj,Table_05,M,M,,0.9992283965858862,9.918804627853845e-14,1296.0025600048266,36.0000355377779,0.027756341706638613,36.00003553546402,0.9999999999999256,1.0,1.0,1.0,1.0,3.967521851141538e-14,9.918804627853845e-14
Table_05_06.obj,Table_05,M,M,,0.9992283965858862,3.919865985155699e-09,1296.002560004828,36.00012697871699,0.027756271259370482,36.00003553546402,0.999999999999925,1.0,1.0,0.9999999999999998,1.0,1.5679463940622798e-09,3.919865985155698e-09
Table_05_07.obj,Table_05,OB,OB,,7.1277042024744825e-12,0.9969135802395427,1.000000000006619,17.999999989216494,0.039253433596346726,0.9999999999679046,0.9999999999999918,1.0,1.0,1.0,1.0,0.3987654320958171,0.9969135802395427
Table_05_08.obj,Table_05,OB,OB,,0.8796341217320135,0.12035936067470283,8.308002354068307,391.7025259562722,0.002411917372200001,2.882360552298354,0.9999999999999746,1.0,1.0,1.0,1.0,0.048143744269881134,0.12035936067470283
Table_05_09.obj,Table_05,M,M,,0.9995659722680507,2.2048730157000636e-09,2304.0002432770443,48.000124428423476,0.020824242999006246,48.00000250728113,0.9999999999999523,1.0,1.0,1.0,1.0,8.819492062800255e-10,2.2048730157000636e-09
Table_05_10.obj,Table_05,M,M,,0.9960937487589244,5.014241310809488e-13,255.99991866474113,15.999997450348305,0.06225729043830828,15.999997449321317,0.9999999999998441,1.0,1.0,0.9999999999999993,1.0,2.0056965243237962e-13,5.014241310809485e-13
Table_05_11.obj,Table_05,M,M,,0.9960937289154601,1.9843464235742633e-08,255.99861821089755,15.999997449321317,0.06225728982937711,15.999956810080748,0.9999999999998458,1.0,1.0,1.0,1.0,7.937385694297054e-09,1.9843464235742633e-08
Table_05_12.obj,Table_05,M,M,,0.9960937487589242,5.016478067502051e-13,255.99991866472664,15.999997450348305,0.06225729043830828,15.999997449321171,0.999999999999835,1.0,1.0,0.9999999999999973,0.9999999999999999,2.0065912270008254e-13,5.016478067502038e-13
Table_05_13.obj,Table_05,M,M,,0.9992284005056533,9.909724170778409e-14,1296.0091437674657,36.00012697871699,0.027756271313685726,36.00012697640521,0.9999999999999256,1.0,1.0,1.0,1.0,3.963889668311364e-14,9.909724170778409e-14
Table_05_14.obj,Table_05,OB,OB,,0.9600018287269121,2.0319695919131123e-07,25.001143006411368,5.000126997266578,0.19244554554639484,5.000114296537281,0.9999999999994701,1.0,1.0,1.0,1.0,8.12787836765245e-08,2.0319695919131123e-07
Table_05_15.obj,Table_05,OB,OB,,0.960002031918739,5.1323160276112745e-12,25.00127001356111,5.000126997266578,0.19244556364987042,5.000126996945782,0.9999999999994709,1.0,1.0,1.0,1.0,2.05292641104451e-12,5.1323160276112745e-12
Table_07_01.obj,Table_07,M,M,,0.9945328013414528,0.004281902187974263,182.9090293685494,23.874589895233758,0.041621682992783744,9.550078527551683,0.8166658905498105,0.8477029158345244,1.9311602994211725,0.8169748866825854,0.9744305327566966,0.0027742142281664793,0.0034534829158494743
Table_07_02.obj,Table_07,SL,SL,,0.026344196278158743,0.969652919892789,1.0270569909583045,22.202794231715878,0.031831570060924755,1.0000038136569107,0.7764580074335786,0.9999061762580818,1.013792297924925,0.7793175529314414,0.500021617866568,0.5868832726623747,0.566758823502789
Table_07_03.obj,Table_07,SL,SL,,0.05288074765116747,0.9430864848719581,1.055833251747195,22.22416971697921,0.03180095808374486,1.000002116655253,0.776457416774305,0.996725314443722,1.1113827936643856,0.7768054200983967,0.5000482982438763,0.5913348418463906,0.5494637113211354
Table_07_04.obj,Table_07,M,M,,0.9855723452952204,0.011922853540705448,69.31133441033498,19.980822953160867,0.04962957704628659,8.325342899046039,0.9999999999999839,1.0,1.0,0.9999999999999992,0.9999999999999999,0.004769141416282183,0.01192285354070544
Table_07_05.obj,Table_07,M,M,,0.9855722352501479,0.01192294448073074,69.31080575111703,19.980746753023663,0.04962976316603739,8.325311148988863,0.999999999999984,1.0,1.0,1.0,1.0,0.004769177792292296,0.01192294448073074
Table_07_06.obj,Table_07,M,M,,0.9948045681906615,0.004039155388380332,192.47678281571314,23.877116841669856,0.04161728193045363,9.549997670416912,0.8166653261168446,0.8424475381726129,1.9505767460330266,0.8151802441254362,0.9743018168084522,0.0026330401769686764,0.0032503322467772947
Table_07_07.obj,Table_07,M,M,,0.9942817989209554,0.004496894722051827,174.88017405763475,23.874589895318973,0.04162168108496406,9.550038098745775,0.8166751333558848,0.8520740526710024,1.9131252060377897,0.8152638486913558,0.9745227215582732,0.0029017915150762958,0.0036194538634921726
Table_07_08.obj,Table_07,M,M,,0.9945325720811599,0.004282124464605572,182.90135962359753,23.874589895233758,0.041621681085112355,9.550038098745775,0.8166751333488173,0.847702793018857,1.931160738166615,0.8169846510790953,0.9744315428612903,0.0027743428426170356,0.0034537052333301565
Table_08_01.obj,Table_08,M,M,,0.9954141622468818,7.717321741715667e-05,218.06266462868373,14.892789062076485,0.0668433244682962,14.766944995080879,0.9999999999999735,1.0,1.0,0.9999999999999991,1.0,3.086928696686269e-05,7.71732174171566e-05
Table_08_02.obj,Table_08,M,M,,0.995414162246882,7.730962962358653e-05,218.06266462869385,14.893014362085268,0.06684231778723723,14.766944995080879,0.9999999999999734,1.0,1.0,0.9999999999999997,0.9999999999999999,3.092385184943462e-05,7.73096296235865e-05
Table_08_03.obj,Table_08,M,M,,0.9946551538086214,3.773261587866568e-07,187.0961229179501,13.678791321435114,0.07271825328903815,13.6783084771496,0.9999999999999691,1.0,1.0,1.0,1.0,1.5093046351466273e-07,3.773261587866568e-07
Table_08_04.obj,Table_08,M,M,,0.9946551538082473,3.7408710384522624e-13,187.09612290485498,13.6783084771496,0.07272080666872029,13.678308476670926,0.9999999999999687,1.0,1.0,0.9999999999999996,1.0,1.4963484153809058e-13,3.740871038452261e-13
Table_08_05.obj,Table_08,M,M,,0.994654992092371,1.617158763482489e-07,187.09046221847265,13.678308476670926,0.07272080085338907,13.678101553088084,0.9999999999999689,1.0,1.0,1.0,1.0,6.468635053929956e-08,1.617158763482489e-07
Table_08_06.obj,Table_08,OB,OB,,0.6004788901881825,0.399432109999832,2.5029966513432833,105.99989985798594,0.007974271335057832,1.5820861706114226,1.0000000000000042,1.0,1.0,1.0,1.0,0.1597728439999328,0.399432109999832
Table_08_07.obj,Table_08,M,M,,0.998563906866985,2.430982547857184e-05,696.3336687646056,26.614357025358665,0.0375203163715545,26.38813499121377,0.9999999999999858,1.0,1.0,1.0,1.0,9.723930191428737e-06,2.430982547857184e-05
Table_08_08.obj,Table_08,M,M,,0.998563906866985,2.4210151719770875e-05,696.3336687646063,26.6134175707943,0.03752163897537467,26.38813499121377,0.9999999999999858,1.0,1.0,1.0,1.0,9.68406068790835e-06,2.4210151719770875e-05
Table_08_09.obj,Table_08,M,M,,0.994654992092371,5.390424092078446e-07,187.09046221847274,13.678791321435114,0.07271824747136417,13.678101553088084,0.999999999999967,1.0,1.0,1.0,1.0,2.1561696368313783e-07,5.390424092078446e-07
Table_09_01.obj,Table_09,M,M,,0.9715601382974063,0.0029148413194126444,35.1619150070036,4.479166665293438,0.21234757883689703,4.243421051430604,0.5667472247833261,0.9722222222100854,1.3611111111232483,0.8493419838183606,0.9611049684040727,0.0015649739554712198,0.0024275509501123587
Table_09_02.obj,Table_09,M,M,,0.9715599164523803,0.0029152800193209226,35.16164072876759,4.47916666542694,0.21234757883085284,4.243421051430387,0.5667468956884089,0.9722222222079862,1.3611111111253473,0.8493419296736415,0.961104885593357,0.0015652096083982442,0.0024279160527969847
Table_09_03.obj,Table_09,M,M,,0.9715599805754521,0.002914830566278502,35.16172000692765,4.479166665427002,0.21234757883085006,4.243421051430387,0.5667509043442661,0.9722222222076788,1.3611111111256549,0.8493419327990721,0.9611049354571379,0.0015649682581879096,0.002427541808036299
Table_09_04.obj,Table_09,M,M,,0.9944284336398221,0.0055444661428110465,179.48274064315262,188.99999944773765,0.005276475513001451,13.499999997459518,0.9999999999999218,0.9972729337404379,1.0991014037660822,0.9468805611229416,0.9947304292094922,0.002446332862322616,0.005236114728190904
Table_09_05.obj,Table_09,M,M,,0.9778180172023364,0.022141240379938403,45.081632653010146,156.66666594926812,0.006313215745054001,6.714285713015968,0.9999999999997375,1.0,1.0,0.9999999999999993,0.9999999999999999,0.008856496151975366,0.02214124037993839
Table_09_06.obj,Table_09,M,OB,x,0.9775807739378976,0.018780618748012862,44.60457275508116,15.232925074611869,0.06478757844485378,6.680725713025841,0.9182966517824289,0.9999999999986029,1.0000023639970583,1.0,1.0,0.007512257266612468,0.018780618748012862
Table_09_07.obj,Table_09,OB,OB,,0.23094823790833766,0.7690265069911204,1.3003025924810527,189.9999994763258,0.003721588865131333,0.999999999985542,0.9999999999999942,0.9337828221729318,1.5781240558139902,0.5126584637350681,0.20089062153954373,0.6810614734936473,0.23672433144441504
Table_09_08.obj,Table_09,OB,M,x,0.9780521262002569,0.021835894851407963,45.562499999948315,94.49999972378086,0.010467188057641347,6.749999998723476,0.9999999999998435,1.0,1.0,1.0,1.0,0.008734357940563186,0.021835894851407963
Table_09_09.obj,Table_09,OB,OB,,0.28571410983006074,0.7142618827888809,1.3999996552669016,189.99999944500516,0.003721588865744812,0.999999999985542,0.9999999999999942,0.9972729337404379,1.0991014037660825,0.5000009233903646,1.384254278979924e-06,0.6044875223273489,0.17856604764896378
Table_09_10.obj,Table_09,M,M,,0.9715604052747296,0.002914256445193491,35.16224509025714,4.479166665293423,0.21234757883689717,4.243421051430387,0.5667484381055976,0.9722222222165675,1.361111111116766,0.8493320033751053,0.9611023569430887,0.0015646720199414582,0.0024270321007607235
Table_09_11.obj,Table_09,M,M,,0.9885071751578346,0.011432026134820023,87.01081011266857,188.99999944779688,0.005276475512999799,13.49999999745953,0.9999999999999256,0.986351614003001,1.240162665333287,0.945054933999803,0.9945423110821457,0.005384190188885701,0.010774410561585316
Table_09_12.obj,Table_09,M,M,,0.9944869253444703,0.005486258947642294,181.38698684170626,189.99999944504967,0.005248855710994405,13.571428568887127,0.9999999999999313,0.9972729337404379,1.0991014037660827,0.946886396626555,0.9947585000368501,0.00242060094057678,0.00518124952625031
Table_10_01.obj,Table_10,M,M,,0.9821426951997805,0.016891760645257457,55.99949215110756,30.000005436369985,0.032939293542800785,6.600001199070421,0.9999999999999833,0.986159169550173,1.2491349480968856,1.0,1.0,0.007640453119543442,0.016891760645257457
Table_10_02.obj,Table_10,M,M,,0.981009143044236,0.017964021655784812,52.6569181332444,29.090889982330257,0.03394336454562506,6.39999579908761,0.9999999999999829,0.986159169550173,1.2491349480968859,0.9999999999999998,1.0,0.008125456438907235,0.01796402165578481
Table_10_03.obj,Table_10,M,M,,0.9847678052613703,0.014994191695667174,65.65042117428911,64.81995791315268,0.015309382137373248,8.10249474871418,0.9999999999999605,1.0,1.0,1.0,1.0,0.00599767667826687,0.014994191695667174
Table_10_04.obj,Table_10,M,M,,0.9847678052613694,0.014994191695668116,65.65042117428506,64.81995791315268,0.015309382137373241,8.102494748713934,0.9999999999999606,1.0,1.0,1.0,1.0,0.005997676678267247,0.014994191695668116
Table_10_05.obj,Table_10,M,M,,0.9847678052613694,0.014994191695668116,65.65042117428506,64.81995791315268,0.015309382137373241,8.102494748713934,0.9999999999999606,1.0,1.0,1.0,1.0,0.005997676678267247,0.014994191695668116
Table_10_06.obj,Table_10,M,M,,0.9847678052613703,0.014994191695667174,65.65042117428911,64.81995791315268,0.015309382137373248,8.10249474871418,0.9999999999999605,1.0,1.0,1.0,1.0,0.00599767667826687,0.014994191695667174
Table_10_07.obj,Table_10,M,M,,0.9988183578238852,4.3725782449796064e-14,846.2798808415622,29.090889982330257,0.03433447543542965,29.090889981792017,0.9999999999999212,1.0,1.0,1.0,1.0,1.7490312979918426e-14,4.3725782449796064e-14
Table_10_08.obj,Table_10,M,M,,0.9988888892927356,4.085196897122371e-14,900.000327115766,30.000005436371655,0.03329635186926306,30.000005435819933,0.9999999999999235,1.0,1.0,0.999999999999999,1.0,1.6340787588489497e-14,4.085196897122367e-14
Table_10_09.obj,Table_10,OB,OB,,0.48979591823637947,0.5102040813476562,1.959999998681585,1040107382.5001731,0.0,1.3999999982154305,1.0,0.9876543209876544,1.234567901234568,0.9999999999999998,1.0,0.22927689581549,0.510204081347656
Table_10_10.obj,Table_10,M,M,,0.9990159771976598,1.4287805118682539e-05,1016.2366132386708,29.99999998627167,0.033281683127389466,22.388015141000828,0.8105776787403896,0.9922125130688109,1.1779305399616797,0.9874624708459628,0.9991922407567889,6.319968361068303e-06,1.4102973140615494e-05
Table_10_11.obj,Table_10,M,M,,0.998948466339532,0.00015710108297963067,950.9919060079626,29.99997998719584,0.033296379983917615,29.999919987437572,0.9870473873101635,0.9783260217973576,1.277905366247662,0.9547020814168861,0.9961479165221918,7.44745785365995e-05,0.00014969585406156264
Table_10_12.obj,Table_10,M,M,,0.9989588676436649,0.00014108448422948017,960.492673112234,29.999999987615833,0.03329635790891071,29.99999998627167,0.9870494490707927,0.9821263509732173,1.2602886638481856,0.9438375491140292,0.9954804798884762,6.699156707446837e-05,0.00013285992227992654
Table_10_13.obj,Table_10,M,M,,0.9990058527705042,2.639693901651549e-05,1005.8872270931432,29.999999987615833,0.03329635788430254,29.99997998719584,0.987062640757702,0.9616905045221963,1.3650318766168534,0.9686899958335788,0.9982785062398071,1.2797240748855286e-05,2.5548441060225404e-05
Table_10_14.obj,Table_10,M,M,,0.9808774124887568,0.018091658246830778,52.29417825447906,30.000005436371655,0.03293929354279895,6.600001199070421,0.9999999999999826,0.9056122448979591,1.4515306122448979,0.9839750750956997,0.9968915627833737,0.008841986281362678,0.01777407298524725
Table_10_15.obj,Table_10,M,M,,0.9810092687891643,0.017963902709882622,52.65726679493181,29.091415436860412,0.03394276675477474,6.400111399084297,0.9999880531040926,0.9861683258696895,1.2490479489445263,0.9999910503386494,0.9999800929803573,0.00812523409046536,0.017963563136755015
Table_10_16.obj,Table_10,M,M,,0.9847678052613703,0.014994191695667174,65.65042117428911,64.81995791315268,0.015309382137373248,8.10249474871418,0.9999999999999605,1.0,1.0,1.0,1.0,0.00599767667826687,0.014994191695667174
Table_10_17.obj,Table_10,M,M,,0.9847678052613694,0.014994191695668116,65.65042117428506,64.81995791315268,0.015309382137373241,8.102494748713934,0.9999999999999606,1.0,1.0,1.0,1.0,0.005997676678267247,0.014994191695668116
Table_10_18.obj,Table_10,M,M,,0.9988888892927356,4.0764728452039376e-14,900.0003271157361,30.000005436369985,0.03329635186926491,30.000005435819933,0.9999999999999223,1.0,1.0,0.9999999999999971,0.9999999999999999,1.6305891380815793e-14,4.0764728452039256e-14
Table_10_19.obj,Table_10,M,M,,0.9988183578238852,4.3725782449796064e-14,846.2798808415622,29.090889982330257,0.03433447543542965,29.090889981792017,0.9999999999999212,1.0,1.0,1.0,1.0,1.7490312979918426e-14,4.3725782449796064e-14
Table_10_20.obj,Table_10,OB,OB,,0.2557609259301655,0.7442390740696863,1.343654256865877,49627995677.60012,0.0,1.0308651743050459,1.0,1.7608502348683298e-33,1.232595164407831e-32,0.5115154845423837,0.14688257960234619,0.28597307197591176,0.21830325599782188
Table_10_21.obj,Table_10,OB,OB,,0.14667319345623114,0.8533268065436104,1.1718839632498401,49627995677.60012,0.0,1.0308651743050459,1.0,1.6434602192104412e-33,1.232595164407831e-32,0.5235081655585269,0.2466424987519582,0.30302617708123347,0.27845228200702576
Table_11_01.obj,Table_11,M,M,,0.9994002498957477,2.675460235908742e-19,1667.3611107522047,40.83333330367582,0.024475121360637293,40.83333330367582,0.9999999999999073,1.0,1.0,0.9999999999999998,1.0,1.070184094363497e-19,2.6754602359087415e-19
Table_11_02.obj,Table_11,M,M,,0.9981096408313391,1.439200173959659e-16,528.999999882597,22.999999983219016,0.04339630365918443,22.999999983218135,0.9999999999998355,1.0,1.0,1.0,1.0,5.756800695838636e-17,1.439200173959659e-16
Table_11_03.obj,Table_11,M,M,,0.9981096408313391,1.2480564008556416e-16,528.9999998825971,22.999999983218892,0.04339630365918467,22.999999983218135,0.9999999999998355,1.0,1.0,1.0,1.0,4.992225603422567e-17,1.2480564008556416e-16
Table_11_04.obj,Table_11,M,M,,0.9994002498957477,2.675460235908742e-19,1667.3611107522047,40.83333330367582,0.024475121360637293,40.83333330367582,0.9999999999999073,1.0,1.0,0.9999999999999998,1.0,1.070184094363497e-19,2.6754602359087415e-19
Table_11_05.obj,Table_11,M,M,,0.9990530865769541,1.368515369673999e-13,1056.0627568073417,31.222222199605362,0.031995664682933654,31.22222219734806,0.9999999999998828,1.0,1.0,0.999999999999998,1.0,5.4740614786960065e-14,1.3685153696739963e-13
Table_11_06.obj,Table_11,OB,OB,,0.23192513914333812,0.7667449857960935,1.3019564250345061,39.82608693512919,0.021417971861110004,1.6357142856767644,1.0000000000000044,0.9179598499364018,1.5412734997114546,0.5238487187607563,0.39996675718588515,0.6294778528992453,0.28115418877045667
Table_11_07.obj,Table_11,M,M,,0.9981096408313391,1.2480564008556416e-16,528.9999998825971,22.999999983218892,0.04339630365918467,22.999999983218135,0.9999999999998355,1.0,1.0,1.0,1.0,4.992225603422567e-17,1.2480564008556416e-16
Table_11_08.obj,Table_11,M,M,,0.9994002498957477,2.675460235908742e-19,1667.3611107522047,40.83333330367582,0.024475121360637293,40.83333330367582,0.9999999999999073,1.0,1.0,0.9999999999999999,1.0,1.070184094363497e-19,2.6754602359087415e-19
Table_11_09.obj,Table_11,M,M,,0.9994002498957477,2.675460235908742e-19,1667.3611107522047,40.83333330367582,0.024475121360637293,40.83333330367582,0.9999999999999073,1.0,1.0,0.9999999999999999,1.0,1.070184094363497e-19,2.6754602359087415e-19
Table_11_10.obj,Table_11,M,M,,0.9981096408313391,1.439200173959659e-16,528.999999882597,22.999999983219016,0.04339630365918443,22.999999983218135,0.9999999999998355,1.0,1.0,1.0,1.0,5.756800695838636e-17,1.439200173959659e-16
Table_11_11.obj,Table_11,M,M,,0.9990530865769541,1.368524521980238e-13,1056.062756807341,31.222222199605362,0.031995664682933654,31.22222219734806,0.9999999999998789,1.0,1.0,0.9999999999999979,1.0,5.4740980879209627e-14,1.3685245219802353e-13
Table_11_12.obj,Table_11,M,M,,0.9990530865769539,1.370059058659711e-13,1056.0627568071693,31.222222199605362,0.031995664682933654,31.22222219734806,0.9999999999998789,1.0,1.0,0.9999999999999974,1.0,5.4802362346388566e-14,1.3700590586597075e-13
Table_11_13.obj,Table_11,M,M,,0.9990530865769539,1.370059058659711e-13,1056.0627568071693,31.222222199605362,0.031995664682933654,31.22222219734806,0.9999999999998828,1.0,1.0,0.9999999999999972,1.0,5.480236234638858e-14,1.3700590586597072e-13
Table_12_01.obj,Table_12,SL,SL,,3.846974219968028e-12,0.9952000337068926,1.000000000002422,20.000047692765417,0.03533317848437877,0.9999999999577973,0.7764588842223209,0.9600000000000001,1.0400000000004965,0.7819076691280493,0.5000010022174136,0.6000380116607004,0.5836162939439489
Table_12_02.obj,Table_12,M,M,,0.9885338022348166,0.011367105378280794,87.21286868401394,8.164262620510739,0.11916082996348713,4.904716543800782,0.040515582739456914,0.9997040259869496,1.0320377292477902,0.7552810744759377,0.8412729893616561,0.006051033038034487,0.007903995334381348
Table_12_03.obj,Table_12,SL,SL,,3.826735222924505e-13,0.9991999996187158,1.0000000000001548,49.99989429523395,0.014140751499094056,0.9999999999848062,0.7764600475437675,0.999999999999965,1.0000003659103283,0.7852175614911737,0.49999991402564825,0.5996938160787286,0.5884420066296604
Table_12_04.obj,Table_12,M,M,,0.9885338650242346,0.011367042548697836,87.21334626824698,126.97590746062629,0.0076726126686870915,4.322329436966715,0.5553836120880252,0.9997040618979329,1.032033319677974,0.755280909031061,0.841271643302526,0.006050993121704898,0.00790394413696775
Table_12_05.obj,Table_12,M,M,,0.9885338885567139,0.011367019069966561,87.2135252605997,8.211286455102005,0.11847912138636651,4.8953649905956995,0.040677633700290886,0.9997040635945109,1.0320328919620496,0.7552799723852628,0.841271036855374,0.0060509850069647726,0.007903915406147828
Table_13_01.obj,Table_13,OB,OB,,0.8975999999961046,0.1008000000021737,9.765624999613262,24.99999995968231,0.038069349380979334,3.1249999993519246,0.9999999999998113,1.0,1.0,1.0,1.0,0.04032000000086949,0.1008000000021737
Table_13_02.obj,Table_13,M,M,,0.9956287138854872,0.0043029847689197015,228.76562499075484,120.99999981991087,0.00824617826587723,15.124999996857182,0.9999999999999605,1.0,1.0,1.0,1.0,0.0017211939075678806,0.0043029847689197015
Table_13_03.obj,Table_13,OB,OB,,0.8975999999961046,0.10080000000217326,9.765624999613262,24.999999959678757,0.03806934938098473,3.1249999993519246,0.9999999999998112,1.0,1.0,0.9999999999999998,0.9999999999999999,0.04032000000086932,0.10080000000217323
Table_13_04.obj,Table_13,OB,M,x,0.9851519059827337,0.013136038761855717,67.34871148015112,14.79999999093003,0.06640158940392572,5.692307690925323,0.7503816763404486,0.6486659731998137,2.0056896482859226,0.7533691078917512,0.7785728342916384,0.009174701794787422,0.008800632545023855
Table_13_05.obj,Table_13,OB,M,x,0.9795343234223829,0.01850257740472722,48.8622986006125,14.79999999093003,0.06640158940392572,5.692307690925323,0.7400554687569522,0.8310721942108682,1.6279096609374035,0.7897948834249535,0.7712136238798676,0.011813923522914292,0.012941585742616873
Table_13_06.obj,Table_13,M,M,,0.9969920310675711,0.002883076800995613,332.4502421613952,53.199999967343274,0.018745929060140526,13.999999997665919,0.9152618388070635,0.6587673040412403,2.1492970635816535,0.9522882272308262,0.9362174699796335,0.001704540934088944,0.002657961986824797
Table_13_07.obj,Table_13,M,M,,0.9968400351249853,0.0016328611169192887,316.45921380534804,14.499999995613193,0.06863982230331188,14.499999995205219,0.6522955342717026,0.746422672842881,1.9473786113659917,0.7674330346189909,0.9671192183328186,0.0010652753415085975,0.0012325099182302233
Table_13_08.obj,Table_13,M,M,,0.9968400564165635,0.001632862438237235,316.46134609534937,14.499999995613193,0.06863982230331189,14.49999999520563,0.6522933960973245,0.746383818624423,1.947446353447169,0.7674138101702236,0.9671152473807931,0.0010653017264695627,0.001232477552817747
Table_13_09.obj,Table_13,OB,OB,,0.9521358410306946,0.04717489490846325,20.89245944217308,31.499999988522088,0.030868020395063412,4.199999999785749,0.9999999999999977,0.9661439017741157,1.4015031570494139,0.9839771431321683,0.9953181373587899,0.0230692341789916,0.046310354585733876
Table_13_10.obj,Table_13,OB,OB,,0.9509262039245128,0.04867874527184873,20.3774739264453,51.03999996544433,0.01902146349727213,4.063694267309119,0.9947287502746173,0.9600000000000001,1.04,0.9947287502746175,0.9419148287014669,0.020346071653528867,0.04701584308458766
Table_13_11.obj,Table_13,OB,OB,,0.9279311742687107,0.06747398765984776,13.875624999461376,14.752475236134554,0.06532735537873036,3.7249999992289546,0.999999999999921,1.0,1.0,0.9999999999999994,0.9999999999999999,0.02698959506393912,0.06747398765984772
Table_13_12.obj,Table_13,OB,OB,,0.9493529023218498,0.050581770935509335,19.744468011862967,128.9999998121356,0.007512675183929398,3.9329268290758224,0.9926262053316844,1.0,1.0,0.9926262053316935,0.9300519808508889,0.02124777490219519,0.048452788593526114
Table_13_13.obj,Table_13,M,M,,0.9986373030457997,0.0012319755263130322,733.8388751200789,53.199999967343274,0.01877127639403403,20.46153845659787,0.8981689409487691,0.8310721941654027,1.6279096610615686,0.9453777924973542,0.9319157845543875,0.0006700369279928585,0.0011250340630387845
Table_13_14.obj,Table_13,M,M,,0.9968400313688512,0.0016328649865336184,316.4588376423659,14.499999995613193,0.06863982230331188,14.499999995205219,0.6522956149891682,0.7464248871759377,1.9473750444342504,0.7674331018618301,0.9671191656053968,0.0010652772186093007,0.0012325129140341538
Table_13_15.obj,Table_13,M,M,,0.996840052661373,0.0016328663059643259,316.46097002178584,14.499999995613193,0.06863982230331189,14.49999999520563,0.65229348635668,0.7463861077001699,1.9474391248248453,0.7674138754555645,0.9671151946581836,0.0010653023100925289,0.0012324805439780408
Table_13_16.obj,Table_13,OB,OB,,0.9679212469413189,0.032061504402564986,31.17328152284007,241.9999992316769,0.004065544541664057,5.499999999606733,0.9999999999999711,0.997272933740438,1.0991014037660825,0.8491083746151691,0.960149651558102,0.015520528398637082,0.02668125508711385
Table_14_01.obj,Table_14,OB,OB,,0.028799394087553127,0.962802100621398,1.0296533938633456,11.124999997953422,0.0634321596541835,0.9999999999842787,0.9999999999999997,0.9631796688091776,1.3179353555573805,0.5110215821617743,0.18729991088170928,0.8064773028451837,0.2920832893921944
Table_14_02.obj,Table_14,OB,OB,,0.1054297146959561,0.8943004180858675,1.1178551494810915,40.09523806945892,0.01763293795485327,0.9999999999833815,0.9983047026902271,0.9801432075636314,1.3005585468223335,0.500002507454144,0.001413712643206333,0.7934182798209859,0.22389229826714652
Table_14_03.obj,Table_14,OB,OB,,0.016678725906565665,0.9829240165246432,1.0169616241872144,42.272727246618665,0.016724917527083702,0.9999999999849534,0.9883538822161568,0.9803960857835573,1.2988837921522227,0.5000030174521028,4.4678634891770486e-06,0.8720733418482819,0.2457335849934383
Table_14_04.obj,Table_14,OB,OB,,0.9804203061017299,0.006649924853062652,51.07332143164438,7.999999998157542,0.1230914909754499,7.999999998157458,0.7561728395117088,0.9713477199420378,1.2868880333756354,0.8604737850310252,0.961245132210798,0.0034345588346850016,0.005611206665118032
Table_14_05.obj,Table_14,OB,OB,,0.9804203061017298,0.0066499248530626585,51.07332143164372,7.999999998157542,0.1230914909754499,7.999999998157458,0.7561728395117092,0.971347719942038,1.2868880333756352,0.860473785031024,0.9612451322107978,0.0034345588346850076,0.005611206665118029
Table_14_06.obj,Table_14,OB,OB,,0.9804203061017298,0.006649924853062662,51.073321431643706,7.999999998157542,0.1230914909754499,7.999999998157458,0.7561728395117102,0.9713477199420378,1.2868880333756354,0.8604737850310238,0.9612451322107978,0.0034345588346850102,0.00561120666511803
Table_14_07.obj,Table_14,SL,SL,,0.0002995209797924554,0.8269495294853334,1.0002996103178474,3.3333333252243076,0.20751433907296385,0.999999999299239,0.7765612177162006,0.9599999993882963,1.040047815946394,0.7765612177254086,0.5002386392451373,0.5001013941401773,0.48170932452027937
Table_14_08.obj,Table_14,SL,SL,,0.026131500005170543,0.9367041691055739,1.0268326779382877,7.521772124622445,0.09359689968077296,1.0000336582248996,0.7764427125045077,0.8117341209468533,1.2101295370839973,0.7764584617890694,0.5001011389383065,0.5765928351186353,0.5455206884969359
Table_14_09.obj,Table_14,OB,OB,,6.392484516165456e-15,0.9999935907705774,0.9999999999998809,394.9999972194061,0.0017901408815395544,0.9999999999822895,0.999999999999978,1.0,1.0,1.0,1.0,0.399997436308231,0.9999935907705774
Table_14_10.obj,Table_14,OB,OB,,0.9804203061017298,0.0066499248530626585,51.07332143164372,7.999999998157542,0.1230914909754499,7.999999998157458,0.7561728395117088,0.971347719942038,1.2868880333756352,0.860473785031024,0.9612451322107978,0.0034345588346850076,0.005611206665118029
Table_15_01.obj,Table_15,OB,OB,,0.9907281708933621,6.392569840977861e-16,107.85358406612015,10.385258012741119,0.09540977784288034,10.385258012740765,0.9999999999999494,1.0,1.0,1.0,1.0,2.5570279363911444e-16,6.392569840977861e-16
Table_15_02.obj,Table_15,OB,M,x,0.9907281708933626,1.191636727886518e-06,107.85358406612752,10.385925445658046,0.0954037023126086,10.385258012741119,0.9999999999999512,1.0,1.0,1.0,1.0,4.7665469115460717e-07,1.191636727886518e-06
Table_15_03.obj,Table_15,OB,OB,,0.6471327961129159,0.35263451313353456,2.833927293282638,65.55569661289606,0.013113681541009285,1.6834272461746367,0.9999999999999953,1.0,1.0,1.0,1.0,0.14105380525341382,0.35263451313353456
Table_15_04.obj,Table_15,OB,OB,,0.5630556282762711,0.43582255354987764,2.2886208513339468,29.856490991637617,0.02793005544378779,1.512818842838485,0.9999999999999991,1.0,1.0,1.0,1.0,0.17432902141995107,0.43582255354987764
Table_15_05.obj,Table_15,OB,OB,,0.9907281708933621,6.392569840977861e-16,107.85358406612015,10.385258012741119,0.09540977784288034,10.385258012740765,0.9999999999999494,1.0,1.0,1.0,1.0,2.5570279363911444e-16,6.392569840977861e-16
Table_15_06.obj,Table_15,OB,M,x,0.9907281708933626,1.191636727886518e-06,107.85358406612752,10.385925445658046,0.0954037023126086,10.385258012741119,0.9999999999999512,1.0,1.0,1.0,1.0,4.7665469115460717e-07,1.191636727886518e-06
Table_16_01.obj,Table_16,M,OB,x,0.7821852452419945,0.2170840650041172,4.591057208732016,41.2191217214701,0.021429606493445927,1.8862040300026683,0.9661703257235049,0.9997087081949153,1.0344258376440074,0.9661703257222806,0.8402174527100895,0.09970829025101707,0.19298377153608595
Table_16_02.obj,Table_16,M,M,,0.9970260171623527,0.00016224567190153516,336.249418571206,11.043171676543144,0.089820167380675,11.043171675903771,0.366505979855829,0.9989626693830022,1.0371960400214773,0.8621847649179382,0.9478101839824097,7.613851839576735e-05,0.00013623544080104824
Table_16_03.obj,Table_16,M,OB,x,0.7821854327323129,0.21756172247385558,4.591061160619987,70.07099583954923,0.012607819716021072,1.8862065372853383,0.9661701337045834,0.9997087168744949,1.0344253204136806,0.9661701337045115,0.8402163442278185,0.09992773229735995,0.1934082453678078
Table_16_04.obj,Table_16,SL,SL,,0.7878531548988003,0.212146845101129,4.713716103215689,82351859514.00003,0.0,1.8962020269400552,1.0,3.7513765873281814e-33,1.232595164407831e-32,0.9395898434934479,0.8273580770339399,0.013641898262586112,0.18212457560127582
Table_16_05.obj,Table_16,M,M,,0.9969935866467,0.00019725035407844893,332.62225864649196,11.043171676543144,0.08982016738069598,11.043171676223459,0.36649671207064777,0.9986079142523832,1.0466245805643768,0.8634536893689839,0.9485343997769694,9.283872765244421e-05,0.00016593382432554456
Table_16_06.obj,Table_16,M,M,,0.9970260383694617,0.00016222951168740955,336.2518163419094,11.043171676223313,0.08982016738327636,11.043171676223313,0.36650065883398264,0.9989634981678858,1.037175513959528,0.8621791192379817,0.9478054850036083,7.613073750165165e-05,0.00013622065067246973
Table_16_07.obj,Table_16,M,M,,0.9970260372391663,0.00016223257054236642,336.25168854477823,11.043171676223313,0.08982016738327636,11.043171676223313,0.366497261797924,0.9989629622582433,1.0371858163247298,0.8621747956240597,0.9478033390965178,7.61328575436441e-05,0.00013622238592491672
Table_16_08.obj,Table_16,SL,SL,,0.7956271735113266,0.20437282648861235,4.893018397704455,88169990579.39998,0.0,1.8961999837533368,1.0,2.5679065925163146e-33,1.232595164407831e-32,0.9669821367948916,0.8424513515110263,0.010411449560032919,0.18205710667876995
Table_17_01.obj,Table_17,OB,OB,,0.3740489004519832,0.5259521952846251,1.597568884688345,1.130509961452662,0.5302890734447361,0.9999999997452711,0.3749988585771468,0.9444444444444443,1.5269600763465871,0.9999999999999997,0.9999999999999999,0.26609563413700893,0.5259521952846249
Table_17_02.obj,Table_17,OB,OB,,0.3740489004519832,0.5259521952846251,1.597568884688345,1.130509961452662,0.5302890734447361,0.9999999997452711,0.3749988585771468,0.9444444444444445,1.5269600763465871,0.9999999999999999,0.9999999999999999,0.2660956341370089,0.525952195284625
Table_17_03.obj,Table_17,OB,OB,,0.3740489004519832,0.5259521952846251,1.597568884688345,1.130509961452662,0.5302890734447361,0.9999999997452711,0.3749988585771468,0.9444444444444443,1.5269600763465871,0.9999999999999997,0.9999999999999999,0.26609563413700893,0.5259521952846249
Table_17_04.obj,Table_17,M,M,,0.9929207130026675,0.006099063573093516,141.25716338050478,31.940187510205583,0.03118311185639973,11.885165682307523,0.9999999999999244,1.0,1.0,0.9999999999999993,1.0,0.002439625429237408,0.006099063573093512
Table_17_05.obj,Table_17,M,M,,0.9977003344422801,0.0019812456308501655,434.8458394930327,56.040226323627934,0.0178210115607073,20.852957565596753,0.9999999999999597,1.0,1.0,1.0,1.0,0.0007924982523400663,0.0019812456308501655
Table_17_06.obj,Table_17,M,M,,0.9977003344422801,0.0019812632980489306,434.84583949303266,56.041781055186775,0.017820517320703427,20.852957565596753,0.9999999999999596,1.0,1.0,1.0,1.0,0.0007925053192195723,0.0019812632980489306
Table_17_07.obj,Table_17,M,M,,0.9971152149683304,3.825656930812712e-18,346.64628005957695,18.618439241775054,0.053555919744495965,18.618439241775054,0.9999999999999628,1.0,1.0,0.9999999999999993,1.0,1.5302627723250858e-18,3.82565693081271e-18
Table_17_08.obj,Table_17,OB,OB,,0.6081233259771477,0.3916309736719684,2.551823229829734,63.796537930316354,0.013285080229788585,1.5974427156306321,0.9999999999999926,1.0,1.0,1.0,1.0,0.15665238946878737,0.3916309736719684
Table_17_09.obj,Table_17,OB,OB,,0.3740489004519832,0.5259521952846251,1.597568884688345,1.130509961452662,0.5302890734447361,0.9999999997452711,0.3749988585771468,0.9444444444444445,1.5269600763465871,0.9999999999999997,0.9999999999999999,0.26609563413700893,0.5259521952846249
Table_17_10.obj,Table_17,M,M,,0.9929247695096189,0.0060956231001323075,141.33815164880116,31.950228853779358,0.031173383850234215,11.888572309749817,0.9999999999999315,1.0,1.0,0.999999999999998,0.9999999999999998,0.002438249240052928,0.0060956231001322945
Table_17_11.obj,Table_17,M,M,,0.9970900836439995,2.52073143152519e-05,343.65248950805125,18.618684466781424,0.05355454730361618,18.537866361892874,0.9999999999999646,1.0,1.0,1.0,1.0,1.008292572610076e-05,2.52073143152519e-05
Table_17_12.obj,Table_17,M,M,,0.9971152149683304,7.598974872573585e-08,346.6462800595773,18.618684466021374,0.05355521638966584,18.618439241775054,0.9999999999999645,1.0,1.0,1.0,1.0,3.039589949029434e-08,7.598974872573585e-08
Table_17_13.obj,Table_17,M,M,,0.997115290958079,2.3560800078586904e-13,346.6554115051732,18.618684466781424,0.05355521841063715,18.618684466021374,0.9999999999999645,1.0,1.0,0.9999999999999979,0.9999999999999999,9.424320031434781e-14,2.3560800078586853e-13
Table_18_01.obj,Table_18,OB,OB,,0.6212073913310268,0.3785073553624576,2.6399670350321895,58.99999995783025,0.01430287343151973,1.5733333333033983,1.0000000000000024,0.997272933740438,1.0991014037660822,0.7299802390075174,0.7825685518687053,0.21581589133696874,0.24626442101477217
Table_18_02.obj,Table_18,M,M,,0.9959040029080009,0.0035475834000343602,244.14079833042456,41.99999995446799,0.023754972157481086,15.749999994343298,0.9999999999999168,0.997272933740438,1.0991014037660827,0.9490170778422732,0.9955130477686901,0.0015619200780268442,0.003359164082004877
Table_18_03.obj,Table_18,M,M,,0.9985760056959282,0.0012237451049901236,702.2499999757141,70.66666659706239,0.014139465087930703,26.499999990508076,0.9999999999999497,1.0,1.0,1.0,1.0,0.0004894980419960494,0.0012237451049901236
Table_18_04.obj,Table_18,M,M,,0.9985760056959282,0.0012237451049901284,702.2499999757139,70.66666659706317,0.014139465087930545,26.499999990508076,0.9999999999999498,1.0,1.0,1.0,1.0,0.0004894980419960514,0.0012237451049901284
Table_18_05.obj,Table_18,M,M,,0.9905339021677363,0.002754106220656923,105.64015053713233,10.999999995805135,0.09016696346493798,10.999999995805089,0.9999999999999566,0.997272933740438,1.099101403766082,0.9995465763899459,0.9989759695363853,0.0011614785932474614,0.0027514479389296235
Table_18_06.obj,Table_18,M,M,,0.9959040029080009,0.0035475834000343602,244.14079833042456,41.99999995446799,0.023754972157481086,15.749999994343298,0.9999999999999168,0.997272933740438,1.0991014037660827,0.9490170778422732,0.9955130477686901,0.0015619200780268442,0.003359164082004877
Table_18_07.obj,Table_18,M,M,,0.9905339021677363,0.0027541062206569234,105.6401505371314,10.999999995805135,0.09016696346493798,10.999999995805089,0.9999999999999566,0.997272933740438,1.099101403766082,0.9995465763899444,0.998975969536385,0.0011614785932474632,0.0027514479389296196
Table_18_08.obj,Table_18,M,M,,0.9905339021677363,0.002754106220656914,105.64015053713233,10.999999995805135,0.09016696346493798,10.999999995805135,0.9999999999999551,0.997272933740438,1.0991014037660825,0.9995465763899459,0.9989759695363852,0.001161478593247458,0.0027514479389296144
Table_18_09.obj,Table_18,M,M,,0.9905339021677364,0.0027541062206569134,105.64015053713416,10.999999995805135,0.09016696346493798,10.999999995805135,0.9999999999999551,0.997272933740438,1.0991014037660825,0.9995465763899466,0.9989759695363853,0.001161478593247457,0.002751447938929616
Table_18_10.obj,Table_18,M,M,,0.9959040029077899,0.003547583400245268,244.1407983178522,41.99999995446799,0.02375497215747863,15.749999993937555,0.9999999999999102,0.9972729337404379,1.0991014037660827,0.9490170778421285,0.9955130477685683,0.0015619200781199893,0.0033591640822038652
Table_18_11.obj,Table_18,M,M,,0.9959040029077899,0.003547583400245268,244.1407983178522,41.99999995446799,0.02375497215747863,15.749999993937555,0.9999999999999102,0.9972729337404379,1.0991014037660827,0.9490170778421285,0.9955130477685683,0.0015619200781199893,0.0033591640822038652
Table_18_12.obj,Table_18,M,M,,0.9985760056958547,0.0012237451050634849,702.2499999395358,70.66666659706239,0.014139465087930186,26.4999999898254,0.9999999999999477,1.0,1.0,1.0,1.0,0.000489498042025394,0.0012237451050634849
Table_18_13.obj,Table_18,M,M,,0.9985760056958547,0.0012237451050634888,702.2499999395359,70.66666659706317,0.014139465087930028,26.4999999898254,0.9999999999999477,1.0,1.0,0.9999999999999998,1.0,0.0004894980420253956,0.0012237451050634885
Table_18_14.obj,Table_18,OB,OB,,0.6485845672662353,0.3499806301625564,2.8456348436966072,26.39999999061219,0.03256650944526522,1.6869009584333692,0.9999999999999988,1.0,1.0,1.0,1.0,0.13999225206502258,0.3499806301625564
Table_19_01.obj,Table_19,OB,OB,,1.0423439187698776e-06,0.9944688910508225,1.0000010423448231,13.447291486685085,0.05251105034117733,1.0000005211510197,0.9999999999999988,1.0,1.0,1.0,1.0,0.39778755642032904,0.9944688910508225
Table_19_02.obj,Table_19,OB,OB,,1.0000004354884567e-06,0.999373999999358,1.000001000001205,39.9999999623436,0.01767491245771728,1.0000004999765768,0.9999999999999946,1.0,1.0,1.0,1.0,0.39974959999974324,0.999373999999358
Table_19_03.obj,Table_19,M,M,,0.9876543209874742,1.6371169934217505e-16,80.99999999880306,8.99999999827088,0.10976425998737552,8.999999998270821,0.9999999999999923,1.0,1.0,1.0,1.0,6.548467973687002e-17,1.6371169934217505e-16
Table_19_04.obj,Table_19,M,M,,0.9876543209874735,8.496429965859716e-16,80.99999999879819,8.99999999827086,0.1097642599873757,8.999999998270507,0.9999999999999918,1.0,1.0,0.999999999999999,0.9999999999999999,3.3985719863438896e-16,8.496429965859707e-16
Table_19_05.obj,Table_19,OB,OB,,6.999971383591073e-07,0.9981413927494751,1.0000006999975186,23.199999991039363,0.030464599081669024,1.0000003499821906,0.999999999999999,1.0,1.0,1.0,1.0,0.3992565570997901,0.9981413927494751
Table_19_06.obj,Table_19,M,M,,0.9876543209874743,2.072299991673102e-17,80.99999999880362,8.99999999827086,0.10976425998737575,8.999999998270821,0.9999999999999923,1.0,1.0,0.9999999999999981,0.9999999999999999,8.289199966692423e-18,2.072299991673098e-17
Table_19_07.obj,Table_19,M,M,,0.9876543209874733,1.0340776958448776e-15,80.99999999879738,8.99999999827088,0.10976425998737548,8.999999998270507,0.9999999999999919,1.0,1.0,0.9999999999999999,1.0,4.136310783379511e-16,1.0340776958448774e-15
Table_19_08.obj,Table_19,OB,OB,,8.000003795181035e-07,0.9974991999994733,1.000000800000872,19.999999992315054,0.03533326972423456,1.0000003999812168,1.0000000000000009,1.0,1.0,1.0,1.0,0.39899967999978936,0.9974991999994733
Table_20_01.obj,Table_20,M,M,,0.5566890683003547,0.4425617835876777,2.255753080949011,34.58996239256543,0.022141778568422768,1.191853962311244,0.8997458167915348,0.9985349086761885,1.067183006105198,0.9077070103166816,0.8672410986273879,0.21243355802875738,0.375050717276
Table_20_02.obj,Table_20,M,M,,0.5548367547244702,0.44441320525777317,2.2463669465364564,34.59346675787902,0.022139545309928184,1.1918550879681897,0.8997503054261754,0.9985645341097192,1.067443405714394,0.9084292471516985,0.8677418632152035,0.21318210947303745,0.37702046131989947
Table_20_03.obj,Table_20,SL,SL,,2.503134249544727e-06,0.9985564390098203,1.0000025031403739,33.60180855863281,0.021039076293291215,1.0000021166557684,0.9065823053859562,0.9999999999999694,1.0000003371028985,0.906582235370416,0.7055947593962593,0.5055667304663485,0.7720148931181072
