file,group,ground_truth,prediction,error,linearity,planarity,eig_ratio_r12,elongation,thickness_norm,aspect_ratio_xy,compactness,normal_disp_p95,rectangularity,axis_alignment,hull_vertex_density,boundary_edge_cv,boundary_turning_std,perimeter_rect_ratio,surface_complexity,sl_regular_surface_score
BedSet_01_01.obj,BedSet_01,OB,OB,,0.004667698727255525,0.9606592148766903,1.0046895883124538,5.651442206097957,0.130983516468576,1.1225132130554931,0.977104605050025,1.098654247018512,0.6307621424856756,0.586038757702362,1.2283041486638007,2.5255099130643126,0.3354694573970737,0.7898165261954871,0.7286693905529229,0.4805280819731025
BedSet_01_02.obj,BedSet_01,OB,OB,,0.5241438067043811,0.4600766953972728,2.1014752231640443,7.559740073652546,0.10798752296125896,1.4388670217860688,0.9965809379456656,1.0077383560478423,0.999300166089324,0.9777757973131639,1.564068004728409,3.4284311347364405,0.03309284876226553,0.9879829031853167,0.2545639460525599,0.45464587710341
BedSet_01_03.obj,BedSet_01,M,M,,0.9903148600330939,0.007630768622838996,103.25096007033478,22.498596319558672,0.04419031907387404,10.161247956420542,0.9999498696546191,1.0815999996555279,0.9999999999999999,1.0,0.7999999984,0.8208064512024559,0.0,1.0,0.0035681498677686196,0.007630768622838995
BedSet_01_04.obj,BedSet_01,M,M,,0.9913155163014136,0.0038614743451652303,115.1478930360616,14.68444771394094,0.06765013196047412,10.730698621213273,0.9999999999995735,1.0816000000000001,0.9999999999999998,1.0,0.7999999984,0.8295071705051794,0.0,1.0,0.0018073065292047968,0.0038614743451652295
BedSet_01_05.obj,BedSet_01,M,M,,0.9912293409816532,0.006910281598373528,114.01651779038673,23.64373806367014,0.04207294562270141,10.677851734956613,0.9999999999995908,1.0816000000000001,0.9999999999999999,1.0,0.7999999984,0.8287356231871439,0.0,0.9999999999999999,0.003233989544280162,0.006910281598373527
BedSet_01_06.obj,BedSet_01,M,M,,0.9886224884095989,0.009979366685486208,87.8926812820972,27.27348132211495,0.03643462679845065,9.375109663070369,0.9999999999994431,1.0816000000000001,1.0,1.0,0.7999999984,0.8072309532293278,0.0,0.9999999999999999,0.004659581336510479,0.009979366685486208
BedSet_01_07.obj,BedSet_01,OB,OB,,0.888889240175168,0.11034021813637097,9.00002845427708,36.02482913241645,0.026325028902776364,3.000004742195058,0.9999999999999913,1.0,1.0,1.0,0.8164965792610595,0.5000005927813018,0.0,1.0,0.046783129711315985,0.11034021813637097
BedSet_01_08.obj,BedSet_01,OB,OB,,0.9394940525570049,0.060149396328006824,16.527300906114174,52.95891760776521,0.01833290764804052,4.065378322385644,0.9999999999999926,1.0,1.0,1.0,0.8164965792610595,0.6051627592874481,0.0,1.0,0.025819004028155047,0.060149396328006824
BedSet_01_09.obj,BedSet_01,OB,OB,,0.9394940525570049,0.060193328301078035,16.527300906114174,56.557762042181594,0.017166716189132077,4.065378322385644,0.9999999999999922,1.0,1.0,1.0,0.8164965792610595,0.6051627592874479,0.0,1.0,0.02583786173677618,0.060193328301078035
BedSet_01_10.obj,BedSet_01,OB,OB,,0.877002599634388,0.12223201469645131,8.130253135654076,36.145966065195154,0.026097736390374434,2.851359874634314,0.9999999999999898,1.0,0.9999999999999997,0.9999999999999999,0.8164965792610595,0.48070290363134827,1.5700924586837752e-16,1.0,0.05170719067537307,0.12223201469645127
BedSet_01_11.obj,BedSet_01,OB,OB,,0.4884101761650428,0.5115228775641181,1.9546909524191671,122.2184592302893,0.006654824365872354,1.398102625823984,0.9999999999999966,1.0,1.0,1.0,0.8164965792610595,0.16600733494674036,0.0,1.0,0.20833823541556923,0.5115228775641181
BedSet_01_12.obj,BedSet_01,OB,OB,,0.4006090318535098,0.5990328052994737,1.668360140781161,52.83962573720196,0.014962850102835457,1.2916501618836336,0.9999999999999936,1.0,1.0,1.0,0.8164965792610595,0.127266441779588,0.0,1.0000000000000002,0.2428198147203318,0.5990328052994737
BedSet_01_13.obj,BedSet_01,OB,OB,,0.9607177169750823,0.039083900905651954,25.456768878873763,70.99842863502793,0.013814750783128332,5.045470134066735,0.9999999999999696,1.0,1.0,1.0,0.8164965792610595,0.6691737853941411,0.0,1.0,0.016901773696446996,0.039083900905651954
BedSet_01_14.obj,BedSet_01,OB,OB,,0.407554953191975,0.5921008654697683,1.687920264314191,53.902181265214004,0.014699904197405776,1.299199855382347,0.9999999999999987,1.0,0.9999999999999999,0.9999999999999999,0.8164965792610595,0.13013216519864593,0.0,0.9999999999999999,0.24009477117041225,0.5921008654697681
BedSet_01_15.obj,BedSet_01,OB,OB,,0.2518293820938477,0.7355154924647219,1.3365935203307457,8.889283814936341,0.08477641310051054,1.156111378717993,0.9999999999998628,1.0,1.0,0.9999999999999999,0.8164965792610595,0.07240413476604768,1.1102230246251565e-16,1.0,0.29612589352005675,0.7355154924647219
BedSet_01_16.obj,BedSet_01,OB,OB,,0.3272308153839093,0.6562138174570679,1.4863938819765299,7.7719606182365695,0.09899490913761047,1.219177543104396,0.9999999999998936,1.0,1.0,1.0,0.8164965792610595,0.09876521322028556,0.0,1.0,0.2650631712229882,0.6562138174570679
BedSet_01_17.obj,BedSet_01,OB,OB,,0.36429150259451937,0.6281653725505363,1.5730480307833488,11.513950325994552,0.06775223295977352,1.2542121153917807,0.9999999999998518,1.0,1.0,1.0,0.8164965792610595,0.112772047389962,0.0,1.0,0.2541735478246535,0.6281653725505363
BedSet_01_18.obj,BedSet_01,OB,OB,,0.9548873663254155,0.04510921245370221,22.166739526074057,540.6415940403921,0.0018092904009895105,4.7081567009402985,0.9999999999995067,1.0,1.0,1.0,0.8164965792610595,0.6496241948602725,0.0,1.0,0.01946331720954313,0.04510921245370221
BedSet_01_19.obj,BedSet_01,OB,OB,,0.25182938209383254,0.7355154924647367,1.3365935203307187,8.889283814936253,0.08477641310051102,1.1561113787179818,0.9999999999998628,1.0,1.0,1.0,0.8164965792610595,0.07240413476604259,0.0,1.0,0.2961258935200626,0.7355154924647367
BedSet_01_20.obj,BedSet_01,OB,OB,,0.3272308153839218,0.6562138174570554,1.4863938819765574,7.771960618236642,0.09899490913760993,1.2191775431044076,0.9999999999998933,1.0,1.0,1.0,0.8164965792610595,0.09876521322029023,0.0,1.0,0.26506317122298334,0.6562138174570554
BedSet_01_21.obj,BedSet_01,OB,OB,,0.36429150259450704,0.6281653725505484,1.5730480307833181,11.513950325994445,0.0677522329597739,1.2542121153917691,0.9999999999998518,1.0,1.0,1.0,0.8164965792610595,0.11277204738995747,0.0,1.0,0.25417354782465823,0.6281653725505484
BedSet_01_22.obj,BedSet_01,OB,OB,,0.9548873663254155,0.04510921245370221,22.166739526074057,540.6415940403921,0.0018092904009895105,4.7081567009402985,0.9999999999995067,1.0,1.0,1.0,0.8164965792610595,0.6496241948602725,0.0,1.0,0.01946331720954313,0.04510921245370221
BedSet_02_01.obj,BedSet_02,OB,OB,,0.9540635060639326,0.044169058223824165,21.769184243589873,49.30232552146485,0.019973861624642656,5.699476844717813,0.96530522025656,1.7074252211039767,0.8993797329153503,0.9673220469977901,0.4811252238617251,0.6774090486363044,0.5911073055555385,0.9757007242109988,0.03191456445385166,0.03907569393712566
BedSet_02_02.obj,BedSet_02,OB,OB,,0.954063436759812,0.04416912920624795,21.769151400598055,49.3023255149785,0.019973861627268767,5.6994768447115876,0.9653052202567505,1.7073954853193754,0.8993787376611279,0.9673217879763764,0.4811252238617251,0.6774090486366516,0.5911073055553012,0.9757005356526975,0.03191416966240914,0.03907570834815356
BedSet_02_03.obj,BedSet_02,OB,OB,,0.9540633891022399,0.0441691751867059,21.76912881589093,49.30232551503235,0.01997386162724761,5.699476844717813,0.9653052202565598,1.7074145436349135,0.8993795383889366,0.9673219963710808,0.4811252238617251,0.6774090486363044,0.5911073055555404,0.9757006873565602,0.03191448656105021,0.03907578795515309
BedSet_02_04.obj,BedSet_02,OB,OB,,0.9540635537213118,0.04416901224355916,21.76920682832051,49.302325521411,0.01997386162466381,5.6994768447115876,0.9653052202567507,1.707406197926869,0.8993789322005972,0.9673218386065744,0.4811252238617251,0.6774090486366516,0.5911073055553,0.9757005725096581,0.031914248098963115,0.039075614331024806
BedSet_02_05.obj,BedSet_02,M,M,,0.9978749557319752,0.002065323772526261,470.57843219865197,94.66452497576289,0.01055198201199927,21.846129044541758,0.9976506436485714,1.3611111111111107,1.0,1.0,0.5773502683562924,0.9124578187402554,0.0,1.0,0.0011496682524718186,0.002065323772526261
BedSet_02_06.obj,BedSet_02,M,M,,0.9978750927144074,0.002065186790093781,470.6087681002089,94.66452497576289,0.010551982723040195,21.846833190008542,0.9976506436485718,1.3611111111111114,1.0,1.0,0.5773502683562924,0.912460516813534,0.0,1.0,0.0011495922794190511,0.002065186790093781
BedSet_02_07.obj,BedSet_02,M,M,,0.9978748187449572,0.0020654607595442655,470.54809919244667,94.66452497576289,0.010551981300934684,21.845424943587243,0.9976506436485721,1.3611111111111107,1.0,1.0,0.5773502683562924,0.9124551206712294,0.0,1.0,0.0011497442280406116,0.0020654607595442655
BedSet_02_08.obj,BedSet_02,M,M,,0.9978749557319755,0.0020653237725259677,470.578432198721,94.66452497576289,0.010551982011999271,21.846129044543353,0.9976506436485716,1.3611111111111107,1.0,1.0,0.5773502683562924,0.9124578187402616,0.0,1.0,0.0011496682524716562,0.0020653237725259677
BedSet_02_09.obj,BedSet_02,M,M,,0.9978750927144074,0.002065186790093781,470.6087681002089,94.66452497576289,0.010551982723040195,21.846833190008542,0.997650643648571,1.3611111111111114,1.0,1.0,0.5773502683562924,0.912460516813534,0.0,1.0,0.0011495922794190511,0.002065186790093781
BedSet_02_10.obj,BedSet_02,M,M,,0.9978748187449745,0.0020654607595266255,470.54809919629304,94.66452497576289,0.010551981300934774,21.84542494367653,0.9976506436485715,1.3611111111111114,0.9999999999999999,1.0,0.5773502683562924,0.9124551206715715,0.0,1.0,0.0011497442280308284,0.002065460759526625
BedSet_02_11.obj,BedSet_02,M,M,,0.9978749557319755,0.0020653237725259677,470.578432198721,94.66452497576289,0.010551982011999271,21.846129044543353,0.997650643648571,1.3611111111111107,1.0,1.0,0.5773502683562924,0.9124578187402616,0.0,1.0,0.0011496682524716562,0.0020653237725259677
BedSet_02_12.obj,BedSet_02,M,M,,0.9978750927144419,0.0020651867900596966,470.60876810783435,94.66452497576289,0.010551982723040374,21.84683319018554,0.9976506436485716,1.3611111111111114,1.0,1.0,0.5773502683562924,0.9124605168142121,0.0,1.0,0.0011495922794001478,0.0020651867900596966
BedSet_02_13.obj,BedSet_02,M,M,,0.9978750927145777,0.0020651867899233274,470.6087681379252,94.66452497576289,0.01055198272304108,21.846833190883967,0.9976506436485709,1.3611111111111107,1.0,1.0,0.5773502683562924,0.9124605168168883,0.0,1.0,0.0011495922793245135,0.0020651867899233274
BedSet_02_14.obj,BedSet_02,M,M,,0.9979176025511274,0.002021313103602376,480.2157246885375,100.79417604998275,0.00990853884497235,20.160102232498044,0.966906196916511,1.174202833760644,0.9995725248467708,0.9946550598186921,1.4433756708907313,1.8655074454658178,0.5760101180585989,0.9974190538261516,0.0012550909233897992,0.002015049452837988
BedSet_02_15.obj,BedSet_02,OB,OB,,0.9710671339130847,0.028439998075231693,34.56277013814096,78.00366635555899,0.012730630213486265,8.478582163121997,0.999999999999969,1.234567901234568,0.9999998374926243,0.9999999759308772,0.47140452023547613,0.7889979782259604,3.510833468576701e-16,0.9999999810961556,0.014215249039030965,0.028439993111259394
BedSet_02_16.obj,BedSet_02,M,M,,0.9978749557318048,0.002065323772696535,470.5784321609401,94.66452497576289,0.010551982011998385,21.846129043666387,0.9976506436485714,1.3611111111111114,0.9999999999999999,1.0,0.5773502683562924,0.9124578187369012,0.0,1.0,0.0011496682525662567,0.0020653237726965348
BedSet_02_17.obj,BedSet_02,M,M,,0.999327773828833,0.0004227290333468596,1487.5945669652106,65.99853346217503,0.015143163428248035,33.000418994662425,0.9965298275445972,1.3611111111111114,0.9965295525758152,0.9968707634382931,0.8660254025344387,1.2728087142665134,0.6981116891911063,0.9976238321436585,0.0002656788307773139,0.00042060286027568127
BedSet_02_18.obj,BedSet_02,M,M,,0.9978749557319238,0.002065323772577447,470.57843218724935,94.66452497576289,0.010551982011999,21.846129044277074,0.9976506436485717,1.3611111111111107,0.9999999999999999,1.0,0.5773502683562924,0.9124578187392413,0.0,1.0,0.001149668252500207,0.0020653237725774464
BedSet_02_19.obj,BedSet_02,M,M,,0.998404344040792,0.0015149804639269966,626.7015105789716,100.79417605024537,0.009912918687287888,25.19986381616975,0.9918655757514957,1.0001291955394798,1.0,1.0,0.6666666655555555,0.9236637253533824,0.0,1.0,0.0006608775108393687,0.0015149804639269966
BedSet_02_20.obj,BedSet_02,OB,OB,,0.7499999999769813,0.08999664793382736,3.999999999522863,2.4999738107631804,0.33686389659841026,1.9999999989462982,0.9999999999991127,1.0,0.9999999999999999,1.0,0.8164965792610595,0.3333333332150947,0.0,1.0000000000000002,0.037407688219513895,0.08999664793382735
BedSet_02_21.obj,BedSet_02,M,M,,0.9978748187451276,0.00206546075937368,470.548099230224,94.66452497576289,0.010551981300935568,21.845424944464153,0.9976506436485715,1.3611111111111114,1.0,1.0,0.5773502683562924,0.9124551206745898,0.0,1.0,0.0011497442279460026,0.00206546075937368
BedSet_02_22.obj,BedSet_02,M,M,,0.9978750927144586,0.0020651867900425827,470.60876811154395,94.66452497576289,0.01055198272304046,21.84683319027165,0.9976506436485715,1.3611111111111114,0.9999999999999999,1.0,0.5773502683562924,0.9124605168145421,0.0,1.0,0.0011495922793906556,0.0020651867900425822
BedSet_02_23.obj,BedSet_02,M,M,,0.9978749557319752,0.002065323772526261,470.57843219865197,94.66452497576289,0.01055198201199927,21.846129044541758,0.9976506436485719,1.3611111111111107,1.0,1.0,0.5773502683562924,0.9124578187402554,0.0,1.0,0.0011496682524718186,0.002065323772526261
BedSet_02_24.obj,BedSet_02,OB,OB,,0.3617284672270194,0.6315132386904657,1.5667313183394156,11.605181018156193,0.0671342243273123,1.2499905160733413,0.999400116050089,1.0000768100606976,0.9999644303034365,0.9950770932072521,0.8748177650246043,2.5389078654255974,0.07250948960058412,0.9972817408064529,0.3203310663569669,0.6299363908409334
BedSet_02_25.obj,BedSet_02,M,M,,0.9993033261211353,0.0002507932551705415,1435.3918387603537,45.49981665681825,0.021964521244484378,36.40023462433408,0.9999999999999512,1.0,1.0,1.0,0.7844645390142747,0.9465243996445192,0.0,0.9999999999999999,0.00011145104099226399,0.0002507932551705415
BedSet_02_26.obj,BedSet_02,M,M,,0.9993033261211353,0.000250793255228739,1435.391838760354,45.49981665978763,0.021964521243051635,36.40023462433408,0.9999999999999512,1.0,1.0,1.0,0.7844645390142747,0.9465243996445192,0.0,0.9999999999999999,0.0001114510410181266,0.000250793255228739
BedSet_02_27.obj,BedSet_02,M,M,,0.9988434603445213,0.00046260132414558216,864.6482593680936,36.99979047477495,0.027001920756015395,29.60014244653156,0.9999999999999396,1.5625,0.9999999999999934,0.9999999999999998,0.7071067799365475,0.9346408271314243,1.970450397214979e-15,0.9999999999999997,0.00029422991531634997,0.00046260132414557907
BedSet_02_28.obj,BedSet_02,M,M,,0.9988434603445212,0.0004626013241456481,864.648259368044,36.99979047477495,0.027001920756015395,29.60014244653156,0.9999999999999396,1.5625,0.9999999999999991,0.9999999999999999,0.7071067799365475,0.934640827131424,2.1210781103223385e-15,0.9999999999999998,0.0002942299153163912,0.00046260132414564764
BedSet_02_29.obj,BedSet_02,OB,OB,,0.9838297993561204,0.015993002914534586,61.84215162336451,53.00272351327552,0.018536653721661918,5.300050279347689,0.9929696953663386,1.1831610946937872,0.9999999999999999,1.0,0.4216370209113394,0.6825421581881519,0.0,1.0,0.007573194055049021,0.015993002914534583
BedSet_02_30.obj,BedSet_02,OB,OB,,0.9838297993561204,0.015993002914534715,61.84215162336451,53.002723513300666,0.018536653721653126,5.300050279347689,0.9929696953663352,1.1831610946937787,1.0,1.0,0.4216370209113394,0.6825421581881518,0.0,1.0,0.007573194055049033,0.015993002914534715
BedSet_02_31.obj,BedSet_02,M,M,,0.996930616104376,0.003016304794382527,325.79828200226166,93.61521441668462,0.010630206390088737,10.175071191411858,0.9923493133321479,1.2041825859041773,0.9999999999999999,1.0,0.33567254303698546,0.8209714119895607,0.0,1.0,0.0014558280398672089,0.0030163047943825264
BedSet_02_32.obj,BedSet_02,OB,OB,,0.7579421786568262,0.24204879775209487,4.131244321917427,312.03070277035556,0.0027888375036511626,1.7662439834326653,0.9999999999998807,1.3611111111111114,0.9999999999999998,1.0,0.6666666655555555,0.2769963472345283,0.0,1.0,0.12834364135345105,0.2420487977520948
BedSet_02_33.obj,BedSet_02,OB,OB,,0.9838297993561204,0.015993002914534767,61.84215162336451,53.00272351332581,0.018536653721644335,5.300050279347689,0.9929696953663455,1.1831610946935551,1.0,1.0,0.4216370209113394,0.682542158188152,0.0,0.9999999999999999,0.007573194055047807,0.015993002914534767
BedSet_02_34.obj,BedSet_02,OB,OB,,0.9838297993561204,0.015993002914534715,61.84215162336451,53.002723513300666,0.018536653721653126,5.300050279347689,0.9929696953663352,1.1831610946938311,1.0,1.0,0.4216370209113394,0.6825421581881518,0.0,1.0,0.007573194055049326,0.015993002914534715
BedSet_02_35.obj,BedSet_02,M,M,,0.996930616104376,0.0030163047943824912,325.7982820022655,93.6152144166851,0.010630206390088683,10.17507119141191,0.992349313332148,1.2041825859041775,1.0,1.0,0.33567254303698546,0.8209714119895616,0.0,1.0,0.001455828039867192,0.0030163047943824912
BedSet_02_36.obj,BedSet_02,OB,OB,,0.7579421786568286,0.24204879775209248,4.131244321917467,312.03070277035715,0.0027888375036511513,1.7662439834326742,0.9999999999998809,1.3611111111111114,0.9999999999999998,1.0,0.6666666655555555,0.27699634723453076,0.0,1.0,0.12834364135344983,0.24204879775209243
BedSet_02_37.obj,BedSet_02,OB,OB,,0.9838297993561204,0.015993002914534586,61.84215162336451,53.00272351327552,0.018536653721661918,5.300050279347689,0.9929696953663386,1.1831610946937872,1.0,1.0,0.4216370209113394,0.6825421581881519,0.0,1.0,0.007573194055049021,0.015993002914534586
BedSet_02_38.obj,BedSet_02,OB,OB,,0.9838297993561204,0.015993002914534715,61.84215162336451,53.002723513300666,0.018536653721653126,5.300050279347689,0.9929696953663352,1.1831610946937787,1.0,1.0,0.4216370209113394,0.6825421581881518,0.0,1.0,0.007573194055049033,0.015993002914534715
BedSet_02_39.obj,BedSet_02,M,M,,0.996930616104376,0.0030163047943825272,325.7982820022616,93.61521441668462,0.010630206390088737,10.175071191411858,0.9923493133321479,1.2041825859041775,1.0,1.0,0.33567254303698546,0.8209714119895607,0.0,1.0,0.0014558280398672093,0.0030163047943825272
BedSet_02_40.obj,BedSet_02,OB,OB,,0.7579421786568261,0.242048797752095,4.131244321917425,312.03070277035556,0.0027888375036511626,1.7662439834326653,0.9999999999998807,1.3611111111111114,1.0,1.0,0.6666666655555555,0.27699634723452843,0.0,1.0,0.12834364135345114,0.242048797752095
BedSet_02_41.obj,BedSet_02,OB,OB,,0.9838297993561204,0.015993002914534767,61.84215162336451,53.00272351332581,0.018536653721644335,5.300050279347689,0.9929696953663455,1.1831610946935551,1.0,1.0,0.4216370209113394,0.682542158188152,0.0,0.9999999999999999,0.007573194055047807,0.015993002914534767
BedSet_02_42.obj,BedSet_02,OB,OB,,0.9838297993561204,0.015993002914534715,61.84215162336451,53.002723513300666,0.018536653721653126,5.300050279347689,0.9929696953663352,1.1831610946938307,1.0,1.0,0.4216370209113394,0.6825421581881518,0.0,1.0,0.007573194055049325,0.015993002914534715
BedSet_02_43.obj,BedSet_02,M,M,,0.996930616104376,0.0030163047943824947,325.7982820022651,93.6152144166851,0.010630206390088683,10.17507119141191,0.992349313332148,1.2041825859041775,1.0,1.0,0.33567254303698546,0.8209714119895616,0.0,1.0,0.0014558280398671937,0.0030163047943824947
BedSet_02_44.obj,BedSet_02,OB,OB,,0.7579421786568283,0.24204879775209281,4.131244321917463,312.03070277035715,0.0027888375036511513,1.7662439834326742,0.9999999999998809,1.3611111111111114,1.0,1.0,0.6666666655555555,0.27699634723453076,0.0,1.0,0.12834364135345,0.24204879775209281
BedSet_02_45.obj,BedSet_02,M,M,,0.9822786266252995,0.01756513769569464,56.429035089769826,80.00366634937912,0.012389173329746175,7.511926189486241,0.9999999999999725,1.0,0.9999999999999986,0.9999999999999999,0.8164965792610595,0.7650355565298971,2.220446049250313e-16,0.9999999999999999,0.00768020842868768,0.017565137695694615
BedSet_02_46.obj,BedSet_02,M,M,,0.9970169204259258,0.002955004456693091,335.22404453800044,188.72924787420123,0.0052906363071132875,18.30912461969132,0.9999999999998217,1.0,1.0,1.0,0.8164965792610595,0.8964220264067457,0.0,1.0,0.0013114631758335367,0.002955004456693091
BedSet_02_47.obj,BedSet_02,M,M,,0.9979668792389959,0.0019327290840323763,491.8546990322594,99.80473483727002,0.010008893345772764,22.177797428142195,0.9999999999999506,1.0,1.0,1.0,0.8164965792610595,0.913710523781409,0.0,1.0,0.0008594369257413187,0.0019327290840323763
BedSet_02_48.obj,BedSet_02,M,M,,0.9812661271169238,0.018633876811067353,53.37924551112304,100.00196394357262,0.00990694571320249,7.30611014827392,0.9999999999999689,1.0,0.9999999999999989,0.9999999999999999,0.8164965792610595,0.7592134026314423,1.5700924586837752e-16,0.9999999999999999,0.008142081135247366,0.018633876811067332
BedSet_02_49.obj,BedSet_02,M,M,,0.997449269021752,0.0024854343171657974,392.04448000503214,123.75265136397888,0.008070086049067678,19.800113126222236,0.9999999999999435,1.0,1.0,1.0,0.8164965792610595,0.9038466768022734,0.0,1.0,0.001103985505483696,0.0024854343171657974
BedSet_02_50.obj,BedSet_02,M,M,,0.995191250985599,0.0047592226791379685,207.95429268716384,142.09601639969924,0.007020461940887323,14.420620395213227,0.9999999999998684,1.0,1.0,1.0,0.8164965792610595,0.870303531978099,0.0,1.0,0.0021059796953019597,0.0047592226791379685
BedSet_02_51.obj,BedSet_02,M,M,,0.9974492690218851,0.0024854343170326856,392.04448002549145,123.75265136397888,0.008070086049068214,19.80011312673888,0.9999999999999436,1.0,1.0,1.0,0.8164965792610595,0.9038466768046617,0.0,1.0,0.001103985505424867,0.0024854343170326856
BedSet_03_01.obj,BedSet_03,OB,OB,,0.4047322329380033,0.5849988659371792,1.6799162584184901,9.241574981640369,0.08542013400620169,1.2986269190300617,0.9999999999999997,1.1604938271604939,0.9999999183156278,0.9999999496329953,1.4142135590397618,0.7226622387429535,0.740420847126375,0.9999999604418494,0.3300445662446442,0.584998803419595
BedSet_03_02.obj,BedSet_03,M,M,,0.9957701033525154,0.003056583801047671,236.41239570092287,30.462135366371946,0.032746355962506704,16.02732660561819,0.9999999999996647,1.5470914127423825,0.9591047138689355,0.9965028702552253,0.973328525205628,1.2873225751861572,0.7392624857250131,0.9972646421515973,0.002177032313777739,0.002926457867236439
BedSet_03_03.obj,BedSet_03,M,M,,0.9961265751904718,0.0027016204188963166,258.16946221319535,30.462135366371946,0.032751707393966295,16.749324764547353,0.9999999999996505,1.5470914127423825,0.9604371776898541,0.9967486754316487,0.973328525205628,1.2917440287989415,0.7394447755280505,0.9974561690218923,0.0019237803229394793,0.002590518524739249
BedSet_03_04.obj,BedSet_03,M,M,,0.9987027583103022,0.0006965570013722564,770.8663758967691,47.766265541631405,0.02091451427136314,25.4149377440072,0.9999999999997923,1.433641975308642,0.8581706976963487,0.9916586033018661,0.7071067803532142,1.3341999181344322,0.6933598553624288,0.9935131231214489,0.00047572347210207504,0.0005952717111556633
BedSet_03_05.obj,BedSet_03,M,M,,0.9993010915648586,0.000583111004792758,1430.8025911827558,92.92884479939926,0.010756071170796062,35.66264886506975,0.9999999999997949,0.888888888888889,0.9999999999999971,1.0,1.1547005350459183,0.9454485679055858,1.5700924586837752e-16,0.9999999999999998,0.0002493765011762785,0.0005831110047927562
BedSet_03_06.obj,BedSet_03,M,M,,0.9936483186115173,0.0009726011971044647,157.43862747930956,12.854930379089396,0.07731317824917049,12.547455004696149,0.9999999999922381,0.888888888888889,1.0,1.0,1.1547005350459183,0.852370795917466,0.0,1.0,0.000411421669284447,0.0009726011971044647
BedSet_03_07.obj,BedSet_03,M,M,,0.9936483186115173,0.0009726011964036366,157.43862747930942,12.854930378251977,0.07731317825417684,12.547455004696149,0.9999999999922327,0.888888888888889,1.0,1.0,1.1547005350459183,0.852370795917466,0.0,1.0,0.00041142166898798857,0.0009726011964036366
BedSet_03_08.obj,BedSet_03,M,M,,0.9936483186115173,0.0009726011961700279,157.43862747930953,12.854930377972838,0.07731317825584563,12.547455004696149,0.9999999999922409,0.888888888888889,1.0,1.0,1.1547005350459183,0.852370795917466,0.0,1.0,0.00041142166888916934,0.0009726011961700279
BedSet_03_09.obj,BedSet_03,M,M,,0.9936483186115173,0.0009726011971044642,157.43862747930947,12.854930379089396,0.07731317824917049,12.547455004696149,0.9999999999922381,0.888888888888889,1.0,1.0,1.1547005350459183,0.852370795917466,0.0,1.0,0.0004114216692844468,0.0009726011971044642
BedSet_03_10.obj,BedSet_03,OB,OB,,0.9252163438733865,0.07465733150997957,13.371905731738993,67.80185142752599,0.013871705608413356,2.7708636444189962,0.9133244486600823,1.172702572569441,0.9918882147974298,0.9966700981262798,0.7826237912499263,1.046316881810696,0.7587324729069885,0.9973949809481161,0.04109542101393689,0.0739284347802743
BedSet_03_12.obj,BedSet_03,M,M,,0.998773999743665,0.0006317185648993192,815.6605146143884,47.766265541631405,0.020915877367073482,26.55982851163156,0.9999999999997821,1.7007999999999976,0.8605046769020703,0.991997359755813,0.6928203222275507,1.335934590915058,0.720937501663353,0.993773940574034,0.0004904765435244736,0.0005414216748492827
BedSet_03_13.obj,BedSet_03,OB,OB,,0.9141770495777095,0.08567075054425675,11.651894919473373,77.89376121974607,0.01154109035852496,2.0532143951816417,0.7947150670272054,1.858463371267226,0.9995752960796145,0.9997869805476836,0.45098761646271424,0.7818705050834066,0.739422631982881,0.9998327369622262,0.06457360551941799,0.08562524494778283
BedSet_03_14.obj,BedSet_03,M,M,,0.9938926140490791,0.00028866939866001925,163.73617256623334,12.854930379088128,0.07731317824917806,12.547455004696149,0.9999999999922448,1.0816000000000001,1.0,1.0,0.7999999984,0.852370795917466,0.0,1.0,0.0001354374869193484,0.00028866939866001925
BedSet_03_15.obj,BedSet_03,M,M,,0.9938926140490791,0.00028889753553985084,163.73617256623345,12.855182390843666,0.07731167166829869,12.547455004696149,0.9999999999922353,1.0816000000000001,1.0,1.0,0.7999999984,0.852370795917466,0.0,1.0,0.00013554452384747948,0.00028889753553985084
BedSet_03_16.obj,BedSet_03,M,M,,0.9938926140490791,0.00028866939866001713,163.7361725662334,12.854930379088128,0.07731317824917806,12.547455004696149,0.9999999999922448,1.0816000000000001,1.0,1.0,0.7999999984,0.852370795917466,0.0,1.0,0.0001354374869193474,0.00028866939866001713
BedSet_03_17.obj,BedSet_03,M,M,,0.9938926140490791,0.000288669396133,163.7361725662333,12.854930376296732,0.07731317826586595,12.547455004696149,0.9999999999922369,1.0816000000000001,1.0,1.0,0.7999999984,0.852370795917466,0.0,1.0,0.0001354374857337252,0.000288669396133
BedSet_03_18.obj,BedSet_03,M,M,,0.9938926140490791,0.00028866939866116357,163.73617256623334,12.854930379089396,0.07731317824917049,12.547455004696149,0.9999999999922381,1.0816000000000001,1.0,1.0,0.7999999984,0.852370795917466,0.0,1.0,0.0001354374869198853,0.00028866939866116357
BedSet_03_19.obj,BedSet_03,M,M,,0.9938926140490791,0.0002886693979019128,163.7361725662334,12.854930378250709,0.07731317825418443,12.547455004696149,0.9999999999922393,1.0816000000000001,1.0,1.0,0.7999999984,0.852370795917466,0.0,1.0,0.0001354374865636611,0.0002886693979019128
BedSet_03_20.obj,BedSet_03,M,M,,0.9938926140490791,0.00029095057629422414,163.73617256623334,12.857450952525241,0.07729811234987721,12.547455004696149,0.9999999999922344,1.0816000000000001,1.0,1.0,0.7999999984,0.8523707959174659,0.0,1.0,0.00013650776651056066,0.00029095057629422414
BedSet_03_21.obj,BedSet_03,M,M,,0.9938926140490791,0.00028866939764920563,163.73617256623336,12.854930377971568,0.07731317825585321,12.547455004696149,0.9999999999922476,1.0816000000000001,1.0,1.0,0.7999999984,0.852370795917466,0.0,1.0,0.00013543748644509636,0.00028866939764920563
BedSet_03_22.obj,BedSet_03,M,M,,0.9938926140490791,0.0002886693979030551,163.7361725662334,12.854930378251977,0.07731317825417684,12.547455004696149,0.9999999999922327,1.0816000000000001,1.0,1.0,0.7999999984,0.852370795917466,0.0,1.0,0.00013543748656419705,0.0002886693979030551
BedSet_03_23.obj,BedSet_03,M,M,,0.9938926140490791,0.0002886693961352936,163.7361725662334,12.85493037629927,0.07731317826585078,12.547455004696149,0.9999999999922382,1.0816000000000001,1.0,1.0,0.7999999984,0.852370795917466,0.0,1.0,0.0001354374857348013,0.0002886693961352936
BedSet_03_24.obj,BedSet_03,M,M,,0.9938926140490791,0.00028866939866001713,163.73617256623336,12.854930379088128,0.07731317824917806,12.547455004696149,0.9999999999922448,1.0816000000000001,1.0,1.0,0.7999999984,0.852370795917466,0.0,1.0,0.0001354374869193474,0.00028866939866001713
BedSet_03_25.obj,BedSet_03,M,M,,0.9938926140490791,0.0002886693986611646,163.73617256623328,12.854930379089396,0.07731317824917049,12.547455004696149,0.9999999999922381,1.0816000000000001,1.0,1.0,0.7999999984,0.852370795917466,0.0,1.0,0.00013543748691988578,0.0002886693986611646
BedSet_03_26.obj,BedSet_03,M,M,,0.9885627411437953,0.01138023099487772,87.43353740371253,127.22586255787736,0.007811552268801054,8.9837564893742,0.9999999999999675,1.0,1.0,1.0,0.7844645390142747,0.7996746012281928,0.0,1.0,0.004973748192019243,0.01138023099487772
BedSet_03_27.obj,BedSet_03,M,M,,0.9871159537361517,0.012804208332208643,77.6153686133394,114.88341030604705,0.008651746163977885,9.07180707509586,0.9934184372747548,1.2285329589413048,0.9307222450640399,0.9846611087371998,1.042572068111461,1.0248235765972733,0.5948314217368613,0.9883565394519535,0.0076105213665716605,0.011825763502822618
BedSet_04_01.obj,BedSet_04,M,M,,0.9941058742143905,8.15717071087124e-05,169.66044437683385,10.872996940761508,0.09119940225606263,10.825389912880444,0.9783730610597432,1.0008263639243853,0.9985773308570945,0.9805118304375803,1.297771368344346,2.912546313593858,0.0740481148025699,0.9896688481339172,4.376521631066341e-05,8.066194672491963e-05
BedSet_04_02.obj,BedSet_04,OB,OB,,0.6363647275314378,0.35163628845026357,2.750008251981037,7.824948601884411,0.1079817438754666,1.6130296630033334,0.9780455663645458,1.0008263667781223,0.9840207226149004,0.9573336710051673,1.4059189823730414,2.1402908799525275,0.07404804883424243,0.9756178110546253,0.1940505358752056,0.33863574865923374
BedSet_04_03.obj,BedSet_04,M,M,,0.9861705708033522,0.013061630568375853,72.309564319706,29.164677221291885,0.03402050846515142,8.271922813434115,0.9925124159472789,1.0008263715502594,0.9997760364309318,0.9920484459552055,1.4059189823730414,3.055371153811868,0.09919692692145508,0.9957595322841112,0.007071829795327641,0.01300678673874453
BedSet_04_04.obj,BedSet_04,M,M,,0.9861705708033522,0.01306163056837594,72.30956431970573,29.164677221291885,0.03402050846515142,8.271922813434115,0.9925124159472798,1.0008263715535404,0.9997760364309319,0.9920484459552057,1.4059189823730414,3.0553711538118686,0.09919692692145513,0.995759532284111,0.007071829795342687,0.013006786738744619
BedSet_04_05.obj,BedSet_04,M,M,,0.9861705708033522,0.013061630568375872,72.30956431970564,29.164677221291885,0.03402050846515142,8.271922813434115,0.9925124159472802,1.000826371553536,0.999776036430932,0.9920484459552057,1.4059189823730414,3.0553711538118677,0.09919692692149751,0.9957595322841114,0.007071829795342658,0.013006786738744553
BedSet_04_06.obj,BedSet_04,M,M,,0.9861705708033522,0.013061630568376224,72.30956431970593,29.164677221291885,0.03402050846515142,8.271922813434115,0.992512415947279,1.0008263715502659,0.999776036430932,0.9920484459552058,1.4059189823730414,3.055371153811868,0.09919692692145642,0.9957595322841112,0.007071829795327871,0.013006786738744905
BedSet_04_07.obj,BedSet_04,M,M,,0.9861705708033522,0.013061630568375946,72.30956431970601,29.164677221291885,0.03402050846515142,8.271922813434148,0.9925124159472798,1.0008263715502586,0.9997760364309319,0.9920484459552064,1.4059189823730414,3.0553711538118686,0.09919692692145862,0.9957595322841114,0.007071829795327687,0.01300678673874463
BedSet_04_08.obj,BedSet_04,M,M,,0.9861705708033522,0.013061630568376222,72.30956431970573,29.164677221291885,0.03402050846515142,8.271922813434083,0.9925124159472795,1.0008263715535368,0.9997760364309316,0.9920484459552051,1.4059189823730414,3.0553711538118673,0.09919692692142677,0.9957595322841112,0.007071829795342808,0.013006786738744894
BedSet_04_09.obj,BedSet_04,M,M,,0.9861705708033521,0.013061630568376002,72.3095643197053,29.164677221291885,0.03402050846515142,8.271922813434083,0.9925124159472787,1.000826371553543,0.9997760364309319,0.9920484459552058,1.4059189823730414,3.0553711538118673,0.09919692692139839,0.9957595322841112,0.0070718297953426944,0.013006786738744681
BedSet_04_10.obj,BedSet_04,M,M,,0.9861705707707182,0.01306163060101011,72.3095641490733,29.164677221291885,0.03402050846404707,8.271922794770754,0.9925124154937939,1.0008263723389896,0.9997760364134934,0.9920484459443307,1.4059189823730414,3.0553711536217834,0.09919690474734187,0.9957595321273477,0.007071829802287973,0.013006786770943886
BedSet_04_11.obj,BedSet_04,M,M,,0.9854071595681516,0.014293760528315755,68.52675492959386,46.6057064268589,0.021291638134954903,8.139205439444236,0.9954199721439017,1.0008263654274767,0.999913703925034,0.9950407596251353,1.297771368344346,2.926940484971053,0.0740480134772819,0.9973510699125752,0.007618249749881227,0.01425708699432549
BedSet_04_12.obj,BedSet_04,M,M,,0.9854071595681516,0.014293760525585975,68.52675492959368,46.605706056111835,0.0212916383042525,8.139205439444236,0.9954199718643996,1.0008263701827838,0.9999137039250338,0.995040759625135,1.297771368344346,2.926940484971032,0.07404801347729409,0.9973510699125749,0.007618249772216254,0.014257086991602712
BedSet_04_13.obj,BedSet_04,OB,OB,,0.9635429901374803,0.03432911790888477,27.429567146911022,29.057838855274497,0.033933567901015774,6.047910077445358,0.9365679675428349,1.0012552929634144,0.9957646627759084,0.9586593855754661,0.25768403594863554,1.6170611144853146,0.256740393085153,0.9824142349486304,0.016121669802140522,0.033477134471830435
BedSet_04_14.obj,BedSet_04,M,M,,0.9941058742143465,8.157170711773642e-05,169.66044437556832,10.872996940761508,0.09119940225606266,10.82538991288059,0.9783730610597463,1.000826371051151,0.9985773308567305,0.9805118304367448,1.297771368344346,2.912546313662329,0.07404811480254957,0.9896688481335442,4.3765216518997066e-05,8.066194673377958e-05
BedSet_04_15.obj,BedSet_04,M,M,,0.9941058742143838,8.15717077582056e-05,169.66044437664215,10.872996940761508,0.09119940225606266,10.82538991288059,0.9783730610559476,1.000826373562835,0.9985773308670128,0.9805118304173722,1.297771368344346,2.912546313736326,0.07404812173731713,0.9896688481762408,4.376521696258436e-05,8.066194736714725e-05
BedSet_04_16.obj,BedSet_04,OB,OB,,0.964328959519961,0.034939960760130645,28.033945366954306,29.883031640079118,0.03284814490704902,5.218762985355662,0.9951076418007847,1.0008263645997661,0.9998654128261268,0.9927027341585489,1.297771368344346,2.759702812197476,0.07404801346651727,0.9961070978741352,0.018640704086754337,0.034807792356067374
BedSet_04_17.obj,BedSet_04,OB,OB,,0.9635429901374802,0.034329117908884876,27.429567146910973,29.057838855274692,0.03393356790101554,6.047910077445358,0.9365679675428356,1.0012552929634086,0.9957646627759078,0.958659385575466,0.25768403594863554,1.6170611144853144,0.25674039308509883,0.9824142349486302,0.016121669802140415,0.03347713447183052
BedSet_04_18.obj,BedSet_04,M,M,,0.9941058742144279,8.157170774902956e-05,169.66044437790714,10.872996940761508,0.09119940225606263,10.825389912880444,0.9783730610559472,1.0008263671445052,0.9985773308673782,0.9805118304182088,1.297771368344346,2.912546313667776,0.07404812173732592,0.9896688481766142,4.376521677439497e-05,8.066194735813712e-05
BedSet_04_19.obj,BedSet_04,OB,OB,,0.9643289595199613,0.034939960765157076,28.033945366954594,29.88303187779529,0.03284814464602765,5.218762985355662,0.9951076421910574,1.0008263671696567,0.9998654128261274,0.9927027341585505,1.297771368344346,2.759702812197581,0.07404801346651871,0.9961070978741361,0.018640704120863116,0.034807792361074834
BedSet_04_20.obj,BedSet_04,M,M,,0.9903135052160361,0.007630758183436162,103.2363774754893,22.49856734374647,0.04419031655889505,10.161242045989544,0.9995199637685759,1.0815999996555283,1.0,1.0,0.7999999984,0.8208063656505269,0.0,1.0,0.003568144953659186,0.007630758183436162
BedSet_04_21.obj,BedSet_04,OB,OB,,0.5241437559859127,0.4600766508782199,2.1014747958332634,7.5597392080505665,0.10798752162602125,1.4388669904282478,0.996580560149833,1.0077383560478377,0.9993001660893241,0.9777757973131657,1.564068004728409,3.4284302978655394,0.03229722386656233,0.9879829031853163,0.2545456189979588,0.45464583310986745
BedSet_04_22.obj,BedSet_04,OB,OB,,0.0046676977980307155,0.9606590236333271,1.0046893873657754,5.651441596149633,0.13098351461689128,1.12251318899207,0.9771041720193464,1.0986542470185132,0.6307621424856161,0.5860387577022443,1.2283041486638007,2.5255094504758047,0.3354154602621778,0.7898165261954504,0.7286666518512598,0.4805279863118285
BedSet_05_01.obj,BedSet_05,OB,OB,,0.5227211158104357,0.4415445229404587,2.0952110665820327,5.288134236837405,0.15363280026864623,1.444443004083214,0.9999999999999998,1.079881656804734,0.9018500233628265,0.9348593994876304,1.176696808521412,0.7409069883545825,0.4045785762320117,0.9525735199266362,0.2407730538894036,0.38523721878409023
BedSet_05_02.obj,BedSet_05,OB,CA,x,0.4782774162517173,0.5105249289371703,1.916727454685733,5.864407023230353,0.13626799444946028,1.3648485033730013,0.7722262233336518,1.0624454954183666,0.8970760969453604,0.929840469658954,0.8616404357947229,0.8638575389514408,0.6838606294866623,0.9491834971600681,0.27708015568146827,0.4419138899419993
BedSet_05_03.obj,BedSet_05,CA,CA,,0.8114817576016448,0.161302026418993,5.304526433365961,1.0603303326593887,0.5657452583788467,1.0603098598000196,0.36080093331082297,1.0821146367990409,0.5802271822188567,0.38387031814976524,1.94799109297674,4.953225152227585,0.12623753511154198,0.7516121009827659,0.1354995287421181,0.06475947105028637
BedSet_05_04.obj,BedSet_05,CA,CA,,0.8114819563047364,0.16130180772348252,5.304532024479588,1.0603303326593887,0.5657452583788467,1.0603098598000196,0.3607968449299485,1.0821210796392402,0.5802214567944883,0.3838589909496639,1.968937233761436,4.980765740237865,0.12551087671413455,0.7516084991526665,0.13569718676052253,0.06475821417095605
BedSet_05_05.obj,BedSet_05,CA,CA,,0.8114821458091017,0.16130162090285205,5.304537356770146,1.0603303326593887,0.5657487547432527,1.0603303326593887,0.36079713912358446,1.0821246015051473,0.5802217453434919,0.38386028371003866,1.9165718817996957,4.9116452385279405,0.12717933574587112,0.7516096856939716,0.1352038267161522,0.06475823186758628
BedSet_05_06.obj,BedSet_05,CA,CA,,0.8114823445087285,0.16130140221038414,5.304542947809299,1.0603303326593887,0.5657487547432527,1.0603303326593887,0.3607930502875062,1.0821312784998374,0.5802160517506667,0.3838489624610938,1.9270449521920436,4.925450092205377,0.1267586665487032,0.7516060919260632,0.13530260489984228,0.06475697883462683
BedSet_05_07.obj,BedSet_05,SL,OB,x,0.9336938550420699,0.060693532210204654,15.081558438276474,5.42310950556735,0.1664360529697803,2.2735426008010293,0.5436221374007221,1.0566562879083357,0.9999999999999999,1.0,0.30860669968608856,0.3602996248524747,0.0,1.0,0.024663489540224317,0.06069353221020465
BedSet_05_08.obj,BedSet_05,M,M,,0.9835627960156667,0.014164513799549406,60.83759749851417,20.831278958752556,0.047561130672918825,7.799999998814678,0.993032356146848,1.0017355538086976,0.9999999640472376,0.9999819701580291,1.2247448688915892,1.181115357821743,0.6706704272896151,0.9999874859961935,0.007318599471823009,0.014164385598327896
BedSet_05_09.obj,BedSet_05,M,M,,0.9992697131498515,0.00039566810334124345,1369.3247224897177,52.99995087833235,0.01885860201020447,39.74997237021962,0.9998873753309122,1.580408163265306,0.9360284361018268,0.997812253520312,0.6761234026399561,0.9509202129582821,1.8906416838689214e-15,0.9982861672383709,0.00026025277837501645,0.0003699514728163315
BedSet_05_10.obj,BedSet_05,M,M,,0.9955052621040213,0.003993836146879507,222.48201139021467,42.99988045395846,0.023193178853748823,14.333320050246954,0.9983367858274408,1.0,0.9999999999999999,1.0,0.7844645390142747,0.8695651122806566,0.0,1.0,0.0017594690501940415,0.0039938361468795066
BedSet_05_11.obj,BedSet_05,M,M,,0.9955052621039386,0.003993836146962238,222.48201138611967,42.99988045395846,0.023193178853747783,14.333320050114814,0.9983367858274492,1.0,0.9999999999999984,0.9999999999999999,0.7844645390142747,0.8695651122795325,1.5700924586837752e-16,0.9999999999999998,0.0017594690502302653,0.003993836146962232
BedSet_05_12.obj,BedSet_05,M,M,,0.9955052621040215,0.003993836146879346,222.48201139022262,42.99988045395846,0.023193178853748823,14.333320050246954,0.9983367858274408,1.0,0.9999999999999953,0.9999999999999998,0.7844645390142747,0.8695651122806566,3.510833468576701e-16,0.9999999999999997,0.0017594690501939755,0.003993836146879327
BedSet_05_13.obj,BedSet_05,M,M,,0.9955052621039385,0.003993836146962262,222.48201138611847,42.99988045395846,0.023193178853747783,14.333320050114814,0.9983367858274492,1.0,0.9999999999999999,1.0,0.7844645390142747,0.8695651122795325,0.0,1.0,0.0017594690502302742,0.0039938361469622615
BedSet_05_14.obj,BedSet_05,M,M,,0.9955052621038557,0.0039938361470451085,222.4820113820177,42.99988045395846,0.02319317885374675,14.333320049982676,0.9983367858274694,1.0,0.9999999999999999,1.0,0.7844645390142747,0.8695651122784084,0.0,1.0,0.0017594690502665475,0.003993836147045108
BedSet_05_15.obj,BedSet_05,M,M,,0.9955052621040229,0.0039938361468779375,222.4820113902924,42.99988045395846,0.023193178853748837,14.333320050249313,0.9983367858274366,1.0,1.0,1.0,0.7844645390142747,0.8695651122806766,0.0,1.0,0.0017594690501933539,0.0039938361468779375
BedSet_05_16.obj,BedSet_05,OB,OB,,0.975379782315298,0.014999925673480097,40.616823854559414,9.99998887846615,0.09826614788460782,6.249995655835097,0.9991410900683566,1.0816000000000001,0.9999999999999998,1.0,0.7999999984,0.724137792186453,0.0,1.0,0.006941468946847417,0.014999925673480094
BedSet_05_17.obj,BedSet_05,OB,OB,,0.975379782315298,0.014999925674357189,40.61682385455944,9.999988878922242,0.09826614788016924,6.249995655835097,0.9991410900683172,1.0816000000000001,1.0,1.0,0.7999999984,0.724137792186453,0.0,1.0,0.006941468947253305,0.014999925674357189
BedSet_05_18.obj,BedSet_05,OB,OB,,0.975379782315298,0.014999925675618923,40.616823854559456,9.999988879578353,0.09826614787378414,6.249995655835097,0.9991410900682626,1.0816000000000001,1.0,1.0,0.7999999984,0.724137792186453,0.0,1.0,0.006941468947837194,0.014999925675618923
BedSet_05_19.obj,BedSet_05,M,M,,0.9979974380941461,0.0019094650720636848,499.36030209085425,99.49986167975277,0.010037080086678264,19.899994467304168,0.9999460049073279,1.26953125,1.0,1.0,0.7071067799365475,0.9043075054065096,0.0,1.0000000000000002,0.0010157928746283567,0.0019094650720636848
BedSet_05_20.obj,BedSet_05,M,M,,0.9828697392786802,0.00493035427044624,58.37601995304013,8.49999409177101,0.11605176127807838,8.499994091770747,0.9628549096557666,1.5041357996774443,0.9593917599046619,0.9838390841035103,1.0320936915625407,1.0557920679715167,0.7414177028232756,0.9876986146189549,0.0034123471910939038,0.0046919195529323415
BedSet_05_21.obj,BedSet_05,M,M,,0.9947340261125457,0.005059927483953184,189.89836554691038,80.99988739995358,0.012321289471523254,16.199995496559207,0.9983905659916574,1.2287334593572778,0.9655843614936649,0.9971709697494545,1.251086481733753,1.292521183884784,0.6393243385704284,0.9977871654425433,0.0030914760632922557,0.0048788758294006996
BedSet_05_22.obj,BedSet_05,M,M,,0.9947340261122525,0.0050599274842463154,189.89836553633958,80.99988739995358,0.012321289471521954,16.199995496108766,0.998390565991658,1.2287334593572778,0.9655843614936176,0.9971709697493739,1.251086481733753,1.292521183881672,0.6393243385675412,0.9977871654424806,0.003091476063469988,0.004878875829682906
BedSet_05_23.obj,BedSet_05,M,M,,0.9947340261122527,0.005059927484246097,189.8983655363479,80.99988739995358,0.012321289471521954,16.199995496108766,0.998390565991658,1.2287334593572778,0.9655843614936184,0.9971709697493737,1.251086481733753,1.292521183881672,0.6393243385671796,0.9977871654424806,0.0030914760634697617,0.004878875829682699
BedSet_05_24.obj,BedSet_05,M,M,,0.9947340261122527,0.005059927484246095,189.898365536348,80.99988739995358,0.012321289471521954,16.199995496108766,0.9983905659916583,1.2287334593572778,0.9655843614936191,0.9971709697493737,1.251086481733753,1.292521183881672,0.6393243385671791,0.9977871654424806,0.0030914760634697595,0.0048788758296827005
BedSet_05_25.obj,BedSet_05,M,M,,0.9947340261122236,0.005059927484275288,189.89836553529477,80.99988739995358,0.012321289471521822,16.19999549606366,0.998390565991658,1.2287334593572778,0.9655843614936158,0.9971709697493659,1.251086481733753,1.2925211838813606,0.6393243385670649,0.9977871654424746,0.003091476063487501,0.0048788758297108135
BedSet_05_26.obj,BedSet_05,M,M,,0.9947340261120774,0.005059927484421458,189.89836553002365,80.99988739995358,0.012321289471521174,16.19999549583854,0.9983905659916591,1.2287334593572778,0.9655843614935925,0.9971709697493256,1.251086481733753,1.2925211838798052,0.6393243385656309,0.9977871654424427,0.003091476063576128,0.004878875829851538
BedSet_05_27.obj,BedSet_05,M,M,,0.9947340261121533,0.005059927484345698,189.89836553276095,80.99988739995358,0.01232128947152151,16.19999549595565,0.9983905659916587,1.2287334593572778,0.965584361493604,0.9971709697493467,1.251086481733753,1.2925211838806143,0.6393243385665488,0.9977871654424595,0.003091476063530238,0.004878875829778597
BedSet_05_28.obj,BedSet_05,M,M,,0.9947340261121415,0.005059927484357502,189.89836553233377,80.99988739995358,0.01232128947152146,16.1999954959376,0.9983905659916584,1.2287334593572778,0.9655843614935995,0.9971709697493432,1.251086481733753,1.2925211838804893,0.639324338566078,0.9977871654424566,0.0030914760635373083,0.004878875829789947
BedSet_05_29.obj,BedSet_05,M,M,,0.9947340261121943,0.0050599274843047114,189.89836553423743,80.99988739995358,0.012321289471521694,16.199995496018655,0.9983905659916583,1.2287334593572778,0.9655843614936094,0.9971709697493578,1.251086481733753,1.2925211838810495,0.6393243385667773,0.9977871654424681,0.0030914760635053448,0.004878875829739132
BedSet_05_30.obj,BedSet_05,M,M,,0.9947340261120774,0.005059927484421458,189.89836553002365,80.99988739995358,0.012321289471521174,16.19999549583854,0.9983905659916585,1.2287334593572778,0.9655843614935925,0.9971709697493256,1.251086481733753,1.2925211838798052,0.6393243385656309,0.9977871654424427,0.003091476063576128,0.004878875829851538
BedSet_05_31.obj,BedSet_05,M,M,,0.99473402611196,0.005059927484538891,189.89836552578927,80.99988739995358,0.012321289471520653,16.19999549565837,0.9983905659916598,1.2287334593572778,0.9655843614935721,0.9971709697492934,1.251086481733753,1.2925211838785604,0.6393243385646526,0.9977871654424177,0.0030914760636473774,0.004878875829964586
BedSet_05_32.obj,BedSet_05,M,M,,0.9947340261119603,0.0050599274845386545,189.89836552579783,80.99988739995358,0.012321289471520653,16.19999549565832,0.9983905659916584,1.2287334593572778,0.9655843614935721,0.9971709697492934,1.251086481733753,1.2925211838785595,0.6393243385646589,0.9977871654424177,0.003091476063647234,0.004878875829964359
BedSet_05_33.obj,BedSet_05,M,M,,0.9947340261119603,0.005059927484538643,189.89836552579777,80.99988739995358,0.012321289471520653,16.19999549565832,0.9983905659916594,1.2287334593572778,0.9655843614935736,0.9971709697492935,1.251086481733753,1.2925211838785595,0.6393243385646543,0.9977871654424177,0.0030914760636472235,0.0048788758299643555
BedSet_05_34.obj,BedSet_05,M,M,,0.9947340261122526,0.005059927484246213,189.89836553634373,80.99988739995358,0.012321289471521954,16.199995496108766,0.998390565991658,1.2287334593572778,0.9655843614936174,0.9971709697493737,1.251086481733753,1.292521183881672,0.6393243385671796,0.9977871654424805,0.0030914760634698345,0.0048788758296828055
BedSet_05_35.obj,BedSet_05,M,M,,0.9947340261122526,0.005059927484246201,189.89836553634373,80.99988739995358,0.012321289471521954,16.199995496108766,0.998390565991658,1.2287334593572778,0.9655843614936184,0.9971709697493737,1.251086481733753,1.292521183881672,0.6393243385671757,0.9977871654424806,0.0030914760634698246,0.004878875829682799
BedSet_06_01.obj,BedSet_06,M,M,,0.9976369217705228,0.002170179937143982,423.1768493847083,72.00054901602365,0.01387106721119319,20.571262698344437,0.9999999999997882,1.1111111111111112,1.0,1.0,0.8164965792610595,0.9072840552765972,0.0,1.0,0.0010487240168510197,0.002170179937143982
BedSet_06_02.obj,BedSet_06,M,M,,0.9998114751165031,9.766529890674344e-09,5304.339572849653,51.50043927815321,0.01940999287779578,51.49761128731708,0.7764329074853737,1.111127209103337,0.9999725414675527,0.9999993308696351,0.8333333326388889,1.952399977241313,0.7694712355463375,0.9999994744667344,5.615706863023137e-09,9.766258448645311e-09
BedSet_06_03.obj,BedSet_06,M,M,,0.9998114751165033,7.498616123058505e-09,5304.339572857772,51.50043927365491,0.019409992879490506,51.49761128731708,0.7764375768638334,1.111115997171714,0.9999725414675813,0.9999993308696353,1.8333333318055554,3.0960568066504184,0.6057606454820801,0.9999994744667349,4.718021664533954e-09,7.498407713357612e-09
BedSet_06_04.obj,BedSet_06,OB,OB,,0.4521977922607086,0.5477481298501996,1.825476396173608,103.51860011612243,0.007881179120272681,1.4109857603385407,0.9930091639397,1.1143025009004583,0.8927155576180645,0.9231672026659204,0.2405626120466033,0.3784736014882063,0.5949174646374872,0.9448750779177145,0.272505709188766,0.47019830065606116
BedSet_06_05.obj,BedSet_06,M,M,,0.9998088274406861,5.3814717593265615e-06,5230.876249127506,51.50043927365491,0.019409992879490506,51.49761128731708,0.7764340819397648,1.1400419798609915,0.9999999988093582,0.9999999945301796,2.1818715297404054,3.3926338812343357,0.5666636793506029,0.9999999957040144,3.4836843265126814e-06,5.381471738201314e-06
BedSet_06_06.obj,BedSet_06,OB,OB,,0.45219779285202355,0.5477480302400562,1.825476398144085,98.64790642393316,0.008270320711519591,1.4110051986208232,0.9579061185741065,1.1135238202489113,0.8927161137288815,0.9231729097748052,0.28867513445592397,0.6098333042009542,0.6331633164045372,0.9448785417582307,0.281320608031986,0.4701999033963154
BedSet_06_07.obj,BedSet_06,M,M,,0.9988066647790991,0.001102004022906458,837.987501319902,102.00087846788786,0.00979760016794182,29.14265092048995,0.999999999999852,1.1555555555555554,0.9910102997172091,0.9996041437912635,1.0954451130103322,1.3444516012490577,0.7202380370555331,0.9996892401984344,0.0006344729313158815,0.001091881180274395
BedSet_06_08.obj,BedSet_06,OB,OB,,0.517840472592247,0.4763193311289229,2.074002364686641,13.333352855428814,0.061326673157422795,1.4285727733778404,0.9992255245392745,1.1111147275633422,0.9992255245357472,0.9766254958092154,2.943920287109282,3.35117057592455,0.02353466127564149,0.9873430927717666,0.29314677113089094,0.47038788079266075
BedSet_06_09.obj,BedSet_06,M,M,,0.989550069512243,0.009702716425157762,95.69441645258809,35.004173871495716,0.02837182024331119,8.749601881867253,0.9999999999969597,1.1377777777777778,0.9999999999999998,1.0,0.7302967420068881,0.794863320366502,0.0,1.0,0.004674605697766721,0.00970271642515776
BedSet_06_10.obj,BedSet_06,M,M,,0.9895512171343227,0.009701240465362042,95.70492686577367,34.99648571141965,0.028378068128918948,8.750082364643225,0.9999999999969709,1.1377777777777778,1.0,1.0,0.7302967420068881,0.794873527727839,0.0,1.0,0.004673899556347294,0.009701240465362042
BedSet_06_11.obj,BedSet_06,M,M,,0.9974732730548403,0.0023331654418627607,395.76892228714973,72.0005490286243,0.013871068234696606,20.57190823355718,0.9999999999997868,1.1228373702422145,0.9767142176738137,0.9985192907923756,1.0289915090903472,1.3168578569096858,0.7168657656325318,0.9988391470497106,0.0013125986836805324,0.0022771487126328344
BedSet_06_12.obj,BedSet_06,M,M,,0.9879248969301182,0.011348668274896166,82.81502809613627,35.00417385925837,0.028371840324678984,8.750082364643225,0.999999999996948,1.0754458161865568,0.9646714566828599,0.99473966219808,1.1547005361570293,0.7948735277279955,0.0,0.9958940151918744,0.005623040279081819,0.010918941960454776
BedSet_06_13.obj,BedSet_06,M,M,,0.9895512171343243,0.00970124046530813,95.7049268657889,34.99648571019596,0.02837806812991044,8.750082364643921,0.9999999999969477,1.1377777777777778,0.9999999999999998,1.0,0.7302967420068881,0.7948735277278536,0.0,0.9999999999999999,0.004673899556321328,0.009701240465308129
BedSet_06_14.obj,BedSet_06,M,M,,0.9874413667487811,0.011773546245853745,79.62649915737809,34.99648571141965,0.028378068128918917,8.75008236464253,0.9999999999969624,1.0816000000000001,0.9999999999999937,0.9999999999999992,0.7999999984,0.7948735277279808,5.661048867003676e-16,0.9999999999999992,0.0054900478974166484,0.011773546245853665
BedSet_06_15.obj,BedSet_06,M,M,,0.9895512171343227,0.009701568803034022,95.70492686577371,35.00417387149502,0.028371840314768828,8.750082364643225,0.9999999999969464,1.1377777777777778,1.0,1.0,0.7302967420068881,0.7948735277278391,0.0,1.0,0.004674057744086777,0.009701568803034022
BedSet_06_16.obj,BedSet_06,M,M,,0.9988035729497123,0.0011108782387005878,835.821958187397,102.00087846788786,0.00979760016794182,29.14265092049003,0.9999999999998457,1.2270406570250767,0.9691580519948915,0.9986112692486242,1.1338934168848245,1.3444515811668596,0.721606184139183,0.9989110755057782,0.0006763387901144397,0.0010758690245397137
BedSet_06_17.obj,BedSet_06,M,M,,0.9998132616253613,7.417369104220206e-08,5355.085701772383,51.7504118204832,0.01931630637549368,51.750411815958955,0.7764636882178819,1.0275849128745813,0.9999863550203802,0.9999952322904909,2.1517753085853344,3.392972543552129,0.5661067030217559,0.9999962564298528,4.5094976119467466e-08,7.417250212680612e-08
BedSet_06_18.obj,BedSet_06,M,CA,x,0.4530407697001528,0.5315768959715367,1.8282898333235014,5.7222300181621195,0.14115131824657146,1.4109588216377178,0.3677610090774051,1.0309529999840983,0.5231517668562479,0.3179942458492173,0.1797412464756619,0.81512072473229,0.7153888976482669,0.7299478125169183,0.37984295023134834,0.18326406345557247
BedSet_06_19.obj,BedSet_06,OB,OB,,0.45139784244079895,0.5485483580714167,1.8228145591861893,103.00076863631782,0.007920748335231194,1.4109588216377178,0.9928038813195923,1.1214238876662723,0.8778631387729889,0.911623189240501,0.23945657119060892,0.3784628319094368,0.5948638545261563,0.9373836417958362,0.27770058819893034,0.46027143983353797
BedSet_06_20.obj,BedSet_06,M,M,,0.9997411480524335,2.6538472701900937e-05,3863.2121929199725,42.88782767792663,0.022460709691235963,3.6008458850856706,0.0646579832063102,1.4035276522421607,0.9999917353398323,0.9999973428060872,0.531494003170248,1.9453447095769347,0.7066872460241627,0.9999979731092153,1.7402035416524602e-05,2.6538218111800026e-05
BedSet_06_21.obj,BedSet_06,M,M,,0.9997378021351163,3.3282794902121784e-05,3813.913589431297,42.88782767792663,0.022460709691235963,3.6008458850856706,0.06465680209838758,1.3035373189290558,0.9999967199694861,0.9999974886180856,0.4783446028532232,1.817800013113445,0.779146478052215,0.9999980288307587,2.0461845055581148e-05,3.328264394077141e-05
BedSet_06_22.obj,BedSet_06,M,M,,0.9986633258909486,0.00011116333472206477,748.1255103426204,19.781763920935777,0.05042291934969897,19.781763920935777,0.7792932240363308,1.8029338300748037,0.9999999999999979,0.9999999999999999,0.21821789011694476,0.9039691375774405,1.5700924586837752e-16,0.9999999999999999,7.662692878465057e-05,0.00011116333472206454
BedSet_06_23.obj,BedSet_06,M,M,,0.9982816376752406,4.151011450685044e-05,581.9494442976223,17.10190829488154,0.058274051826076104,17.097608091646734,0.7856957982890546,1.5425917992565927,0.9999999999999998,1.0,0.2150413321125812,0.8893553470650505,0.0,0.9999999999999999,2.4793052312443797e-05,4.1510114506850434e-05
BedSet_06_24.obj,BedSet_06,M,M,,0.9982492787134348,0.0001516758972227392,571.1931463161199,17.102976010517338,0.05827048833623789,17.102976010517338,0.7873894535980054,1.5333905778189787,0.9999999999999981,0.9999999999999999,0.2085144139483791,0.8888399211761536,1.5700924586837752e-16,0.9999999999999999,9.004081336501465e-05,0.0001516758972227389
BedSet_06_25.obj,BedSet_06,M,M,,0.9983288311205559,5.325024777416738e-05,598.3835699049856,17.255712194842502,0.05775812456079148,17.25138456263269,0.7814694968974546,1.4530297680234363,1.0,1.0,0.2085144139483791,0.8901847439119018,0.0,1.0,3.0117302871009942e-05,5.325024777416738e-05
BedSet_06_26.obj,BedSet_06,M,M,,0.9982146675696036,0.0015869621601601789,560.1197754401807,71.00054903037186,0.014070449225266264,23.66684970298331,0.9999999999997494,1.0,1.0,1.0,0.8164965792610595,0.9189195205697112,0.0,1.0,0.0007060962319361474,0.0015869621601601789
BedSet_06_27.obj,BedSet_06,M,M,,0.9991177469868581,0.0007842249004755934,1133.4616998797399,101.00076863982962,0.009896065457678616,33.66692291720323,0.9999999999998251,1.0,0.9999999999999974,1.0,0.8164965792610595,0.9423081187579557,1.5700924586837752e-16,1.0,0.00034984680661555333,0.0007842249004755915
BedSet_06_28.obj,BedSet_06,M,M,,0.9982146675696036,0.001586962160160181,560.11977544018,71.00054903037186,0.014070449225266264,23.66684970298331,0.9999999999997494,1.0,1.0,1.0,0.8164965792610595,0.9189195205697112,0.0,1.0,0.0007060962319361484,0.001586962160160181
BedSet_06_29.obj,BedSet_06,M,M,,0.9991177469868581,0.0007842249004756222,1133.4616998796628,101.00076863981356,0.00989606545768019,33.66692291720323,0.9999999999998235,1.0,0.9999999999999997,1.0,0.8164965792610595,0.9423081187579557,0.0,1.0,0.00034984680661556564,0.0007842249004756219
BedSet_06_30.obj,BedSet_06,OB,OB,,0.5058326403973679,0.4940693314899659,2.023605931407522,101.00076863981356,0.008099560466427506,1.4225350369352554,1.0000000000000024,1.0,1.0,1.0,0.8164965792610595,0.17441854524842124,0.0,1.0,0.2014373638687664,0.4940693314899659
BedSet_07_01.obj,BedSet_07,OB,OB,,0.3783613763374446,0.6138163929669409,1.6086516537665287,10.099957598735536,0.07738032280519938,1.2624997184145919,0.9953040175318967,1.0000233682815796,0.999751001684825,0.9869223672521237,0.7972410049672364,2.4932252845345513,0.06929985764953006,0.9928118030578883,0.3095309946986153,0.6096509204261167
BedSet_07_02.obj,BedSet_07,M,M,,0.9911001530789276,0.008343594696019868,112.36148316576345,42.399830377378954,0.023474273613966853,10.60006995895929,0.9999999999999892,1.0,1.0,1.0,0.8164965792610595,0.8275872467104493,0.0,1.0,0.0036742617633967597,0.008343594696019868
BedSet_07_03.obj,BedSet_07,M,M,,0.9853075084060229,0.013774210869222219,68.06197530239227,32.99987278139393,0.030069353087786025,8.24996819894812,0.999999999999986,1.0,0.9999999999999986,0.9999999999999998,0.8164965792610595,0.7837830404436628,6.661338147750939e-16,0.9999999999999998,0.006035569211371766,0.013774210869222198
BedSet_07_04.obj,BedSet_07,M,M,,0.9911001530789276,0.008343594696019932,112.36148316576336,42.39983037738114,0.023474273613965643,10.60006995895929,0.9999999999999893,1.0,1.0,1.0,0.8164965792610595,0.8275872467104493,0.0,1.0,0.003674261763396788,0.008343594696019932
BedSet_07_05.obj,BedSet_07,OB,OB,,0.9642318049666047,0.00028748501704735683,27.957798794832897,4.000004220641626,0.23570186234671767,3.9999501825959167,0.58333108172002,1.0777893937067198,0.7421502708756664,0.8873290172214762,1.176696808521412,0.9746121223864926,0.6159274103173115,0.9221158968667198,0.00017751252996815235,0.00020133750714674894
BedSet_07_06.obj,BedSet_07,OB,OB,,0.9642318049666044,0.00028748501704735737,27.957798794832705,4.000004220641626,0.23570186234671767,3.9999501825959167,0.58333108172002,1.0777893937067198,0.7421502708756663,0.8873290172214761,1.176696808521412,0.974612122386492,0.6159274103173118,0.9221158968667198,0.00017751252996815267,0.00020133750714674927
BedSet_07_07.obj,BedSet_07,OB,OB,,0.9642318049666047,0.00028748501704735683,27.957798794832897,4.000004220641626,0.23570186234671767,3.9999501825959167,0.58333108172002,1.0777893937067198,0.7421502708756664,0.8873290172214762,1.176696808521412,0.9746121223864926,0.6159274103173115,0.9221158968667198,0.00017751252996815235,0.00020133750714674894
BedSet_07_08.obj,BedSet_07,OB,OB,,0.9642318049666044,0.00028748501704735737,27.957798794832705,4.000004220641626,0.23570186234671767,3.9999501825959167,0.58333108172002,1.0777893937067198,0.7421502708756663,0.8873290172214761,1.176696808521412,0.974612122386492,0.6159274103173118,0.9221158968667198,0.00017751252996815267,0.00020133750714674927
BedSet_07_09.obj,BedSet_07,OB,OB,,0.8747477884069044,0.12280141180874095,7.983890961131732,16.50004727920413,0.05570606269762403,2.3571488299953716,0.7857102594141723,1.0046803253780396,1.0,1.0,0.6172133988959867,0.4032553574000747,0.0,1.0,0.050205353797221276,0.12280141180874095
BedSet_07_10.obj,BedSet_07,M,M,,0.9938812621823659,0.0002886661015894131,163.43053227148977,12.854902505499311,0.07731316528839426,12.54742844856596,0.9922957000876339,1.0816000000000001,0.9999999999999963,0.9999999999999998,0.7999999984,0.8523705295931822,3.510833468576701e-16,0.9999999999999998,0.00013543593616063674,0.00028866610158941194
BedSet_07_11.obj,BedSet_07,M,M,,0.9938812621823659,0.0002886660990633197,163.43053227148977,12.854902502708919,0.07731316530507622,12.54742844856596,0.9922957000892934,1.0816000000000001,0.9999999999999961,0.9999999999999998,0.7999999984,0.852370529593182,3.510833468576701e-16,0.9999999999999998,0.00013543593497544802,0.0002886660990633185
BedSet_07_12.obj,BedSet_07,M,M,,0.9938812621823659,0.00028866610158829163,163.43053227148988,12.854902505498071,0.07731316528840167,12.54742844856596,0.9922957000876363,1.0816000000000001,0.9999999999999963,0.9999999999999998,0.7999999984,0.8523705295931822,3.510833468576701e-16,0.9999999999999998,0.00013543593616011058,0.0002886661015882905
BedSet_07_13.obj,BedSet_07,M,M,,0.9938812621823659,0.00028889423586160134,163.4305322714898,12.855154516159796,0.07731165870777885,12.54742844856596,0.9922955502139763,1.0816000000000001,0.9999999999999963,0.9999999999999998,0.7999999984,0.852370529593182,3.510833468576701e-16,0.9999999999999998,0.00013554297186227964,0.0002888942358616002
BedSet_07_14.obj,BedSet_07,M,M,,0.9938812621823659,0.0002886661015894168,163.43053227148974,12.854902505499311,0.07731316528839426,12.54742844856596,0.9922957000876339,1.0816000000000001,0.9999999999999963,0.9999999999999998,0.7999999984,0.852370529593182,3.510833468576701e-16,0.9999999999999998,0.0001354359361606385,0.0002886661015894157
BedSet_07_15.obj,BedSet_07,OB,OB,,0.9141767773446172,0.08567072503233465,11.651854489603519,77.89364970641466,0.011541090167839215,2.053214317701458,0.7947071527034519,1.858463371267224,0.9995752960796142,0.9997869805476833,0.45098761646271424,0.7818704760928422,0.7336152955259179,0.9998327369622261,0.06454871022960099,0.08562521944941182
BedSet_07_16.obj,BedSet_07,M,M,,0.998773560079922,0.0006317182868149291,815.3677513470602,47.766206682025526,0.0209158768279991,26.559810313552667,0.9997815856623673,1.7007999999999976,0.8605046769020681,0.991997359755813,0.6928203222275507,1.3359344913732947,0.7205219068147718,0.9937739405740337,0.0004904631975278361,0.0005414214365138505
BedSet_07_18.obj,BedSet_07,OB,OB,,0.925216215677101,0.07465732116559615,13.37188095649079,67.80176693765938,0.013871705368627606,2.7708635033107663,0.9133137643514057,1.1727025725694364,0.9918882147974292,0.9966700981262798,0.7826237912499263,1.0463168323570693,0.7573091330710163,0.9973949809481159,0.04109010199826349,0.07392842453688543
BedSet_07_19.obj,BedSet_07,M,M,,0.9936369876933698,0.000972590106195366,157.15647690922145,12.854902505499311,0.07731316528839426,12.54742844856596,0.9922957000876339,0.888888888888889,1.0,1.0,1.1547005350459183,0.8523705295931822,0.0,1.0,0.0004114169647491049,0.000972590106195366
BedSet_07_20.obj,BedSet_07,M,M,,0.9936369876933698,0.000972590105261059,157.15647690922137,12.854902504382906,0.07731316529506853,12.54742844856596,0.9922957000882815,0.888888888888889,1.0,1.0,1.1547005350459183,0.8523705295931822,0.0,1.0,0.00041141696435388213,0.000972590105261059
BedSet_07_21.obj,BedSet_07,M,M,,0.9936369876933698,0.0009725901054943805,157.15647690922134,12.854902504661698,0.0773131652934018,12.54742844856596,0.9922957000881131,0.888888888888889,1.0,1.0,1.1547005350459183,0.8523705295931823,0.0,1.0,0.00041141696445257987,0.0009725901054943805
BedSet_07_22.obj,BedSet_07,M,M,,0.9936369876933698,0.0009725901061953653,157.1564769092214,12.854902505499311,0.07731316528839426,12.54742844856596,0.9922957000876339,0.888888888888889,1.0,1.0,1.1547005350459183,0.8523705295931822,0.0,1.0,0.00041141696474910456,0.0009725901061953653
BedSet_07_23.obj,BedSet_07,M,M,,0.9993009562738285,0.0005831109258478823,1430.525483850382,92.92868608278047,0.010756070973199581,35.662625490212385,0.9997936786175826,0.888888888888889,0.9999999999999956,0.9999999999999999,1.1547005350459183,0.9454485341006817,1.5700924586837752e-16,0.9999999999999998,0.00024937646642867286,0.0005831109258478797
BedSet_07_24.obj,BedSet_07,M,M,,0.9987023455024744,0.0006965567134545676,770.620830554271,47.766206682025526,0.02091451373235902,25.41492108101048,0.9997909986860961,1.433641975308642,0.8581706976963482,0.9916586033018661,0.7071067803532142,1.3341998188112902,0.6926670267226461,0.9935131231214491,0.000475699142283385,0.0005952714651036458
BedSet_07_25.obj,BedSet_07,M,M,,0.9961257159955823,0.0027016180886516505,258.11198567865523,30.462097406615687,0.03275170605727382,16.749313288361297,0.9996497977966934,1.5470914127423825,0.9604371776898526,0.9967486754316486,0.973328525205628,1.2917438795493656,0.7373697712932675,0.9974561690218919,0.0019234983500003374,0.0025905162903239543
BedSet_07_26.obj,BedSet_07,M,M,,0.9957692444723085,0.003056581164656415,236.36419805522547,30.462097406615687,0.03274635462625102,16.02731609749523,0.9996648885910002,1.5470914127423825,0.9591047138689395,0.9965028702552258,0.973328525205628,1.287322426789952,0.737143048626074,0.9972646421515975,0.002176706501769815,0.002926455343082548
BedSet_07_27.obj,BedSet_07,OB,OB,,0.404732200048971,0.5849988183994602,1.679916029089716,9.241573772909584,0.08542013305185941,1.2986268951625883,0.9999996587703528,1.1604938271604937,0.9999999183156276,0.9999999496329952,1.4142135590397618,0.7226622214245437,0.7385950166264545,0.9999999604418492,0.3299911334840065,0.584998755881881
BedSet_08_01.obj,BedSet_08,M,M,,0.9971555555554868,0.002492404420195289,351.56249999148594,53.297149054848596,0.018732813971274836,18.749999995386325,0.9999999999999776,1.0,1.0,1.0,0.8164965792610595,0.8987341771927956,0.0,0.9999999999999999,0.0011064443798526218,0.002492404420195289
BedSet_08_02.obj,BedSet_08,M,M,,0.9971555555554871,0.0024923945708554118,351.5624999915101,53.29565797524961,0.018733337884770263,18.749999995386325,0.9999860116382502,1.000000174978136,0.9999999999999999,1.0,0.8164965792610595,0.8987341776664157,0.0,0.9999999999999999,0.0011064401601687246,0.0024923945708554113
BedSet_08_03.obj,BedSet_08,OB,OB,,0.9064688131764638,0.09265901632547566,10.691620987195487,28.830434684116607,0.03315137393496367,3.270428564320474,0.8734817303392102,1.3331275356807306,0.9940173759629216,0.9939997238618806,0.5196152419706631,1.2166107496878826,0.7714290575489269,0.9953576344096466,0.05560050124411886,0.09182834553354788
BedSet_08_04.obj,BedSet_08,OB,OB,,0.5621847434871569,0.4369415303610746,2.2840684172697103,28.830415251926503,0.029495361970817063,1.6186044785936287,0.8719559402844028,1.3331246596704944,0.9939451876753626,0.9951610060256414,0.46188021508503385,0.9700694329481563,0.7803923169836732,0.9962328256703894,0.2553755984335073,0.43324515370033695
BedSet_08_05.obj,BedSet_08,OB,OB,,0.5149436757512219,0.4778917318048699,2.06161624951214,9.430234463494884,0.08595497166350231,1.3992524521742635,0.9435779193820566,1.074516869794615,0.9996978916616694,0.9901575060274741,0.6363636360743802,1.5588964761669128,0.31442535638600644,0.9939358208416341,0.24382772457170682,0.47539624398838026
BedSet_08_06.obj,BedSet_08,SL,SL,,0.7297169852032778,0.2457801524700238,3.699825535656268,3.165760419938616,0.2683502391821812,1.8704614707079725,0.5539028703073311,1.0811270297527884,0.9542790131997737,0.8910113414755408,1.0629614547404915,2.2740866477321444,0.1361931921926472,0.9333091616126475,0.1437512612790426,0.22176158653984002
BedSet_08_07.obj,BedSet_08,SL,SL,,0.05886616013065547,0.9171374536492725,1.0625481282648004,5.488828515518218,0.1366505211021231,1.159080745607746,0.8204566243329848,1.1464528442439192,0.9272215168255011,0.9265063610806104,0.9213816981107458,2.5234730691733738,0.1453551254546086,0.9495137134688919,0.5491103280451972,0.8191404685100451
BedSet_08_08.obj,BedSet_08,SL,OB,x,0.5158226255176316,0.48075897998952954,2.065358797628672,12.65768799639567,0.06414371720562571,1.3992524521742635,0.947546302744804,1.0699983098742079,0.9946853710254171,0.9870993350738968,0.63570725257244,1.5589954799514347,0.2908538644331857,0.9915723486691941,0.24488910879785156,0.4751193500872691
BedSet_08_09.obj,BedSet_08,SL,SL,,0.7307309665514564,0.2449202399415879,3.713757899272781,3.2805332134330056,0.25917709416751034,1.8557238751786378,0.5721981458683355,1.0621783874253938,0.9594883090448265,0.8974005998011664,0.9612582727148443,2.459910647829212,0.1372523259581954,0.9385169130663582,0.1394594642669409,0.22294277446592214
BedSet_08_10.obj,BedSet_08,SL,SL,,0.31814936040408687,0.6184939817681098,1.4665968496975201,2.184257801012715,0.3262957657810379,1.1477937905807267,0.6095053479604959,1.0720963699533093,0.9594060359100233,0.8988192118432987,0.9798047679746865,2.2255442171502415,0.14308365527564554,0.9391553143338348,0.35501222694754647,0.5633671842303396
BedSet_08_11.obj,BedSet_08,SL,SL,,0.3052392837552048,0.6301245243436502,1.439344477334065,1.4842790074554906,0.4759644363423146,1.3487285580335928,0.4967839920941093,1.0716256130064794,0.9559799449567677,0.8988913150643115,1.0316407674374315,2.2298068041248973,0.14797572932020464,0.9377055599650533,0.3642653626317429,0.5719331593249937
BedSet_09_01.obj,BedSet_09,OB,OB,,0.9540633863922752,0.04416880754396514,21.769127531654597,49.297161351551594,0.019975953171328435,5.699476844753462,0.9653050360355525,1.7073997168412285,0.8993797343502883,0.9673220921671648,0.4811252238617251,0.6774084733271559,0.5911074982943595,0.9757007544314319,0.031913987738277895,0.039075473123977626
BedSet_09_02.obj,BedSet_09,OB,OB,,0.9540635033539719,0.04416869058061768,21.769182959348957,49.2971613515509,0.01997595317132872,5.699476844753462,0.9653050360355525,1.7074103942513847,0.8993799288780163,0.9673221427941839,0.4811252238617251,0.6774084733271558,0.5911074982943607,0.9757007912861039,0.03191406562908024,0.03907537910549576
BedSet_09_03.obj,BedSet_09,OB,OB,,0.9540634449029222,0.044168750942229884,21.76915525958791,49.29716135158041,0.01997595317131711,5.699476844756792,0.9653054044779996,1.7073961603410546,0.8993782924432039,0.9673216273093509,0.4811252238617251,0.677409623961744,0.5911071128646971,0.9757004213542118,0.03191391416738844,0.03907535116952755
BedSet_09_04.obj,BedSet_09,OB,OB,,0.9540635618644135,0.04416863397908768,21.769210687326144,49.2971613515797,0.019975953171317395,5.699476844756792,0.9653054044779997,1.7074068553236073,0.8993784869800409,0.9673216779389244,0.4811252238617251,0.677409623961744,0.5911071128646983,0.9757004582107038,0.03191399232974319,0.03907525715184839
BedSet_09_05.obj,BedSet_09,M,M,,0.9971144610319508,0.0028044461552434166,346.5557079882037,81.33156411020025,0.012277010224862748,18.76922580352435,0.9972655060036826,1.3611111111111114,1.0,1.0,0.5773502683562924,0.8988326614553777,0.0,1.0,0.0015591922423456486,0.0028044461552434166
BedSet_09_06.obj,BedSet_09,M,M,,0.9984044287326368,0.001514895828721167,626.734775471694,100.7942807999015,0.00991290881124375,25.200549946311547,0.991865064606789,1.0001292223608456,1.0,1.0,0.6666666655555555,0.9236657244189735,0.0,0.9999999999999999,0.0006608407561984109,0.001514895828721167
BedSet_09_07.obj,BedSet_09,M,M,,0.9993277738288369,0.00042272903334836394,1487.5945669742755,65.99853346464778,0.015143163428263759,33.00041899537549,0.9965298275447141,1.3611111111111114,0.9965295525761436,0.9968707634385026,0.8660254025344387,1.2728087142661193,0.6981116893064675,0.9976238321438101,0.0002656788307806343,0.00042060286027736075
BedSet_09_08.obj,BedSet_09,OB,OB,,0.749999999976335,0.08999664793637883,3.999999999521813,2.4999738108339415,0.3368638966013955,1.99999999898226,0.999999999999224,1.0,1.0,1.0,0.8164965792610595,0.3333333332180291,0.0,0.9999999999999999,0.03740768822058763,0.08999664793637883
BedSet_09_09.obj,BedSet_09,OB,OB,,0.9639516562000967,0.03543595333281904,27.740525488505252,68.0031425927612,0.014570899654333495,7.391578610782318,0.9999999999999694,1.2491349480968859,0.9999984521785229,0.9999997381712235,0.4850712494844306,0.7616658208506926,5.661048867003676e-16,0.9999997943602232,0.017873372017481407,0.035435893845220445
BedSet_09_10.obj,BedSet_09,M,M,,0.9971146470367221,0.002804260150471973,346.57804876107525,81.33156411020025,0.01227701134474043,18.769830774447065,0.9972655060036825,1.3611111111111114,1.0,1.0,0.5773502683562924,0.8988357572480987,0.0,1.0,0.0015590892630571898,0.002804260150471973
BedSet_09_11.obj,BedSet_09,M,M,,0.9971144610319511,0.0028044461552431204,346.55570798822794,81.33156411020025,0.01227701022486275,18.769225803525003,0.9972655060036827,1.3611111111111107,1.0,1.0,0.5773502683562924,0.8988326614553809,0.0,1.0,0.0015591922423454834,0.0028044461552431204
BedSet_09_12.obj,BedSet_09,M,M,,0.9971144610319508,0.0028044461552434166,346.5557079882037,81.33156411020025,0.012277010224862748,18.76922580352435,0.9972655060036821,1.3611111111111114,1.0,1.0,0.5773502683562924,0.8988326614553777,0.0,1.0,0.0015591922423456486,0.0028044461552434166
BedSet_09_13.obj,BedSet_09,M,M,,0.9971142750212066,0.0028046321659875337,346.5333693781109,81.33156411020025,0.012277009104949414,18.768620871670752,0.9972655060036822,1.3611111111111114,1.0,1.0,0.5773502683562924,0.8988295656731228,0.0,1.0,0.001559295224898627,0.0028046321659875337
BedSet_09_14.obj,BedSet_09,M,M,,0.997114647036722,0.002804260150472276,346.5780487610512,81.33156411020025,0.01227701134474043,18.76983077444641,0.997265506003682,1.3611111111111114,1.0,1.0,0.5773502683562924,0.8988357572480955,0.0,1.0,0.001559089263057358,0.002804260150472276
BedSet_09_15.obj,BedSet_09,M,M,,0.9971142750212066,0.0028046321659875337,346.5333693781109,81.33156411020025,0.012277009104949414,18.768620871670752,0.9972655060036828,1.3611111111111114,1.0,1.0,0.5773502683562924,0.8988295656731228,0.0,1.0,0.001559295224898627,0.0028046321659875337
BedSet_09_16.obj,BedSet_09,M,M,,0.9971144610319511,0.0028044461552431204,346.55570798822794,81.33156411020025,0.01227701022486275,18.769225803525003,0.9972655060036811,1.3611111111111107,1.0,1.0,0.5773502683562924,0.8988326614553809,0.0,1.0,0.0015591922423454834,0.0028044461552431204
BedSet_09_17.obj,BedSet_09,M,M,,0.9971146470366999,0.00280426015049408,346.5780487584143,81.33156411020025,0.012277011344740296,18.769830774375002,0.9972655060036826,1.3611111111111114,1.0,1.0,0.5773502683562924,0.8988357572477301,0.0,1.0,0.0015590892630694294,0.00280426015049408
BedSet_09_18.obj,BedSet_09,M,M,,0.9971144610319507,0.002804446155243519,346.5557079881795,81.33156411020025,0.012277010224862748,18.769225803523696,0.9972655060036832,1.3611111111111114,1.0,1.0,0.5773502683562924,0.8988326614553741,0.0,1.0,0.001559192242345705,0.002804446155243519
BedSet_09_19.obj,BedSet_09,M,M,,0.9971146470366999,0.002804260150494073,346.57804875841487,81.33156411020025,0.012277011344740296,18.769830774375002,0.9972655060036831,1.3611111111111114,0.9999999999999999,1.0,0.5773502683562924,0.8988357572477301,0.0,1.0,0.0015590892630694254,0.0028042601504940728
BedSet_09_20.obj,BedSet_09,M,M,,0.9979175547905913,0.002021360753333609,480.2047110204553,100.79428079990123,0.009908528574426555,20.16012318285576,0.9669106024389297,1.1742050213437871,0.999572717536395,0.9946542124958536,1.4433756708907313,1.8655051233237931,0.5760049219680975,0.9974191005251833,0.0012551215396757053,0.002015096487359776
BedSet_09_21.obj,BedSet_09,M,M,,0.9971142750211176,0.002804632166076595,346.5333693674201,81.33156411020025,0.012277009104948878,18.76862087138123,0.9972655060036824,1.3611111111111114,1.0,1.0,0.5773502683562924,0.8988295656716411,0.0,1.0,0.0015592952249479345,0.002804632166076595
BedSet_09_22.obj,BedSet_09,M,M,,0.9971144610319508,0.002804446155243384,346.5557079882041,81.33156411020025,0.012277010224862748,18.76922580352435,0.9972655060036828,1.3611111111111114,1.0,1.0,0.5773502683562924,0.8988326614553775,0.0,1.0,0.0015591922423456306,0.002804446155243384
BedSet_09_23.obj,BedSet_09,M,M,,0.9971146470369213,0.0028042601502728617,346.57804878500224,81.33156411020025,0.012277011344741628,18.769830775094974,0.997265506003683,1.3611111111111107,1.0,1.0,0.5773502683562924,0.8988357572514144,0.0,1.0,0.001559089262946954,0.0028042601502728617
BedSet_09_24.obj,BedSet_09,OB,OB,,0.517899372503176,0.47534431866445037,2.0742557527712924,11.660901879547726,0.07018813780700375,1.4352230533018673,0.9969241205267235,1.1014124225294064,0.9924310041366496,0.989756283738873,0.766045917020835,2.4614767026163182,0.09318872711162765,0.9933033143640712,0.25684060859989116,0.4693302211461826
BedSet_09_25.obj,BedSet_09,M,M,,0.9975000894168019,0.002409667857669114,400.01430720001815,100.7942807999015,0.009908528064969354,20.15970083107311,0.9918650646067985,1.0,1.0,1.0,0.8944271889999158,0.9054807052357084,0.0,1.0,0.0010817954846429985,0.002409667857669114
BedSet_09_26.obj,BedSet_09,M,M,,0.997935770453972,0.001999776917612825,484.44224719297364,100.80483959824328,0.009907490298527066,20.15970083107311,0.9669072981938133,1.3265306122448979,0.999578227756492,0.9946789621691399,1.8898223614747076,1.8655229247255705,0.5789439912331993,0.9974419069000038,0.0014021843334850461,0.001993615266915554
BedSet_09_27.obj,BedSet_09,M,M,,0.9942379075462318,0.005626151293959395,173.54806574577765,61.00293308996796,0.016335167952288867,12.142836287565473,0.9148884614961312,1.4535147392290249,0.9999761913054003,0.9998193098936091,1.3887301475159701,1.6738960981866025,0.7721583880242578,0.9998594301965236,0.004019347266918743,0.005625509059805365
BedSet_09_28.obj,BedSet_09,M,M,,0.9942378632455103,0.005626195859738572,173.54673146565955,61.00293308996796,0.016335165658337127,12.142583090331172,0.9148711755429585,1.4535147392290249,0.9999723430180709,0.9998188971596678,1.3887301475159701,1.6738924987544161,0.7721580431680365,0.9998591062951706,0.004019383945462993,0.005625530810206243
BedSet_09_29.obj,BedSet_09,M,M,,0.9975001941612642,0.0024095631132067838,400.03106821516695,100.7942807999015,0.009908528574426529,20.16012318285576,0.9918650646067985,1.0,1.0,1.0,0.8944271889999158,0.9054825918217313,0.0,1.0,0.001081748687991406,0.0024095631132067838
BedSet_09_30.obj,BedSet_09,OB,OB,,0.9767190810088633,0.023133750386386535,42.95363084165919,69.9960196062361,0.014113478463563638,6.392859533767266,0.923115583644368,1.7755730592500407,0.8941968619303942,0.9760885706083217,1.2787240246955256,1.7179213002235387,0.7514030304777027,0.9817406574810945,0.019747054296633187,0.02043880956761174
BedSet_09_31.obj,BedSet_09,M,M,,0.9984506819353249,0.0006197077505178939,645.4452593047952,31.999790479425513,0.031211176908864286,25.60010054856366,0.9999999999999422,1.5625,1.0,1.0,0.7071067799365475,0.9248123142986633,0.0,1.0000000000000002,0.00039385031712996254,0.0006197077505178939
BedSet_09_32.obj,BedSet_09,M,M,,0.9984506819353249,0.0006196103707964962,645.4452593047959,31.998114569726873,0.031212810009954732,25.60010054856366,0.9999999999999413,1.5625,0.9999999999999973,0.9999999999999999,0.7071067799365475,0.9248123142986646,1.5700924586837752e-16,0.9999999999999998,0.0003937884282248744,0.0006196103707964946
BedSet_09_33.obj,BedSet_09,OB,OB,,0.9817250753450062,0.01807894064592619,54.71978784469745,53.00251401075132,0.018536724450347174,5.300029329099137,0.9929696953679784,1.440132487262332,0.985962671854864,0.9966581017668215,1.6283046833163242,2.2846257499379132,0.6297204875789443,0.9973876494121678,0.01333345161252562,0.017795375687165882
BedSet_09_34.obj,BedSet_09,OB,OB,,0.9823711347327396,0.017432807527428568,56.72514849020148,53.00251400942861,0.01853672445080961,5.300029329099137,0.9929696953659791,1.4458337763295217,0.9960590952389282,0.9990392071755062,1.6358257611298654,2.284670202738351,0.619529906492447,0.9992497238363274,0.012837088149555878,0.01735576483878365
BedSet_09_35.obj,BedSet_09,OB,OB,,0.9817249361993333,0.018079063441312188,54.719371210218,53.00230449805913,0.018536795180970955,5.300008378801531,0.9929696843944178,1.4400305328445586,0.9859627647154714,0.9966581047977591,1.6283046833163242,2.284624119494415,0.6297441438148721,0.9973876502414761,0.013332917994431405,0.017795498259569387
BedSet_09_36.obj,BedSet_09,OB,OB,,0.9823710005268438,0.0174328692295016,56.724716653477536,52.99120221659577,0.018540677523161023,5.300008378801531,0.9929671438126874,1.4457328043120274,0.9960589459739533,0.9990391441323928,1.6358257611298654,2.284668455502684,0.6195714809756879,0.9992496711441703,0.012836554649447142,0.017355823119957783
BedSet_09_37.obj,BedSet_09,OB,OB,,0.9817250717658265,0.01807892931176343,54.719777127722345,53.002514009813396,0.01853672445067508,5.300029329099137,0.992969684394417,1.4400305328445586,0.9859628306141395,0.9966581330177802,1.6283046833163242,2.2846254743240353,0.6297443168907637,0.9973876722021592,0.013332818817480649,0.01779536767470576
BedSet_09_38.obj,BedSet_09,OB,OB,,0.982371131381462,0.017432739811372347,56.725137706654685,52.99141168446404,0.0185406067780616,5.300029329099137,0.9929671438127076,1.4457328043120274,0.9960588808971665,0.99903913272194,1.6358257611298654,2.284669810216181,0.6195716733823026,0.9992496621530712,0.012836459850814727,0.017355693040816
BedSet_09_39.obj,BedSet_09,OB,OB,,0.9817249397785399,0.018079074775551103,54.7193819271149,53.002304498997056,0.018536795180643047,5.300008378801531,0.9929696953679794,1.440132487262332,0.9859626059558325,0.9966580735466278,1.6283046833163242,2.284624395109122,0.6297203144276672,0.9973876274513742,0.013333550794099671,0.017795506272072208
BedSet_09_40.obj,BedSet_09,OB,OB,,0.9823710038781462,0.017432936946042796,56.72472743694407,53.002304497674345,0.018536795181105483,5.300008378801531,0.9929696953659626,1.4458337763295217,0.9960591603161721,0.9990392185864391,1.6358257611298654,2.2846688480260164,0.619529714055131,0.9992497328278496,0.012837182952806975,0.017355894918457772
BedSet_09_41.obj,BedSet_09,M,M,,0.9948026733888816,0.00513946035852256,192.40661109510833,93.61575505820076,0.010626776788054484,9.853746744633895,0.9768007199601527,1.6217733994565775,1.0,1.0,0.5080005073556008,0.8156425869202977,0.0,1.0,0.0032835130792444986,0.00513946035852256
BedSet_09_42.obj,BedSet_09,M,M,,0.9948026276933948,0.005139507795470714,192.4049194491634,93.61533603223094,0.010626823863723503,9.853702639314626,0.9768001447334502,1.6218722528843166,0.9999999999999999,1.0,0.5080005073556008,0.8156419288596823,0.0,0.9999999999999999,0.003283721037078595,0.005139507795470713
BedSet_09_43.obj,BedSet_09,M,M,,0.9948026268621554,0.005139506367227218,192.40488867697874,93.61533603456718,0.010626823863458331,9.853702639314626,0.9768007199601528,1.621773399456577,1.0,1.0,0.5080005073556008,0.8156418377987152,0.0,1.0,0.003283542280911079,0.005139506367227218
BedSet_09_44.obj,BedSet_09,M,M,,0.9948026742201136,0.005139461786753268,192.40664186756854,93.61575505586453,0.010626776788319652,9.853746744633895,0.9768001447334502,1.6218722528843161,1.0,1.0,0.5080005073556008,0.8156426779809322,0.0,1.0,0.0032836918338117597,0.005139461786753268
BedSet_09_45.obj,BedSet_09,OB,OB,,0.7203795911453409,0.27961013849634236,3.5762768679717327,312.03072364009023,0.0027888400919168503,1.7662512203632703,0.9905664852301742,1.1111111111111112,1.0,1.0,1.1547005350459183,0.2769997608379884,0.0,1.0,0.13198183174803851,0.27961013849634236
BedSet_09_46.obj,BedSet_09,OB,OB,,0.7203793193371403,0.27961041021260585,3.5762733916144827,312.0293269921913,0.002788852220569848,1.7662502963800133,0.9905664479403858,1.1111111111111112,1.0,1.0,1.1547005350459183,0.27699951934011524,0.0,1.0,0.13198195662753023,0.27961041021260585
BedSet_09_47.obj,BedSet_09,OB,OB,,0.7203770879695381,0.2796126415802043,3.5762448532499964,312.0293269921913,0.002788849544627701,1.7662433146319785,0.9905664852301742,1.1111111111111112,1.0,1.0,1.1547005350459183,0.27699769455368556,0.0,1.0,0.1319829843679978,0.2796126415802043
BedSet_09_48.obj,BedSet_09,OB,OB,,0.7203818224929679,0.279607907148719,3.5763054065916973,312.03072364009023,0.0027888427678317874,1.7662582021425557,0.990566447940386,1.1111111111111112,1.0,1.0,1.1547005350459183,0.27700158562215565,0.0,1.0,0.13198080401650905,0.279607907148719
BedSet_09_49.obj,BedSet_09,OB,OB,,0.9767451894566824,0.023107362849042093,43.00185538545301,70.00335210154505,0.014112000442850617,6.392859533767266,0.9231152955541532,1.3993988298907485,0.8709179580805857,0.9702425333063216,1.01904932957629,1.4942963139205208,0.7754080077480436,0.9774316832177709,0.016257011892145703,0.01982518845506057
BedSet_09_50.obj,BedSet_09,M,M,,0.999303324517239,0.00025079383256813723,1435.3885341810287,45.499764283406776,0.02196454649656683,36.400192724388546,0.9999999999999575,1.0,1.0,1.0,0.7844645390142747,0.9465243397350428,0.0,1.0000000000000002,0.00011145129683309809,0.00025079383256813723
BedSet_09_51.obj,BedSet_09,M,M,,0.999303324517239,0.0002508405376276855,1435.3885341810287,45.5021474675544,0.02196339665397064,36.400192724388546,0.9999999999999575,1.0,1.0,1.0,0.7844645390142747,0.9465243397350428,0.0,1.0000000000000002,0.00011147205228550303,0.0002508405376276855
BedSet_10_01.obj,BedSet_10,OB,OB,,0.21976742394090515,0.774752534448506,1.2816691210854645,11.031762820098841,0.06722525407826994,1.1111123654170458,0.9923011752293346,1.000018530803542,0.9582921475380629,0.9555559574684627,0.9790709272642137,1.8027206505596831,0.1915988685454314,0.9703465557118768,0.4098197842304448,0.7259407687996848
BedSet_10_02.obj,BedSet_10,OB,M,x,0.9768096225518409,0.022410915895629612,43.12133350288756,35.818108748479446,0.027590131264513276,6.566683599387884,0.9999999999999905,1.0,0.9999999999999996,1.0,0.8164965792610595,0.7356834108756087,1.5700924586837752e-16,1.0,0.009766093685830859,0.022410915895629602
BedSet_10_03.obj,BedSet_10,OB,OB,,0.8472259388802615,0.1519946427628271,6.54561378201595,35.81910126032584,0.02599360100083079,2.5584397162161046,0.9999999999999969,1.0,0.9999999999999998,1.0,0.8164965792610595,0.437955913412267,1.5700924586837752e-16,1.0,0.06397265895014906,0.15199464276282706
BedSet_10_04.obj,BedSet_10,M,M,,0.9962484322687614,0.0026952815533118294,266.555230143676,30.768703826974363,0.0324227082133466,16.32651922548094,0.9999999999999828,1.0,1.0,1.0,0.8164965792610595,0.8845700065925195,0.0,1.0,0.0011945980948337,0.0026952815533118294
BedSet_10_05.obj,BedSet_10,M,M,,0.9981937047416274,0.0010500628778392792,553.619346208592,36.36405996194515,0.02746451287004747,23.529116979750356,0.9999999999999708,1.0,1.0,1.0,0.8164965792610595,0.918464247953874,0.0,1.0,0.0004671866326795821,0.0010500628778392792
BedSet_10_06.obj,BedSet_10,M,M,,0.9962484322687614,0.0026952815533118294,266.555230143676,30.768703826974363,0.0324227082133466,16.32651922548094,0.9999999999999828,1.0,1.0,1.0,0.8164965792610595,0.8845700065925195,0.0,1.0,0.0011945980948337,0.0026952815533118294
BedSet_10_07.obj,BedSet_10,M,M,,0.9981937047416274,0.0010500628778392785,553.6193462085921,36.36405996194515,0.02746451287004747,23.529116979750356,0.9999999999999708,1.0,1.0,1.0,0.8164965792610595,0.918464247953874,0.0,1.0,0.0004671866326795818,0.0010500628778392785
BedSet_10_08.obj,BedSet_10,M,M,,0.9997584977073632,6.784806750951553e-06,4140.740845268057,46.005467033979734,0.021726217856998516,45.9959263219956,0.772353817758797,1.041417477837555,0.9998168100622524,0.9999948805869595,2.1818715297404054,3.384269661652082,0.5620802039176692,0.9999959792470737,4.1566922454105764e-06,6.783546478692619e-06
BedSet_10_09.obj,BedSet_10,M,M,,0.9961113406088518,0.003836552346552016,257.15801208498675,101.7325082673175,0.009807646568354223,15.071096128879208,0.9668313465977075,1.0000198482580958,0.9999976168145752,0.9999997995453099,0.320256307353764,0.8755529829936337,6.661338147750939e-16,0.9999998425632918,0.0015844984849973857,0.0038365428188098425
BedSet_10_10.obj,BedSet_10,M,M,,0.9998940710069107,1.3264050616688187e-05,9440.284515031497,71.50129627917028,0.013983005038392365,71.50129627916796,0.7742774811803169,1.071891943003368,0.9999993778286358,0.999999039226319,2.122891108678754,3.4123461349166195,0.5633061089719192,0.9999992454713921,8.267852330644474e-06,1.3264035992304317e-05
BedSet_10_11.obj,BedSet_10,M,M,,0.9920828720899306,0.007816854014513859,126.30840967876827,71.67644898576893,0.01388876377236491,10.618460816897679,0.9663973445229448,1.0458606457299744,0.9999997730212885,0.9999998479286876,2.1864326647331676,3.28165191360894,0.5466379404544666,0.9999998805646277,0.004794727046331213,0.007816851645894915
BedSet_10_12.obj,BedSet_10,M,M,,0.9960533399365284,0.0038937760633077786,253.37878140218456,100.98243157854523,0.009880166494524775,14.960206338476668,0.9668454914658091,1.0000181252640266,0.9999988082396177,0.9999998990222367,0.320256307353764,0.8746883385677907,1.5700924586837752e-16,0.9999999206922597,0.0016079599811610115,0.0038937712262675644
BedSet_10_13.obj,BedSet_10,M,M,,0.9997585341882221,6.715094125203831e-06,4141.366431894793,46.005467033979734,0.021726217856998506,45.9959263219719,0.7723591878683035,1.0417205583104785,0.9998090298185164,0.9999946647705531,2.1818715297404054,3.3842707991223264,0.5620795381220636,0.9999958097473729,4.1147085047042e-06,6.713793832597006e-06
BedSet_10_14.obj,BedSet_10,M,M,,0.9997585341882672,6.715094080270389e-06,4141.366432666265,46.005467033979734,0.0217262178569994,45.99592632597676,0.7723591878602347,1.0417205583323137,0.99980902982027,0.9999946647706017,2.1818715297404054,3.3842707991294625,0.5620795381213618,0.9999958097474108,4.114708477219066e-06,6.713793787684205e-06
BedSet_10_15.obj,BedSet_10,M,M,,0.9997584976436812,6.751518552239676e-06,4140.73975339123,46.005467033979734,0.021726217856999405,45.99592632600046,0.7724054006250123,1.0413541965115614,0.9998169406719594,0.9999948823843368,2.1818715297404054,3.384270067212448,0.5620796505394017,0.9999959806587343,4.1361483808496035e-06,6.750265351114205e-06
BedSet_10_16.obj,BedSet_10,M,M,,0.9997585060031383,6.776628693609568e-06,4140.88308753999,46.005467033979734,0.021726217856998506,45.9959263219719,0.7723538177594943,1.0417663074270738,0.9998084176647645,0.999994649725939,2.1818715297404054,3.3842703505910685,0.5620797147541771,0.9999957979314882,4.152523757566158e-06,6.775312286322145e-06
BedSet_10_17.obj,BedSet_10,M,M,,0.9997584977073619,6.784806752258256e-06,4140.740845245673,46.005467033979734,0.021726217856998423,45.99592632159275,0.7723538177539335,1.0414174778374015,0.9998168100625772,0.9999948805869681,2.1818715297404054,3.384269661651402,0.562080203917782,0.9999959792470807,4.156692246210234e-06,6.783546480001311e-06
BedSet_10_18.obj,BedSet_10,M,M,,0.9997584968090277,6.785691820492601e-06,4140.725442678181,46.005467033979734,0.021726217856999405,45.99592632600046,0.7723538178798488,1.0413807386240208,0.9998177420451534,0.9999949062244257,2.1818715297404054,3.3842695834042242,0.5620802710277543,0.99999599938245,4.1571456268368e-06,6.784437794933408e-06
BedSet_10_19.obj,BedSet_10,M,M,,0.9997137889402754,2.3166190889621368e-07,3493.92432831389,41.666050279939775,0.02398651864280566,41.6660502799362,0.7763285513197602,1.039475126546562,0.9999899622108364,0.9999996000325103,2.1895949929289777,3.376325805980129,0.5639771266536374,0.9999996858668779,1.4178120085265788e-07,2.3165953719466388e-07
BedSet_10_20.obj,BedSet_10,M,M,,0.9998940710069092,1.3264182231539812e-05,9440.284514902522,71.50129627917028,0.013983005038392365,71.50129627916796,0.7742780124840017,1.0719156150787896,0.9999993784478827,0.9999990415988094,2.122891108678754,3.4123461349181055,0.5633064803920634,0.9999992473344377,8.268044503594968e-06,1.326416763095919e-05
BedSet_10_21.obj,BedSet_10,M,M,,0.9997584976436807,6.751518552643039e-06,4140.73975338431,46.005467033979734,0.0217262178569994,45.99592632597676,0.7724054006249551,1.0413541965116275,0.9998169406719573,0.9999948823843369,2.1818715297404054,3.384270067212408,0.5620796505394463,0.9999959806587342,4.136148381096889e-06,6.750265351517479e-06
BedSet_10_22.obj,BedSet_10,M,M,,0.9994739296641143,4.219653684790965e-07,1900.8857483028635,30.732842737651616,0.03250405239483997,30.732842737648976,0.7762686603057529,1.0394836004697066,0.9999905984173494,0.9999994405461279,2.1895949929289777,3.346092840344408,0.5639724190056548,0.9999995606073795,2.582513971362943e-07,4.219612833028391e-07
BedSet_10_23.obj,BedSet_10,M,M,,0.9997585826058033,6.666725237802781e-06,4142.197005625463,46.005467033979734,0.0217262199844526,46.005467033979734,0.7724402284059431,1.0416618409135845,0.9998092853939698,0.9999946728624458,2.1818715297404054,3.3842873636910538,0.562078391822133,0.9999958161026511,4.0849323908595144e-06,6.665436042030927e-06
BedSet_10_24.obj,BedSet_10,M,M,,0.9997137887069082,2.3597622335346326e-07,3493.921479483863,41.666050279939775,0.02398651864280566,41.6660502799362,0.7763285513197923,1.0395844040758508,0.9999900528661091,0.9999996020235706,2.1895949929289777,3.376365559276828,0.5639551916611681,0.9999996874306865,1.4443039904176817e-07,2.3597382911035419e-07
BedSet_10_25.obj,BedSet_10,M,M,,0.9997585826743843,6.700003648983703e-06,4142.19818232568,46.005467033979734,0.0217262199844526,46.005467033979734,0.772388656344595,1.0417257389828092,0.9998091488900513,0.9999946709025677,2.1818715297404054,3.384286919106572,0.5620789749291181,0.9999958145633654,4.105473488752638e-06,6.69870709677168e-06
BedSet_10_26.obj,BedSet_10,M,M,,0.9997585138448185,6.768665755253031e-06,4141.017552725934,46.005467033979734,0.0217262178569994,45.99592632597676,0.7723270957258765,1.0413984279746495,0.9998172824887926,0.9999948935823023,2.1818715297404054,3.384269652175025,0.5620802807010703,0.9999959894534695,4.1467575875012345e-06,6.7674117228324265e-06
BedSet_10_27.obj,BedSet_10,M,M,,0.9997585342554239,6.748375339288396e-06,4141.367584469143,46.005467033979734,0.0217262178569994,45.99592632597676,0.7723076050428204,1.041784718385358,0.999808895313213,0.9999946628648585,2.1818715297404054,3.3842703676144046,0.5620801114371642,0.9999958082506415,4.135253705056577e-06,6.747067688078783e-06
BedSet_10_28.obj,BedSet_10,M,M,,0.9994633286127993,5.614901265409448e-07,1863.3355743061616,30.55872005307814,0.0326888390825923,30.55519906627544,0.7754056701474057,1.0398516367090003,0.9999999999999967,0.9999999999999999,0.3380617016056923,0.9368231221341249,1.5700924586837752e-16,1.0,2.4204319460431355e-07,5.614901265409429e-07
BedSet_10_29.obj,BedSet_10,M,M,,0.9997585059361617,6.743347074184638e-06,4140.881939095003,46.005467033979734,0.021726217856998506,45.9959263219719,0.7724054005769018,1.0417023006201784,0.9998085516833022,0.9999946516183237,2.1818715297404054,3.3842707791152495,0.5620791436018712,0.9999957994177655,4.131978246964193e-06,6.742038042193799e-06
BedSet_10_30.obj,BedSet_10,M,M,,0.9994739276232062,4.257260645029056e-07,1900.8783737796257,30.732842737651616,0.03250405239483997,30.732842737648976,0.7762686603057838,1.0394726238452345,0.9999913306963933,0.9999994690253873,2.1895949929289777,3.3460862724399973,0.5639749386169769,0.9999995829749155,2.6055135700188315e-07,4.257222607305129e-07
BedSet_10_31.obj,BedSet_10,M,M,,0.9997584976436574,6.7515185759823615e-06,4140.739752983048,46.005467033979734,0.021726217856996424,45.99592631263514,0.7724054004395,1.0413541965031332,0.9998169406722691,0.9999948823843441,2.1818715297404054,3.384270067189312,0.5620796505442139,0.9999959806587396,4.136148395376139e-06,6.7502653748546e-06
BedSet_10_32.obj,BedSet_10,M,M,,0.9997585342553793,6.748375383876757e-06,4141.367583703616,46.005467033979734,0.021726217856998506,45.9959263219719,0.772307605050895,1.0417847183636622,0.9998088953114617,0.9999946628648101,2.1818715297404054,3.3842703676072827,0.5620801114379034,0.9999958082506035,4.135253732331364e-06,6.747067732646521e-06
BedSet_10_33.obj,BedSet_10,CA,CA,,0.4972014905624419,0.5024631620471472,1.988863706141846,69.43642996618676,0.011423357071286227,1.302772788157938,0.7852038982027449,1.0126573101764986,0.654662631535827,0.5348540164688467,0.2137899720221277,2.004298595815372,0.1969704482431951,0.7807173156806427,0.3342590086987157,0.2524403992224027
BedSet_10_34.obj,BedSet_10,M,M,,0.9997584977073491,6.7848067648988995e-06,4140.740845028522,46.005467033979734,0.021726217856996424,45.99592631263514,0.7723538176220874,1.0414174778422598,0.9998168100641689,0.9999948805870112,2.1818715297404054,3.3842696616360066,0.5620802039215413,0.9999959792471141,4.156692253964533e-06,6.783546492650553e-06
BedSet_10_35.obj,BedSet_10,M,M,,0.9997584976437071,6.751518526338108e-06,4140.739753834159,46.005467033979734,0.0217262178569997,45.99592632732751,0.7724054006086485,1.0413541964810349,0.9998169406697196,0.9999948823842756,2.1818715297404054,3.3842700672143335,0.5620796505385469,0.9999959806586859,4.136148364913111e-06,6.750265325202116e-06
BedSet_10_36.obj,BedSet_10,M,M,,0.9997584977073729,6.784806741284851e-06,4140.740845434461,46.005467033979734,0.0217262178569994,45.99592632597676,0.7723538178075586,1.0414174778504068,0.9998168100638546,0.9999948805870041,2.1818715297404054,3.384269661659088,0.5620802039168363,0.9999959792471088,4.156692239515748e-06,6.783546469038734e-06
BedSet_10_37.obj,BedSet_10,M,M,,0.9997584976436699,6.751518563561648e-06,4140.739753196436,46.005467033979734,0.021726217856998423,45.99592632159275,0.772405400571343,1.041354196498511,0.999816940670678,0.9999948823843015,2.1818715297404054,3.3842700672047137,0.5620796505404483,0.9999959806587062,4.136148387757459e-06,6.750265362425306e-06
BedSet_10_38.obj,BedSet_10,M,M,,0.9997584977073994,6.784806714682892e-06,4140.740845889438,46.005467033979734,0.0217262178569997,45.99592632732751,0.7723538177912189,1.0414174778198475,0.9998168100616192,0.9999948805869426,2.1818715297404054,3.384269661661025,0.5620802039158889,0.9999959792470605,4.156692223149133e-06,6.78354644242634e-06
BedSet_10_39.obj,BedSet_10,M,M,,0.9997585137810892,6.735377641110654e-06,4141.016459890828,46.005467033979734,0.0217262178569994,45.99592632597676,0.7723786999380651,1.0413351708662908,0.9998174133090749,0.9999948953853908,2.1818715297404054,3.384270058902421,0.5620797265091845,0.999995990869615,4.12621441553177e-06,6.734130663180283e-06
BedSet_10_40.obj,BedSet_10,CA,CA,,0.4972981656502214,0.5023664846818314,1.9892461865406266,69.43539283997029,0.011423464422180198,1.3027533294989406,0.7852174551875694,1.0111282878763563,0.6546331905353473,0.5347991668078214,0.20750613391796338,1.9676563324292227,0.19811554026112646,0.7807036612004686,0.33296226915862015,0.252371458489299
BedSet_10_41.obj,BedSet_10,M,M,,0.9997585341882157,6.715094131748682e-06,4141.366431782621,46.005467033979734,0.021726217856998506,45.9959263219719,0.7723591878781412,1.0417205583130615,0.9998090298189066,0.9999946647705638,2.1818715297404054,3.3842707991223477,0.5620795381219734,0.9999958097473808,4.11470850871996e-06,6.713793839143246e-06
BedSet_10_42.obj,BedSet_10,M,M,,0.992076610974801,0.007823035826632213,126.20859991018344,71.67644898576893,0.01388876377236491,10.618460816897679,0.9662093254132804,1.0458835428179751,0.999999548004471,0.9999997681758342,2.1864326647331676,3.281652315756879,0.5466292278682487,0.9999998179280809,0.004798578736298744,0.007823031383871028
BedSet_10_43.obj,BedSet_10,M,M,,0.9684277215042767,0.03133336711621707,31.67334247919007,70.001350305769,0.014078631546677368,5.833352792340598,0.7332491600610205,1.0422949973139835,0.7522719858388868,0.8017700293789155,0.540873895117108,3.200980120633828,0.4005395002438864,0.9007958517985862,0.01951532411059922,0.021234953744088927
BedSet_10_44.obj,BedSet_10,M,M,,0.9997584967456049,6.75240309302559e-06,4140.724355255266,46.005467033979734,0.021726217856999405,45.99592632600046,0.7724054006972532,1.0413174089129955,0.9998178723720573,0.9999949080138872,2.1818715297404054,3.3842699869612076,0.5620797191856968,0.9999960007878941,4.136601741241183e-06,6.751156105427016e-06
BedSet_10_45.obj,BedSet_10,M,M,,0.9997584976436714,6.751518561981023e-06,4140.739753223518,46.005467033979734,0.021726217856998516,45.9959263219956,0.772405400576214,1.0413541964986774,0.9998169406703533,0.9999948823842923,2.1818715297404054,3.384270067205394,0.5620796505403328,0.9999959806586991,4.1361483867900455e-06,6.750265360842751e-06
BedSet_10_46.obj,BedSet_10,OB,OB,,0.519597621897042,0.4700242134006219,2.0815881816262354,9.999998549743768,0.08164965712556416,1.4285713989740632,0.9992251479733673,1.0124587638158113,0.9700883984221943,0.9584387179275574,2.9252285407620926,3.35117069948524,0.023662506185037784,0.9737251676194482,0.2784352197435253,0.44648979065101774
BedSet_10_47.obj,BedSet_10,OB,OB,,0.9550546818709094,0.03596214400222625,22.24925470407527,6.761875140100466,0.1432226927508678,4.749156760837155,0.9997894028511395,1.7474359824017203,1.0,1.0,0.282842712274619,0.6521229079453674,0.0,1.0,0.02377742526889292,0.03596214400222625
BedSet_11_01.obj,BedSet_11,OB,OB,,0.3834474098032569,0.6110722266631378,1.6219216590766634,11.031750210889498,0.07060709747526983,1.249999761853647,0.9923014750810869,1.0000064284227967,0.9776365346965437,0.9690033030237545,0.9790709272642137,1.8184946647642,0.16034701137370705,0.9801220679738116,0.31792493812066414,0.5881477194693115
BedSet_11_02.obj,BedSet_11,OB,OB,,0.9712727052582939,0.027761738446092407,34.81009990641755,32.18186434635127,0.030622098642532795,5.9000084660877885,0.9999999999999923,1.0,0.9999999999999993,0.9999999999999999,0.8164965792610595,0.7101452831830591,1.5700924586837752e-16,0.9999999999999999,0.012062393705189543,0.02776173844609239
BedSet_11_03.obj,BedSet_11,OB,OB,,0.8107497175291171,0.18828468158352216,5.284007965239101,32.18112125355684,0.028483014913883227,2.2986970145822894,0.9999999999999977,1.0,1.0,1.0,0.8164965792610595,0.3936999999890137,0.0,1.0,0.07883005041751318,0.18828468158352216
BedSet_11_04.obj,BedSet_11,M,M,,0.9962484294099887,0.0026953661570284855,266.55502702320024,30.76989447637728,0.03242145488120966,16.326513005065078,0.9999999999999857,1.0,1.0,1.0,0.8164965792610595,0.8845699651517651,0.0,1.0000000000000002,0.0011946355871638537,0.0026953661570284855
BedSet_11_05.obj,BedSet_11,M,M,,0.9981938113150575,0.0010499557281664204,553.6520122933567,36.36404610806336,0.02746452478592465,23.52981113281366,0.9999999999999749,1.0,1.0,1.0,0.8164965792610595,0.9184665552806822,0.0,1.0,0.00046713908152596495,0.0010499557281664204
BedSet_11_06.obj,BedSet_11,M,M,,0.9962484294099887,0.0026953661570284855,266.55502702320024,30.76989447637728,0.03242145488120966,16.326513005065078,0.9999999999999857,1.0,1.0,1.0,0.8164965792610595,0.8845699651517651,0.0,1.0000000000000002,0.0011946355871638537,0.0026953661570284855
BedSet_11_07.obj,BedSet_11,M,M,,0.9981938113150575,0.0010499557281664204,553.6520122933567,36.36404610806336,0.02746452478592465,23.52981113281366,0.9999999999999749,1.0,1.0,1.0,0.8164965792610595,0.9184665552806822,0.0,1.0,0.00046713908152596495,0.0010499557281664204
BedSet_11_08.obj,BedSet_11,M,M,,0.9936345640865808,0.005741301651411431,157.09833619249412,38.095089630242626,0.026167582371915778,13.333293478837843,0.999749450357659,1.5061728395061729,1.0,1.0,0.6666666655555555,0.8604695939409628,0.0,1.0,0.003503250254476574,0.005741301651411431
BedSet_11_09.obj,BedSet_11,M,M,,0.9936345640872034,0.00574130165078876,157.09833620785918,38.095089630242626,0.02616758237192293,13.33329347948994,0.9997494503576473,1.506172839506173,1.0,1.0,0.6666666655555555,0.8604695939473107,0.0,1.0,0.0035032502540984535,0.00574130165078876
BedSet_11_10.obj,BedSet_11,M,M,,0.9936345640872034,0.005741301650788968,157.09833620785932,38.095089630242626,0.02616758237192293,13.33329347948994,0.9997494503576465,1.506172839506173,1.0,1.0,0.6666666655555555,0.8604695939473107,0.0,1.0,0.00350325025409858,0.005741301650788968
BedSet_11_11.obj,BedSet_11,M,M,,0.994313398300283,0.005032238213401242,175.8518467303469,38.095089630242626,0.026167582371922935,13.33329347949052,0.9997494503576473,1.346938775510204,0.9567265360291907,0.995570729923238,1.1338934168848245,1.2652338128501464,0.7326130305728281,0.9965394422595577,0.0032769792376927693,0.004803813527506835
BedSet_11_12.obj,BedSet_11,M,M,,0.993634564087204,0.005741301650788399,157.09833620787265,38.095089630242626,0.026167582371922935,13.33329347949052,0.9997494503576473,1.506172839506173,1.0,1.0,0.6666666655555555,0.8604695939473164,0.0,1.0,0.0035032502540982345,0.005741301650788399
BedSet_11_13.obj,BedSet_11,M,M,,0.993634564087204,0.005741301650788349,157.0983362078728,38.095089630242626,0.026167582371922935,13.33329347949052,0.9997494503576473,1.506172839506173,1.0,1.0,0.6666666655555555,0.8604695939473164,0.0,1.0,0.003503250254098204,0.005741301650788349
BedSet_11_14.obj,BedSet_11,M,M,,0.9936345640878266,0.005741301650165701,157.09833622323805,38.095089630242626,0.02616758237193009,13.333293480142617,0.9997494503576337,1.506172839506173,1.0,1.0,0.6666666655555555,0.8604695939536644,0.0,1.0,0.0035032502537200964,0.005741301650165701
BedSet_11_15.obj,BedSet_11,M,M,,0.993634564087204,0.005741301650788201,157.09833620787293,38.095089630242626,0.026167582371922935,13.33329347949052,0.9997494503576473,1.506172839506173,1.0,1.0,0.6666666655555555,0.8604695939473164,0.0,1.0,0.0035032502540981135,0.005741301650788201
BedSet_11_16.obj,BedSet_11,M,M,,0.9936345640870796,0.005741301650912681,157.09833620480242,38.095089630242626,0.02616758237192151,13.333293479360217,0.9997494503576496,1.506172839506173,1.0,1.0,0.6666666655555555,0.8604695939460479,0.0,1.0,0.0035032502541737054,0.005741301650912681
BedSet_11_17.obj,BedSet_11,M,M,,0.9936345640871415,0.005741301650850873,157.09833620633106,38.095089630242626,0.02616758237192222,13.333293479425079,0.9997494503576485,1.5061728395061729,0.9999999999999999,1.0,0.6666666655555555,0.8604695939466793,0.0,1.0,0.003503250254136172,0.005741301650850872
BedSet_11_18.obj,BedSet_11,M,M,,0.9936345640872659,0.00574130165072628,157.0983362094012,38.095089630242626,0.026167582371923646,13.333293479555381,0.999749450357646,1.506172839506173,1.0,1.0,0.6666666655555555,0.8604695939479478,0.0,1.0,0.003503250254060512,0.00574130165072628
BedSet_11_19.obj,BedSet_11,M,M,,0.9936345640873278,0.005741301650664208,157.0983362109294,38.095089630242626,0.02616758237192436,13.333293479620245,0.9997494503576444,1.506172839506173,1.0,1.0,0.6666666655555555,0.8604695939485791,0.0,1.0,0.003503250254022818,0.005741301650664208
BedSet_11_20.obj,BedSet_11,M,M,,0.9936345640874527,0.005741301650539182,157.09833621401373,38.095089630242626,0.026167582371925794,13.333293479751127,0.9997494503576421,1.506172839506173,1.0,1.0,0.6666666655555555,0.8604695939498533,0.0,1.0,0.003503250253946895,0.005741301650539182
BedSet_11_21.obj,BedSet_11,M,M,,0.9998932380828571,2.2294290402544856e-05,9366.631784031795,77.09582507727477,0.012968499765928693,72.10581589888042,0.7706434085152426,1.000000000061037,1.0,1.0,0.5163977788276556,0.9726423963611683,0.0,1.0,9.577983566146894e-06,2.2294290402544856e-05
BedSet_11_22.obj,BedSet_11,M,M,,0.9998944354161118,2.202488341448918e-05,9472.869919674762,77.55864696129171,0.012891138593980245,72.51358192127672,0.7710084946627679,1.0000336515663113,1.0,1.0,0.5163977788276556,0.9727941438419238,0.0,1.0,9.46266853788149e-06,2.202488341448918e-05
BedSet_11_23.obj,BedSet_11,M,M,,0.9998858907221839,2.3828665342253974e-05,8763.525242955673,74.63703981321463,0.013395559946523045,69.74578913838789,0.7712575959265016,1.0000000000737215,1.0,1.0,0.5163977788276556,0.9717297671388442,0.0,1.0,1.0236088232926675e-05,2.3828665342253974e-05
BedSet_11_24.obj,BedSet_11,M,M,,0.9998796038368236,3.1660990932451246e-05,8305.90860137472,73.86101010032975,0.013536248486077556,69.05647038606091,0.7709324854598495,1.0620179077397103,1.0,1.0,0.5252257307492351,0.9714516029535802,0.0,1.0,1.4304194817012656e-05,3.1660990932451246e-05
BedSet_11_25.obj,BedSet_11,M,M,,0.9998920348830804,2.2525728080012623e-05,9262.246826382783,76.69156711842477,0.01303683382762047,71.70290423390492,0.7709913273318357,1.0000336515721329,1.0,1.0,0.5163977788276556,0.9724907834732364,0.0,1.0,9.677507441423066e-06,2.2525728080012623e-05
BedSet_11_26.obj,BedSet_11,OB,OB,,0.3665960751982387,0.6321844190495516,1.5787712605611486,18.348664785527966,0.042518777055658256,1.250001461450491,0.9990203983538702,2.1536830935841915,0.8518150633624731,0.8913416562422545,0.6666666659259258,0.7198648288748111,0.3814451457408797,0.9245720183025006,0.5416938705896442,0.5092477231342054
BedSet_11_27.obj,BedSet_11,M,M,,0.9963365457958011,0.003621403313020422,272.9664025634249,113.27325373528971,0.008809514075279723,15.49026150370208,0.9655539257552156,1.0000003978270695,1.0,1.0,0.320256307353764,0.8787162973627503,0.0,1.0,0.001496187604471163,0.003621403313020422
BedSet_11_28.obj,BedSet_11,M,M,,0.9939684025924264,0.005484505307730985,165.79345636524812,38.09518963014576,0.02616751411299248,13.333328479487824,0.9997494510151781,1.7777777777777777,0.9999999999999741,0.9999999999999974,0.6666666655555555,0.8598601805445946,2.112343365827712e-15,0.9999999999999978,0.0038677566785147587,0.005484505307730836
BedSet_11_29.obj,BedSet_11,M,M,,0.9936345993332598,0.005741269860000695,157.09920608243516,38.09518963014576,0.02616751411299248,13.333328479487824,0.9997494510151764,1.506172839506173,1.0,1.0,0.6666666655555555,0.8604699346351758,0.0,1.0,0.003503230953668121,0.005741269860000695
BedSet_11_30.obj,BedSet_11,M,M,,0.9936345993338824,0.005741269859378034,157.09920609780036,38.09518963014576,0.026167514112999626,13.333328480139922,0.999749451015163,1.506172839506173,1.0,1.0,0.6666666655555555,0.8604699346415238,0.0,1.0,0.003503230953290006,0.005741269859378034
BedSet_11_31.obj,BedSet_11,M,M,,0.9936345993326373,0.005741269860623264,157.09920606706982,38.09518963014576,0.026167514112985325,13.333328478835725,0.9997494510151878,1.5061728395061729,1.0,1.0,0.6666666655555555,0.8604699346288279,0.0,1.0,0.0035032309540461797,0.005741269860623264
BedSet_11_32.obj,BedSet_11,M,M,,0.9936345993332598,0.00574126986000064,157.09920608243507,38.09518963014576,0.02616751411299248,13.333328479487824,0.9997494510151764,1.506172839506173,1.0,1.0,0.6666666655555555,0.8604699346351758,0.0,1.0,0.0035032309536680876,0.00574126986000064
BedSet_11_33.obj,BedSet_11,M,M,,0.9936345993332598,0.005741269860000695,157.09920608243516,38.09518963014576,0.02616751411299248,13.333328479487824,0.9997494510151754,1.506172839506173,1.0,1.0,0.6666666655555555,0.8604699346351758,0.0,1.0,0.003503230953668121,0.005741269860000695
BedSet_11_34.obj,BedSet_11,M,M,,0.9943134291682145,0.005032210897624323,175.85280129261125,38.09518963014576,0.026167514112992483,13.333328479488403,0.9997494510151743,1.346938775510204,0.9567265459613703,0.9955707425280051,1.1338934168848245,1.2652341686479032,0.732613048877423,0.9965394520557944,0.0032769615167114437,0.0048037875318675165
BedSet_11_35.obj,BedSet_11,M,M,,0.9936345993332605,0.005741269859999817,157.0992060824486,38.09518963014576,0.026167514112992483,13.333328479488403,0.9997494510151762,1.506172839506173,1.0,1.0,0.6666666655555555,0.8604699346351815,0.0,1.0,0.003503230953667587,0.005741269859999817
BedSet_11_36.obj,BedSet_11,M,M,,0.9936345993332605,0.005741269860000344,157.0992060824487,38.09518963014576,0.026167514112992483,13.333328479488403,0.9997494510151743,1.506172839506173,1.0,1.0,0.6666666655555555,0.8604699346351815,0.0,1.0,0.0035032309536679085,0.005741269860000344
BedSet_11_37.obj,BedSet_11,M,M,,0.993634599333883,0.005741269859377631,157.09920609781403,38.09518963014576,0.026167514112999637,13.333328480140501,0.999749451015163,1.5061728395061729,1.0,1.0,0.6666666655555555,0.8604699346415294,0.0,1.0,0.003503230953289761,0.005741269859377631
BedSet_11_38.obj,BedSet_11,M,M,,0.9936345993332605,0.005741269860000259,157.09920608244883,38.09518963014576,0.026167514112992483,13.333328479488403,0.9997494510151752,1.506172839506173,0.9999999999999999,1.0,0.6666666655555555,0.8604699346351815,0.0,1.0,0.003503230953667857,0.005741269860000258
BedSet_11_39.obj,BedSet_11,M,M,,0.993634599333136,0.005741269860124678,157.09920607937835,38.09518963014576,0.026167514112991057,13.333328479358098,0.9997494510151776,1.506172839506173,0.9999999999999999,1.0,0.6666666655555555,0.8604699346339131,0.0,1.0,0.003503230953743411,0.0057412698601246774
BedSet_11_40.obj,BedSet_11,M,M,,0.993634599333198,0.005741269860062581,157.0992060809068,38.09518963014576,0.026167514112991768,13.333328479422962,0.9997494510151765,1.506172839506173,1.0,1.0,0.6666666655555555,0.8604699346345444,0.0,1.0,0.003503230953705702,0.005741269860062581
BedSet_11_41.obj,BedSet_11,M,M,,0.9936345993333224,0.005741269859938057,157.0992060839771,38.09518963014576,0.026167514112993197,13.333328479553265,0.9997494510151743,1.506172839506173,1.0,1.0,0.6666666655555555,0.8604699346358129,0.0,1.0,0.0035032309536300833,0.005741269859938057
BedSet_11_42.obj,BedSet_11,M,M,,0.9936345993333843,0.0057412698598763605,157.0992060855053,38.09518963014576,0.02616751411299391,13.333328479618128,0.9997494510151728,1.506172839506173,1.0,1.0,0.6666666655555555,0.8604699346364443,0.0,1.0,0.003503230953592618,0.0057412698598763605
BedSet_11_43.obj,BedSet_11,M,M,,0.9936345993335092,0.005741269859751254,157.09920608858954,38.09518963014576,0.02616751411299534,13.33332847974901,0.9997494510151703,1.506172839506173,1.0,1.0,0.6666666655555555,0.8604699346377185,0.0,1.0,0.003503230953516646,0.005741269859751254
BedSet_11_44.obj,BedSet_11,M,M,,0.9997968351896869,4.239878086927231e-05,4922.10818313725,55.902107244763755,0.01788223427295043,52.268040760284485,0.7703016590001135,1.0001718532979738,1.0,1.0,0.5163977788276556,0.9624540365601973,0.0,1.0,1.819614559945485e-05,4.239878086927231e-05
BedSet_11_45.obj,BedSet_11,M,M,,0.9997999674935829,4.1810529905773735e-05,4999.18341270226,56.36247046496714,0.017736270044017798,52.67568343462438,0.7704903189474545,1.0000000001027636,1.0,1.0,0.5163977788276556,0.9627391812531247,0.0,1.0,1.794176912148374e-05,4.1810529905773735e-05
BedSet_11_46.obj,BedSet_11,M,M,,0.9997771729587788,4.6623552225761833e-05,4487.781599932778,53.42497250644775,0.01871075770155935,49.90872790114217,0.7706005022092776,1.0000000001027352,1.0,1.0,0.5163977788276556,0.9607140074163756,0.0,1.0,2.0002416194259333e-05,4.6623552225761833e-05
BedSet_11_47.obj,BedSet_11,M,M,,0.99976302152211,6.24009787618109e-05,4219.788560387198,52.66451359959084,0.01898073113274602,49.21961766576772,0.770343854415818,1.0620696384728794,0.9999999999999999,1.0,0.5252257307492351,0.9601749276784751,0.0,1.0,2.8158233477531383e-05,6.240097876181088e-05
BedSet_11_48.obj,BedSet_11,M,M,,0.9997936673499577,4.312737764573319e-05,4846.538646718523,55.495315594474626,0.01801322081736091,51.86525097493613,0.7704577207182616,1.0000000001027636,1.0,1.0,0.5163977788276556,0.9621679671744149,0.0,1.0,1.8505624162880794e-05,4.312737764573319e-05
BedSet_11_49.obj,BedSet_11,M,M,,0.9996075551697006,9.34653370425791e-05,2548.128641676116,51.26600040124604,0.019498535681083187,50.34321307053193,0.9849359857162541,1.41158539778637,0.9516902172753412,0.9954434358875327,1.3719886787871294,1.6420788391012857,0.7213606376340501,0.9965966446770932,6.614271568089923e-05,8.87473936219712e-05
BedSet_11_50.obj,BedSet_11,M,M,,0.9941968443419281,0.005718885134378673,172.32001421235722,79.99926263299736,0.012458072216705592,12.307594145312539,0.9655516224178651,1.0000131605547211,1.0,1.0,0.320256307353764,0.8497098766133447,0.0,0.9999999999999998,0.002354496340541726,0.005718885134378673
BedSet_11_51.obj,BedSet_11,CA,CA,,0.6730526583202485,0.3252834678187425,3.0585925424270655,17.585648586385197,0.044686507583969096,1.2740390830547772,0.28434519864778324,1.22429782784609,0.4684128068487927,0.4210825564977595,0.5118853504389038,2.586449988090593,0.399081583085056,0.7703640810603886,0.2722743512925724,0.10826300186121685
BedSet_11_52.obj,BedSet_11,M,M,,0.9941968443419281,0.0057188842157805285,172.32001421235887,79.99926264473501,0.012458072214877998,12.307594145312539,0.9655523816130507,1.0000130846214834,1.0,0.9999999999999999,0.320256307353764,0.8497098766133446,1.2262814116578437e-15,1.0,0.00235449581036115,0.0057188842157805285
BedSet_11_53.obj,BedSet_11,SL,SL,,0.17975485154617618,0.8032806271512211,1.2183854925003628,12.09042314173202,0.0611392046483082,1.1021442618877475,0.7254885980597436,1.0000047187624819,0.776665865075679,0.49953828098469744,1.4142135615397617,0.01945647640267727,0.021621704852140176,0.7837197985099853,0.4831616174634535,0.467766453610584
BedSet_12_01.obj,BedSet_12,OB,OB,,0.5279303354791022,0.4665891790766685,2.118331414103509,11.03175161198236,0.07405734353783028,1.4285710138500605,0.9923014530526036,1.0000181506876609,0.9849468840011201,0.9740143698172684,0.9790709272642137,1.8450915387758369,0.1309323170636003,0.9838851165434225,0.24129976748588045,0.45359450772222853
BedSet_12_02.obj,BedSet_12,OB,OB,,0.9634874807133504,0.0352852816086508,27.387866395883425,28.545368884876027,0.03438904476319358,5.233341799555157,0.9999999999999909,1.0,0.9999999999999994,0.9999999999999999,0.8164965792610595,0.6791448208225288,1.5700924586837752e-16,0.9999999999999998,0.015276658079720357,0.03528528160865078
BedSet_12_03.obj,BedSet_12,OB,OB,,0.7594620499123064,0.23931078041981158,4.157348142508511,28.546159870436,0.031436383467268555,2.0389576116767856,0.9999999999999957,1.0,1.0,1.0,0.8164965792610595,0.34187959967199044,0.0,1.0,0.09957333285287412,0.23931078041981158
BedSet_12_04.obj,BedSet_12,M,M,,0.9962484303628786,0.0026953654724025445,266.55509472756836,30.769898384450645,0.03242145078368787,16.326515078657895,0.9999999999999872,1.0,1.0,1.0,0.8164965792610595,0.8845699789660706,0.0,1.0,0.001194635285586843,0.0026953654724025445
BedSet_12_05.obj,BedSet_12,M,M,,0.9981938117736947,0.0010499554616145437,553.6521528797646,36.36405072698235,0.027464521306937884,23.529814120510625,0.9999999999999786,1.0,1.0,1.0,0.8164965792610595,0.9184665652112948,0.0,1.0,0.0004671389634548722,0.0010499554616145437
BedSet_12_06.obj,BedSet_12,M,M,,0.9962484303628786,0.0026953654724026265,266.5550947275683,30.769898384451825,0.03242145078368663,16.326515078657895,0.9999999999999872,1.0,1.0,1.0,0.8164965792610595,0.8845699789660706,0.0,1.0,0.0011946352855868793,0.0026953654724026265
BedSet_12_07.obj,BedSet_12,M,M,,0.9981938117736947,0.0010499554616145437,553.6521528797646,36.36405072698235,0.027464521306937884,23.529814120510625,0.9999999999999786,1.0,1.0,1.0,0.8164965792610595,0.9184665652112948,0.0,1.0,0.0004671389634548722,0.0010499554616145437
BedSet_12_08.obj,BedSet_12,M,M,,0.996248370602123,0.0026953639363343405,266.5508321975963,30.769894436590526,0.032421442184665375,16.326515913538554,0.9999903294698087,1.0,1.0,1.0,0.8164965792610595,0.8845699858796384,0.0,1.0,0.0011946346057050436,0.0026953639363343405
BedSet_12_09.obj,BedSet_12,OB,OB,,0.4821358865093312,0.5152218739388508,1.9310080727535295,19.455008979847612,0.041684470183319555,1.389607410154969,0.9999966014219267,1.0,0.9999999999999988,0.9999999999999992,0.8164965792610595,0.16304244602783532,2.220446049250313e-16,0.9999999999999994,0.20976842146519245,0.5152218739388499
BedSet_12_10.obj,BedSet_12,OB,OB,,0.9213905018011119,0.07596711222532826,12.721106312239206,19.45446990121336,0.049433007871126866,3.566670604219539,0.9999912772423181,1.0,1.0,1.0,0.8164965792610595,0.5620441811959144,0.0,1.0,0.03244494618438932,0.07596711222532826
BedSet_12_11.obj,BedSet_12,OB,OB,,0.8049023445565777,0.18961699660751044,5.125637896054741,11.0317543028337,0.08238231211888107,2.2222201225218257,0.9923004063122116,1.0000171644909202,0.9917212177016488,0.9785415767050021,0.9790709272642137,1.8394300755274282,0.025216092095612864,0.9881378942189654,0.0964806236630248,0.18602960057717988
BedSet_13_01.obj,BedSet_13,OB,OB,,0.8049023959316468,0.18961700871032788,5.125639572947205,11.03175581523311,0.08238231304932431,2.222220183891164,0.9923008745972343,1.0000171644909104,0.9917212177016487,0.978541576526033,0.9790709272642137,1.982786272179706,0.06404975425814377,0.988137894576035,0.09820794462753071,0.18602961243419475
BedSet_13_02.obj,BedSet_13,OB,OB,,0.921390701061021,0.075967128653976,12.721141308944121,19.454478692709973,0.04943300897540222,3.5666708997143473,0.9999999999999919,1.0,1.0,1.0,0.8164965792610595,0.5620442015892183,0.0,1.0,0.03244495327839444,0.075967128653976
BedSet_13_03.obj,BedSet_13,OB,OB,,0.4821359907760388,0.5152219853607317,1.9310088791424636,19.45501777183155,0.04168447096856203,1.3896074550096817,0.9999999999999984,1.0,0.9999999999999984,0.9999999999999992,0.8164965792610595,0.16304245043257376,1.5700924586837752e-16,0.9999999999999993,0.2097684669431816,0.5152219853607307
BedSet_13_04.obj,BedSet_13,M,M,,0.9962484322687678,0.0026953641031743207,266.5552301441472,30.76990620260123,0.03242144258661147,16.3265192261018,0.9999999999999903,1.0,1.0,1.0,0.8164965792610595,0.884570006596384,0.0,1.0,0.0011946346824435335,0.0026953641031743207
BedSet_13_05.obj,BedSet_13,M,M,,0.9981938126914354,0.0010499549280608273,553.6524341955806,36.36405996530242,0.027464514348680805,23.529820098981656,0.9999999999999837,1.0,1.0,1.0,0.8164965792610595,0.9184665850827352,0.0,1.0,0.0004671387271130278,0.0010499549280608273
BedSet_13_06.obj,BedSet_13,M,M,,0.9997416889999369,0.00019414737479661715,3871.302421327233,124.84051530977095,0.008008928812908786,62.2197911937664,0.9999999999998431,1.0,1.0,1.0,0.8164965792610595,0.968364337144911,0.0,1.0,8.68630909176207e-05,0.00019414737479661715
BedSet_13_07.obj,BedSet_13,M,M,,0.9987645431964134,0.0009285437203086156,809.4172107811934,57.0810953598051,0.017505440252998966,28.45025851742447,0.999999999999658,1.0,1.0,1.0,0.8164965792610595,0.9320888813670931,0.0,1.0,0.00041375373226573963,0.0009285437203086156
BedSet_13_08.obj,BedSet_13,M,M,,0.9985705010298301,0.0010744160034420424,699.5457995194506,53.068288277630465,0.018826853707815807,26.44892811802049,0.9999999999996309,1.0,1.0,1.0,0.8164965792610595,0.9271374098346056,0.0,1.0,0.00047848758422134593,0.0010744160034420424
BedSet_13_09.obj,BedSet_13,M,M,,0.9962484322687678,0.0026953641031743207,266.5552301441472,30.76990620260123,0.03242144258661147,16.3265192261018,0.9999999999999903,1.0,1.0,1.0,0.8164965792610595,0.884570006596384,0.0,1.0,0.0011946346824435335,0.0026953641031743207
BedSet_13_10.obj,BedSet_13,M,M,,0.9981938126914354,0.0010499549280608273,553.6524341955806,36.36405996530242,0.027464514348680805,23.529820098981656,0.9999999999999837,1.0,1.0,1.0,0.8164965792610595,0.9184665850827352,0.0,1.0,0.0004671387271130278,0.0010499549280608273
BedSet_13_11.obj,BedSet_13,M,M,,0.9997416889999369,0.00019414737479661715,3871.302421327233,124.84051530977095,0.008008928812908786,62.2197911937664,0.9999999999998431,1.0,1.0,1.0,0.8164965792610595,0.968364337144911,0.0,1.0,8.68630909176207e-05,0.00019414737479661715
BedSet_14_01.obj,BedSet_14,SL,SL,,0.17986730642166598,0.8037831605857038,1.2193148830724965,12.090541275313706,0.061139241171751145,1.1021452435529244,0.7766658650209074,1.0000047187624865,0.7766658650756942,0.49953828098470243,1.4142135615397617,0.01945660262814606,0.021624987379159046,0.7837197985099926,0.48346402101230607,0.46805908892946496
BedSet_14_02.obj,BedSet_14,M,M,,0.9941969780856518,0.005718884985109802,172.32400889738096,79.99937989365215,0.012458072442347746,12.307596920438211,0.9656110153985304,1.0000130846214943,0.9999999999999994,1.0,0.320256307353764,0.8497099054079089,1.5700924586837752e-16,0.9999999999999998,0.0023544961353318683,0.005718884985109799
BedSet_14_03.obj,BedSet_14,CA,CA,,0.67305353259704,0.3252838903529719,3.058604694346508,17.585657098122667,0.04468650855049179,1.2740391277299994,0.28434653092442275,1.2242978278460925,0.46841280684879305,0.42108255649775916,0.5118853504389038,2.5864507647460266,0.4003460545838083,0.7703640810603883,0.2722952705798433,0.10826314249186242
BedSet_14_04.obj,BedSet_14,M,M,,0.9941969780856516,0.0057188859037082,172.324008897376,79.99937988192097,0.012458072444174325,12.307596920438211,0.9656102561572167,1.0000131605547267,1.0,1.0,0.320256307353764,0.8497099054079089,0.0,1.0,0.0023544966655125598,0.0057188859037082
BedSet_14_05.obj,BedSet_14,M,M,,0.9996076427713747,9.346534523351306e-05,2548.6977862075205,51.26603865823622,0.01949853596480016,50.34324996266631,0.9850146246024362,1.411585397786376,0.9516902172753411,0.9954434358875328,1.3719886787871294,1.6420789328179348,0.7220841131905196,0.9965966446770934,6.61461029099821e-05,8.87474013994432e-05
BedSet_14_06.obj,BedSet_14,M,M,,0.9997945046669189,4.3127413764521684e-05,4866.2905624476925,55.49545637391025,0.01801322164048525,51.8653739393468,0.7725822546854759,1.0000000001028,1.0,1.0,0.5163977788276556,0.9621680534747594,0.0,1.0,1.8505639847269647e-05,4.3127413764521684e-05
BedSet_14_07.obj,BedSet_14,M,M,,0.9997639512440342,6.240103679101356e-05,4236.412922016992,52.66464719790346,0.018980732046666733,49.21973435779496,0.7725822546241903,1.0620696384728854,0.9999999999999999,1.0,0.5252257307492351,0.9601750183370513,0.0,0.9999999999999999,2.815825994587507e-05,6.240103679101354e-05
BedSet_14_08.obj,BedSet_14,M,M,,0.9997780771966459,4.6623594394003354e-05,4506.071412608209,53.42510809254565,0.018710758590051703,49.90884622694216,0.7728096873022182,1.0000000001027716,1.0,1.0,0.5163977788276556,0.9607140968979903,0.0,1.0,2.0002434493858375e-05,4.6623594394003354e-05
BedSet_14_09.obj,BedSet_14,M,M,,0.9998007792490735,4.181056385254267e-05,5019.557427371304,56.362613444182905,0.017736270842026315,52.67580832044386,0.7725822547775276,1.0000000001028,1.0,1.0,0.5163977788276556,0.9627392663009079,0.0,1.0,1.794178386654458e-05,4.181056385254267e-05
BedSet_14_10.obj,BedSet_14,M,M,,0.9997976596538634,4.239881583282699e-05,4942.168080133838,55.90224899480501,0.01788223508379591,52.268164679646816,0.7724084821368862,1.0001718532979862,1.0,1.0,0.5163977788276556,0.9624541222334407,0.0,1.0,1.8196160786271223e-05,4.239881583282699e-05
BedSet_14_11.obj,BedSet_14,M,M,,0.99363520431618,0.005741273355371236,157.11423424659424,38.095242804679025,0.026167515068776494,13.333334993634804,0.9999999999997513,1.506172839506173,1.0,1.0,0.6666666655555555,0.860469993292696,0.0,1.0,0.003503233103325709,0.005741273355371236
BedSet_14_12.obj,BedSet_14,M,M,,0.9936352043160555,0.005741273355496029,157.11423424351952,38.095242804679025,0.026167515068775064,13.333334993504337,0.9999999999997514,1.506172839506173,1.0,1.0,0.6666666655555555,0.860469993291426,0.0,1.0,0.0035032331034014915,0.005741273355496029
BedSet_14_13.obj,BedSet_14,M,M,,0.9936352043159937,0.005741273355557713,157.1142342419961,38.095242804679025,0.026167515068774353,13.333334993439697,0.9999999999997513,1.5061728395061729,1.0,1.0,0.6666666655555555,0.8604699932907968,0.0,1.0,0.0035032331034389485,0.005741273355557713
BedSet_14_14.obj,BedSet_14,M,M,,0.9936352043158692,0.0057412733556822465,157.1142342389213,38.095242804679025,0.02616751506877292,13.333334993309231,0.9999999999997514,1.506172839506173,1.0,1.0,0.6666666655555555,0.8604699932895268,0.0,1.0,0.0035032331035145725,0.0057412733556822465
BedSet_14_15.obj,BedSet_14,M,M,,0.993635204315807,0.005741273355744571,157.1142342373841,38.095242804679025,0.02616751506877221,13.333334993243998,0.9999999999997511,1.506172839506173,1.0,1.0,0.6666666655555555,0.8604699932888917,0.0,1.0,0.0035032331035524194,0.005741273355744571
BedSet_14_16.obj,BedSet_14,M,M,,0.9936352043159316,0.005741273355620292,157.11423424045898,38.095242804679025,0.02616751506877364,13.333334993374464,0.9999999999997508,1.506172839506173,1.0,1.0,0.6666666655555555,0.8604699932901618,0.0,1.0,0.003503233103476951,0.005741273355620292
BedSet_14_17.obj,BedSet_14,M,M,,0.9936352043165537,0.005741273354997991,157.11423425581853,38.095242804679025,0.026167515068780785,13.3333349940262,0.9999999999997504,1.5061728395061729,1.0,1.0,0.6666666655555555,0.8604699932965062,0.0,1.0,0.003503233103099054,0.005741273354997991
BedSet_14_18.obj,BedSet_14,M,M,,0.9936352043159321,0.005741273355619367,157.1142342404727,38.095242804679025,0.026167515068773645,13.333334993375056,0.9999999999997514,1.506172839506173,1.0,1.0,0.6666666655555555,0.8604699932901676,0.0,1.0,0.0035032331034763886,0.005741273355619367
BedSet_14_19.obj,BedSet_14,M,M,,0.9936352043159316,0.005741273355620049,157.11423424045898,38.095242804679025,0.02616751506877364,13.333334993374464,0.9999999999997519,1.506172839506173,0.9999999999999999,1.0,0.6666666655555555,0.8604699932901618,0.0,1.0,0.0035032331034768028,0.005741273355620048
BedSet_14_20.obj,BedSet_14,M,M,,0.9943140152975058,0.005032213864018805,175.87103242834777,38.095242804679025,0.026167515068773645,13.333334993375056,0.9999999999997514,1.346938775510204,0.9567265459613702,0.9955707425280053,1.1338934168848245,1.265234297781583,0.7333285642652684,0.9965394520557946,0.0032771435122332946,0.004803790363610685
BedSet_14_21.obj,BedSet_14,M,M,,0.993635204315931,0.005741273355620519,157.11423424044477,38.095242804679025,0.026167515068773628,13.333334993373871,0.9999999999997513,1.5061728395061729,1.0,1.0,0.6666666655555555,0.860469993290156,0.0,1.0,0.0035032331034770877,0.005741273355620519
BedSet_14_22.obj,BedSet_14,M,M,,0.9936352043159316,0.005741273355620106,157.11423424045904,38.095242804679025,0.02616751506877364,13.333334993374464,0.9999999999997522,1.506172839506173,1.0,1.0,0.6666666655555555,0.8604699932901618,0.0,1.0,0.003503233103476838,0.005741273355620106
BedSet_14_23.obj,BedSet_14,M,M,,0.9936352043153087,0.005741273356242859,157.1142342250852,38.095242804679025,0.02616751506876648,13.333334992722133,0.9999999999997516,1.5061728395061726,0.9999999999999999,1.0,0.6666666655555555,0.8604699932838116,0.0,1.0,0.003503233103855007,0.005741273356242858
BedSet_14_24.obj,BedSet_14,M,M,,0.9936352043165537,0.005741273354997731,157.11423425581825,38.095242804679025,0.026167515068780785,13.3333349940262,0.9999999999997504,1.5061728395061729,1.0,1.0,0.6666666655555555,0.8604699932965062,0.0,1.0,0.0035032331030988954,0.005741273354997731
BedSet_14_25.obj,BedSet_14,M,M,,0.993635204315931,0.005741273355620788,157.1142342404449,38.095242804679025,0.026167515068773628,13.333334993373871,0.9999999999997502,1.5061728395061729,1.0,1.0,0.6666666655555555,0.860469993290156,0.0,1.0,0.003503233103477252,0.005741273355620788
BedSet_14_26.obj,BedSet_14,M,M,,0.9939690172569862,0.005484508699318379,165.81045620761554,38.095242804679025,0.02616751506877364,13.333334993374464,0.9999999999997519,1.7777777777777777,0.999999999999974,0.9999999999999974,0.6666666655555555,0.8598602391410001,2.220446049250313e-15,0.9999999999999979,0.003867759086382472,0.00548450869931823
BedSet_14_27.obj,BedSet_14,M,M,,0.9963366304085733,0.0036214036205640568,272.9727304447226,113.27344050485426,0.008809514203242294,15.49026499645802,0.965606336331305,1.000000397827072,1.0,1.0,0.320256307353764,0.8787163213931245,0.0,1.0,0.0014961877358844126,0.0036214036205640568
BedSet_14_28.obj,BedSet_14,OB,OB,,0.3665961071640455,0.6321844741736734,1.5787714778994943,18.34866971988767,0.042518777541828034,1.2500014843508755,0.9990211218867682,2.1536830935841818,0.851815063362473,0.8913416562422541,0.6666666659259258,0.7198648464572172,0.3814857100157297,0.9245720183025005,0.5416952005843325,0.509247767538706
BedSet_14_29.obj,BedSet_14,M,M,,0.9998924732874518,2.252573795655146e-05,9300.014631719821,76.69176165126044,0.013036834258732085,71.70307428174658,0.7725299399854991,1.0000336515721564,1.0,1.0,0.5163977788276556,0.9724908469181908,0.0,1.0,9.677511756040906e-06,2.252573795655146e-05
BedSet_14_30.obj,BedSet_14,M,M,,0.9998800764808962,3.166100589862933e-05,8338.647893862058,73.86119745328557,0.013536248950851735,69.05663415772214,0.7725299400549679,1.0620179077396967,1.0,1.0,0.5252257307492351,0.9714516687248572,0.0,0.9999999999999998,1.4304201682737137e-05,3.166100589862933e-05
BedSet_14_31.obj,BedSet_14,M,M,,0.9998863540727686,2.382867638452097e-05,8799.259457520047,74.63722923296316,0.013395560401923141,69.74595454481089,0.7728407513910177,1.0000000000737734,1.0,1.0,0.5163977788276556,0.9717298322879214,0.0,1.0,1.0236093053978475e-05,2.382867638452097e-05
BedSet_14_32.obj,BedSet_14,M,M,,0.9998948640738766,2.202489285633746e-05,9511.496563276,77.55884369352881,0.012891139015509704,72.51375389169033,0.7725299400163712,1.0000336515663353,1.0,1.0,0.5163977788276556,0.9727942066068063,0.0,1.0,9.462672663552977e-06,2.202489285633746e-05
BedSet_14_33.obj,BedSet_14,M,M,,0.9998936716020214,2.229430006856303e-05,9404.825230234876,77.09602056786852,0.012968500192385045,72.10598690225186,0.7721722041199421,1.000000000061102,1.0,1.0,0.5163977788276556,0.9726424594662924,0.0,1.0,9.577987789167564e-06,2.229430006856303e-05
BedSet_14_34.obj,BedSet_14,M,M,,0.993635169073452,0.005741305146198191,157.1133642888058,38.095142804636296,0.026167583327711946,13.333299993619816,0.9999999999997519,1.506172839506173,1.0,1.0,0.6666666655555555,0.8604696526049509,0.0,1.0,0.00350325240377984,0.005741305146198191
BedSet_14_35.obj,BedSet_14,M,M,,0.9936351690733274,0.005741305146322879,157.1133642857311,38.095142804636296,0.026167583327710516,13.33329999348935,0.9999999999997514,1.506172839506173,1.0,1.0,0.6666666655555555,0.8604696526036809,0.0,1.0,0.0035032524038555576,0.005741305146322879
BedSet_14_36.obj,BedSet_14,M,M,,0.9936351690732657,0.005741305146384489,157.11336428420782,38.095142804636296,0.026167583327709805,13.33329999342471,0.9999999999997514,1.506172839506173,1.0,1.0,0.6666666655555555,0.8604696526030516,0.0,1.0,0.0035032524038929704,0.005741305146384489
BedSet_14_37.obj,BedSet_14,M,M,,0.9936351690731411,0.005741305146509172,157.11336428113285,38.095142804636296,0.026167583327708372,13.333299993294244,0.9999999999997514,1.5061728395061729,1.0,1.0,0.6666666655555555,0.8604696526017815,0.0,1.0,0.0035032524039686846,0.005741305146509172
BedSet_14_38.obj,BedSet_14,M,M,,0.9936351690730788,0.005741305146571382,157.11336427959574,38.095142804636296,0.026167583327707654,13.33329999322901,0.9999999999997511,1.506172839506173,0.9999999999999999,1.0,0.6666666655555555,0.8604696526011466,0.0,1.0,0.0035032524040064625,0.005741305146571381
BedSet_14_39.obj,BedSet_14,M,M,,0.9936351690732035,0.00574130514644696,157.11336428267046,38.095142804636296,0.02616758332770909,13.333299993359477,0.999999999999752,1.5061728395061726,0.9999999999999999,1.0,0.6666666655555555,0.8604696526024166,0.0,1.0,0.0035032524039309053,0.005741305146446959
BedSet_14_40.obj,BedSet_14,M,M,,0.9936351690738257,0.0057413051458247285,157.11336429803006,38.095142804636296,0.026167583327716237,13.333299994011213,0.9999999999997511,1.506172839506173,1.0,1.0,0.6666666655555555,0.8604696526087611,0.0,1.0,0.0035032524035530526,0.0057413051458247285
BedSet_14_41.obj,BedSet_14,M,M,,0.993635169073204,0.005741305146446477,157.11336428268427,38.095142804636296,0.02616758332770909,13.33329999336007,0.9999999999997525,1.506172839506173,1.0,1.0,0.6666666655555555,0.8604696526024224,0.0,1.0,0.003503252403930614,0.005741305146446477
BedSet_14_42.obj,BedSet_14,M,M,,0.9936351690732035,0.005741305146446863,157.1133642826705,38.095142804636296,0.02616758332770909,13.333299993359477,0.999999999999753,1.5061728395061726,1.0,1.0,0.6666666655555555,0.8604696526024166,0.0,1.0,0.003503252403930846,0.005741305146446863
BedSet_14_43.obj,BedSet_14,M,M,,0.9943139844327382,0.005032241179828331,175.87007776712937,38.095142804636296,0.02616758332770909,13.33329999336007,0.9999999999997525,1.346938775510204,0.956726536029191,0.995570729923238,1.1338934168848245,1.2652339419841043,0.7333285442136535,0.9965394422595579,0.0032771612337737332,0.004803816359281083
BedSet_14_44.obj,BedSet_14,M,M,,0.9936351690732029,0.005741305146447574,157.11336428265622,38.095142804636296,0.02616758332770908,13.333299993358883,0.9999999999997522,1.506172839506173,1.0,1.0,0.6666666655555555,0.8604696526024108,0.0,1.0,0.00350325240393128,0.005741305146447574
BedSet_14_45.obj,BedSet_14,M,M,,0.9936351690732035,0.005741305146446793,157.11336428267046,38.095142804636296,0.02616758332770909,13.333299993359477,0.9999999999997514,1.5061728395061726,1.0,1.0,0.6666666655555555,0.8604696526024166,0.0,1.0,0.003503252403930804,0.005741305146446793
BedSet_14_46.obj,BedSet_14,M,M,,0.9936351690725805,0.005741305147069624,157.1133642672968,38.095142804636296,0.02616758332770193,13.333299992707147,0.9999999999997528,1.506172839506173,0.9999999999999999,1.0,0.6666666655555555,0.8604696525960664,0.0,1.0,0.0035032524043090234,0.005741305147069623
BedSet_14_47.obj,BedSet_14,M,M,,0.9936351690738257,0.005741305145824592,157.11336429802975,38.095142804636296,0.026167583327716237,13.333299994011213,0.9999999999997511,1.506172839506173,1.0,1.0,0.6666666655555555,0.8604696526087611,0.0,1.0,0.00350325240355297,0.005741305145824592
BedSet_14_48.obj,BedSet_14,M,M,,0.9936351690732029,0.005741305146447401,157.11336428265642,38.095142804636296,0.02616758332770908,13.333299993358883,0.9999999999997513,1.506172839506173,1.0,1.0,0.6666666655555555,0.8604696526024108,0.0,1.0,0.003503252403931174,0.005741305146447401
BedSet_14_49.obj,BedSet_14,M,M,,0.9939689833957406,0.005484539492358923,165.80952526198053,38.095142804636296,0.02616758332770909,13.333299993359477,0.999999999999753,1.7777777777777777,0.9999999999999427,0.9999999999999943,0.6666666655555555,0.8598598970495767,3.9968028886505635e-15,0.9999999999999953,0.003867780708293119,0.005484539492358593
BedSet_14_50.obj,BedSet_14,M,M,,0.9963365796053998,0.0036214488894091347,272.9689449438715,113.25820172017616,0.00881069935736972,15.490237150248948,0.9656023340872087,1.0000582099341186,1.0,1.0,0.320256307353764,0.8787161165876604,0.0,1.0,0.0014962796789403082,0.0036214488894091347
BedSet_14_51.obj,BedSet_14,CA,CA,,0.7374286472676264,0.2617330395019844,3.808488586409531,21.681096058865688,0.03887776555411841,1.570710509894221,0.30433765710321586,1.274090386738533,0.49855215978955375,0.6171234790684074,0.493888326263556,2.7046612624393154,0.4042603438656002,0.8023571495147417,0.2108576147963235,0.10550725831064392
BedSet_14_52.obj,BedSet_14,CA,CA,,0.7374456387332583,0.26171633879595824,3.808735056521906,21.680930933394237,0.03887802549022099,1.570705499449154,0.30433905138653433,1.3071476721501238,0.49854920259940366,0.6171209621068112,0.5094437048242655,2.752270348506058,0.39750760442780964,0.8023567393488887,0.21402846167348408,0.1054997360987211
BedSet_14_53.obj,BedSet_14,CA,CA,,0.674446698239329,0.3243647824340107,3.0716936200334795,17.635065099899844,0.044609060562020325,1.2776180088682583,0.29809809339779747,1.4359203363550366,0.503376278966003,0.5395606256954413,0.5093830097975717,2.6266992795958632,0.394378227705021,0.7885875583166485,0.2846477136429372,0.12568783367394137
BedSet_15_01.obj,BedSet_15,OB,OB,,0.9550548434566405,0.035962150086662495,22.24933845841898,6.76187607313874,0.14322269558132078,4.74915722109178,0.9997921393238011,1.7474359824017955,1.0,1.0,0.282842712274619,0.6521229299308964,0.0,1.0,0.023777429331329522,0.035962150086662495
BedSet_15_02.obj,BedSet_15,OB,OB,,0.5195976672660524,0.47002425444109974,2.0815885599658905,9.999999998593209,0.08164965809146388,1.4285714285424207,0.9992255834238857,1.0124587638158111,0.9700883984221943,0.958438717927556,2.9252285407620926,3.351171451585938,0.023662761108411284,0.9737251676194483,0.2784352500462909,0.4464898296365714
BedSet_15_03.obj,BedSet_15,M,M,,0.9997600899129434,6.751529315040649e-06,4168.228240282874,46.0056003605847,0.021726219224963456,45.99605959331014,0.7765033835246835,1.041354196498723,0.9998169406703507,0.9999948823842925,2.1818715297404054,3.384272779676509,0.5665855780027981,0.9999959806586993,4.137676069449955e-06,6.750276111906401e-06
BedSet_15_04.obj,BedSet_15,M,M,,0.9997600890148756,6.7524138473448134e-06,4168.212637198798,46.0056003605847,0.021726219224964347,45.99605959728981,0.7765033836464958,1.0413174089130126,0.9998178723720574,0.9999949080138871,2.1818715297404054,3.384272699432157,0.5665855832466044,0.9999960007878937,4.1381296024079224e-06,6.751166857760206e-06
BedSet_15_05.obj,BedSet_15,M,M,,0.9684281189047429,0.031333379974063255,31.67375415428823,70.00145172930326,0.014078631833856936,5.833353496647304,0.7332757891489988,1.0422949973139928,0.7522719858388862,0.8017700293789156,0.540873895117108,3.200981313577325,0.4026132039989051,0.900795851798586,0.019518580926221992,0.021234962457987037
BedSet_15_06.obj,BedSet_15,M,M,,0.9920767742565063,0.00782303711419261,126.21122158749506,71.67655283631942,0.013888764051850808,10.618463096076733,0.9662702481189313,1.0458835428179707,0.9999995480044713,0.9999997681758342,2.1864326647331676,3.281653164524488,0.5495393547952147,0.9999998179280811,0.004799717827624354,0.007823032671430696
BedSet_15_07.obj,BedSet_15,M,M,,0.9997601264575461,6.715104826506976e-06,4168.863267570484,46.0056003605847,0.021726219224963445,45.99605959326161,0.7764569256459206,1.041720558313068,0.9998090298189077,0.9999946647705639,2.1818715297404054,3.384273511594554,0.5665855466320374,0.9999958097473808,4.116227977962902e-06,6.713804531830645e-06
BedSet_15_08.obj,BedSet_15,CA,CA,,0.49729930598261013,0.5023676366361575,1.9892552604335854,69.43559406790672,0.01142346480036297,1.3027534003342225,0.7852692532447462,1.011128287876365,0.6546331905353476,0.534799166807822,0.20750613391796338,1.967657226605573,0.19857862451717628,0.7807036612004689,0.33297468704707406,0.252372037191108
BedSet_15_09.obj,BedSet_15,M,M,,0.9997601060503867,6.7353883684389385e-06,4168.5086331288485,46.0056003605847,0.02172621922496434,45.99605959726554,0.7764765412271065,1.0413351708663203,0.9998174133090727,0.9999948953853905,2.1818715297404054,3.384272771373485,0.5665855808565119,0.9999959908696148,4.1277384212356164e-06,6.7341413885225095e-06
BedSet_15_10.obj,BedSet_15,M,M,,0.9997600899766713,6.784817520919948e-06,4168.229347501104,46.0056003605847,0.021726219224964646,45.99605959864872,0.77645152706888,1.0414174778198386,0.9998168100616185,0.9999948805869429,2.1818715297404054,3.384272374131527,0.566585862218572,0.9999959792470606,4.158227347028777e-06,6.783557246656144e-06
BedSet_15_11.obj,BedSet_15,M,M,,0.9997600899129417,6.751529316545565e-06,4168.228240256748,46.0056003605847,0.021726219224963365,45.996059592897616,0.7765033835198405,1.0413541964985968,0.999816940670685,0.9999948823843015,2.1818715297404054,3.3842727796758125,0.5665855780028484,0.9999959806587063,4.1376760703713825e-06,6.750276113413326e-06
BedSet_15_12.obj,BedSet_15,M,M,,0.9997600899766448,6.784817547414064e-06,4168.229347041944,46.0056003605847,0.02172621922496434,45.99605959726554,0.776451527085025,1.0414174778504668,0.9998168100638584,0.9999948805870041,2.1818715297404054,3.384272374129535,0.5665858622185375,0.9999959792471087,4.158227363335114e-06,6.783557273160742e-06
BedSet_15_13.obj,BedSet_15,M,M,,0.9997600899129793,6.7515292790423005e-06,4168.228240907824,46.0056003605847,0.021726219224964646,45.99605959864872,0.7765033835579741,1.0413541964810222,0.9998169406697196,0.9999948823842756,2.1818715297404054,3.384272779685461,0.5665855780026798,0.9999959806586861,4.137676047347584e-06,6.750276075910417e-06
BedSet_15_14.obj,BedSet_15,M,M,,0.9997600899766214,6.784817570828074e-06,4168.229346634072,46.0056003605847,0.021726219224961367,45.99605958394338,0.776451526897684,1.0414174778424694,0.9998168100641736,0.9999948805870112,2.1818715297404054,3.384272374106486,0.5665858622187947,0.9999959792471145,4.1582273776654655e-06,6.783557296572566e-06
BedSet_15_15.obj,BedSet_15,CA,CA,,0.49720263068542897,0.502464314235569,1.9888727766434777,69.43663119712872,0.011423357449461904,1.3027728589942755,0.785255694591956,1.012657310176494,0.6546626315358246,0.5348540164688469,0.2137899720221277,2.004299534244876,0.19759667739527487,0.7807173156806424,0.33427550807156464,0.25244097808853
BedSet_15_16.obj,BedSet_15,M,M,,0.9997601265247097,6.74838613170318e-06,4168.864434837191,46.0056003605847,0.021726219224963452,45.99605959328588,0.7764050691473259,1.0417847183636666,0.9998088953114733,0.9999946628648105,2.1818715297404054,3.3842730800788674,0.5665858325619922,0.999995808250604,4.136780635656725e-06,6.747078478390389e-06
BedSet_15_17.obj,BedSet_15,M,M,,0.9997600899129292,6.751529329220639e-06,4168.228240036096,46.0056003605847,0.021726219224961367,45.99605958394338,0.7765033833867692,1.0413541965033404,0.9998169406722744,0.9999948823843442,2.1818715297404054,3.384272779660416,0.5665855780030251,0.9999959806587396,4.1376760781478225e-06,6.750276126096924e-06
BedSet_15_18.obj,BedSet_15,M,M,,0.9994743233247105,4.2572623303779533e-07,1902.310007285164,30.732872422087926,0.03250405341531075,30.732872422082522,0.7764969522589773,1.0394726238452503,0.9999913306964066,0.9999994690253877,2.1895949929289777,3.3460875965439323,0.5666416584860215,0.9999995829749159,2.606082247782307e-07,4.2572242926390254e-07
BedSet_15_19.obj,BedSet_15,M,M,,0.9997600982054474,6.743357813535293e-06,4168.372320280006,46.0056003605847,0.021726219224963452,45.99605959328588,0.7765033835254732,1.0417023006201012,0.9998085516833087,0.9999946516183238,2.1818715297404054,3.384273491587461,0.566585534167724,0.9999957994177657,4.133504237690549e-06,6.742048779459754e-06
BedSet_15_20.obj,BedSet_15,M,M,,0.9994644405324926,5.614907512035782e-07,1867.2062780501385,30.558769252502923,0.03268884080296814,30.5552482543595,0.7764676619168195,1.0398516367090214,1.0,1.0,0.3380617016056923,0.9368232177294004,0.0,1.0,2.4204346656326266e-07,5.614907512035782e-07
BedSet_15_21.obj,BedSet_15,M,M,,0.9997601265247543,6.748386087104579e-06,4168.864435613095,46.0056003605847,0.02172621922496434,45.99605959726554,0.7764050691391304,1.0417847183853264,0.9998088953132126,0.9999946628648588,2.1818715297404054,3.384273080085947,0.5665858325619556,0.9999958082506418,4.136780608365787e-06,6.747078433812329e-06
BedSet_15_22.obj,BedSet_15,M,M,,0.9997601061141158,6.768676535919373e-06,4168.5097405167035,46.0056003605847,0.02172621922496434,45.99605959726554,0.7764246632297415,1.0413984279746824,0.9998172824887895,0.9999948935823022,2.1818715297404054,3.3842723646454616,0.5665858651204368,0.9999959894534692,4.148289034349247e-06,6.7674225015014105e-06
BedSet_15_23.obj,BedSet_15,M,M,,0.9997601749437921,6.700014319616457e-06,4169.706100814416,46.005600360596844,0.021726221352412086,46.0056003605847,0.7764874004658661,1.0417257389827939,0.9998091488900563,0.9999946709025679,2.1818715297404054,3.384289631603654,0.5665857868177113,0.9999958145633654,4.106989812465947e-06,6.698717765339539e-06
BedSet_15_24.obj,BedSet_15,M,M,,0.999714004040961,2.359762742138849e-07,3496.552900117291,41.66609052461308,0.023986519198530502,41.66609052460576,0.7764969522590391,1.0395844040758335,0.9999900528660421,0.9999996020235685,2.1895949929289777,3.3763665529900524,0.5666440953565213,0.9999996874306852,1.4446215604492752e-07,2.3597387997024377e-07
BedSet_15_25.obj,BedSet_15,M,M,,0.9997601748752107,6.666735855741193e-06,4169.704908428754,46.005600360596844,0.021726221352412086,46.0056003605847,0.7765392461985663,1.0416618409135667,0.9998092853939748,0.9999946728624458,2.1818715297404054,3.3842900761888206,0.5665855001352217,0.9999958161026511,4.086441281866216e-06,6.6654466579161e-06
BedSet_15_26.obj,BedSet_15,M,M,,0.9994743253656194,4.2196553557220195e-07,1902.317392921278,30.732872422087926,0.03250405341531075,30.732872422082522,0.7764969522590012,1.0394836004697061,0.9999905984173076,0.9999994405461263,2.1895949929289777,3.3460941644561157,0.5666415154511062,0.9999995606073779,2.583078127362365e-07,4.2196145039430894e-07
BedSet_15_27.obj,BedSet_15,M,M,,0.999760089912953,6.75152930552227e-06,4168.22824044894,46.0056003605847,0.02172621922496434,45.99605959726554,0.776503383574095,1.0413541965116841,0.9998169406719606,0.9999948823843369,2.1818715297404054,3.3842727796834793,0.5665855780027318,0.9999959806587342,4.1376760636444314e-06,6.750276102400809e-06
BedSet_15_28.obj,BedSet_15,M,M,,0.9998942378356763,1.326418444476798e-05,9455.177155221752,71.50139987594586,0.013983005321683934,71.5013998759435,0.7746083690166408,1.071915615078792,0.9999993784478671,0.9999990415988089,2.122891108678754,3.4123470214255067,0.5664866976791212,0.9999992473344372,8.270155032613692e-06,1.3264169844184712e-05
BedSet_15_29.obj,BedSet_15,M,M,,0.999714004274328,2.316619587706759e-07,3496.5557532377634,41.66609052461308,0.023986519198530502,41.66609052460576,0.776496952259061,1.0394751265465594,0.9999899622109034,0.9999996000325122,2.1895949929289777,3.3763267996657156,0.566645804633234,0.9999996858668795,1.4181214293511404e-07,2.3165958706863125e-07
BedSet_15_30.obj,BedSet_15,M,M,,0.9997600890782984,6.785702627848904e-06,4168.213739106585,46.0056003605847,0.021726219224964347,45.99605959728981,0.7764515271574303,1.0413807386240417,0.9998177420451541,0.9999949062244257,2.1818715297404054,3.3842722958745526,0.5665858673191496,0.9999959993824501,4.158680929620663e-06,6.7844486002924685e-06
BedSet_15_31.obj,BedSet_15,M,M,,0.999760089976634,6.784817558354216e-06,4168.229346851217,46.0056003605847,0.021726219224963365,45.996059592897616,0.7764515270307579,1.0414174778374898,0.9998168100625844,0.9999948805869686,2.1818715297404054,3.384272374121877,0.5665858622185641,0.999995979247081,4.158227370011441e-06,6.783557284090099e-06
BedSet_15_32.obj,BedSet_15,M,M,,0.9997600982724243,6.776639485897372e-06,4168.373484024877,46.0056003605847,0.021726219224963452,45.99605959328588,0.7764515270363909,1.0417663074269996,0.9998084176647709,0.9999946497259392,2.1818715297404054,3.38427306306262,0.5665858199466348,0.9999957979314887,4.15405718328923e-06,6.775323076513517e-06
BedSet_15_33.obj,BedSet_15,M,M,,0.999760089912953,6.751529305408049e-06,4168.228240450926,46.0056003605847,0.02172621922496435,45.99605959731408,0.7765033835742922,1.041354196511534,0.9998169406719538,0.9999948823843366,2.1818715297404054,3.3842727796835628,0.5665855780027722,0.9999959806587341,4.137676063574102e-06,6.7502761022865634e-06
BedSet_15_34.obj,BedSet_15,M,M,,0.9997601264575974,6.715104775281646e-06,4168.863268461506,46.0056003605847,0.02172621922496434,45.99605959726554,0.7764569256282229,1.0417205583322788,0.9998090298202694,0.9999946647706016,2.1818715297404054,3.38427351160167,0.5665855466319609,0.9999958097474102,4.116227946605556e-06,6.713804480624505e-06
BedSet_15_35.obj,BedSet_15,M,M,,0.9997601264575524,6.715104820093955e-06,4168.863267681859,46.0056003605847,0.021726219224963452,45.99605959328588,0.7764569256364012,1.0417205583104805,0.9998090298185268,0.9999946647705532,2.1818715297404054,3.384273511594577,0.5665855466319994,0.9999958097473726,4.116227974026407e-06,6.713804525416272e-06
BedSet_15_36.obj,BedSet_15,M,M,,0.996053422119705,0.003893776384578603,253.38407864516293,100.98257788993855,0.009880166635961227,14.960209549630676,0.9668887630069929,1.0000181252640667,0.9999988082396174,0.9999998990222368,0.320256307353764,0.8746883620948851,2.220446049250313e-16,0.9999999206922596,0.0016079601184123915,0.0038937715475379888
BedSet_15_37.obj,BedSet_15,M,M,,0.9920830352435335,0.007816855300039316,126.31103342768343,71.67655283631942,0.013888764051850808,10.618463096076733,0.9664582790838028,1.0458606457299788,0.9999997730212885,0.9999998479286876,2.1864326647331676,3.2816527623764458,0.5495482164503319,0.9999998805646276,0.004795865295168106,0.007816852931419984
BedSet_15_38.obj,BedSet_15,M,M,,0.9998942378356779,1.3264052829838413e-05,9455.177155355903,71.50139987594586,0.013983005321683934,71.5013998759435,0.7746078374862655,1.0718919430033702,0.9999993778286358,0.9999990392263192,2.122891108678754,3.41234702142402,0.5664863008640485,0.9999992454713923,8.269962821825997e-06,1.3264038205452103e-05
BedSet_15_39.obj,BedSet_15,M,M,,0.9961114215893335,0.0038365526584507228,257.16338836240874,101.73265566548169,0.009807646707722025,15.071099363785605,0.9668742978083266,1.0000198482581393,0.9999976168145751,0.9999997995453099,0.320256307353764,0.8755530063811294,7.850462293418876e-16,0.9999998425632918,0.0015844986182981706,0.0038365431307077744
BedSet_15_40.obj,BedSet_15,M,M,,0.9997600899766356,6.784817556702188e-06,4168.229346879899,46.0056003605847,0.021726219224963456,45.99605959331014,0.7764515270355932,1.0414174778376029,0.9998168100622493,0.9999948805869595,2.1818715297404054,3.384272374122575,0.5665858622185735,0.9999959792470736,4.1582273689998136e-06,6.7835572824360725e-06
BedSet_15_41.obj,BedSet_15,M,M,,0.9997600899766452,6.7848175470109115e-06,4168.229347048956,46.0056003605847,0.02172621922496435,45.99605959731408,0.7764515270852239,1.0414174778503165,0.9998168100638525,0.999994880587004,2.1818715297404054,3.3842723741296195,0.5665858622185395,0.9999959792471085,4.158227363087688e-06,6.783557272757624e-06
BedSet_15_42.obj,BedSet_15,M,M,,0.999760126524703,6.748386138415346e-06,4168.864434720615,46.0056003605847,0.021726219224963445,45.99605959326161,0.7764050691568513,1.0417847183662234,0.9998088953118527,0.9999946628648205,2.1818715297404054,3.3842730800788448,0.5665858325619537,0.9999958082506122,4.136780639776673e-06,6.747078485103848e-06
BedSet_15_43.obj,BedSet_15,OB,OB,,0.7905410985161139,0.20263095281238744,4.774206266315019,6.76187607313874,0.10839496804747123,1.0913741105105605,0.9996467723140905,2.0920848637442924,0.9940591030888036,0.9926511603330548,0.7644707869616332,2.5351729771738816,0.36497871467603804,0.9951643335896396,0.1757348552278818,0.20068701532069838
BedSet_15_44.obj,BedSet_15,CA,CA,,0.7348601036159224,0.002268540615516163,3.7715938396380406,1.592662579025693,0.46950043140843783,1.592662579025693,0.6403806970823238,1.0522554017007546,0.8791395448201303,0.7149955490800066,0.7143082110248024,2.0383541650419432,0.11412141884074352,0.8799652397439244,0.0013812493838959747,0.0017101624893654348
BedSet_15_45.obj,BedSet_15,CA,CA,,0.7348600804621784,0.002268130790455085,3.771593510277913,1.592662579025693,0.46950043140843783,1.592662579025693,0.6403788592310395,1.0522433509086864,0.8791422501507711,0.7149970607931042,0.7143082110248024,2.03834990924091,0.11413575895626134,0.8799682522295671,0.0013809894198788459,0.001709860307390675
BedSet_15_46.obj,BedSet_15,CA,CA,,0.7348533331303844,0.0022659644918151425,3.771497532481504,1.5927086683199172,0.4694928346631596,1.5927086683199172,0.640329359714655,1.0402152292963922,0.8790740042806784,0.7149688973160748,0.7143082110248024,2.0383491983882522,0.11435133376397517,0.8799451678001677,0.0013702090196527567,0.0017080665585633603
BedSet_15_47.obj,BedSet_15,CA,CA,,0.7348533275020362,0.002266008507308205,3.771497452422793,1.5927086683199172,0.4694928346631596,1.5927086683199172,0.6403275206394106,1.0521576840355948,0.87907859172107,0.7149729424363761,0.7143082110248024,2.0383470591011217,0.11428705840353397,0.8799497011372545,0.0013796951064725558,0.0017081126797458177
BedSet_16_01.obj,BedSet_16,OB,OB,,0.7374515927222715,0.2624878080871703,3.8088214298025442,132.72999135094588,0.006669851585872586,1.9038775979126243,0.9921355152397264,1.3611111111111114,0.9886957092814879,0.9936531613315326,0.7216878354453656,0.5829176449494204,0.6239128597295609,0.9950533080929962,0.15337818644965912,0.25869700200130546
BedSet_16_02.obj,BedSet_16,OB,OB,,0.4142806568283179,0.054964981741838635,1.7073023301802177,1.8292682906369988,0.39689720326981864,1.292880536859465,0.4741495252104595,1.5666187165522019,0.7795016390231612,0.5029405920597089,1.4163102470558793,0.27664129546464283,0.050683794495567015,0.787705341315946,0.044669473329224926,0.03219696528220123
BedSet_16_03.obj,BedSet_16,OB,OB,,0.41425080570811335,0.054993959436415565,1.7072153221440474,1.8292682906369988,0.3968864152813939,1.2927691104092194,0.4741210132257069,1.5666165678167547,0.7794571712391605,0.5029585359063562,1.4163102470558793,0.2766774097866157,0.0506763253806532,0.7876849312130245,0.044693519511098956,0.03221248650902114
BedSet_16_04.obj,BedSet_16,OB,OB,,0.4142508057278067,0.05499395941759064,1.7072153222014452,1.8292682906369988,0.39688641528204166,1.2927691104159091,0.4741210132220445,1.5666165678141977,0.7794571712286475,0.5029585359005255,1.4163102470558793,0.276677409756232,0.05067632536837316,0.7876849312079833,0.04469351949585319,0.03221248649743509
BedSet_16_05.obj,BedSet_16,OB,OB,,0.526576378694823,0.47330117412112305,2.1122731418480485,90.38018489597482,0.009115074378554296,1.4535255171327488,0.9998903235878283,1.0001062811274395,0.9995835636942885,0.99973477795714,0.8164965792610595,0.1847935070608737,0.00022545033145241603,0.9997917684109401,0.19331675203165688,0.47304133551414373
BedSet_16_06.obj,BedSet_16,OB,OB,,0.5527407898105925,0.44713580994231633,2.2358399273116754,90.40306006775779,0.00912136076789864,1.4578048668712542,0.9992176072456751,1.1482418433860202,0.7602675035941973,0.8099135118981695,0.755928944589883,0.18653820805069174,0.0005742843624040626,0.8790313041589048,0.25012114375685723,0.3076335570182594
BedSet_16_07.obj,BedSet_16,OB,OB,,0.526576378694823,0.47330117412112305,2.1122731418480485,90.38018489597482,0.009115074378554296,1.4535255171327488,0.9998903235878283,1.0001062811274395,0.9995835636942885,0.99973477795714,0.8164965792610595,0.1847935070608737,0.00022545033145241603,0.9997917684109401,0.19331675203165688,0.47304133551414373
BedSet_16_08.obj,BedSet_16,OB,OB,,0.5527407898105925,0.44713580994231633,2.2358399273116754,90.40306006775779,0.00912136076789864,1.4578048668712542,0.9992176072456751,1.1482418433860202,0.7602675035941973,0.8099135118981695,0.755928944589883,0.18653820805069174,0.0005742843624040626,0.8790313041589048,0.25012114375685723,0.3076335570182594
BedSet_16_09.obj,BedSet_16,OB,OB,,0.9413172728855114,0.05354951402241877,17.040789499249108,19.150158521861787,0.051074689138156396,4.846152417740083,0.9999999999999826,1.0403999999999933,0.9511936957271557,0.9870687509445405,0.3999999996,0.657894653257743,1.1102230246251565e-16,0.9899966470745504,0.02335951319616622,0.05060662735410531
BedSet_16_10.obj,BedSet_16,OB,OB,,0.9695080163497243,0.028852432526202298,32.795504925797054,24.696619932434537,0.03985611451249824,5.726735974455259,0.9999999999999971,1.0,0.9999999999999993,0.9999999999999999,0.8164965792610595,0.702678980180956,1.5700924586837752e-16,1.0,0.012525526024993674,0.028852432526202277
BedSet_16_11.obj,BedSet_16,OB,OB,,0.7710326209345266,0.2103100359782247,4.3674343658950034,7.321079130643142,0.12228773832728243,2.089840751165647,0.9999999999999923,1.0,0.9999999999999998,1.0,0.8164965792610595,0.3527174501806792,1.5700924586837752e-16,0.9999999999999999,0.08762055907189042,0.21031003597822465
BedSet_16_12.obj,BedSet_16,OB,OB,,0.7122999098543378,0.26425692846041154,3.475841802805895,6.531183839899104,0.13371589002058334,1.864360963515037,0.999999999999991,1.0,1.0,1.0,0.8164965792610595,0.30176397967248675,0.0,1.0,0.10942297876859373,0.26425692846041154
BedSet_16_13.obj,BedSet_16,OB,OB,,0.6286407098951285,0.34109918182043986,2.6928099731037296,5.748635347801052,0.146933285291773,1.6409783583872504,0.9999999999999905,1.0,1.0,1.0,0.8164965792610595,0.24270488866747103,0.0,1.0,0.1402344144932768,0.34109918182043986
BedSet_16_14.obj,BedSet_16,OB,OB,,0.7578549214463822,0.241789338337644,4.1297556240793405,53.01924237677334,0.01692069278278558,2.0321800175841673,0.9999999999999988,1.0,1.0,1.0,0.8164965792610595,0.34040855477422177,0.0,1.0,0.1005868364386109,0.241789338337644
BedSet_16_15.obj,BedSet_16,OB,OB,,0.4471928833999175,0.5499425492919087,1.8089492156866072,22.232216316903433,0.036825725451941835,1.428790377323251,0.9999999999981223,1.129211713097178,0.6206023279794758,0.6104023223500193,0.618718432991354,0.8967741484696959,0.5154381914689216,0.7969515267297942,0.3760775056715923,0.27481163463736985
BedSet_16_16.obj,BedSet_16,OB,OB,,0.4471928833999175,0.5499425492919089,1.8089492156866072,22.232216316903433,0.036825725451941835,1.428790377323251,0.9999999999980909,1.1292117130969386,0.6206023279794757,0.6104023223500189,0.618718432991354,0.896774148469696,0.5154381914689566,0.796951526729794,0.3760775056715474,0.2748116346373698
BedSet_16_17.obj,BedSet_16,OB,M,x,0.9818135052115559,0.01796592311809762,54.98585690274483,43.33142438711696,0.022579252905830335,4.760429966890237,0.865666216358595,1.352136605312384,0.995469410867183,0.9988330034854326,0.30227563296364274,1.0668453558501327,0.7398192750660899,0.9990847019810494,0.010476293398467503,0.01787409131177805
BedSet_16_18.obj,BedSet_16,OB,OB,,0.982370240837655,0.01743279166468502,56.72222069821187,53.0023819294088,0.018536723594549862,5.300028008406778,0.9926790102437713,1.4458337763295428,0.9960590952389278,0.9990392071755059,1.6358257611298654,2.284669434668758,0.6141505478862229,0.9992497238363274,0.012832387606730535,0.017355749046144023
BedSet_16_19.obj,BedSet_16,OB,OB,,0.9817241847826872,0.018078924245791526,54.717071767696055,53.00238193073574,0.01853672359408595,5.300028008406778,0.9926790102457796,1.4401324872622758,0.9859626718548627,0.9966581017668212,1.6283046833163242,2.284624981895562,0.6243216623230777,0.9973876494121674,0.013328559269573844,0.01779535954426438
BedSet_16_20.obj,BedSet_16,M,M,,0.9984505279417109,0.0006196102752325667,645.3810124664983,31.998094637293836,0.031212809403075067,25.600087790200735,0.9999393851898242,1.5625,0.9999999999999973,0.9999999999999999,0.7071067799365475,0.9248122796446301,1.5700924586837752e-16,1.0,0.00039378836641638156,0.0006196102752325651
BedSet_16_21.obj,BedSet_16,M,M,,0.9984505279417111,0.000619707654938705,645.3810124665772,31.999770544903626,0.03121117630201718,25.600087790200735,0.9999393820153017,1.5625,0.9999999999999971,0.9999999999999999,0.7071067799365475,0.9248122796446292,1.5700924586837752e-16,0.9999999999999998,0.0003938502553116035,0.0006197076549387033
BedSet_16_22.obj,BedSet_16,OB,OB,,0.9767189425429401,0.023133747106798632,42.953369282211625,69.99593240170495,0.014113478215403708,6.392858806350777,0.9230922224128533,1.7755730592500376,0.894196861930394,0.9760885706083217,1.2787240246955256,1.7179211547086857,0.7495601885030372,0.9817406574810947,0.019744919736839704,0.020438806670075825
BedSet_16_23.obj,BedSet_16,M,M,,0.997500132103686,0.002409562963300395,400.0211128201223,100.79415522537171,0.009908528452110188,20.160118159238127,0.9918268913294495,1.0,1.0,1.0,0.8944271889999158,0.9054825704954368,0.0,1.0,0.001081748618123115,0.002409562963300395
BedSet_16_24.obj,BedSet_16,M,M,,0.994237694388635,0.005626194904210691,173.5416164307622,61.00285708151742,0.016335165325862308,12.142580078830276,0.9148132619182415,1.4535147392290249,0.9999723430180695,0.9998188971596674,1.3887301475159701,1.6738923566238437,0.7698075826184063,0.9998591062951704,0.004018722015387787,0.005625529854791303
BedSet_16_25.obj,BedSet_16,M,M,,0.9942377386893487,0.00562615033843912,173.5429506322281,61.00285708151742,0.016335167619813955,12.142833275938687,0.9148305455695983,1.4535147392290249,0.9999761913054028,0.9998193098936092,1.3887301475159701,1.673895956055494,0.769807615756912,0.999859430196524,0.00401868525439892,0.00562550810439418
BedSet_16_26.obj,BedSet_16,M,M,,0.9979357083681404,0.001999776793198181,484.4276469235234,100.8047139974027,0.009907490176223553,20.159695807666,0.9668700823316284,1.3265306122448979,0.9995782277564919,0.9946789621691403,1.8898223614747076,1.8655228146161942,0.5787519002186217,0.9974419069000038,0.001402165028281818,0.001993615142884253
BedSet_16_27.obj,BedSet_16,M,M,,0.9975000273592302,0.002409667707756198,400.0043526391952,100.79415522537171,0.009908527942653025,20.159695807666,0.9918268921291437,1.0,1.0,1.0,0.8944271889999158,0.9054806839094797,0.0,1.0,0.0010817954147716877,0.002409667707756198
BedSet_16_28.obj,BedSet_16,OB,OB,,0.5178993399602042,0.47534428879548923,2.074255482415052,11.660900195091909,0.07018813709537255,1.4352230277845976,0.9969238023977256,1.1014124225293995,0.9924310041366486,0.989756283738872,0.766045917020835,2.4614764499387647,0.16772855759950253,0.9933033143640705,0.25861219659644163,0.46933019165512546
BedSet_16_29.obj,BedSet_16,M,M,,0.9971144775581768,0.0028042596736351484,346.55763390938966,81.33142900299363,0.012277011094358345,18.769823579254105,0.9971354111502199,1.3611111111111107,0.9999999999999999,1.0,0.5773502683562924,0.8988357223913069,0.0,1.0,0.0015590889930620381,0.002804259673635148
BedSet_16_30.obj,BedSet_16,M,M,,0.9971142915532379,0.0028044456785741427,346.5352957443466,81.33142900299363,0.01227700997447951,18.76921860814699,0.9971354153427686,1.3611111111111114,1.0,1.0,0.5773502683562924,0.8988326265954454,0.0,1.0,0.0015591919724429598,0.0028044456785741427
BedSet_16_31.obj,BedSet_16,M,M,,0.9971141055424366,0.0028046316893753703,346.5129597549439,81.33142900299363,0.012277008854565686,18.768613676468746,0.9971354195350433,1.3611111111111107,1.0,1.0,0.5773502683562924,0.8988295308118913,0.0,1.0,0.0015592949550272566,0.0028046316893753703
BedSet_16_32.obj,BedSet_16,M,M,,0.9979174928299415,0.0020213606278274227,480.1903937175292,100.79415522537171,0.009908528452110188,20.160118159238127,0.9668733895680326,1.1742050213437876,0.9995727175363952,0.994654212495854,1.4433756708907313,1.865505013216276,0.5758475547573679,0.9974191005251835,0.0012551055458227287,0.0020150963622425386
BedSet_16_33.obj,BedSet_16,M,M,,0.9971144775579556,0.00280425967385634,346.5576338828137,81.33142900299363,0.012277011094357013,18.769823578534375,0.9971354111502255,1.3611111111111107,1.0,1.0,0.5773502683562924,0.898835722387624,0.0,1.0,0.001559088993184498,0.00280425967385634
BedSet_16_34.obj,BedSet_16,M,M,,0.997114291553238,0.0028044456785739575,346.53529574437005,81.33142900299363,0.012277009974479511,18.76921860814763,0.9971354153427678,1.3611111111111114,1.0,1.0,0.5773502683562924,0.8988326265954486,0.0,1.0,0.0015591919724428573,0.0028044456785739575
BedSet_16_35.obj,BedSet_16,M,M,,0.9971144775579556,0.002804259673856392,346.55763388281423,81.33142900299363,0.012277011094357013,18.769823578534375,0.997135411150225,1.3611111111111107,0.9999999999999999,1.0,0.5773502683562924,0.898835722387624,0.0,1.0,0.001559088993184527,0.0028042596738563916
BedSet_16_36.obj,BedSet_16,M,M,,0.997114291553238,0.0028044456785739575,346.53529574437005,81.33142900299363,0.012277009974479511,18.76921860814763,0.9971354153427678,1.3611111111111114,1.0,1.0,0.5773502683562924,0.8988326265954486,0.0,1.0,0.0015591919724428573,0.0028044456785739575
BedSet_16_37.obj,BedSet_16,M,M,,0.9971141055425253,0.0028046316892868335,346.5129597655952,81.33142900299363,0.01227700885456622,18.76861367675724,0.9971354195350414,1.3611111111111114,1.0,1.0,0.5773502683562924,0.8988295308133677,0.0,1.0,0.0015592949549782407,0.0028046316892868335
BedSet_16_38.obj,BedSet_16,M,M,,0.9971144775579776,0.002804259673834493,346.55763388545955,81.33142900299363,0.012277011094357146,18.76982357860603,0.9971354111502245,1.3611111111111107,1.0,1.0,0.5773502683562924,0.8988357223879907,0.0,1.0,0.001559088993172403,0.002804259673834493
BedSet_16_39.obj,BedSet_16,M,M,,0.9971141055425253,0.0028046316892867437,346.5129597655958,81.33142900299363,0.01227700885456622,18.76861367675724,0.9971354195350408,1.3611111111111114,1.0,1.0,0.5773502683562924,0.8988295308133677,0.0,1.0,0.0015592949549781908,0.0028046316892867437
BedSet_16_40.obj,BedSet_16,M,M,,0.997114291553238,0.0028044456785739575,346.53529574437005,81.33142900299363,0.012277009974479511,18.76921860814763,0.9971354153427684,1.3611111111111114,1.0,1.0,0.5773502683562924,0.8988326265954486,0.0,1.0,0.0015591919724428573,0.0028044456785739575
BedSet_16_41.obj,BedSet_16,M,M,,0.997114291553238,0.0028044456785739575,346.53529574437005,81.33142900299363,0.012277009974479511,18.76921860814763,0.9971354153427678,1.3611111111111114,1.0,1.0,0.5773502683562924,0.8988326265954486,0.0,1.0,0.0015591919724428573,0.0028044456785739575
BedSet_16_42.obj,BedSet_16,M,M,,0.9971144775579779,0.002804259673834187,346.5576338854839,81.33142900299363,0.012277011094357148,18.76982357860667,0.9971354111502242,1.3611111111111114,0.9999999999999999,1.0,0.5773502683562924,0.8988357223879939,0.0,1.0,0.0015590889931722343,0.0028042596738341867
BedSet_16_43.obj,BedSet_16,OB,OB,,0.9639512888877744,0.03543593983000259,27.740232260675427,68.00305786219087,0.014570899389797063,7.391577609729341,0.9999689898110667,1.2491349480968859,0.9999984521785222,0.9999997381712233,0.4850712494844306,0.7616657962656648,6.661338147750939e-16,0.999999794360223,0.017873365163300344,0.035435880342426625
BedSet_16_44.obj,BedSet_16,OB,OB,,0.7499813350603409,0.08999440822988239,3.9996018443734718,2.499972253455543,0.33686382590979497,1.9999990022390717,0.9992246413583107,1.0,0.9999999999999999,1.0,0.8164965792610595,0.3333332224687675,0.0,1.0,0.03740675677377,0.08999440822988237
BedSet_16_45.obj,BedSet_16,M,M,,0.9993277048870863,0.00042272900418507855,1487.4419162112451,65.99847864654,0.015143163237795194,33.0004052898858,0.9964864368945681,1.3611111111111107,0.9965295525761433,0.9968707634385026,0.8660254025344387,1.2728086675132169,0.6981092486545994,0.9976238321438101,0.00026567875987704154,0.00042060283126075593
BedSet_16_46.obj,BedSet_16,M,M,,0.9984043667839739,0.0015148957347254231,626.710404313809,100.79415522537171,0.009912908688819243,25.200542096662776,0.9918173477194814,1.000129222360763,1.0,1.0,0.6666666655555555,0.9236657024568288,0.0,0.9999999999999999,0.0006608407135312254,0.0015148957347254231
BedSet_16_47.obj,BedSet_16,M,M,,0.997114291553238,0.0028044456785739575,346.53529574437005,81.33142900299363,0.012277009974479511,18.76921860814763,0.9971354153427681,1.3611111111111114,1.0,1.0,0.5773502683562924,0.8988326265954486,0.0,1.0,0.0015591919724428573,0.0028044456785739575
BedSet_16_48.obj,BedSet_16,OB,OB,,0.9540625126313074,0.044168585404553616,21.768689528470663,49.297099934723846,0.019975952674174388,5.699476023811486,0.9652614970174244,1.707406855323607,0.899378486980041,0.9673216779389243,0.4811252238617251,0.6774095870919421,0.5911065620472082,0.9757004582107038,0.03191395593440734,0.039075214178764583
BedSet_16_49.obj,BedSet_16,OB,OB,,0.9540623956699453,0.044168702367567286,21.768634103386756,49.29709993472453,0.01997595267417411,5.699476023811486,0.9652614970174244,1.7073961603410546,0.8993782924432038,0.9673216273093509,0.4811252238617251,0.6774095870919421,0.5911065620472084,0.9757004213542116,0.03191387777213518,0.03907530819634044
BedSet_16_50.obj,BedSet_16,OB,OB,,0.9540624541197973,0.04416864200596879,21.768661801258403,49.29709993469505,0.019975952674185702,5.699476023808156,0.9652611285917362,1.7074103942514027,0.8993799288780165,0.967322142794184,0.4811252238617251,0.677408436457417,0.5911069474728995,0.9757007912861042,0.03191402923361577,0.039075336132231325
BedSet_16_51.obj,BedSet_16,OB,OB,,0.9540623371582297,0.04416875896918788,21.768606376218287,49.29709993469573,0.019975952674185424,5.699476023808156,0.9652611285917362,1.7073997168412467,0.8993797343502888,0.967322092167165,0.4811252238617251,0.6774084364574171,0.5911069474728989,0.975700754431432,0.03191395134289583,0.03907543015061004
BedSet_17_01.obj,BedSet_17,OB,OB,,0.2379072023757019,0.7371620815672223,1.3121761590152519,6.022787137345561,0.11764273786476083,1.018308285267397,0.9771075912606758,1.1224941020691945,0.9966116186573407,0.9852264972800493,1.2743861852774918,2.5362191254433752,0.33798679150580735,0.9914588098991762,0.43520493139191635,0.7292375128409176
BedSet_17_02.obj,BedSet_17,OB,OB,,0.42177647084201425,0.5643295706844793,1.7294349841766452,8.056489882921625,0.09805684436451592,1.3052949386910053,0.996582142488436,1.0082792063841193,0.9993001038846994,0.9776278960557728,1.564068004728409,3.399548273058073,0.03254053290259482,0.9878836473024936,0.3123580415645026,0.5576263968812811
BedSet_17_03.obj,BedSet_17,M,M,,0.9986801561548095,0.0008303330754476343,757.665388707846,39.830253372343094,0.02507904825397284,25.28955554599437,0.9374995468342635,1.0847273145232461,0.9999999999999858,0.9999999999999949,0.6708203924999369,1.194301616196095,0.7404704504762718,0.9999999999999959,0.0004289852620767128,0.0008303330754476203
BedSet_17_04.obj,BedSet_17,M,M,,0.9998187584584166,0.0001284401993963148,5517.498865122777,98.30302753555536,0.010171200536229384,75.17290344312465,0.5656108597218382,1.2469135802469138,0.9999999999999999,1.0,0.6666666655555555,0.96730914156851,0.0,0.9999999999999998,6.740351702524702e-05,0.00012844019939631476
BedSet_17_05.obj,BedSet_17,M,M,,0.9998722289780564,8.463639573335022e-05,7826.50075727505,98.3030521680787,0.010171571586490347,98.30305216519852,0.5739644970422109,1.2469135802469138,1.0,1.0,0.6666666655555555,0.9716355326950717,0.0,1.0,4.4434237224453035e-05,8.463639573335022e-05
BedSet_17_06.obj,BedSet_17,M,M,,0.9869603433189053,0.0072442537117223755,76.68913564641694,13.135849992424797,0.07542058189272192,8.757233329674195,0.9999999999998925,1.0,0.9999999999999997,1.0,0.8164965792610595,0.7950238625701287,1.5700924586837752e-16,0.9999999999999999,0.003178351029964641,0.007244253711722373
BedSet_17_07.obj,BedSet_17,M,M,,0.9869603433189061,0.007244253711721421,76.68913564642257,13.135849992424797,0.07542058189272195,8.757233329674511,0.9999999999998921,1.0,1.0,1.0,0.8164965792610595,0.7950238625701355,0.0,1.0,0.003178351029964224,0.007244253711721421
BedSet_17_08.obj,BedSet_17,M,M,,0.9972911974885929,0.0026535208273790523,369.1668166242221,134.49599967883768,0.007424910899710901,19.213714278870185,0.9999999999998626,1.0,1.0,1.0,0.8164965792610595,0.9010572736720153,0.0,1.0,0.0011782764424133505,0.0026535208273790523
BedSet_17_09.obj,BedSet_17,OB,OB,,0.9095322178661323,0.08951512071887939,11.053658843101926,32.39893331333724,0.02954426877501316,3.324704323948162,0.9999999999999903,1.0,0.9999999999999989,0.9999999999999998,0.8164965792610595,0.537540638583128,0.0,0.9999999999999997,0.03812152040085778,0.08951512071887928
BedSet_17_10.obj,BedSet_17,M,M,,0.9843753654056665,0.015271823367369684,64.00149673660665,53.23886662531871,0.0186349900305311,8.00009354455919,0.9999999999999857,1.0,1.0,1.0,0.8164965792610595,0.7777800874989192,0.0,1.0,0.006687207676638618,0.015271823367369684
BedSet_17_11.obj,BedSet_17,M,M,,0.9843195010269835,0.015327687746052754,63.77348078787166,53.238866625326395,0.01863447772131597,7.98582999900709,0.9999999999999857,1.0,1.0,1.0,0.8164965792610595,0.7774273494830768,0.0,1.0,0.006711399170782389,0.015327687746052754
BedSet_17_12.obj,BedSet_17,M,M,,0.9972911974885929,0.002653520827381724,369.166816624222,134.49599968203938,0.007424910899534158,19.213714278870185,0.999999999999869,1.0,1.0,1.0,0.8164965792610595,0.9010572736720153,0.0,1.0,0.0011782764424145369,0.002653520827381724
BedSet_17_13.obj,BedSet_17,M,M,,0.9961375993462034,0.0021457781409989357,258.90633562750077,24.135849986087745,0.04131704938643681,16.090566659948234,0.9999999999999409,1.0,0.9999999999999993,1.0,0.8164965792610595,0.8829763787387728,0.0,1.0,0.0009508771506941577,0.0021457781409989344
BedSet_17_14.obj,BedSet_17,M,M,,0.996137599346203,0.002145778140999218,258.90633562748184,24.135849986087745,0.0413170493864368,16.090566659947655,0.999999999999941,1.0,1.0,1.0,0.8164965792610595,0.8829763787387689,0.0,1.0,0.0009508771506942822,0.002145778140999218
BedSet_17_15.obj,BedSet_17,M,M,,0.9974788669549347,0.0014006294694813798,396.64705595649644,29.873999982697285,0.033413139843301715,19.91599999162856,0.9999999999999528,1.0,0.9999999999999989,1.0,0.8164965792610595,0.9043794224152553,1.5700924586837752e-16,1.0,0.0006221718880884778,0.0014006294694813783
BedSet_17_16.obj,BedSet_17,M,M,,0.9974788669550547,0.0014006294693612537,396.64705597539574,29.873999982697285,0.03341313984330372,19.915999992102957,0.9999999999999499,1.0,0.999999999999998,0.9999999999999999,0.8164965792610595,0.9043794224174243,1.5700924586837752e-16,1.0,0.0006221718880352689,0.0014006294693612508
BedSet_17_17.obj,BedSet_17,OB,OB,,0.9303196584895089,0.06882245596051419,14.351249984176386,34.14171426535998,0.028308286766541648,3.7883043676612718,0.9999999999999911,1.0,0.9999999999999996,1.0,0.8164965792610595,0.5823156076969881,1.5700924586837752e-16,1.0,0.02946327709155856,0.06882245596051416
BedSet_17_18.obj,BedSet_17,OB,OB,,0.9777412851180763,0.00951157648423557,44.926223517501526,8.857142851860196,0.11097750263574117,6.702702699358592,0.9999999999997309,1.0,0.9999999999999998,1.0,0.8164965792610595,0.7403508770976187,0.0,1.0,0.004147117148882191,0.009511576484235569
BedSet_17_19.obj,BedSet_17,OB,OB,,0.9777412851180785,0.009511576484233482,44.92622351750574,8.857142851860196,0.11097750263574127,6.702702699358906,0.9999999999997276,1.0,1.0,1.0,0.8164965792610595,0.7403508770976293,0.0,1.0,0.004147117148881285,0.009511576484233482
BedSet_17_20.obj,BedSet_17,OB,OB,,0.9777412851180785,0.009511576484233482,44.92622351750574,8.857142851860196,0.11097750263574127,6.702702699358906,0.9999999999997276,1.0,1.0,1.0,0.8164965792610595,0.7403508770976293,0.0,1.0,0.004147117148881285,0.009511576484233482
BedSet_17_21.obj,BedSet_17,OB,OB,,0.9777412851180785,0.009511576484233482,44.92622351750574,8.857142851860196,0.11097750263574127,6.702702699358906,0.9999999999997276,1.0,1.0,1.0,0.8164965792610595,0.7403508770976293,0.0,1.0,0.004147117148881285,0.009511576484233482
BedSet_17_22.obj,BedSet_17,OB,OB,,0.9777412851180785,0.009511576484233482,44.92622351750574,8.857142851860196,0.11097750263574127,6.702702699358906,0.9999999999997276,1.0,1.0,1.0,0.8164965792610595,0.7403508770976293,0.0,1.0,0.004147117148881285,0.009511576484233482
BedSet_17_23.obj,BedSet_17,OB,OB,,0.9777412851180763,0.00951157648423557,44.926223517501526,8.857142851860196,0.11097750263574117,6.702702699358592,0.9999999999997309,1.0,0.9999999999999998,1.0,0.8164965792610595,0.7403508770976187,0.0,1.0,0.004147117148882191,0.009511576484235569
BedSet_17_24.obj,BedSet_17,OB,OB,,0.9777412851180763,0.00951157648423557,44.926223517501526,8.857142851860196,0.11097750263574117,6.702702699358592,0.9999999999997309,1.0,0.9999999999999998,1.0,0.8164965792610595,0.7403508770976187,0.0,1.0,0.004147117148882191,0.009511576484235569
BedSet_17_25.obj,BedSet_17,OB,OB,,0.9777412851180763,0.00951157648423557,44.926223517501526,8.857142851860196,0.11097750263574117,6.702702699358592,0.9999999999997309,1.0,0.9999999999999998,1.0,0.8164965792610595,0.7403508770976187,0.0,1.0,0.004147117148882191,0.009511576484235569
BedSet_17_26.obj,BedSet_17,M,M,,0.9974788669549346,0.0016632474950885048,396.6470559564914,34.14171426535998,0.02924032319776341,19.91599999162867,0.9999999999999476,1.0,0.9999999999999991,1.0,0.8164965792610595,0.9043794224152558,0.0,0.9999999999999998,0.0007388291171403225,0.0016632474950885033
BedSet_17_27.obj,BedSet_17,M,M,,0.9993032440347951,0.00025079323456950035,1435.2226142222512,45.499787019322056,0.0219645209302339,36.40021565593628,0.9999512624468749,1.0,1.0,1.0,0.7844645390142747,0.9465243732682015,0.0,1.0,0.0001114510315065329,0.00025079323456950035
BedSet_17_28.obj,BedSet_17,OB,OB,,0.9540622896148073,0.044169076098253435,21.76858161270069,49.302261282939114,0.019973861107500008,5.699475986316125,0.9652550206311004,1.7073954853193514,0.8993787376611265,0.9673217879763759,0.4811252238617251,0.6774090100849451,0.5911067296085954,0.9757005356526973,0.031914129932418135,0.03907566136437677
BedSet_17_29.obj,BedSet_17,OB,OB,,0.36172844237424395,0.631513195301964,1.5667311496914,11.60517926527454,0.06713422364656073,1.2499904957374943,0.9993997954616273,1.0000768100606956,0.9999644303034365,0.9950770932072525,0.8748177650246043,2.5389075893073314,0.2758045932989757,0.9972817408064532,0.32675022137471615,0.6299363475607701
BedSet_17_30.obj,BedSet_17,M,M,,0.9978748191687693,0.0020653234898781576,470.54812863464446,94.66436054623563,0.010551981818597017,21.846120287552043,0.9975228214558687,1.3611111111111114,1.0,1.0,0.5773502683562924,0.9124577867210417,0.0,1.0,0.0011496680918284606,0.0020653234898781576
BedSet_17_31.obj,BedSet_17,M,M,,0.9978749561512341,0.0020651865074134347,470.5784606404912,94.66436054623563,0.01055198252963818,21.84682443271748,0.997522817336424,1.3611111111111114,1.0,1.0,0.5773502683562924,0.9124604847951888,0.0,1.0,0.0011495921187580152,0.0020651865074134347
BedSet_17_32.obj,BedSet_17,M,M,,0.9978746821819406,0.0020654604767068115,470.51779957263335,94.66436054623563,0.010551981107533344,21.845416188038897,0.9975228255750467,1.3611111111111114,1.0,1.0,0.5773502683562924,0.9124550886555158,0.0,1.0,0.0011497440672920314,0.0020654604767068115
BedSet_17_33.obj,BedSet_17,OB,OB,,0.7499795933409921,0.08999419922870155,3.9995646934877107,2.499972182339677,0.3368638226819921,1.999998956733353,0.9991137137814612,1.0,1.0,1.0,0.8164965792610595,0.33333321741363525,0.0,0.9999999999999999,0.037406669878333264,0.08999419922870155
BedSet_17_34.obj,BedSet_17,M,M,,0.9984042763111799,0.0015149803611539904,626.6748680665507,100.79404474735783,0.009912918559278292,25.19985560887143,0.9918110278564283,1.000129195539535,0.9999999999999999,1.0,0.6666666655555555,0.9236637023894105,0.0,1.0,0.0006608774642673952,0.0015149803611539901
BedSet_17_35.obj,BedSet_17,M,M,,0.9978748191687182,0.0020653234899297127,470.5481286233089,94.66436054623563,0.01055198181859675,21.84612028728889,0.9975228214558703,1.3611111111111114,1.0,1.0,0.5773502683562924,0.9124577867200334,0.0,1.0,0.001149668091857055,0.0020653234899297127
BedSet_17_36.obj,BedSet_17,M,M,,0.9993276984535958,0.0004227290014621446,1487.4276727793426,65.99847614336085,0.01514316322909,33.000404663951194,0.9964802239636897,1.3611111111111107,0.9965295525758157,0.9968707634382932,0.8660254025344387,1.2728086653808255,0.6981091372058021,0.9976238321436588,0.00026567875576507063,0.0004206028285513349
BedSet_17_37.obj,BedSet_17,M,M,,0.997874819168599,0.0020653234900485954,470.5481285969155,94.66436054623563,0.01055198181859613,21.846120286676168,0.9975228214558737,1.3611111111111107,1.0,1.0,0.5773502683562924,0.9124577867176855,0.0,1.0,0.0011496680919229883,0.0020653234900485954
BedSet_17_38.obj,BedSet_17,OB,OB,,0.9710668083177924,0.028439988539403507,34.56236960259856,78.00356473084838,0.012730630002338417,8.478580962472385,0.9999690943412867,1.234567901234568,0.9999998374926239,0.9999999759308772,0.47140452023547613,0.7889979546507485,2.220446049250313e-16,0.9999999810961556,0.014215244239185593,0.02843998357543286
BedSet_17_39.obj,BedSet_17,M,M,,0.9979175348084123,0.0020213129663874006,480.2000706448406,100.79404474709509,0.009908538717075858,20.160096979716908,0.9668636558047684,1.174202833760644,0.999572524846771,0.9946550598186914,1.4433756708907313,1.8655073303351137,0.5758456925667458,0.9974190538261516,0.001255074208784416,0.0020150493160482146
BedSet_17_40.obj,BedSet_17,M,M,,0.9978749561513534,0.0020651865072940736,470.5784606668873,94.66436054623563,0.0105519825296388,21.84682443333024,0.9975228173364207,1.3611111111111114,1.0,1.0,0.5773502683562924,0.9124604847975367,0.0,1.0,0.0011495921186918151,0.0020651865072940736
BedSet_17_41.obj,BedSet_17,M,M,,0.997874956151217,0.0020651865074303305,470.57846063670127,94.66436054623563,0.010551982529638093,21.846824432629496,0.9975228173364246,1.3611111111111114,1.0,1.0,0.5773502683562924,0.9124604847948518,0.0,1.0,0.0011495921187673853,0.0020651865074303305
BedSet_17_42.obj,BedSet_17,M,M,,0.9978748191687693,0.0020653234898781576,470.54812863464446,94.66436054623563,0.010551981818597017,21.846120287552043,0.9975228214558681,1.3611111111111114,1.0,1.0,0.5773502683562924,0.9124577867210417,0.0,1.0,0.0011496680918284606,0.0020653234898781576
BedSet_17_43.obj,BedSet_17,M,M,,0.9978746821817872,0.0020654604768601524,470.51779953866384,94.66436054623563,0.010551981107532546,21.84541618725027,0.9975228255750511,1.3611111111111114,1.0,1.0,0.5773502683562924,0.9124550886524938,0.0,1.0,0.0011497440673770769,0.0020654604768601524
BedSet_17_44.obj,BedSet_17,M,M,,0.9978749561511828,0.002065186507464392,470.57846062915513,94.66436054623563,0.010551982529637917,21.846824432454312,0.9975228173364259,1.3611111111111114,1.0,1.0,0.5773502683562924,0.9124604847941805,0.0,1.0,0.0011495921187862764,0.002065186507464392
BedSet_17_45.obj,BedSet_17,M,M,,0.9978748191687693,0.0020653234898781576,470.54812863464446,94.66436054623563,0.010551981818597017,21.846120287552043,0.9975228214558687,1.3611111111111114,1.0,1.0,0.5773502683562924,0.9124577867210417,0.0,1.0,0.0011496680918284606,0.0020653234898781576
BedSet_17_46.obj,BedSet_17,M,M,,0.9978746821817701,0.002065460476877252,470.51779953487465,94.66436054623563,0.010551981107532457,21.8454161871623,0.9975228255750519,1.3611111111111107,1.0,1.0,0.5773502683562924,0.9124550886521567,0.0,1.0,0.0011497440673865602,0.002065460476877252
BedSet_17_47.obj,BedSet_17,M,M,,0.9978749561511828,0.002065186507464577,470.5784606291545,94.66436054623563,0.010551982529637917,21.846824432454312,0.9975228173364262,1.3611111111111114,1.0,1.0,0.5773502683562924,0.9124604847941805,0.0,1.0,0.0011495921187863794,0.002065186507464577
BedSet_17_48.obj,BedSet_17,M,M,,0.9978748191687693,0.0020653234898781576,470.54812863464446,94.66436054623563,0.010551981818597017,21.846120287552043,0.9975228214558695,1.3611111111111114,1.0,1.0,0.5773502683562924,0.9124577867210417,0.0,1.0,0.0011496680918284606,0.0020653234898781576
BedSet_17_49.obj,BedSet_17,OB,OB,,0.9540624065761655,0.04416895913570495,21.76863703752116,49.302261289369305,0.019973861104895973,5.699475986316125,0.9652550206310939,1.7074061979268447,0.8993789322005955,0.9673218386065738,0.4811252238617251,0.677409010084945,0.5911067296085948,0.9757005725096576,0.031914208368881154,0.03907556734736075
BedSet_17_50.obj,BedSet_17,OB,OB,,0.954062241956204,0.04416912207860565,21.768559028635188,49.302261282993086,0.0199738611074788,5.699475986322365,0.9652550206309092,1.7074145436348882,0.8993795383889382,0.9673219963710814,0.4811252238617251,0.6774090100845963,0.5911067296088351,0.9757006873565608,0.031914446830640236,0.039075740971236096
BedSet_17_51.obj,BedSet_17,OB,OB,,0.9540623589177551,0.0441690051158643,21.768614453432107,49.302261289423285,0.019973861104874768,5.699475986322365,0.9652550206309024,1.707425221103951,0.899379732915352,0.9673220469977906,0.4811252238617251,0.6774090100845963,0.5911067296088363,0.9757007242109993,0.03191452472335144,0.039075646953321504
BedSet_18_01.obj,BedSet_18,M,M,,0.996649685788954,0.0031701922423588206,298.4794670013209,74.51035921737896,0.013397324234573512,17.276558305410134,0.9999999999999762,1.1111111111111112,1.0,1.0,0.8164965792610595,0.890570206569757,0.0,1.0,0.0015293235439914192,0.0031701922423588206
BedSet_18_02.obj,BedSet_18,OB,OB,,0.7763420897853103,0.221854631987526,4.471113939319372,17.40683522732213,0.05177010663576615,2.093771767893779,0.988148141127999,1.2155144599515342,0.9922542861344377,0.9889461169900654,0.6546536702317867,1.2247721052250273,0.1821797130349772,0.9939910314341803,0.11967824680896195,0.21891952953543337
BedSet_18_03.obj,BedSet_18,M,M,,0.9850617402249646,0.014671583815909928,66.9422017731221,59.99895456266915,0.016541583409688882,8.181821419828902,0.9999999999999215,1.1165685424949239,0.9999999999999998,1.0,0.8944271889999158,0.7821782946426394,0.0,0.9999999999999999,0.007094789663778139,0.014671583815909925
BedSet_18_04.obj,BedSet_18,M,M,,0.9969061915802454,0.0029275448088174256,323.22621970215476,74.51099148177744,0.013397201816915182,17.273177594753133,0.9999999999999762,1.0,1.0,1.0,0.7844645390142747,0.8905499610231395,0.0,1.0,0.0012927902341889474,0.0029275448088174256
BedSet_18_05.obj,BedSet_18,M,M,,0.9957092444082095,0.00314524151383915,233.05918470681553,28.386949881044426,0.03512417852087043,14.667363595278067,0.9999999999993885,1.0,1.0,1.0,0.7844645390142747,0.8723461041969022,0.0,1.0,0.0013860613149660433,0.00314524151383915
BedSet_18_06.obj,BedSet_18,M,M,,0.9957092444082095,0.003145241513839229,233.05918470681124,28.386949881044426,0.03512417852087043,14.667363595277939,0.9999999999993797,1.0,0.9999999999999998,1.0,0.7844645390142747,0.8723461041969012,0.0,1.0,0.001386061314966078,0.003145241513839228
BedSet_18_07.obj,BedSet_18,M,M,,0.9957086836900556,0.0031458022319931353,233.0287323918661,28.386949881044426,0.03512416791533689,14.666405319878331,0.9999999999993846,1.0,1.0,1.0,0.7844645390142747,0.8723382959227302,0.0,1.0,0.0013863071869809722,0.0031458022319931353
BedSet_18_08.obj,BedSet_18,M,M,,0.9972520847723934,0.0014595540503487634,363.9122451642935,29.999477304628183,0.033282589851129286,22.499607984148298,0.9999999999998826,2.1904,0.9999999999999998,1.0,0.5656854241492381,0.9147958635530757,0.0,1.0,0.0011379864427611104,0.0014595540503487632
BedSet_18_09.obj,BedSet_18,M,M,,0.979219659141244,0.02023743866759638,48.12240601809598,58.06423865722715,0.01709259494532973,8.181821419828902,0.9999999999999151,1.5376,0.9999999999999994,1.0,0.5656854241492381,0.7821782946426394,1.5700924586837752e-16,1.0,0.012369325701183854,0.02023743866759637
BedSet_18_10.obj,BedSet_18,M,M,,0.9972133858878683,0.0009264695567528043,358.858442453863,26.332875974857117,0.03789950798162828,19.74965698497614,0.9999999999998648,1.6989795918367343,0.8698829014828693,0.9895039380532558,0.8017837246658446,1.3072484911395605,0.682103827920532,0.9918643560628598,0.0007200256511432342,0.0008016905329043094
BedSet_18_11.obj,BedSet_18,M,M,,0.9970218203294733,0.0011620409902967,335.7755779128766,26.332875974857114,0.037899507981628285,19.749656984976006,0.9999999999998666,1.925952296190815,0.9159020469832139,0.9934938756088154,0.8241633825600587,1.3079120973752894,0.6815654645745426,0.9949366799291972,0.0009825465967589304,0.0010608534364527403
BedSet_18_12.obj,BedSet_18,OB,M,x,0.9828279615461344,0.007886918611428559,58.23420455779996,10.332483984789608,0.09554711757949588,7.749362990096266,0.9999999999996619,1.7551775147928994,0.8541802029225283,0.970382542041742,0.8320502931839976,1.1735494513589755,0.5148709459312001,0.9776865668962749,0.006245864945249311,0.006637085557971573
BedSet_18_13.obj,BedSet_18,OB,M,x,0.9828646238115589,0.008265471338524151,58.358800472182224,10.333137323311698,0.09554122955834302,7.749852993987979,0.9999884082892118,1.6042414805859286,0.8330983355553664,0.9635706191047343,0.9149914206002792,1.1623466853527362,0.6289408262350475,0.9726965981386867,0.006249124544381298,0.006760524959463455
BedSet_19_01.obj,BedSet_19,M,M,,0.9947341909989476,0.005059928322977693,189.9043432452578,80.99999988812183,0.012321289682353099,16.19999999564054,0.9984567901231466,1.2287334593572778,0.9655843614936193,0.9971709697493738,1.251086481733753,1.2925212464877112,0.6396405789556583,0.9977871654424807,0.0030915565994356514,0.0048788766384032485
BedSet_19_02.obj,BedSet_19,M,M,,0.9947341909989472,0.0050599283229780575,189.90434324524466,80.99999988812183,0.012321289682353099,16.19999999564054,0.9984567901231466,1.2287334593572778,0.9655843614936175,0.9971709697493737,1.251086481733753,1.292521246487711,0.6396405789554739,0.9977871654424804,0.003091556599435829,0.004878876638403591
BedSet_19_03.obj,BedSet_19,M,M,,0.9947341909986547,0.005059928323270393,189.9043432346973,80.99999988812183,0.0123212896823518,16.19999999519014,0.9984567901231463,1.2287334593572778,0.9655843614935747,0.9971709697492935,1.251086481733753,1.2925212464845992,0.6396405789526781,0.9977871654424179,0.0030915565996130967,0.004878876638685054
BedSet_19_04.obj,BedSet_19,M,M,,0.9947341909986547,0.005059928323270392,189.90434323469736,80.99999988812183,0.0123212896823518,16.199999995190037,0.9984567901231457,1.2287334593572778,0.9655843614935711,0.9971709697492931,1.251086481733753,1.2925212464845985,0.6396405789528742,0.9977871654424177,0.00309155659961315,0.004878876638685033
BedSet_19_05.obj,BedSet_19,M,M,,0.9947341909986547,0.005059928323270509,189.9043432346977,80.99999988812183,0.0123212896823518,16.19999999519009,0.998456790123147,1.2287334593572778,0.9655843614935719,0.9971709697492934,1.251086481733753,1.2925212464845992,0.6396405789528733,0.9977871654424177,0.0030915565996132203,0.004878876638685151
BedSet_19_06.obj,BedSet_19,M,M,,0.994734190998772,0.005059928323153227,189.90434323892796,80.99999988812183,0.012321289682352316,16.19999999537028,0.9984567901231465,1.2287334593572778,0.9655843614935911,0.9971709697493256,1.251086481733753,1.292521246485844,0.6396405789539337,0.997787165442443,0.0030915565995420836,0.004878876638572242
BedSet_19_07.obj,BedSet_19,M,M,,0.994734190998889,0.005059928323036281,189.9043432431449,80.99999988812183,0.012321289682352838,16.199999995550417,0.9984567901231468,1.2287334593572778,0.9655843614936089,0.9971709697493578,1.251086481733753,1.292521246487088,0.6396405789548977,0.9977871654424679,0.00309155659947113,0.004878876638459649
BedSet_19_08.obj,BedSet_19,M,M,,0.9947341909988364,0.005059928323088811,189.90434324125047,80.99999988812183,0.012321289682352604,16.199999995469362,0.9984567901231468,1.2287334593572778,0.9655843614936027,0.9971709697493433,1.251086481733753,1.2925212464865286,0.6396405789543704,0.9977871654424567,0.0030915565995029743,0.0048788766385102315
BedSet_19_09.obj,BedSet_19,M,M,,0.9947341909988481,0.005059928323077079,189.90434324166895,80.99999988812183,0.012321289682352654,16.199999995487385,0.9984567901231473,1.2287334593572778,0.965584361493603,0.9971709697493466,1.251086481733753,1.2925212464866533,0.6396405789547773,0.9977871654424595,0.0030915565994959365,0.00487887663849893
BedSet_19_10.obj,BedSet_19,M,M,,0.9947341909987718,0.005059928323153454,189.9043432389192,80.99999988812183,0.012321289682352316,16.199999995370227,0.998456790123147,1.2287334593572778,0.965584361493589,0.9971709697493253,1.251086481733753,1.2925212464858438,0.6396405789539389,0.9977871654424428,0.0030915565995422267,0.004878876638572449
BedSet_19_11.obj,BedSet_19,M,M,,0.9947341909989182,0.005059928323006878,189.90434324420124,80.99999988812183,0.012321289682352967,16.199999995595427,0.9984567901231471,1.2287334593572778,0.9655843614936162,0.9971709697493659,1.251086481733753,1.2925212464873992,0.6396405789551812,0.9977871654424745,0.0030915565994532965,0.004878876638431354
BedSet_19_12.obj,BedSet_19,M,M,,0.9947341909989476,0.005059928322977577,189.9043432452574,80.99999988812183,0.012321289682353097,16.19999999564049,0.9984567901231475,1.2287334593572778,0.9655843614936194,0.9971709697493739,1.251086481733753,1.292521246487711,0.6396405789556583,0.9977871654424807,0.00309155659943558,0.0048788766384031375
BedSet_19_13.obj,BedSet_19,M,M,,0.9947341909989473,0.005059928322977826,189.9043432452484,80.99999988812183,0.012321289682353099,16.199999995640592,0.9984567901231477,1.2287334593572778,0.9655843614936178,0.9971709697493738,1.251086481733753,1.2925212464877114,0.6396405789556574,0.9977871654424806,0.003091556599435734,0.004878876638403369
BedSet_19_14.obj,BedSet_19,M,M,,0.9947341909989476,0.005059928322977577,189.9043432452574,80.99999988812183,0.012321289682353097,16.19999999564049,0.9984567901231469,1.2287334593572778,0.9655843614936194,0.9971709697493739,1.251086481733753,1.292521246487711,0.6396405789556583,0.9977871654424807,0.00309155659943558,0.0048788766384031375
BedSet_19_15.obj,BedSet_19,M,M,,0.9947341909992402,0.005059928322685005,189.9043432558139,80.99999988812183,0.012321289682354398,16.199999996090785,0.9984567901231485,1.2287334593572778,0.9655843614936629,0.9971709697494544,1.251086481733753,1.2925212464908218,0.6396405789585579,0.9977871654425434,0.0030915565992581926,0.00487887663812145
BedSet_19_16.obj,BedSet_19,M,M,,0.9828732366639307,0.004930371814326461,58.38814844194287,8.499999993932434,0.11605177062988957,8.499999993932098,0.9632352941124842,1.504135799677445,0.9593917599046394,0.9838390841035094,1.0320936915625407,1.0557923294282794,0.7414402975786296,0.9876986146189544,0.003412364967868995,0.004691936248380494
BedSet_19_17.obj,BedSet_19,M,M,,0.9979975196675305,0.0019094652281377272,499.3806849362088,99.49999985964513,0.010037080226586365,19.89999999450675,0.9999999999999463,1.26953125,0.9999999999999999,1.0,0.7071067799365475,0.9043075294416317,0.0,1.0,0.0010157929599509813,0.001909465228137727
BedSet_19_18.obj,BedSet_19,OB,OB,,0.9753846153798124,0.015000000001136,40.624999991871654,9.999999989523868,0.09826615860182404,6.249999995659632,0.9999999999991406,1.0816000000000001,1.0,1.0,0.7999999984,0.7241379308957793,0.0,1.0,0.006941503447257538,0.015000000001136
BedSet_19_19.obj,BedSet_19,OB,OB,,0.9753846153798122,0.014999999999874607,40.62499999187163,9.999999988867938,0.09826615860820735,6.249999995659632,0.9999999999991401,1.0816000000000001,1.0,1.0,0.7999999984,0.7241379308957793,0.0,1.0,0.006941503446673807,0.014999999999874607
BedSet_19_20.obj,BedSet_19,OB,OB,,0.9753846153798122,0.01499999999899761,40.62499999187162,9.999999988411897,0.09826615861264543,6.249999995659632,0.9999999999991417,1.0816000000000001,1.0,1.0,0.7999999984,0.7241379308957793,0.0,1.0,0.006941503446267962,0.01499999999899761
BedSet_19_21.obj,BedSet_19,M,M,,0.9955069268197462,0.003993842825498375,222.5648147448643,42.999999885674406,0.023193180347826074,14.333333320464694,0.9999999999983348,1.0,0.9999999999999999,1.0,0.7844645390142747,0.8695652172897194,0.0,1.0,0.001759472013403208,0.003993842825498374
BedSet_19_22.obj,BedSet_19,M,M,,0.995506926819578,0.003993842825666518,222.5648147365353,42.999999885674406,0.023193180347823972,14.33333332019649,0.9999999999983322,1.0,1.0,1.0,0.7844645390142747,0.8695652172874379,0.0,1.0,0.0017594720134768273,0.003993842825666518
BedSet_19_23.obj,BedSet_19,M,M,,0.9955069268196598,0.0039938428255847135,222.56481474058754,42.999999885674406,0.023193180347824995,14.333333320326966,0.9999999999983455,1.0,1.0,1.0,0.7844645390142747,0.8695652172885479,0.0,1.0,0.0017594720134410104,0.0039938428255847135
BedSet_19_24.obj,BedSet_19,M,M,,0.9955069268197431,0.003993842825501402,222.56481474471437,42.999999885674406,0.023193180347826036,14.333333320459861,0.9999999999983338,1.0,1.0,1.0,0.7844645390142747,0.8695652172896783,0.0,1.0,0.0017594720134045333,0.003993842825501402
BedSet_19_25.obj,BedSet_19,M,M,,0.9955069268196598,0.0039938428255847135,222.5648147405875,42.999999885674406,0.023193180347824995,14.333333320326966,0.9999999999983455,1.0,0.9999999999999999,1.0,0.7844645390142747,0.8695652172885479,0.0,1.0,0.0017594720134410104,0.003993842825584713
BedSet_19_26.obj,BedSet_19,M,M,,0.9955069268197432,0.003993842825501398,222.56481474471457,42.999999885674406,0.023193180347826036,14.333333320459861,0.9999999999983338,1.0,0.9999999999999999,1.0,0.7844645390142747,0.8695652172896783,0.0,1.0,0.0017594720134045318,0.003993842825501397
BedSet_19_27.obj,BedSet_19,M,M,,0.9992698746142415,0.000395668167274393,1369.6277646352419,52.999999947268805,0.01885860233947268,39.74999997150211,0.9999999999998889,1.580408163265306,0.9360284361018302,0.9978122535203123,0.6761234026399561,0.9509202453652872,8.881784197001252e-16,0.998286167238371,0.0002602528210685029,0.00036995153259411793
BedSet_19_28.obj,BedSet_19,M,M,,0.9994313185109569,0.0004434467816010339,1758.45357949417,100.99999985919351,0.009898564515178256,50.49999996498098,0.999999999999869,1.2948870392390013,1.0,1.0,0.5252257307492351,0.9611658419821595,0.0,1.0,0.00023626059608607917,0.0004434467816010339
BedSet_19_29.obj,BedSet_19,M,M,,0.9979975196675305,0.0019094652281377274,499.3806849362087,99.49999985964513,0.010037080226586365,19.89999999450675,0.9999999999999463,1.26953125,0.9999999999999999,1.0,0.7071067799365475,0.9043075294416317,0.0,1.0,0.0010157929599509813,0.0019094652281377272
BedSet_19_30.obj,BedSet_19,M,M,,0.9961362588326553,0.0036788412757627407,258.8165088416221,79.49999988774637,0.01255282319248711,15.899999995585496,0.9999999999999307,1.580408163265306,1.0,1.0,0.6761234026399561,0.8811915955664495,0.0,1.0,0.0023462540158001913,0.0036788412757627407
BedSet_19_31.obj,BedSet_19,M,M,,0.9931778247961304,0.006592455133006048,146.5808147865328,79.49999988774762,0.012552823192486913,15.899999995585496,0.9999999999999383,2.2532278217409414,0.977439047930843,0.9981576722727317,0.8571428559183674,1.2906756451369337,0.7278701496078164,0.9985561770353684,0.005659110613775473,0.006437787343894048
BedSet_19_32.obj,BedSet_19,M,M,,0.9966176088418339,0.0008352070123559064,295.64883339554217,20.249999985543486,0.04926272749518172,20.249999985542846,0.9845679012323941,1.871986135280474,0.9116613524099169,0.989594370906506,0.8682431410475361,1.3323158546441962,0.7600733835237984,0.9919426262065839,0.0006985648736949439,0.0007574643963946701
BedSet_19_33.obj,BedSet_19,M,M,,0.9818742816395084,0.006053474246002531,55.170227193642674,8.499999993932434,0.11605177062988957,8.499999993932098,0.9632352941124842,1.314121483657496,0.9793094217412444,0.9874503971583178,0.9899494922611665,1.0559706362526409,0.7379457576040844,0.9904349252225715,0.0037356018424922525,0.0058910259327198625
BedSet_19_34.obj,BedSet_19,M,M,,0.9966176088418339,0.000835207012355906,295.6488333955423,20.249999985543486,0.04926272749518172,20.249999985542846,0.9845679012323968,1.871986135280474,0.911661352409917,0.989594370906506,0.8682431410475361,1.3323158546441962,0.7600733835237999,0.9919426262065839,0.0006985648736949437,0.0007574643963946699
BedSet_19_35.obj,BedSet_19,M,M,,0.9939079304700714,0.005877157756059902,164.14783105922746,80.99999988812183,0.012321289682353097,16.19999999564049,0.9999999999999323,1.6198347107438016,1.0,1.0,0.6963106226106701,0.883499803887602,0.0,1.0,0.003837171475647007,0.005877157756059902
BedSet_20_01.obj,BedSet_20,OB,OB,,0.2951838035648425,0.6934658830612066,1.4188096202354017,9.196693022098277,0.08299057364649641,1.1911379517879501,0.9999999999999998,1.1165685424949239,1.0,1.0,0.8944271889999158,0.08723227656513653,0.0,1.0,0.3112456814240732,0.6934658830612066
BedSet_20_02.obj,BedSet_20,OB,OB,,0.924325595535036,0.07512068357664083,13.214507693455042,41.49999997019103,0.023104410093205904,3.3877551018500585,0.9999999999999961,1.208888888888889,0.9999999999999998,1.0,0.7302967420068881,0.5439933759374929,0.0,1.0,0.03711927703701922,0.07512068357664081
BedSet_20_03.obj,BedSet_20,OB,OB,,0.93424898649483,0.0651753133974806,15.208891037416352,41.49999997019103,0.023104410093205904,3.3877551018500585,0.999999999999993,1.408366490110148,0.9949913082771742,0.9982026933133589,0.6928203222275507,0.9714400342091175,0.534637684540751,0.9985984749331716,0.039852688405707125,0.0647905936905882
BedSet_20_04.obj,BedSet_20,CA,CA,,0.8114609485590593,0.16129729125657385,5.3038018409369885,1.0603297838834955,0.5657470494689781,1.0603197872815266,0.360769627843301,1.0821269202059418,0.5802205735560552,0.38385638801456423,2.0003564449384803,5.021973693574945,0.12344410050560947,0.7516091332115609,0.13597778457662113,0.06475618055764368
BedSet_20_05.obj,BedSet_20,CA,CA,,0.8114609485590593,0.16129729125657385,5.3038018409369885,1.0603297838834955,0.5657470494689781,1.0603197872815266,0.3607696278432994,1.0821269202059418,0.5802205735560547,0.38385638801456434,2.0003564449384803,5.021973693574945,0.1234441005056095,0.7516091332115609,0.13597778457662116,0.06475618055764362
BedSet_20_06.obj,BedSet_20,CA,CA,,0.8114609485590593,0.16129729125657385,5.3038018409369885,1.0603297838834955,0.5657470494689781,1.0603197872815266,0.3607696278432994,1.0821269202059418,0.5802205735560547,0.38385638801456434,2.0003564449384803,5.021973693574945,0.1234441005056095,0.7516091332115609,0.13597778457662116,0.06475618055764362
BedSet_20_07.obj,BedSet_20,CA,OB,x,0.47827737316371466,0.5105248829439886,1.916727123709214,5.864406541820075,0.13626799292513014,1.3648484772972982,0.7722260532909088,1.0624454954183666,0.8970760969453598,0.9298404696589537,0.8616404357947229,0.8638575145805288,0.6838416508923376,0.9491834971600678,0.27707964564499193,0.4419138501299846
BedSet_20_08.obj,BedSet_20,OB,OB,,0.5227210632950556,0.44154447858052065,2.0952106255481344,5.288133802733467,0.15363279833106805,1.4444429716947995,0.9999997134022609,1.079881656804734,0.901850023362826,0.9348593994876301,1.176696808521412,0.7409069679698796,0.4045517516583887,0.952573519926636,0.24077243703789114,0.3852371800810866
Cabinet_01_01.obj,Cabinet_01,OB,OB,,0.7735041314287455,0.22587070353815603,4.415091570136384,39.99471995083845,0.022571147519914726,2.1012119287698416,0.9999999999999664,1.0,1.0,1.0,0.8164965792610595,0.35509083355227905,0.0,1.0,0.09413033646572638,0.22587070353815603
Cabinet_01_02.obj,Cabinet_01,OB,OB,,0.7735041314287455,0.22587070353830116,4.415091570136382,39.99471995547891,0.022571147517297205,2.1012119287698416,0.9999999999999664,1.0,1.0,1.0,0.8164965792610595,0.35509083355227894,0.0,1.0,0.09413033646578685,0.22587070353830116
Cabinet_01_03.obj,Cabinet_01,OB,OB,,0.7735041314287455,0.22587070353815605,4.415091570136382,39.99471995083913,0.022571147519914344,2.1012119287698416,0.999999999999979,1.0,1.0,1.0,0.8164965792610595,0.355090833552279,0.0,1.0,0.09413033646572638,0.22587070353815605
Cabinet_01_04.obj,Cabinet_01,OB,OB,,0.7735041314287455,0.225870703538156,4.415091570136383,39.99471995083898,0.022571147519914427,2.1012119287698416,0.9999999999999762,1.0,1.0,1.0,0.8164965792610595,0.35509083355227905,0.0,1.0,0.09413033646572637,0.225870703538156
Cabinet_01_05.obj,Cabinet_01,M,M,,0.9934265683723631,0.005948266594625517,152.1275426058042,39.99471995362293,0.024913789075681387,12.333999452923898,0.9999999999998795,1.0,1.0,1.0,0.8164965792610595,0.8500074934750528,0.0,1.0,0.002626101226672556,0.005948266594625517
Cabinet_01_06.obj,Cabinet_01,M,OB,x,0.9626237586123436,0.03728730445609761,26.75496419311456,106.03736541483349,0.009258791542329415,5.172520100504222,0.9999999999999921,1.0,1.0,1.0,0.8164965792610595,0.6759832341707102,0.0,1.0,0.016137533584917364,0.03728730445609761
Cabinet_01_07.obj,Cabinet_01,M,M,,0.9626237586123435,0.037287303507428766,26.75496419311448,106.03679988176346,0.009258840918620887,5.172520100504222,0.999999999999992,1.0,0.9999999999999994,0.9999999999999999,0.8164965792610595,0.6759832341707103,1.5700924586837752e-16,0.9999999999999998,0.01613753317434397,0.037287303507428746
Cabinet_01_08.obj,Cabinet_01,OB,OB,,0.7735041314287455,0.22587070353830116,4.415091570136381,39.99471995547943,0.022571147517296906,2.1012119287698416,0.9999999999999796,1.0,1.0,1.0,0.8164965792610595,0.355090833552279,0.0,1.0,0.09413033646578685,0.22587070353830116
Cabinet_01_09.obj,Cabinet_01,OB,OB,,0.7735041314287455,0.22587070353824165,4.415091570136383,39.99471995357703,0.022571147518369982,2.1012119287698416,0.9999999999999796,1.0,1.0,1.0,0.8164965792610595,0.355090833552279,0.0,1.0,0.09413033646576205,0.22587070353824165
Cabinet_01_10.obj,Cabinet_01,M,M,,0.9934265683723631,0.005948266594640034,152.12754260580414,39.99471995408719,0.02491378907539237,12.333999452923898,0.9999999999998795,1.0,1.0,1.0,0.8164965792610595,0.8500074934750528,0.0,1.0,0.002626101226678965,0.005948266594640034
Cabinet_01_11.obj,Cabinet_01,OB,OB,,0.7735041314287455,0.22587070353830108,4.415091570136382,39.99471995547891,0.022571147517297205,2.1012119287698416,0.9999999999999664,1.0,1.0,1.0,0.8164965792610595,0.355090833552279,0.0,1.0,0.09413033646578682,0.22587070353830108
Cabinet_01_12.obj,Cabinet_01,OB,OB,,0.848620022136302,0.15136946258933598,6.605893422050477,308.38247894049465,0.0030220314776744743,2.570193265431496,0.9999999999999886,1.0,1.0,1.0,0.8164965792610595,0.43980623700436355,0.0,1.0,0.06372353249773369,0.15136946258933598
Cabinet_01_13.obj,Cabinet_01,OB,OB,,0.9512364000738103,0.048660372651670745,20.507099588905533,124.47118383582962,0.007873986810212811,4.939321408265942,0.9999999999999913,1.02572123560503,0.9755510077266917,0.9937921550678384,0.72231511764505,1.0769632160545797,0.5810993348378599,0.9951599795626295,0.023979436760770204,0.04732333028029121
Cabinet_01_14.obj,Cabinet_01,M,M,,0.8824569753148307,0.11754302468494157,8.507523119114898,41897616159.8868,0.0,2.91676586615156,1.0,0.0,1.0,1.0,1.99999999,0.48937463501499445,0.0,1.0,0.016981291631854762,0.11754302468494157
Cabinet_01_15.obj,Cabinet_01,M,M,,0.8824576845731628,0.11754231542660953,8.50757445408848,41897742566.229996,0.0,2.9167746661201717,1.0,0.0,1.0,1.0,1.99999999,0.48937578225668354,0.0,1.0,0.016981195908675698,0.11754231542660953
Cabinet_01_16.obj,Cabinet_01,OB,OB,,0.9512366753106464,0.04866009741482523,20.50721533796992,124.47118383582962,0.007873987518823386,4.939332698143446,0.9999999999999913,1.0257212356050296,0.9755510146427512,0.9937921699349642,0.72231511764505,1.076963807331252,0.5810997455062628,0.995159991069541,0.023979303312805247,0.047323063294501734
Cabinet_01_17.obj,Cabinet_01,M,M,,0.8824577275865788,0.11754227241319341,8.507577567350056,41897616159.8868,0.0,2.9167751998023443,1.0,1.232595164407831e-32,0.9999999999999999,1.0,1.99999999,0.48937585183204296,0.0,1.0,0.01698119010348188,0.1175422724131934
Cabinet_01_18.obj,Cabinet_01,M,M,,0.8824584368403716,0.1175415631594006,8.507628902652183,41897742566.229996,0.0,2.9167839997991156,1.0,0.0,1.0,1.0,1.99999999,0.4893769990719355,0.0,1.0,0.016981094380861726,0.1175415631594006
Cabinet_02_01.obj,Cabinet_02,OB,OB,,0.5099999999828654,0.48000000000285037,2.0408163264334034,9.999999981333342,0.08164965808770495,1.4285714281927453,0.9999999999992015,1.0,0.9999999999999996,0.9999999999999998,0.8164965792610595,0.1764705881930761,1.5700924586837752e-16,0.9999999999999997,0.19575039560051485,0.4800000000028501
Cabinet_02_02.obj,Cabinet_02,OB,OB,,0.5100000000077762,0.47559999997978825,2.040816326537155,8.33333332099031,0.09783620167584865,1.4285714282290543,0.9999999999993296,1.0,0.9999999999999992,0.9999999999999994,0.8164965792610595,0.1764705882053898,1.5700924586837752e-16,0.9999999999999994,0.1939560169650753,0.47559999997978775
Cabinet_02_03.obj,Cabinet_02,M,M,,0.9982001836546832,0.0017171717171764142,555.6122448837899,109.9999998731064,0.009082364511463653,23.571428565441057,0.9999999999999682,1.0,1.0,1.0,0.8164965792610595,0.9186046511437984,0.0,1.0,0.0007640040873069896,0.0017171717171764142
Cabinet_02_04.obj,Cabinet_02,M,M,,0.9982001836546832,0.0017171717171764142,555.6122448837899,109.9999998731064,0.009082364511463653,23.571428565441057,0.9999999999999682,1.0,1.0,1.0,0.8164965792610595,0.9186046511437984,0.0,1.0,0.0007640040873069896,0.0017171717171764142
Cabinet_02_05.obj,Cabinet_02,OB,OB,,0.834530307383392,0.1648233262229246,6.043402777792233,39.333320917250816,0.023543362842071706,2.4583333331567205,0.9999999999999735,1.0,0.9999999999999999,1.0,0.8164965792610595,0.42168674697081565,0.0,1.0,0.06923801571362319,0.16482332622292456
Cabinet_02_06.obj,Cabinet_02,OB,OB,,0.834530307383392,0.16482332622277124,6.043402777792233,39.33332091258525,0.02354336284486278,2.4583333331567205,0.9999999999999867,1.0,1.0,1.0,0.8164965792610595,0.42168674697081565,0.0,1.0,0.06923801571355877,0.16482332622277124
Cabinet_02_07.obj,Cabinet_02,OB,OB,,0.5099999999828654,0.48000000000285037,2.0408163264334034,9.999999981333342,0.08164965808770495,1.4285714281927453,0.9999999999991952,1.0,0.9999999999999996,0.9999999999999998,0.8164965792610595,0.1764705881930761,1.5700924586837752e-16,0.9999999999999997,0.19575039560051485,0.4800000000028501
Cabinet_02_08.obj,Cabinet_02,OB,OB,,0.5100000000077761,0.47559999997980396,2.0408163265371546,8.333333320994806,0.09783620167579639,1.4285714282290543,0.9999999999993279,1.0,0.9999999999999998,1.0,0.8164965792610595,0.1764705882053898,1.5700924586837752e-16,0.9999999999999999,0.19395601696508155,0.47559999997980384
Cabinet_02_09.obj,Cabinet_02,M,M,,0.9982001836546832,0.0017171717171764142,555.6122448837899,109.9999998731064,0.009082364511463653,23.571428565441057,0.999999999999964,1.0,1.0,1.0,0.8164965792610595,0.9186046511437984,0.0,1.0,0.0007640040873069896,0.0017171717171764142
Cabinet_02_10.obj,Cabinet_02,M,M,,0.9982001836546832,0.0017171717171764142,555.6122448837899,109.9999998731064,0.009082364511463653,23.571428565441057,0.999999999999964,1.0,1.0,1.0,0.8164965792610595,0.9186046511437984,0.0,1.0,0.0007640040873069896,0.0017171717171764142
Cabinet_02_11.obj,Cabinet_02,OB,OB,,0.9028473300178149,0.09655984954944666,10.293077896706357,39.33333329268629,0.02354335543873606,2.458333333156753,0.9999999999999702,1.0120262841811627,0.9966086997692593,0.9984756489566046,0.8571428559183674,0.8755466941636812,0.5910586498921389,0.9988059998994196,0.04636499747062983,0.09615904014030219
Cabinet_02_12.obj,Cabinet_02,OB,OB,,0.9028473300178148,0.09655984954926959,10.293077896706345,39.33333328680749,0.023543355442252924,2.458333333156753,0.9999999999999736,1.0120262841811627,0.9966086997692601,0.9984756489566013,0.8571428559183674,0.8755466941636559,0.5910586498915318,0.9988059998994174,0.046364997470541805,0.09615904014012579
Cabinet_02_13.obj,Cabinet_02,OB,OB,,0.9028473300178148,0.09655984954930615,10.293077896706345,39.33333328802112,0.023543355441526897,2.458333333156753,0.9999999999999736,1.0120262841811627,0.9966086997692601,0.9984756489566021,0.8571428559183674,0.875546694163661,0.591058649892081,0.9988059998994178,0.04636499747056202,0.09615904014016223
Cabinet_02_14.obj,Cabinet_02,OB,OB,,0.917387810069134,0.0825887609921649,12.104751137047874,206.66666543539083,0.004651776415038626,3.4929577461256276,0.9999999999998307,1.1748025894114844,0.9917575758722441,0.9971978761434561,1.2247448688915892,0.9807044642841618,0.5538735673249477,0.9978066941939617,0.046588589566396624,0.08179327117427526
Cabinet_02_15.obj,Cabinet_02,OB,OB,,0.9173878100707903,0.08258876099050862,12.104751137290561,206.66666543539083,0.0046517764150421585,3.4929577461606374,0.999999999999829,1.1748025894114844,0.9917575758722711,0.9971978761434893,1.2247448688915892,0.980704464287106,0.5538735673259101,0.9978066941939876,0.04658858956547724,0.08179327117263852
Cabinet_02_16.obj,Cabinet_02,OB,OB,,0.9173878100707903,0.08258876099050863,12.10475113729056,206.66666543539083,0.0046517764150421585,3.4929577461606387,0.9999999999998296,1.1748025894114844,0.9917575758722711,0.9971978761434893,1.2247448688915892,0.980704464287106,0.5538735673259101,0.9978066941939876,0.04658858956547725,0.08179327117263853
Cabinet_02_17.obj,Cabinet_02,OB,OB,,0.917387810069134,0.08258876099216488,12.104751137047879,206.66666543539083,0.004651776415038626,3.4929577461256276,0.9999999999998307,1.1748025894114844,0.9917575758722437,0.9971978761434561,1.2247448688915892,0.9807044642841618,0.5538735673249477,0.9978066941939616,0.04658858956639662,0.0817932711742752
Cabinet_03_01.obj,Cabinet_03,M,OB,x,0.9519609682865797,0.04686620379068615,20.816406249931905,29.199999988232477,0.03343378559424462,4.562499999698525,0.9999999999999962,1.0,1.0,1.0,0.8164965792610595,0.6404494381869809,0.0,1.0,0.02019990872580804,0.04686620379068615
Cabinet_03_02.obj,Cabinet_03,M,M,,0.9484935365423178,0.050248981439626084,19.41503906245699,28.19999998865096,0.0345609275935339,4.406249999711176,0.999999999999996,1.0,0.9999999999999993,0.9999999999999999,0.8164965792610595,0.6300578034529122,1.5700924586837752e-16,0.9999999999999999,0.021631818934857414,0.05024898143962605
Cabinet_03_03.obj,Cabinet_03,M,M,,0.9484935365423178,0.050248981439626084,19.41503906245699,28.19999998865096,0.0345609275935339,4.406249999711176,0.999999999999996,1.0,0.9999999999999993,0.9999999999999999,0.8164965792610595,0.6300578034529122,1.5700924586837752e-16,0.9999999999999999,0.021631818934857414,0.05024898143962605
Cabinet_03_04.obj,Cabinet_03,M,M,,0.9446366782006376,0.0540116782006955,18.062499999980503,27.199999989068335,0.03576450074953044,4.249999999723832,0.999999999999991,1.0,1.0,1.0,0.8164965792610595,0.6190476190323174,0.0,1.0,0.02322189843920846,0.0540116782006955
Cabinet_03_05.obj,Cabinet_03,M,M,,0.9446366782006376,0.055241673875393166,18.062499999980503,90.66666654055881,0.010735600059081219,4.249999999723832,0.9999999999999859,1.0,1.0,1.0,0.8164965792610595,0.6190476190323175,0.0,1.0,0.023750725455698517,0.055241673875393166
Cabinet_03_06.obj,Cabinet_03,M,M,,0.9446366782006376,0.05524167387539314,18.062499999980506,90.66666654055881,0.010735600059081219,4.249999999723832,0.9999999999999859,1.0,1.0,1.0,0.8164965792610595,0.6190476190323175,0.0,1.0,0.023750725455698504,0.05524167387539314
Cabinet_03_07.obj,Cabinet_03,M,M,,0.9446366782006376,0.05524167387539319,18.0624999999805,90.66666654055881,0.010735600059081219,4.249999999723832,0.999999999999978,1.0,1.0,1.0,0.8164965792610595,0.6190476190323174,0.0,1.0,0.023750725455698524,0.05524167387539319
Cabinet_03_08.obj,Cabinet_03,M,M,,0.9446366782006376,0.05524167387539315,18.06249999998051,90.66666654055881,0.010735600059081219,4.249999999723832,0.9999999999999819,1.0,0.9999999999999999,1.0,0.8164965792610595,0.6190476190323175,0.0,1.0,0.02375072545569851,0.055241673875393145
Cabinet_03_09.obj,Cabinet_03,M,M,,0.9446366782006375,0.055241673875393256,18.06249999998047,90.66666654055872,0.01073560005908123,4.249999999723827,0.9999999999999885,1.0,0.9999999999999997,1.0,0.8164965792610595,0.6190476190323172,0.0,1.0,0.02375072545569856,0.055241673875393235
Cabinet_03_10.obj,Cabinet_03,M,M,,0.9446366782006375,0.055241673875393256,18.06249999998047,90.66666654055872,0.01073560005908123,4.249999999723827,0.999999999999985,1.0,0.9999999999999997,1.0,0.8164965792610595,0.6190476190323172,0.0,1.0,0.02375072545569856,0.055241673875393235
Cabinet_03_11.obj,Cabinet_03,M,M,,0.9446366782006375,0.055241673875393256,18.06249999998047,90.66666654055872,0.01073560005908123,4.249999999723827,0.9999999999999868,1.0,0.9999999999999997,1.0,0.8164965792610595,0.6190476190323172,0.0,1.0,0.02375072545569856,0.055241673875393235
Cabinet_03_12.obj,Cabinet_03,M,M,,0.9446366782006375,0.055241673875393256,18.06249999998047,90.66666654055872,0.01073560005908123,4.249999999723827,0.9999999999999885,1.0,0.9999999999999997,1.0,0.8164965792610595,0.6190476190323172,0.0,1.0,0.02375072545569856,0.055241673875393235
Cabinet_03_13.obj,Cabinet_03,M,OB,x,0.9519609682865797,0.04686620379068615,20.816406249931905,29.199999988232477,0.03343378559424462,4.562499999698525,0.9999999999999962,1.0,1.0,1.0,0.8164965792610595,0.6404494381869809,0.0,1.0,0.02019990872580804,0.04686620379068615
Cabinet_03_14.obj,Cabinet_03,M,M,,0.9484935365423178,0.050248981439626084,19.41503906245699,28.19999998865096,0.0345609275935339,4.406249999711176,0.999999999999996,1.0,0.9999999999999993,0.9999999999999999,0.8164965792610595,0.6300578034529122,1.5700924586837752e-16,0.9999999999999999,0.021631818934857414,0.05024898143962605
Cabinet_03_15.obj,Cabinet_03,M,M,,0.9484935365423178,0.050248981439626084,19.41503906245699,28.19999998865096,0.0345609275935339,4.406249999711176,0.999999999999996,1.0,0.9999999999999993,0.9999999999999999,0.8164965792610595,0.6300578034529122,1.5700924586837752e-16,0.9999999999999999,0.021631818934857414,0.05024898143962605
Cabinet_03_16.obj,Cabinet_03,M,M,,0.9446366782006376,0.0540116782006955,18.062499999980503,27.199999989068335,0.03576450074953044,4.249999999723832,0.999999999999991,1.0,1.0,1.0,0.8164965792610595,0.6190476190323174,0.0,1.0,0.02322189843920846,0.0540116782006955
Cabinet_03_17.obj,Cabinet_03,M,M,,0.9446366782006376,0.055241673875393166,18.062499999980503,90.66666654055881,0.010735600059081219,4.249999999723832,0.9999999999999859,1.0,1.0,1.0,0.8164965792610595,0.6190476190323175,0.0,1.0,0.023750725455698517,0.055241673875393166
Cabinet_03_18.obj,Cabinet_03,M,M,,0.9446366782006376,0.05524167387539314,18.062499999980506,90.66666654055881,0.010735600059081219,4.249999999723832,0.9999999999999859,1.0,1.0,1.0,0.8164965792610595,0.6190476190323175,0.0,1.0,0.023750725455698504,0.05524167387539314
Cabinet_03_19.obj,Cabinet_03,M,M,,0.9446366782006376,0.05524167387539319,18.0624999999805,90.66666654055881,0.010735600059081219,4.249999999723832,0.999999999999978,1.0,1.0,1.0,0.8164965792610595,0.6190476190323174,0.0,1.0,0.023750725455698524,0.05524167387539319
Cabinet_03_20.obj,Cabinet_03,M,M,,0.9446366782006376,0.05524167387539315,18.06249999998051,90.66666654055881,0.010735600059081219,4.249999999723832,0.9999999999999819,1.0,0.9999999999999999,1.0,0.8164965792610595,0.6190476190323175,0.0,1.0,0.02375072545569851,0.055241673875393145
Cabinet_03_21.obj,Cabinet_03,M,M,,0.9446366782006375,0.055241673875393256,18.06249999998047,90.66666654055872,0.01073560005908123,4.249999999723827,0.9999999999999885,1.0,0.9999999999999997,1.0,0.8164965792610595,0.6190476190323172,0.0,1.0,0.02375072545569856,0.055241673875393235
Cabinet_03_22.obj,Cabinet_03,M,M,,0.9446366782006375,0.055241673875393256,18.06249999998047,90.66666654055872,0.01073560005908123,4.249999999723827,0.999999999999985,1.0,0.9999999999999997,1.0,0.8164965792610595,0.6190476190323172,0.0,1.0,0.02375072545569856,0.055241673875393235
Cabinet_03_23.obj,Cabinet_03,M,M,,0.9446366782006375,0.055241673875393256,18.06249999998047,90.66666654055872,0.01073560005908123,4.249999999723827,0.9999999999999868,1.0,0.9999999999999997,1.0,0.8164965792610595,0.6190476190323172,0.0,1.0,0.02375072545569856,0.055241673875393235
Cabinet_03_24.obj,Cabinet_03,M,M,,0.9446366782006375,0.055241673875393256,18.06249999998047,90.66666654055872,0.01073560005908123,4.249999999723827,0.9999999999999885,1.0,0.9999999999999997,1.0,0.8164965792610595,0.6190476190323172,0.0,1.0,0.02375072545569856,0.055241673875393235
Cabinet_04_01.obj,Cabinet_04,OB,OB,,0.84861992120508,0.15136956352055744,6.605889017634124,308.3824789285673,0.00302203134542976,2.570192408606104,0.9999999999999888,1.0,0.9999999999999998,1.0,0.8164965792610595,0.43980610256108127,0.0,1.0000000000000002,0.06372357397023902,0.15136956352055742
Cabinet_04_02.obj,Cabinet_04,OB,OB,,0.8888602906899814,0.11051454469374955,8.997684141949845,39.994733284328255,0.023713230365992707,2.9996139985712604,0.9999999999999846,1.0,1.0,1.0,0.8164965792610595,0.49995174517558094,0.0,1.0,0.04685677247922098,0.11051454469374955
Cabinet_04_03.obj,Cabinet_04,M,M,,0.9934265727550092,0.005948262628822396,152.12764403252902,39.994733287548954,0.024913780829246772,12.334003564629272,0.9999999999998826,1.0,1.0,1.0,0.8164965792610595,0.8500075397270664,0.0,1.0,0.0026260994895654205,0.005948262628822396
Cabinet_04_04.obj,Cabinet_04,OB,OB,,0.8888602906899815,0.11051454469383575,8.99768414194985,39.994733287087286,0.02371323036435777,2.9996139985712604,0.9999999999999712,1.0,1.0,1.0,0.8164965792610595,0.49995174517558116,0.0,1.0000000000000002,0.04685677247925753,0.11051454469383575
Cabinet_04_05.obj,Cabinet_04,OB,OB,,0.8888602906899815,0.1105145446938933,8.997684141949849,39.99473328892716,0.023713230363267505,2.9996139985712604,0.9999999999999781,1.0,1.0,1.0,0.8164965792610595,0.499951745175581,0.0,1.0,0.046856772479281925,0.1105145446938933
Cabinet_04_06.obj,Cabinet_04,M,M,,0.9808685781265591,0.01904248399319341,52.270030247370336,106.03679987061628,0.009341343489399141,7.229801535263803,0.9999999999999913,1.0,0.9999999999999992,0.9999999999999999,0.8164965792610595,0.7569807739091684,1.5700924586837752e-16,0.9999999999999998,0.008318496493598275,0.019042483993193395
Cabinet_04_07.obj,Cabinet_04,M,M,,0.9808685781265591,0.019042483993193478,52.27003024737014,106.03679987061489,0.009341343489399263,7.229801535263803,0.9999999999999916,1.0,0.9999999999999992,0.9999999999999999,0.8164965792610595,0.7569807739091684,1.5700924586837752e-16,0.9999999999999998,0.008318496493598306,0.019042483993193464
Cabinet_04_08.obj,Cabinet_04,M,M,,0.9934265727550092,0.005948262628822396,152.12764403252902,39.994733287548954,0.024913780829246772,12.334003564629272,0.9999999999998826,1.0,1.0,1.0,0.8164965792610595,0.8500075397270664,0.0,1.0,0.0026260994895654205,0.005948262628822396
Cabinet_04_09.obj,Cabinet_04,OB,OB,,0.8888602906899815,0.11051454469374954,8.997684141949849,39.99473328432773,0.023713230365993012,2.9996139985712604,0.9999999999999715,1.0,1.0,1.0,0.8164965792610595,0.49995174517558094,0.0,1.0,0.04685677247922097,0.11051454469374954
Cabinet_04_10.obj,Cabinet_04,OB,OB,,0.8888602906899815,0.11051454469374951,8.99768414194985,39.99473328432814,0.023713230365992773,2.9996139985712604,0.9999999999999711,1.0,1.0,1.0,0.8164965792610595,0.499951745175581,0.0,1.0,0.04685677247922096,0.11051454469374951
Cabinet_04_11.obj,Cabinet_04,OB,OB,,0.8888602906899815,0.11051454469389325,8.997684141949852,39.99473328892716,0.023713230363267505,2.9996139985712604,0.9999999999999715,1.0,1.0,1.0,0.8164965792610595,0.4999517451755811,0.0,1.0,0.04685677247928191,0.11051454469389325
Cabinet_04_12.obj,Cabinet_04,OB,OB,,0.8888602906899815,0.11051454469374956,8.997684141949847,39.994733284328255,0.023713230365992707,2.9996139985712604,0.9999999999999715,1.0,1.0,1.0,0.8164965792610595,0.49995174517558094,0.0,1.0,0.04685677247922099,0.11051454469374956
Cabinet_05_01.obj,Cabinet_05,OB,OB,,0.9236645513603512,0.07562609952101719,13.100073659362824,37.54654528238467,0.02566333735726658,3.6194023896116687,0.9999999999999952,1.0,1.0,1.0,0.8164965792610595,0.5670435629349596,0.0,1.0,0.0323182065722256,0.07562609952101719
Cabinet_05_02.obj,Cabinet_05,OB,OB,,0.7902831973710167,0.20891108101512695,4.768335142745111,35.229582205681126,0.025799189918756463,2.1836517905689083,0.9999999999999977,1.0,1.0,1.0,0.8164965792610595,0.37179059408900844,0.0,1.0,0.08723694808252885,0.20891108101512695
Cabinet_05_03.obj,Cabinet_05,OB,OB,,0.7902831973710167,0.20933443301363835,4.768335142745111,51.139716091169454,0.01777588390027592,2.1836517905689083,0.999999999999997,1.0,1.0,1.0,0.8164965792610595,0.37179059408900844,0.0,1.0,0.08741373112407609,0.20933443301363835
Cabinet_05_04.obj,Cabinet_05,OB,OB,,0.9359646951361936,0.06397800910452443,15.616385400628184,132.11093309025654,0.007337895584236891,3.9517572545534922,0.9999999999999823,1.0,1.0,1.0,0.8164965792610595,0.5961029797778414,0.0,1.0,0.027433446814863222,0.06397800910452443
Cabinet_05_05.obj,Cabinet_05,OB,OB,,0.9359646951361936,0.06397800910452443,15.616385400628184,132.11093309025654,0.007337895584236891,3.9517572545534922,0.9999999999999823,1.0,1.0,1.0,0.8164965792610595,0.5961029797778414,0.0,1.0,0.027433446814863222,0.06397800910452443
Cabinet_05_06.obj,Cabinet_05,OB,OB,,0.18863475390221562,0.8112242473725669,1.2324905519547025,84.21557272846238,0.008822418908121013,1.1101759103477418,0.9999999999999974,1.0,1.0,1.0,0.8164965792610595,0.05221171837960402,0.0,1.0,0.3257879665573243,0.8112242473725669
Cabinet_05_07.obj,Cabinet_05,OB,OB,,0.9236645513603512,0.0759491030224835,13.100073659362819,50.875888260219426,0.018942454072417958,3.6194023896116687,0.9999999999999933,1.0,1.0,1.0,0.8164965792610595,0.5670435629349596,0.0,1.0,0.032456239525796605,0.0759491030224835
Cabinet_06_01.obj,Cabinet_06,M,M,,0.9850925320028824,0.012709518296795251,67.08047269944481,19.99999997565695,0.04955294307986914,7.999999995931909,0.9976633333320345,1.0000000004064247,0.9998999999999639,0.9936981996857988,0.8164965800943927,1.4802542671630794,6.278361799532975e-10,0.9973965047211697,0.006029293908217,0.012668204926409389
Cabinet_06_02.obj,Cabinet_06,M,M,,0.9850925320024105,0.012709518297267052,67.0804726973218,19.99999997565695,0.04955294307990632,7.99999999632298,0.9976633333370255,1.000000000406425,0.9999000000002035,0.9936981996954424,0.8164965800943927,1.4802542671694516,1.2398619363114663e-09,0.997396504724338,0.0060292939088069115,0.012668204926943968
Cabinet_06_03.obj,Cabinet_06,CA,CA,,0.43528423845546554,2.541614826304623e-05,1.7708023530398984,1.035714284838527,0.5638472868248205,0.9999999991821986,0.441401811292271,1.0267668815122803,0.730090330184646,0.6016527081239917,0.8414653480892202,3.519576708259764,0.06352684675084432,0.8061342551565694,1.6976314082118083e-05,1.4860201157363558e-05
Cabinet_06_05.obj,Cabinet_06,OB,OB,,0.4374818922632695,0.5607255122053543,1.7777205502278501,22.569446050180744,0.035419246949224666,1.3328459338314025,0.9802756624253669,1.000103177485133,0.9999979879293835,0.9985952172552308,0.8164965800943927,1.017418384529926,1.891352331268055e-07,0.9994184581824693,0.25243949855925796,0.5603305360164299
Cabinet_06_06.obj,Cabinet_06,M,M,,0.9780626673790874,0.02186923711609972,45.58439338457567,117.9999998564695,0.008382594949102566,6.7428609954553655,0.9999471392795758,1.0000000000935496,0.9999996125905779,0.9995824477454917,0.8164965800943927,1.448772446483145,2.7947006865767164e-10,0.9998270741016534,0.010311759536739806,0.021864662870888927
Cabinet_06_07.obj,Cabinet_06,M,M,,0.9780626673790874,0.021869237116099706,45.584393384575705,117.9999998564695,0.008382594949102566,6.7428609954553655,0.9999471392795751,1.0000000000935494,0.9999996125905779,0.9995824477454917,0.8164965800943927,1.448772446483145,2.7947006865767164e-10,0.9998270741016534,0.010311759536739799,0.021864662870888913
Cabinet_06_08.obj,Cabinet_06,OB,OB,,0.9720843634430151,0.02757540279941042,35.8222173425114,51.111110971619446,0.01929109582415994,5.9508408777206565,0.999454804148622,1.0000000000925644,0.9999910006187142,0.9978925023564509,0.8164965800943927,1.4170402126115622,4.3667122698968906e-10,0.9991278072772547,0.012968724140702876,0.027546097351136636
Cabinet_06_09.obj,Cabinet_06,M,M,,0.9995471641318451,0.0003863625062488904,2208.305636376536,114.49999986065151,0.008731210597376703,45.79999997761151,0.9979411935959571,1.3329581281264322,0.9999825327510874,0.9987906649799073,0.7844645397835054,1.6821764062638964,9.305081179451478e-10,0.9994993278310232,0.00023103639401131162,0.0003861221407849081
Cabinet_06_10.obj,Cabinet_06,M,M,,0.9995471641318451,0.00038636250624870784,2208.305636376532,114.49999986065151,0.008731210597376703,45.79999997761151,0.997941193595957,1.393917434050557,0.9999825327510872,0.9987906649799074,0.7844645397835054,1.6821764062638966,9.305056715193775e-10,0.9994993278310232,0.0002392797305868117,0.0003861221407847256
Cabinet_06_11.obj,Cabinet_06,OB,OB,,0.39453298807831944,0.6053598213199021,1.6516176444115873,80.95238063886117,0.009710242928705298,1.2718204488017562,0.9629160461984559,1.3119679698599116,0.8805150234710412,0.9158042905813407,0.6221710161930938,0.7221292867754204,0.5581713287878362,0.9399438324742179,0.3690556258054966,0.510589064411409
Cabinet_06_12.obj,Cabinet_06,OB,OB,,0.391517442234386,0.6083754364060249,1.6434324817313901,80.95238063889998,0.009710242928702423,1.2718204488023659,0.9629160461978387,1.260677526334262,0.9536649979673694,0.969930617863245,0.6221710161930938,0.7221300655325864,0.47293090523449177,0.9771967842791711,0.3387618154978821,0.5714634366490329
Cabinet_06_13.obj,Cabinet_06,OB,OB,,0.39353761970568596,0.6063553983706715,1.648906894296903,81.11111079705324,0.009698488114540016,1.2743142143888464,0.9619855116617324,1.8078914288130368,0.9517781990243289,0.9686570037321479,0.6289709013738103,0.7210970532294956,0.6567021966289911,0.9762657543947671,0.4600197912249732,0.5680715790787858
Cabinet_06_14.obj,Cabinet_06,OB,OB,,0.3930417753733563,0.6068491350486445,1.6475598474905595,81.1111107972589,0.0096984881145248,1.2743142143920771,0.9619863041892793,1.4737700177417588,0.9516365657829862,0.9685607262001565,0.6396021483850131,0.7210976684684738,0.5888938829772467,0.976195525464784,0.3877924390810015,0.5684217392385942
Cabinet_06_15.obj,Cabinet_06,M,M,,0.9851260674184565,0.012683574325576409,67.23171525191412,19.99999997565695,0.04955294307990632,7.999999996323003,0.9976633333319266,1.3336523055326919,0.9998999999999592,0.9936981996857648,0.7844645397835054,1.4802542671732069,6.278647362804721e-10,0.9973965047211557,0.0074737757836101995,0.012642345288275698
Cabinet_06_16.obj,Cabinet_06,M,M,,0.9851260674170749,0.01268357432695817,67.23171524566843,19.99999997565695,0.049552943079882894,7.999999996076527,0.9976633333330878,1.3336523058301477,0.9999000000000147,0.9936981996833831,0.7844645397835054,1.4802542671660228,1.2057173325231817e-10,0.9973965047218488,0.007473775785424124,0.012642345289638566
Cabinet_06_17.obj,Cabinet_06,M,M,,0.9851260674169613,0.012683574327071727,67.23171524515513,19.99999997565695,0.04955294307986914,7.999999995931909,0.9976633333320345,1.3336523055326661,0.999899999999964,0.9936981996857989,0.7844645397835054,1.4802542671630385,6.278361799532975e-10,0.9973965047211699,0.007473775784484623,0.01264234528976643
Cabinet_07_01.obj,Cabinet_07,OB,OB,,0.06297599999192546,0.9369067354931366,1.0672085239968443,92.34570365493838,0.007780413096376771,1.033057851164413,0.9999999999997201,1.0,1.0,1.0,0.8164965792610595,0.01626016259840475,0.0,1.0,0.37457793889253826,0.9369067354931366
Cabinet_07_02.obj,Cabinet_07,OB,OB,,0.04632568359564669,0.9535624842482314,1.0485760000003217,94.56200054275477,0.0075656253747369675,1.023999999933063,0.9999999999997362,1.0,1.0,1.0,0.8164965792610595,0.011857707509620983,0.0,1.0,0.38102705312842067,0.9535624842482314
Cabinet_07_03.obj,Cabinet_07,OB,OB,,0.04632568359564567,0.9535624842482324,1.0485760000003206,94.56200054275477,0.0075656253747369675,1.023999999933063,0.9999999999997357,1.0,1.0,1.0,0.8164965792610595,0.011857707509620613,0.0,1.0,0.38102705312842106,0.9535624842482324
Cabinet_07_04.obj,Cabinet_07,OB,OB,,0.04632568360677753,0.9535624842371019,1.0485760000125601,94.56200054330662,0.007565625374714369,1.023999999939039,0.9999999999997362,1.0,1.0,1.0,0.8164965792610595,0.011857707512538222,0.0,1.0,0.38102705312411256,0.9535624842371019
Cabinet_07_05.obj,Cabinet_07,OB,OB,,0.04632568359564611,0.953562484248232,1.048576000000321,94.56200054275473,0.007565625374736969,1.0239999999330627,0.9999999999997359,1.0,1.0,1.0,0.8164965792610595,0.011857707509620613,0.0,1.0,0.38102705312842083,0.953562484248232
Cabinet_07_06.obj,Cabinet_07,OB,OB,,0.06297599999192546,0.9369067354931366,1.0672085239968443,92.34570365493838,0.007780413096376771,1.033057851164413,0.9999999999997201,1.0,1.0,1.0,0.8164965792610595,0.01626016259840475,0.0,1.0,0.37457793889253826,0.9369067354931366
Cabinet_07_07.obj,Cabinet_07,OB,OB,,0.04632568359564669,0.9535624842482314,1.0485760000003217,94.56200054275477,0.0075656253747369675,1.023999999933063,0.9999999999997362,1.0,1.0,1.0,0.8164965792610595,0.011857707509620983,0.0,1.0,0.38102705312842067,0.9535624842482314
Cabinet_07_08.obj,Cabinet_07,OB,OB,,0.04632568359564567,0.9535624842482324,1.0485760000003206,94.56200054275477,0.0075656253747369675,1.023999999933063,0.9999999999997359,1.0,1.0,1.0,0.8164965792610595,0.011857707509620613,0.0,1.0,0.38102705312842106,0.9535624842482324
Cabinet_07_09.obj,Cabinet_07,OB,OB,,0.04632568360677753,0.9535624842371019,1.0485760000125601,94.56200054330662,0.007565625374714369,1.023999999939039,0.9999999999997362,1.0,1.0,1.0,0.8164965792610595,0.011857707512538222,0.0,1.0,0.38102705312411256,0.9535624842371019
Cabinet_07_10.obj,Cabinet_07,OB,OB,,0.04632568359564611,0.953562484248232,1.048576000000321,94.56200054275473,0.007565625374736969,1.0239999999330627,0.9999999999997359,1.0,1.0,1.0,0.8164965792610595,0.011857707509620523,0.0,1.0,0.38102705312842083,0.953562484248232
Cabinet_07_11.obj,Cabinet_07,OB,OB,,0.6713862631342717,0.32601728264838403,3.043086419750982,19.62499999036372,0.04416385931041107,1.7444444443641411,0.9999999999999937,1.0,1.0,1.0,0.8164965792610595,0.2712550607196663,0.0,1.0,0.1344992605807003,0.32601728264838403
Cabinet_07_12.obj,Cabinet_07,OB,OB,,0.6415270396403838,0.35587650614200256,2.7896106835966963,19.624999989345593,0.04367673815967867,1.6702127658931787,0.9999999999999939,1.0,1.0,1.0,0.8164965792610595,0.2509960159306121,0.0,1.0,0.14645727340420767,0.35587650614200256
Cabinet_07_13.obj,Cabinet_07,OB,OB,,0.9304756977713565,0.06902073100372566,14.383459710408335,44.56249997577732,0.021693663900881052,3.7925531913408226,0.9999999999999981,1.0,0.9999999999999996,1.0,0.8164965792610595,0.5826859045414099,1.5700924586837752e-16,1.0,0.029549437650913134,0.06902073100372563
Cabinet_07_14.obj,Cabinet_07,OB,OB,,0.9304756977713565,0.06902073100372566,14.383459710408335,44.56249997577732,0.021693663900881052,3.7925531913408226,0.9999999999999981,1.0,0.9999999999999997,1.0,0.8164965792610595,0.5826859045414099,1.5700924586837752e-16,1.0,0.029549437650913134,0.06902073100372563
Cabinet_07_15.obj,Cabinet_07,OB,OB,,0.5555555555579734,0.4412252904757439,2.2500000000114606,17.624999991297454,0.04715600957686101,1.4999999999381783,0.9999999999999875,1.0,1.0,1.0,0.8164965792610595,0.19999999999434548,0.0,1.0,0.1804566409925578,0.4412252904757439
Cabinet_07_16.obj,Cabinet_07,OB,OB,,0.5555555555579735,0.4412252904757439,2.250000000011461,17.62499999129766,0.047156009576860454,1.4999999999381783,0.9999999999999931,1.0,1.0,1.0,0.8164965792610595,0.19999999999434548,0.0,1.0,0.1804566409925578,0.4412252904757439
Cabinet_07_17.obj,Cabinet_07,OB,OB,,0.5555555555579735,0.4412252904757439,2.250000000011461,17.62499999129766,0.047156009576860454,1.4999999999381783,0.9999999999999931,1.0,1.0,1.0,0.8164965792610595,0.19999999999434548,0.0,1.0,0.1804566409925578,0.4412252904757439
Cabinet_07_18.obj,Cabinet_07,OB,OB,,0.5555555555579734,0.44122529047574394,2.2500000000114606,17.624999991297557,0.04715600957686073,1.4999999999381783,0.9999999999999932,1.0,1.0,1.0,0.8164965792610595,0.19999999999434548,0.0,1.0,0.1804566409925578,0.44122529047574394
Cabinet_07_19.obj,Cabinet_07,OB,OB,,0.5555555555579734,0.44122529047574394,2.2500000000114606,17.62499999129761,0.04715600957686059,1.4999999999381783,0.9999999999999932,1.0,1.0,1.0,0.8164965792610595,0.19999999999434548,0.0,1.0,0.1804566409925578,0.44122529047574394
Cabinet_07_20.obj,Cabinet_07,OB,OB,,0.9272471279872763,0.07064504774428924,13.745161838079113,21.781249994388983,0.04428341540399395,3.707446808367736,0.9999999999999986,1.0,1.0,1.0,0.8164965792610595,0.5751412429289404,0.0,1.0,0.03021819712831926,0.07064504774428924
Cabinet_07_21.obj,Cabinet_07,OB,OB,,0.8363060379704812,0.1636841533785453,6.108960816890818,319.29738303312297,0.0029032432066902814,2.4716312056076073,0.9999999999999867,1.0,1.0,1.0,0.8164965792610595,0.4239019407497801,0.0,1.0,0.06877760827561784,0.1636841533785453
Cabinet_08_01.obj,Cabinet_08,M,M,,0.9773727018097189,0.022569125251428672,44.19440587164198,131.11111092981176,0.007542050899511395,6.647887323450455,0.9999999999999852,1.0,0.9999999999999986,0.9999999999999999,0.8164965792610595,0.7384898710721838,2.220446049250313e-16,1.0,0.009838204171739374,0.02256912525142864
Cabinet_08_02.obj,Cabinet_08,M,M,,0.9773727018097189,0.022569125251428672,44.19440587164198,131.11111092981176,0.007542050899511395,6.647887323450455,0.9999999999999852,1.0,0.9999999999999986,0.9999999999999999,0.8164965792610595,0.7384898710721838,2.220446049250313e-16,1.0,0.009838204171739374,0.02256912525142864
Cabinet_08_03.obj,Cabinet_08,OB,OB,,0.8643865894187723,0.135264759559132,7.3739020035982845,53.5555554817295,0.017519171236752985,2.7154929575565068,0.999999999999988,1.0,1.0,1.0,0.8164965792610595,0.46171341924005055,0.0,1.0,0.057091936386108766,0.135264759559132
Cabinet_08_04.obj,Cabinet_08,OB,OB,,0.8704298737974984,0.12922147518040591,7.717828401562555,53.555555481729286,0.017565958735748843,2.7780979825104577,0.9999999999999707,1.0,1.0,1.0,0.8164965792610595,0.4706331044830203,0.0,1.0,0.054598845061755726,0.12922147518040591
Cabinet_08_05.obj,Cabinet_08,OB,OB,,0.87560475887185,0.12170503262598227,8.038892733601655,19.279999990163027,0.04885562222426377,2.835294117441198,0.9999999999999895,1.0,1.0,1.0,0.8164965792610595,0.4785276073443208,0.0,1.0,0.05147102689138569,0.12170503262598227
Cabinet_08_06.obj,Cabinet_08,OB,OB,,0.8202896263744051,0.17969799709114265,5.564509047670944,284.24999907807796,0.0032389895687236834,2.358921161754632,0.9999999999999902,1.0,0.9999999999999998,1.0,0.8164965792610595,0.4045707226604695,0.0,1.0,0.07533269440458897,0.17969799709114262
Cabinet_09_01.obj,Cabinet_09,OB,OB,,0.9228392255891331,0.07705874400574285,12.95995287288237,98.9999998788481,0.009732041963730868,3.5999934544047787,0.9999999999999926,1.0,1.0,1.0,0.8164965792610595,0.5652167726313096,0.0,1.0,0.03292339718447797,0.07705874400574285
Cabinet_09_02.obj,Cabinet_09,OB,OB,,0.9228392255891331,0.07705874400574285,12.95995287288237,98.9999998788481,0.009732041963730868,3.5999934544047787,0.9999999999999926,1.0,1.0,1.0,0.8164965792610595,0.5652167726313096,0.0,1.0,0.03292339718447797,0.07705874400574285
Cabinet_09_03.obj,Cabinet_09,OB,OB,,0.7933876784368566,0.20633911618082804,4.83998240005366,60.49999992593936,0.015045671857644138,2.1999959999130616,1.000000000000003,1.0,1.0,1.0,0.8164965792610595,0.3749992187405963,0.0,1.0,0.08619605198322537,0.20633911618082804
Cabinet_09_04.obj,Cabinet_09,OB,OB,,0.6508264462817369,0.3491480059922648,2.8639053254497298,197.84445128985865,0.004351491130814346,1.6923076922747546,0.999999999999994,1.0,1.0,1.0,0.8164965792610595,0.257142857139449,0.0,1.0,0.14379553704147255,0.3491480059922648
Cabinet_09_05.obj,Cabinet_09,OB,OB,,0.08656092434112886,0.9121860409646955,1.094763763284338,28.24999996539803,0.025581857413773893,1.0463095924187786,0.9999999999999771,1.0,1.0,1.0,0.8164965792610595,0.022630785016080218,0.0,1.0,0.3649850955728722,0.9121860409646955
Cabinet_09_06.obj,Cabinet_09,OB,OB,,0.08656092434112886,0.9121860409646955,1.094763763284338,28.24999996539803,0.025581857413773893,1.0463095924187786,0.9999999999999771,1.0,1.0,1.0,0.8164965792610595,0.022630785016080218,0.0,1.0,0.3649850955728722,0.9121860409646955
Cabinet_09_07.obj,Cabinet_09,OB,OB,,0.08656092434112926,0.9121860409646951,1.0947637632843386,28.2499999653978,0.0255818574137741,1.0463095924187786,0.9999999999999769,1.0,1.0,1.0,0.8164965792610595,0.022630785016080218,0.0,1.0,0.36498509557287206,0.9121860409646951
Cabinet_09_08.obj,Cabinet_09,OB,OB,,0.08656092434112926,0.9121860409646951,1.0947637632843386,28.2499999653978,0.0255818574137741,1.0463095924187786,0.9999999999999769,1.0,1.0,1.0,0.8164965792610595,0.022630785016080218,0.0,1.0,0.36498509557287206,0.9121860409646951
Cabinet_09_09.obj,Cabinet_09,OB,OB,,0.08656092434112926,0.9121860409647313,1.0947637632843386,28.249999965806225,0.02558185741340449,1.0463095924187786,0.9999999999999838,1.0,1.0,1.0,0.8164965792610595,0.022630785016080218,0.0,1.0,0.36498509557288655,0.9121860409647313
Cabinet_09_10.obj,Cabinet_09,OB,OB,,0.052389067269662755,0.9463578980361617,1.05528541879312,28.249999965397993,0.02535658628712552,1.0272708594628317,0.9999999999999774,1.0,1.0,1.0,0.8164965792610595,0.013452005872199845,0.0,0.9999999999999999,0.37822366410292857,0.9463578980361617
Cabinet_09_11.obj,Cabinet_09,OB,OB,,0.08656092434112886,0.9121860409646954,1.094763763284338,28.249999965397993,0.025581857413773924,1.0463095924187786,0.9999999999999769,1.0,1.0,1.0,0.8164965792610595,0.022630785016079964,0.0,1.0,0.3649850955728722,0.9121860409646954
Cabinet_09_12.obj,Cabinet_09,OB,OB,,0.9228392255891333,0.07675265279056548,12.95995287288238,49.499999970243316,0.019461319274022577,3.5999934544047787,0.9999999999999969,1.0,0.9999999999999999,1.0,0.8164965792610595,0.5652167726313096,0.0,0.9999999999999998,0.032792619518919174,0.07675265279056546
Cabinet_09_13.obj,Cabinet_09,OB,OB,,0.4987861226378756,0.5010696560092277,1.995156249987026,83.26935812318219,0.009801050705219477,1.412499999911381,0.9999999999999091,1.0,1.0,1.0,0.8164965792610595,0.170984455948788,0.0,1.0,0.2042054353356719,0.5010696560092277
Cabinet_09_14.obj,Cabinet_09,OB,OB,,0.055944647785797164,0.9439191992740972,1.0592599233232431,85.70111801537377,0.00836843004960491,1.029203538292452,0.999999999999937,1.0,1.0,1.0,0.8164965792610595,0.014391625967221221,0.0,1.0,0.3772933541872639,0.9439191992740972
Cabinet_09_15.obj,Cabinet_09,OB,OB,,0.055944647785797164,0.9439191992740972,1.0592599233232431,85.70111801537377,0.00836843004960491,1.029203538292452,0.999999999999937,1.0,0.9999999999999999,1.0,0.8164965792610595,0.014391625967221397,0.0,1.0,0.3772933541872639,0.9439191992740971
Cabinet_09_16.obj,Cabinet_09,OB,OB,,0.6442352494257165,0.35562052922138676,2.810846207739948,83.26935812318219,0.01031334424869079,1.6765578449143683,0.9999999999998915,1.0,1.0,1.0,0.8164965792610595,0.2527716134561694,0.0,1.0,0.1463835007124129,0.35562052922138676
Cabinet_09_17.obj,Cabinet_09,OB,OB,,0.6442352494257165,0.35562052922138676,2.810846207739948,83.26935812318219,0.01031334424869079,1.6765578449143683,0.9999999999998919,1.0,1.0,1.0,0.8164965792610595,0.2527716134561694,0.0,1.0,0.1463835007124129,0.35562052922138676
Cabinet_09_18.obj,Cabinet_09,OB,OB,,0.4987861226378756,0.5010696560092277,1.995156249987026,83.26935812318219,0.009801050705219477,1.412499999911381,0.999999999999909,1.0,1.0,1.0,0.8164965792610595,0.170984455948788,0.0,1.0,0.2042054353356719,0.5010696560092277
Cabinet_09_19.obj,Cabinet_09,OB,OB,,0.7718988854424731,0.22806821750618825,4.384020665307336,174.34982398239083,0.005175539241532187,2.0938053073141143,0.9999999999999691,1.0,1.0,1.0,0.8164965792610595,0.35354691025831164,0.0,1.0,0.09502853197445575,0.22806821750618825
Cabinet_10_01.obj,Cabinet_10,OB,OB,,0.922839506172761,0.07705846342212176,12.959999999986202,98.99999988854131,0.009732043231360175,3.599999999857266,0.9999999999999966,1.0,1.0,1.0,0.8164965792610595,0.5652173912945834,0.0,1.0,0.0329232796886102,0.07705846342212176
Cabinet_10_02.obj,Cabinet_10,OB,OB,,0.922839506172761,0.07705846342212176,12.959999999986202,98.99999988854131,0.009732043231360175,3.599999999857266,0.9999999999999966,1.0,1.0,1.0,0.8164965792610595,0.5652173912945834,0.0,1.0,0.0329232796886102,0.07705846342212176
Cabinet_10_03.obj,Cabinet_10,OB,OB,,0.17355371901291247,0.825353459457906,1.2100000000061832,30.24999996603656,0.02445351430500529,1.0999999999597825,0.9999999999999968,1.0,1.0,1.0,0.8164965792610595,0.04761904761868938,0.0,1.0,0.3312727346743956,0.825353459457906
Cabinet_10_04.obj,Cabinet_10,OB,OB,,0.05239251311794053,0.9463544521879694,1.0552892561979854,28.249999968204314,0.02535660870464886,1.0272727272323685,0.9999999999999833,1.0,1.0,1.0,0.8164965792610595,0.013452914797753054,0.0,1.0,0.3782223299352743,0.9463544521879694
Cabinet_10_05.obj,Cabinet_10,OB,OB,,0.052392513117941276,0.9463544521879688,1.0552892561979863,28.249999968204374,0.025356608704648807,1.0272727272323685,0.9999999999999836,1.0,1.0,1.0,0.8164965792610595,0.013452914797753224,0.0,1.0,0.37822232993527405,0.9463544521879688
Cabinet_10_06.obj,Cabinet_10,OB,OB,,0.9169031132859552,0.08304583097336456,12.034145195369101,139.95154880074475,0.006865598475557145,3.469026548536697,0.9999999999999934,1.0,1.0,1.0,0.8164965792610595,0.55247524751499,0.0,1.0,0.03542847735648113,0.08304583097336456
Cabinet_10_07.obj,Cabinet_10,OB,OB,,0.9169031132859552,0.08304583097336456,12.034145195369101,139.95154880074475,0.006865598475557145,3.469026548536697,0.9999999999999934,1.0,1.0,1.0,0.8164965792610595,0.55247524751499,0.0,1.0,0.03542847735648113,0.08304583097336456
Cabinet_11_01.obj,Cabinet_11,OB,OB,,0.4177091218255602,0.5549484015105499,1.7173547405266647,5.875019998061895,0.13391085960787782,1.305559999889876,0.999999638847561,1.061410416724907,0.9999999945199487,0.9999999945379765,0.9805806737678433,0.517189212680197,0.6282631895095886,0.9999999957101375,0.2705934560272458,0.5549483969538337
Cabinet_11_02.obj,Cabinet_11,OB,OB,,0.3792248624722163,0.5906882683550071,1.6108892569065276,5.875019997612678,0.1339108596179334,1.305559999889876,0.9999996388475622,1.0969676129366632,0.8651167036582563,0.9030459126261722,1.1547005361570293,0.718866936183614,0.6087374080473734,0.9318159840022066,0.3399056075887264,0.486241825663834
Cabinet_11_03.obj,Cabinet_11,OB,OB,,0.4177091231649227,0.5549483928879494,1.7173547444768562,5.875019997747402,0.1339108596149176,1.305559999889876,0.9999996388475564,1.023668643267003,0.9999999999999966,0.9999999999999981,0.7844645390142747,0.13549548170682252,0.0,0.9999999999999983,0.228709034053837,0.5549483928879471
Cabinet_11_04.obj,Cabinet_11,OB,OB,,0.41770912048629816,0.5549484101301312,1.7173547365767694,5.875019998061883,0.13391085960787813,1.305559999889876,0.9999996388475588,1.0329093372531282,1.0,1.0,0.7844645390142747,0.13549547798168332,0.0,1.0,0.230503879009071,0.5549484101301312
Cabinet_11_05.obj,Cabinet_11,OB,OB,,0.41379945605108753,0.5580797277968901,1.705900839432619,5.875019997612678,0.1339108596179334,1.305559999889876,0.9999996388475616,1.048888337418698,0.9999999940475214,0.9999999939372181,1.0206207240763243,0.518401336090775,0.6282534699440111,0.9999999952383037,0.2710486671101019,0.5580797227831746
Cabinet_11_06.obj,Cabinet_11,OB,OB,,0.4137994549957625,0.5580797374560149,1.7059008363615198,5.875019997612626,0.1339108596179345,1.305559999889876,0.9999996388475582,1.027777841079193,0.9999999999999998,1.0,0.8164965792610595,0.1347565164683678,0.0,1.0,0.2318541515612275,0.5580797374560148
Cabinet_11_07.obj,Cabinet_11,OB,OB,,0.4173036234688507,0.5550203022234018,1.71615963351516,5.875019997612704,0.13391085961793278,1.305559999889876,0.9999996388475647,1.108777214506692,0.8727060030366378,0.9091861272798671,1.1999999976,0.7182885712106519,0.6020116715550032,0.9357031124966174,0.321159826211772,0.462375812246057
Cabinet_11_08.obj,Cabinet_11,OB,OB,,0.9448389082502163,0.05491968179486242,18.128720231572007,37.37481776274483,0.026422200065879503,6.361680470462577,0.9999999999999584,1.3318360301614687,0.9916291042096821,0.9983153721135885,0.5533715707100846,1.4354164170164034,0.6310349824699871,0.9986845394203069,0.033234631308506984,0.05441408248239382
Cabinet_12_01.obj,Cabinet_12,OB,OB,,0.15972782405013003,0.8224945166880977,1.1900905785301075,7.500024996910856,0.09781570961001494,1.0909127272140127,0.9999999999999887,1.0,1.0,0.9999999999999999,0.8164965792610595,0.0434799243816547,1.1102230246251565e-16,1.0,0.32995501837053903,0.8224945166880977
Cabinet_12_02.obj,Cabinet_12,OB,OB,,0.9550497071998401,0.04415118181107899,22.246796132024162,35.37499998611316,0.02764329055840388,4.716650944234687,0.999999999999998,1.0,1.0,1.0,0.8164965792610595,0.6501448103983056,0.0,1.0,0.019051104055393647,0.04415118181107899
Cabinet_12_03.obj,Cabinet_12,OB,OB,,0.9550497071998401,0.04415118181107899,22.246796132024162,35.37499998611316,0.02764329055840388,4.716650944234687,0.9999999999999981,1.0,1.0,1.0,0.8164965792610595,0.6501448103983056,0.0,1.0,0.019051104055393647,0.04415118181107899
Cabinet_12_04.obj,Cabinet_12,OB,OB,,0.15972782405013083,0.8224945166880966,1.1900905785301088,7.500024996910786,0.09781570961001584,1.0909127272140127,0.9999999999999846,1.0,1.0,0.9999999999999999,0.8164965792610595,0.04347992438165499,1.1102230246251565e-16,1.0,0.3299550183705386,0.8224945166880966
Cabinet_12_05.obj,Cabinet_12,OB,OB,,0.5775028166554123,0.404719524084193,2.366879684457767,7.500024997201363,0.11110013879307706,1.538466666550698,0.9999999999999841,1.0,1.0,1.0,0.8164965792610595,0.21212280378098314,0.0,1.0,0.16577147185764418,0.404719524084193
Cabinet_12_06.obj,Cabinet_12,OB,OB,,0.5775028166554123,0.4047195240841927,2.366879684457767,7.500024997201363,0.11110013879307706,1.538466666550698,0.9999999999999841,1.0,1.0,1.0,0.8164965792610595,0.21212280378098303,0.0,1.0,0.16577147185764407,0.4047195240841927
Cabinet_12_07.obj,Cabinet_12,OB,OB,,0.5775028166554124,0.4047195240841926,2.3668796844577673,7.500024997201363,0.11110013879307706,1.538466666550698,0.9999999999999841,1.0,1.0,1.0,0.8164965792610595,0.21212280378098314,0.0,1.0,0.16577147185764404,0.4047195240841926
Cabinet_13_01.obj,Cabinet_13,M,M,,0.9790786452553581,0.020848230564295543,47.79805190464843,113.99999984584755,0.008679333379038407,6.839999999507602,0.9999999999999909,1.0991014037660822,0.9462268380209904,0.9896319840907635,1.3093073385588114,1.1541096835550138,0.7022159610447796,0.991955520880857,0.011923079849448341,0.01962488955526555
Cabinet_13_02.obj,Cabinet_13,OB,OB,,0.805455994895468,0.1938265306144574,5.140225212605534,37.33333329169144,0.024500320762488773,2.267206477552631,0.9999999999999708,1.0,1.0,1.0,0.8164965792610595,0.3878562577248323,0.0,1.0,0.08109364930866025,0.1938265306144574
Cabinet_13_03.obj,Cabinet_13,OB,OB,,0.805455994895468,0.19382653061428276,5.140225212605534,37.33333328714586,0.024500320765470054,2.267206477552631,0.9999999999999706,1.0,1.0,1.0,0.8164965792610595,0.3878562577248323,0.0,1.0,0.08109364930858719,0.19382653061428276
Cabinet_13_04.obj,Cabinet_13,OB,OB,,0.805455994895468,0.1938265306144574,5.140225212605534,37.33333329169176,0.02450032076248856,2.267206477552631,0.9999999999999706,1.0,1.0,1.0,0.8164965792610595,0.38785625772483234,0.0,1.0,0.08109364930866025,0.1938265306144574
Cabinet_13_05.obj,Cabinet_13,OB,OB,,0.8839440172303629,0.11605459418009816,8.616531230319094,838.5799922543144,0.0011280377453610619,2.91679999990631,0.9999999999999684,1.0395299308688435,0.887895742336686,0.9506329250024772,1.2792042954063898,0.9269501177695402,0.5245338422344807,0.9633804524636412,0.06412320308455532,0.10050088023209261
Cabinet_13_06.obj,Cabinet_13,OB,OB,,0.805455994895468,0.1938265306143177,5.140225212605533,37.33333328805463,0.024500320764874024,2.267206477552631,0.9999999999999706,1.0,1.0,1.0,0.8164965792610595,0.3878562577248322,0.0,1.0,0.0810936493086018,0.1938265306143177
Cabinet_13_07.obj,Cabinet_13,OB,OB,,0.805455994895468,0.1938265306141779,5.140225212605534,37.3333332844175,0.02450032076725949,2.267206477552631,0.9999999999999569,1.0,1.0,1.0,0.8164965792610595,0.3878562577248323,0.0,1.0,0.0810936493085433,0.1938265306141779
Cabinet_13_08.obj,Cabinet_13,M,M,,0.9790786452553581,0.020848230564295543,47.79805190464843,113.99999984584755,0.008679333379038407,6.839999999507602,0.9999999999999909,1.0991014037660822,0.9462268380209904,0.9896319840907635,1.3093073385588114,1.1541096835550138,0.7022159610447796,0.991955520880857,0.011923079849448341,0.01962488955526555
Cabinet_13_09.obj,Cabinet_13,OB,OB,,0.805455994895468,0.19382653061428276,5.1402252126055314,37.333333287146125,0.024500320765469884,2.267206477552631,0.9999999999999845,1.0,1.0,1.0,0.8164965792610595,0.3878562577248322,0.0,1.0,0.08109364930858719,0.19382653061428276
Cabinet_14_01.obj,Cabinet_14,M,M,,0.973946805910725,0.025972000281410324,38.383009644549226,110.97842187126604,0.008895274072900543,6.195402298440664,0.9999999999999916,1.0,0.9999999999999996,1.0,0.8164965792610595,0.722044728421233,1.5700924586837752e-16,1.0,0.0113002103561613,0.025972000281410314
Cabinet_14_02.obj,Cabinet_14,M,M,,0.973946805910725,0.025987856758799287,38.38300964454922,123.71413030209388,0.00797961480679465,6.195402298440664,0.9999999999999934,1.0,1.0,1.0,0.8164965792610595,0.7220447284212328,0.0,1.0,0.011307109383115767,0.025987856758799287
Cabinet_14_03.obj,Cabinet_14,OB,OB,,0.7572477015466339,0.2420187705467361,4.1194254652615685,36.92254930612018,0.024287784489007522,2.029636781476485,0.99999999999996,1.0,1.0,1.0,0.8164965792610595,0.3398548591090482,0.0,1.0,0.10067558234575556,0.2420187705467361
Cabinet_14_04.obj,Cabinet_14,OB,OB,,0.7572477015466339,0.2420187705467361,4.1194254652615685,36.92254930612018,0.024287784489007522,2.029636781476485,0.99999999999996,1.0,1.0,1.0,0.8164965792610595,0.3398548591090483,0.0,1.0,0.10067558234575556,0.2420187705467361
Cabinet_14_05.obj,Cabinet_14,OB,OB,,0.7572477015466339,0.24201877054673607,4.1194254652615685,36.92254930612018,0.024287784489007522,2.029636781476485,0.9999999999999739,1.0,1.0,1.0,0.8164965792610595,0.3398548591090482,0.0,1.0,0.10067558234575555,0.24201877054673607
Cabinet_14_06.obj,Cabinet_14,OB,OB,,0.7572477015466339,0.2420187705467361,4.1194254652615685,36.92254930612018,0.024287784489007522,2.029636781476485,0.9999999999999739,1.0,1.0,1.0,0.8164965792610595,0.3398548591090482,0.0,1.0,0.10067558234575556,0.2420187705467361
Cabinet_14_07.obj,Cabinet_14,OB,OB,,0.7572477015466339,0.24201877054673607,4.1194254652615685,36.92254930612018,0.024287784489007522,2.029636781476485,0.9999999999999739,1.0,1.0,1.0,0.8164965792610595,0.3398548591090482,0.0,1.0,0.10067558234575555,0.24201877054673607
Cabinet_14_08.obj,Cabinet_14,OB,OB,,0.7578192927165851,0.24161145562492803,4.129148069706938,41.91291313338418,0.021402291426902236,2.0320305286009663,0.9999999999999704,1.0,1.0,1.0,0.8164965792610595,0.34037603477591816,0.0,1.0,0.10051244255150968,0.24161145562492803
Cabinet_14_09.obj,Cabinet_14,OB,OB,,0.8868240618676424,0.1131364341954297,8.835800405122043,159.10352800246184,0.005957040850583646,2.9725074271646235,0.9999999999999937,1.0,1.0,1.0,0.8164965792610595,0.49653964488341756,0.0,1.0,0.04794911890196087,0.1131364341954297
Cabinet_15_01.obj,Cabinet_15,OB,OB,,0.9313173377590213,0.06859647218358395,14.559715179520701,85.85999989531533,0.011276915846734296,3.8762979681888075,0.9999999999999892,1.1209829867674859,0.9999999999999999,1.0,0.41702882767936694,0.5898538687405758,0.0,1.0,0.03065291450215508,0.06859647218358393
Cabinet_15_02.obj,Cabinet_15,OB,OB,,0.9313173377590495,0.06859647218355588,14.55971517952665,85.85999989531533,0.011276915846730254,3.876297968166531,0.9999999999999891,1.1209829867674859,0.9999999999999292,0.9999999999999782,0.41702882767936694,0.589853868738702,1.5700924586837752e-16,0.9999999999999827,0.03065291450213767,0.06859647218355028
Cabinet_15_03.obj,Cabinet_15,OB,OB,,0.9313173377590214,0.06859647218358397,14.559715179520694,85.85999989531533,0.011276915846734294,3.8762979681887972,0.9999999999999891,1.1209829867674859,1.0,1.0,0.41702882767936694,0.5898538687405749,0.0,1.0,0.030652914502155085,0.06859647218358397
Cabinet_15_04.obj,Cabinet_15,CA,CA,,0.03461267976545598,0.3459845186893669,1.0358536699429572,1.7742782129634889,0.3702384724856851,1.0001479501559307,0.3504412241841416,2.5633773402050943,0.7762679755928888,0.5000038273244065,0.8757724378830182,0.0007360409802759964,0.001221007288441959,0.7830619842112486,0.31735566985089925,0.20143304039718926
Cabinet_15_05.obj,Cabinet_15,CA,CA,,0.03461317301321846,0.34598405090279255,1.035854199194539,1.7742782129634889,0.3702621037232881,1.0002959447823419,0.3504855605440634,2.563375573173897,0.7763600384494744,0.5000212980361094,0.8757724378830182,0.0006094181258069878,0.0009186815933437696,0.7831083103886539,0.3173380071916941,0.20145900370982397
Cabinet_15_06.obj,Cabinet_15,CA,CA,,0.0346131729928998,0.3459840509231327,1.035854199172737,1.7742782129634889,0.37026210371605767,1.0002959447370543,0.3504855605329854,2.1953244287339126,0.7763600384425836,0.5000212980081513,0.8757724378830182,0.0006094181046089997,0.0009186815995514039,0.7831083103851849,0.31733800721266947,0.2014590037161246
Cabinet_15_09.obj,Cabinet_15,OB,OB,,0.8494664393207944,0.15037541663243334,6.643036911422869,75.31999990429536,0.012389089118431219,2.597241379189391,0.9999999999999906,1.442405035767804,0.7838060741855555,0.881545086761102,0.9486832965505138,0.891988344562499,0.5598126197568799,0.9186317710268188,0.1075706034306399,0.11088431101979478
Cabinet_15_10.obj,Cabinet_15,M,M,,0.999340645632971,4.02253469363885e-14,1516.6351358314148,38.94399998122074,0.025660982359279008,38.94399998003281,0.9999999999999669,1.0,1.0,1.0,0.8164965792610595,0.9499299018382166,0.0,1.0,1.7960065911459594e-14,4.02253469363885e-14
Cabinet_15_11.obj,Cabinet_15,M,M,,0.9993406456329643,4.6939360409990975e-14,1516.6351358159698,38.94399998122074,0.02566098235927892,38.943999979834516,0.9999999999999654,1.0,0.9999999999999999,1.0,0.8164965792610595,0.949929901837968,0.0,1.0,2.0957780877274405e-14,4.693936040999097e-14
Cabinet_15_12.obj,Cabinet_15,M,M,,0.999340645632971,4.02564128036155e-14,1516.6351358314143,38.943999981221644,0.02566098235927841,38.94399998003281,0.9999999999999667,1.0,0.9999999999999997,1.0,0.8164965792610595,0.9499299018382166,0.0,1.0,1.797393639525868e-14,4.025641280361549e-14
Cabinet_15_13.obj,Cabinet_15,M,M,,0.9993406456329643,4.69713000047337e-14,1516.6351358159682,38.943999981221644,0.025660982359278328,38.943999979834516,0.9999999999999675,1.0,1.0,1.0,0.8164965792610595,0.949929901837968,0.0,1.0,2.097204146843032e-14,4.69713000047337e-14
Cabinet_15_14.obj,Cabinet_15,M,M,,0.9876543209865447,5.020263820917936e-13,80.99999999261568,8.999999995658518,0.10976425998068721,8.99999999547553,0.9999999999998549,1.0,0.9999999999999998,1.0,0.8164965792610595,0.7999999999196895,0.0,1.0,2.203844584343889e-13,5.020263820917935e-13
Cabinet_15_15.obj,Cabinet_15,OB,OB,,0.935886067090513,0.06410601760905182,15.597233777744862,355.4399983269141,0.002727332071780465,3.9493333331083607,0.9999999999999707,1.0,0.9999999999999989,0.9999999999999999,0.8164965792610595,0.5959051724000419,2.220446049250313e-16,0.9999999999999999,0.027487702182198665,0.06410601760905175
Cabinet_15_16.obj,Cabinet_15,OB,OB,,0.8555044911194026,0.14330133112107557,6.920630320948025,28.937799984523895,0.032285014622215544,2.630709090780194,0.9999999999999958,1.0,1.0,1.0,0.8164965792610595,0.4491434180024767,0.0,1.0,0.06039391117541255,0.14330133112107557
Cabinet_15_17.obj,Cabinet_15,OB,OB,,0.935886067090513,0.06410601760905187,15.597233777744854,355.4399983269964,0.002727332071779834,3.9493333331083607,0.9999999999999565,1.0,0.9999999999999999,1.0,0.8164965792610595,0.5959051724000419,0.0,1.0,0.027487702182198665,0.06410601760905185
Cabinet_15_18.obj,Cabinet_15,M,M,,0.9876543209865446,5.027352971554139e-13,80.99999999261478,8.999999995658726,0.1097642599806847,8.99999999547553,0.9999999999998531,1.0,0.9999999999999977,0.9999999999999999,0.8164965792610595,0.7999999999196895,2.220446049250313e-16,0.9999999999999997,2.2069566491266419e-13,5.027352971554127e-13
Cabinet_15_19.obj,Cabinet_15,OB,OB,,0.42563013259649823,0.5743619521030667,1.7410384087879143,355.4399983270786,0.002242225169761424,1.319484144930273,0.9999999999999862,1.0,0.9999999999999999,1.0,0.8164965792610595,0.13773930968438175,0.0,1.0,0.23312016832464735,0.5743619521030666
Cabinet_15_20.obj,Cabinet_15,OB,OB,,0.42563013259649823,0.5743619521030667,1.7410384087879143,355.4399983270786,0.002242225169761424,1.319484144930273,0.9999999999999862,1.0,0.9999999999999999,1.0,0.8164965792610595,0.13773930968438175,0.0,1.0,0.23312016832464735,0.5743619521030666
Cabinet_16_01.obj,Cabinet_16,OB,OB,,0.7559878066496398,0.239883227688501,4.098155859629847,15.562499996511907,0.057516014315875115,2.0243902438469705,0.9999999999999982,1.0,0.9999999999999999,1.0,0.8164965792610595,0.3387096774138572,0.0,1.0,0.09977349831412947,0.23988322768850098
Cabinet_16_02.obj,Cabinet_16,OB,OB,,0.7559878066496398,0.239883227688501,4.098155859629847,15.562499996511907,0.057516014315875115,2.0243902438469705,0.9999999999999992,1.0,0.9999999999999999,1.0,0.8164965792610595,0.3387096774138572,0.0,1.0,0.09977349831412947,0.23988322768850098
Cabinet_16_03.obj,Cabinet_16,OB,OB,,0.6787147741537269,0.3158487120107646,3.1124991737975427,13.5624999969781,0.06401331615323744,1.7642276422304217,0.9999999999999989,1.0,1.0,1.0,0.8164965792610595,0.27647058823119103,0.0,1.0,0.13038655673909966,0.3158487120107646
Cabinet_16_04.obj,Cabinet_16,OB,OB,,0.678714774153727,0.31992609738728317,3.1124991737975436,27.124999987392346,0.032055954418889705,1.7642276422304217,0.9999999999999978,1.0,1.0,1.0,0.8164965792610595,0.276470588231191,0.0,1.0,0.13206975575029112,0.31992609738728317
Cabinet_16_05.obj,Cabinet_16,OB,OB,,0.6787147741537269,0.3158487120107646,3.1124991737975427,13.562499996978083,0.06401331615323753,1.7642276422304217,0.9999999999999988,1.0,1.0,1.0,0.8164965792610595,0.2764705882311909,0.0,0.9999999999999999,0.13038655673909966,0.3158487120107646
Cabinet_16_06.obj,Cabinet_16,OB,OB,,0.678714774153727,0.31992609738728317,3.1124991737975436,27.124999987392336,0.03205595441888971,1.764227642230421,0.9999999999999978,1.0,1.0,1.0,0.8164965792610595,0.27647058823119103,0.0,1.0,0.13206975575029112,0.31992609738728317
Cabinet_16_07.obj,Cabinet_16,OB,OB,,0.7559878066496398,0.239883227688501,4.098155859629847,15.562499996511907,0.057516014315875115,2.0243902438469705,0.9999999999999982,1.0,0.9999999999999999,1.0,0.8164965792610595,0.3387096774138572,0.0,1.0,0.09977349831412947,0.23988322768850098
Cabinet_16_08.obj,Cabinet_16,OB,OB,,0.7559878066496398,0.239883227688501,4.098155859629847,15.562499996511907,0.057516014315875115,2.0243902438469705,0.9999999999999992,1.0,0.9999999999999999,1.0,0.8164965792610595,0.3387096774138572,0.0,1.0,0.09977349831412947,0.23988322768850098
Cabinet_16_09.obj,Cabinet_16,OB,OB,,0.6787147741537269,0.3158487120107646,3.1124991737975427,13.5624999969781,0.06401331615323744,1.7642276422304217,0.9999999999999989,1.0,1.0,1.0,0.8164965792610595,0.27647058823119103,0.0,1.0,0.13038655673909966,0.3158487120107646
Cabinet_16_10.obj,Cabinet_16,OB,OB,,0.678714774153727,0.31992609738728317,3.1124991737975436,27.124999987392346,0.032055954418889705,1.7642276422304217,0.9999999999999978,1.0,1.0,1.0,0.8164965792610595,0.276470588231191,0.0,1.0,0.13206975575029112,0.31992609738728317
Cabinet_16_11.obj,Cabinet_16,OB,OB,,0.6787147741537269,0.3158487120107646,3.1124991737975427,13.562499996978083,0.06401331615323753,1.7642276422304217,0.9999999999999988,1.0,1.0,1.0,0.8164965792610595,0.2764705882311909,0.0,0.9999999999999999,0.13038655673909966,0.3158487120107646
Cabinet_16_12.obj,Cabinet_16,OB,OB,,0.678714774153727,0.31992609738728317,3.1124991737975436,27.124999987392336,0.03205595441888971,1.764227642230421,0.9999999999999978,1.0,1.0,1.0,0.8164965792610595,0.27647058823119103,0.0,1.0,0.13206975575029112,0.31992609738728317
Cabinet_17_01.obj,Cabinet_17,OB,OB,,0.8361317508058792,0.16369809777509736,6.1024634419275925,109.24999981592681,0.008810615433090134,3.552845528255348,0.9999999999999857,1.0,0.9999999999999999,1.0,0.49999999937499995,0.5607162986439311,0.0,1.0,0.06679468672237356,0.16369809777509733
Cabinet_17_02.obj,Cabinet_17,OB,OB,,0.9207777178491793,0.07788175044133157,12.622711349013377,27.312499987884262,0.035221961399850635,3.552845528255348,0.999999999999997,1.0,0.9999999999999991,0.9999999999999999,0.8164965792610595,0.5607142857002863,2.220446049250313e-16,0.9999999999999999,0.03325749412718867,0.0778817504413315
Cabinet_17_03.obj,Cabinet_17,OB,OB,,0.9207777178491795,0.07913849891889214,12.622711349013395,109.24999981593527,0.008810615433089454,3.5528455282553506,0.9999999999999952,1.0,1.0,1.0,0.8164965792610595,0.5607142857002865,0.0,1.0,0.03379415778555506,0.07913849891889214
Cabinet_17_04.obj,Cabinet_17,OB,OB,,0.920777717849445,0.07913849891862322,12.622711349055702,109.22815419073589,0.008812377418894976,3.5528455282553506,0.9998000400668737,1.0,1.0,1.0,0.8164965792610595,0.5607142914455141,0.0,1.0,0.03379415780817365,0.07913849891862322
Cabinet_17_05.obj,Cabinet_17,OB,OB,,0.9207777178491793,0.0791384989188882,12.62271134901339,109.24999981335367,0.008810615433297633,3.5528455282553506,0.9999999999999856,1.0,1.0,1.0,0.8164965792610595,0.5607142857002865,0.0,1.0,0.03379415778555337,0.0791384989188882
Cabinet_17_06.obj,Cabinet_17,OB,OB,,0.8361317508058792,0.16369809777508934,6.1024634419275925,109.24999981334626,0.00881061543329823,3.552845528255348,0.9999999999999857,1.0,1.0,1.0,0.49999999937499995,0.5607162986439311,0.0,1.0,0.0667946867223703,0.16369809777508934
Cabinet_17_07.obj,Cabinet_17,OB,OB,,0.8361317508058792,0.16369809777508937,6.1024634419275925,109.24999981335465,0.008810615433297555,3.552845528255348,0.9999999999999879,1.0,0.9999999999999999,1.0,0.49999999937499995,0.5607162986439311,0.0,1.0,0.0667946867223703,0.16369809777508934
Cabinet_17_08.obj,Cabinet_17,OB,OB,,0.933398161326439,0.06542756866013189,15.014600496260574,29.31249998704078,0.03298120902728508,3.8130081298724465,0.9999999999999966,1.0991014037660825,0.840215490019493,0.9403802800953671,1.3093073385588114,1.0056932025209233,0.5709136254760596,0.9562893724721762,0.038974729583915575,0.05333451158032317
Cabinet_17_09.obj,Cabinet_17,OB,OB,,0.933398161326439,0.06542756866013189,15.014600496260574,29.312499987040795,0.03298120902728507,3.8130081298724465,0.9999999999999966,1.0991014037660825,0.840215490019493,0.9403802800953671,1.3093073385588114,1.0056932025209233,0.5709136254760596,0.9562893724721762,0.038974729583915575,0.05333451158032317
Cabinet_17_10.obj,Cabinet_17,OB,OB,,0.9207777178491794,0.07788175044133147,12.622711349013391,27.312499987884262,0.035221961399850635,3.552845528255348,0.999999999999997,1.0,0.9999999999999997,1.0,0.8164965792610595,0.5607142857002863,1.5700924586837752e-16,1.0,0.03325749412718862,0.07788175044133144
Cabinet_17_11.obj,Cabinet_17,OB,OB,,0.8361317508058792,0.16369809777509736,6.1024634419275925,109.24999981592681,0.008810615433090134,3.552845528255348,0.9999999999999857,1.0,0.9999999999999999,1.0,0.49999999937499995,0.5607162986439311,0.0,1.0,0.06679468672237356,0.16369809777509733
Cabinet_17_12.obj,Cabinet_17,OB,OB,,0.9207777178491793,0.07788175044133157,12.622711349013377,27.312499987884262,0.035221961399850635,3.552845528255348,0.999999999999997,1.0,0.9999999999999991,0.9999999999999999,0.8164965792610595,0.5607142857002863,2.220446049250313e-16,0.9999999999999999,0.03325749412718867,0.0778817504413315
Cabinet_17_13.obj,Cabinet_17,OB,OB,,0.9207777178491795,0.07913849891889214,12.622711349013395,109.24999981593527,0.008810615433089454,3.5528455282553506,0.9999999999999952,1.0,1.0,1.0,0.8164965792610595,0.5607142857002865,0.0,1.0,0.03379415778555506,0.07913849891889214
Cabinet_17_14.obj,Cabinet_17,OB,OB,,0.920777717849445,0.07913849891862322,12.622711349055702,109.22815419073589,0.008812377418894976,3.5528455282553506,0.9998000400668737,1.0,1.0,1.0,0.8164965792610595,0.5607142914455141,0.0,1.0,0.03379415780817365,0.07913849891862322
Cabinet_17_15.obj,Cabinet_17,OB,OB,,0.9207777178491793,0.0791384989188882,12.62271134901339,109.24999981335367,0.008810615433297633,3.5528455282553506,0.9999999999999856,1.0,1.0,1.0,0.8164965792610595,0.5607142857002865,0.0,1.0,0.03379415778555337,0.0791384989188882
Cabinet_17_16.obj,Cabinet_17,OB,OB,,0.8361317508058792,0.16369809777508934,6.1024634419275925,109.24999981334626,0.00881061543329823,3.552845528255348,0.9999999999999857,1.0,1.0,1.0,0.49999999937499995,0.5607162986439311,0.0,1.0,0.0667946867223703,0.16369809777508934
Cabinet_17_17.obj,Cabinet_17,OB,OB,,0.8361317508058792,0.16369809777508937,6.1024634419275925,109.24999981335465,0.008810615433297555,3.552845528255348,0.9999999999999879,1.0,0.9999999999999999,1.0,0.49999999937499995,0.5607162986439311,0.0,1.0,0.0667946867223703,0.16369809777508934
Cabinet_17_18.obj,Cabinet_17,OB,OB,,0.933398161326439,0.06542756866013189,15.014600496260574,29.31249998704078,0.03298120902728508,3.8130081298724465,0.9999999999999966,1.0991014037660825,0.840215490019493,0.9403802800953671,1.3093073385588114,1.0056932025209233,0.5709136254760596,0.9562893724721762,0.038974729583915575,0.05333451158032317
Cabinet_17_19.obj,Cabinet_17,OB,OB,,0.933398161326439,0.06542756866013189,15.014600496260574,29.312499987040795,0.03298120902728507,3.8130081298724465,0.9999999999999966,1.0991014037660825,0.840215490019493,0.9403802800953671,1.3093073385588114,1.0056932025209233,0.5709136254760596,0.9562893724721762,0.038974729583915575,0.05333451158032317
Cabinet_17_20.obj,Cabinet_17,OB,OB,,0.9207777178491794,0.07788175044133147,12.622711349013391,27.312499987884262,0.035221961399850635,3.552845528255348,0.999999999999997,1.0,0.9999999999999997,1.0,0.8164965792610595,0.5607142857002863,1.5700924586837752e-16,1.0,0.03325749412718862,0.07788175044133144
Cabinet_18_01.obj,Cabinet_18,OB,OB,,2.7509380918349296e-10,0.9999999981785938,0.9999999987287813,508605863.1999549,0.0,0.9999999981713992,1.0,0.0,1.0,1.0,1.99999999,6.877348505099465e-11,0.0,1.0,0.11999999918486992,0.9999999981785938
Cabinet_18_02.obj,Cabinet_18,OB,OB,,2.3577552482644893e-10,0.999999998217912,0.999999998689463,508605863.1999549,0.0,0.9999999981517288,1.0,0.0,1.0,1.0,1.99999999,5.894391162027797e-11,0.0,1.0,0.11999999918909664,0.999999998217912
Cabinet_18_03.obj,Cabinet_18,OB,OB,,0.8845544938015975,0.1153822314049418,8.662095502282666,125.71428550204239,0.007531454751377875,2.9431438125930125,0.9999999999999912,1.0,1.0,1.0,0.8164965792610595,0.49279050041423983,0.0,1.0,0.04887929620435585,0.1153822314049418
Cabinet_18_04.obj,Cabinet_18,OB,M,x,0.948605049070138,0.05133167613640131,19.457164213749607,125.71428550204239,0.007757456633093313,4.411027568659677,0.9999999999999868,1.0,1.0,1.0,0.8164965792610595,0.6303844372255624,0.0,1.0,0.022098749414781457,0.05133167613640131
Cabinet_18_05.obj,Cabinet_18,OB,M,x,0.948605049069956,0.051331676136583196,19.45716421368075,125.71428550204239,0.007757456633092643,4.411027568651873,0.9999999999999867,1.0,1.0,1.0,0.8164965792610595,0.6303844372250292,0.0,1.0,0.022098749414858395,0.051331676136583196
Cabinet_18_06.obj,Cabinet_18,OB,OB,,0.8956314590900846,0.09716187473025466,9.58143125572228,12.499999973752868,0.07567702695227453,2.999999998560793,0.9999999999985388,1.44,0.999999999999868,0.9999999999999496,0.5656854241492381,0.49999999987908395,0.0,0.9999999999999605,0.05469641511079679,0.09716187473023939
Cabinet_18_07.obj,Cabinet_18,OB,OB,,0.8996819150638355,0.09315030558001838,9.968292363481504,12.499999975472903,0.07567702694192077,2.999999998560793,0.9999999999985408,1.3804294917618816,0.9635004922877906,0.9852895875299872,0.8751899477107716,0.932280814901675,0.6773862506764916,0.9886476500716999,0.05856044171465606,0.08909023283678143
Cabinet_18_08.obj,Cabinet_18,OB,OB,,0.8996819150638157,0.09315030557806576,9.968292363479536,12.49999997375175,0.07567702695228125,2.999999998560793,0.9999999999985401,1.3804294917618813,0.9635004922879087,0.9852895875299684,0.8751899477107716,0.9322808149007509,0.6773862506775149,0.9886476500716864,0.058560441713426614,0.08909023283492401
Cabinet_18_09.obj,Cabinet_18,OB,OB,,0.8672959183671781,0.1305484693878129,7.535563244895357,21.53846153065461,0.04358271036631887,2.745098039087963,0.9999999999999972,1.0,1.0,1.0,0.8164965792610595,0.4659685863758188,0.0,1.0,0.05512908129341779,0.1305484693878129
Cabinet_18_10.obj,Cabinet_18,OB,OB,,0.9147900030073858,0.0851348190714611,11.735712185116071,115.33333315287986,0.008322872097841888,3.425742574104149,0.9999999999999896,1.0,1.0,1.0,0.8164965792610595,0.548098433993594,0.0,1.0,0.036301037038452603,0.0851348190714611
Cabinet_18_11.obj,Cabinet_18,OB,OB,,0.91458198208551,0.08534412689546339,11.70713187235279,116.33333315328741,0.008250543006415279,3.4215686272935706,0.9999999999999917,1.0,0.9999999999999997,0.9999999999999999,0.8164965792610595,0.5476718403433968,1.5700924586837752e-16,0.9999999999999999,0.0363884644255892,0.08534412689546336
Cabinet_18_12.obj,Cabinet_18,OB,OB,,0.9145819820855099,0.0853441268954634,11.70713187235279,116.33333315328741,0.008250543006415279,3.4215686272935706,0.9999999999999917,1.0,0.9999999999999998,1.0,0.8164965792610595,0.5476718403433968,0.0,1.0,0.03638846442558919,0.08534412689546339
Cabinet_18_13.obj,Cabinet_18,OB,OB,,0.86142042730031,0.13845969417644316,7.216070742020104,91.33333317761179,0.010260443571805214,2.6862745096803904,0.9999999999999875,1.0,1.0,1.0,0.8164965792610595,0.45744680849926567,0.0,1.0,0.05841090222173091,0.13845969417644316
Cabinet_18_14.obj,Cabinet_18,OB,OB,,0.25480312660273663,0.7449746850702313,1.3419272620407932,67.08715578358506,0.011282640789451627,1.1584158415338484,0.99999999999998,1.0,1.0,1.0,0.8164965792610595,0.07339449541130291,0.0,1.0,0.2999711487495829,0.7449746850702313
Cabinet_18_15.obj,Cabinet_18,OB,OB,,0.25480312660273685,0.7449746850702311,1.3419272620407936,67.08715578358299,0.011282640789451974,1.1584158415338484,0.9999999999999493,1.0,1.0,1.0,0.8164965792610595,0.07339449541130312,0.0,1.0,0.2999711487495828,0.7449746850702311
Cabinet_18_16.obj,Cabinet_18,OB,OB,,0.25480312660273663,0.7449746850702313,1.3419272620407932,67.08715578358299,0.011282640789451974,1.1584158415338484,0.9999999999999493,1.0,1.0,1.0,0.8164965792610595,0.07339449541130291,0.0,1.0,0.2999711487495829,0.7449746850702313
Cabinet_18_17.obj,Cabinet_18,OB,OB,,0.25480312660273663,0.7449746850702313,1.3419272620407932,67.08715578358402,0.0112826407894518,1.1584158415338484,0.9999999999999489,1.0,1.0,1.0,0.8164965792610595,0.073394495411303,0.0,0.9999999999999999,0.2999711487495829,0.7449746850702313
Cabinet_18_18.obj,Cabinet_18,OB,OB,,0.38361754008582705,0.6163742498008775,1.6223693324095727,348.9999982522198,0.002253727508712009,1.2737226277152662,0.9999999999999889,1.0,1.0,1.0,0.8164965792610595,0.12038523274295028,0.0,1.0,0.2496371532966802,0.6163742498008775
Cabinet_18_19.obj,Cabinet_18,OB,OB,,2.7509380918349296e-10,0.9999999981785938,0.9999999987287813,508605863.1999549,0.0,0.9999999981713992,1.0,0.0,1.0,1.0,1.99999999,6.877348505099465e-11,0.0,1.0,0.11999999918486992,0.9999999981785938
Cabinet_18_20.obj,Cabinet_18,OB,OB,,2.3577552482644893e-10,0.999999998217912,0.999999998689463,508605863.1999549,0.0,0.9999999981517288,1.0,0.0,1.0,1.0,1.99999999,5.894391162027797e-11,0.0,1.0,0.11999999918909664,0.999999998217912
Cabinet_18_21.obj,Cabinet_18,OB,OB,,0.8845544938015975,0.1153822314049418,8.662095502282666,125.71428550204239,0.007531454751377875,2.9431438125930125,0.9999999999999912,1.0,1.0,1.0,0.8164965792610595,0.49279050041423983,0.0,1.0,0.04887929620435585,0.1153822314049418
Cabinet_18_22.obj,Cabinet_18,OB,OB,,0.948605049070138,0.05133167613640131,19.457164213749607,125.71428550204239,0.007757456633093313,4.411027568659677,0.9999999999999868,1.0,1.0,1.0,0.8164965792610595,0.6303844372255624,0.0,1.0,0.022098749414781457,0.05133167613640131
Cabinet_18_23.obj,Cabinet_18,OB,M,x,0.948605049069956,0.051331676136583196,19.45716421368075,125.71428550204239,0.007757456633092643,4.411027568651873,0.9999999999999867,1.0,1.0,1.0,0.8164965792610595,0.6303844372250292,0.0,1.0,0.022098749414858395,0.051331676136583196
Cabinet_18_24.obj,Cabinet_18,OB,OB,,0.8956314590900846,0.09716187473025466,9.58143125572228,12.499999973752868,0.07567702695227453,2.999999998560793,0.9999999999985388,1.44,0.999999999999868,0.9999999999999496,0.5656854241492381,0.49999999987908395,0.0,0.9999999999999605,0.05469641511079679,0.09716187473023939
Cabinet_18_25.obj,Cabinet_18,OB,OB,,0.8996819150638355,0.09315030558001838,9.968292363481504,12.499999975472903,0.07567702694192077,2.999999998560793,0.9999999999985408,1.3804294917618816,0.9635004922877906,0.9852895875299872,0.8751899477107716,0.932280814901675,0.6773862506764916,0.9886476500716999,0.05856044171465606,0.08909023283678143
Cabinet_18_26.obj,Cabinet_18,OB,OB,,0.8996819150638157,0.09315030557806576,9.968292363479536,12.49999997375175,0.07567702695228125,2.999999998560793,0.9999999999985401,1.3804294917618813,0.9635004922879087,0.9852895875299684,0.8751899477107716,0.9322808149007509,0.6773862506775149,0.9886476500716864,0.058560441713426614,0.08909023283492401
Cabinet_18_27.obj,Cabinet_18,OB,OB,,0.8672959183671781,0.1305484693878129,7.535563244895357,21.53846153065461,0.04358271036631887,2.745098039087963,0.9999999999999972,1.0,1.0,1.0,0.8164965792610595,0.4659685863758188,0.0,1.0,0.05512908129341779,0.1305484693878129
Cabinet_18_28.obj,Cabinet_18,OB,OB,,0.9147900030073858,0.0851348190714611,11.735712185116071,115.33333315287986,0.008322872097841888,3.425742574104149,0.9999999999999896,1.0,1.0,1.0,0.8164965792610595,0.548098433993594,0.0,1.0,0.036301037038452603,0.0851348190714611
Cabinet_18_29.obj,Cabinet_18,OB,OB,,0.91458198208551,0.08534412689546339,11.70713187235279,116.33333315328741,0.008250543006415279,3.4215686272935706,0.9999999999999917,1.0,0.9999999999999997,0.9999999999999999,0.8164965792610595,0.5476718403433968,1.5700924586837752e-16,0.9999999999999999,0.0363884644255892,0.08534412689546336
Cabinet_18_30.obj,Cabinet_18,OB,OB,,0.9145819820855099,0.0853441268954634,11.70713187235279,116.33333315328741,0.008250543006415279,3.4215686272935706,0.9999999999999917,1.0,0.9999999999999998,1.0,0.8164965792610595,0.5476718403433968,0.0,1.0,0.03638846442558919,0.08534412689546339
Cabinet_18_31.obj,Cabinet_18,OB,OB,,0.86142042730031,0.13845969417644316,7.216070742020104,91.33333317761179,0.010260443571805214,2.6862745096803904,0.9999999999999875,1.0,1.0,1.0,0.8164965792610595,0.45744680849926567,0.0,1.0,0.05841090222173091,0.13845969417644316
Cabinet_18_32.obj,Cabinet_18,OB,OB,,0.25480312660273663,0.7449746850702313,1.3419272620407932,67.08715578358506,0.011282640789451627,1.1584158415338484,0.99999999999998,1.0,1.0,1.0,0.8164965792610595,0.07339449541130291,0.0,1.0,0.2999711487495829,0.7449746850702313
Cabinet_18_33.obj,Cabinet_18,OB,OB,,0.25480312660273685,0.7449746850702311,1.3419272620407936,67.08715578358299,0.011282640789451974,1.1584158415338484,0.9999999999999493,1.0,1.0,1.0,0.8164965792610595,0.07339449541130312,0.0,1.0,0.2999711487495828,0.7449746850702311
Cabinet_18_34.obj,Cabinet_18,OB,OB,,0.25480312660273663,0.7449746850702313,1.3419272620407932,67.08715578358299,0.011282640789451974,1.1584158415338484,0.9999999999999493,1.0,1.0,1.0,0.8164965792610595,0.07339449541130291,0.0,1.0,0.2999711487495829,0.7449746850702313
Cabinet_18_35.obj,Cabinet_18,OB,OB,,0.25480312660273663,0.7449746850702313,1.3419272620407932,67.08715578358402,0.0112826407894518,1.1584158415338484,0.9999999999999489,1.0,1.0,1.0,0.8164965792610595,0.073394495411303,0.0,0.9999999999999999,0.2999711487495829,0.7449746850702313
Cabinet_18_36.obj,Cabinet_18,OB,OB,,0.38361754008582705,0.6163742498008775,1.6223693324095727,348.9999982522198,0.002253727508712009,1.2737226277152662,0.9999999999999889,1.0,1.0,1.0,0.8164965792610595,0.12038523274295028,0.0,1.0,0.2496371532966802,0.6163742498008775
Cabinet_19_01.obj,Cabinet_19,OB,OB,,0.5075407817765746,0.48968913512060686,2.0306249999891173,18.999999988663948,0.04304200558042016,1.424999999931294,0.9999999999999977,1.0,1.0,1.0,0.8164965792610595,0.17525773195102626,0.0,1.0,0.19967205787496417,0.48968913512060686
Cabinet_19_02.obj,Cabinet_19,OB,OB,,0.5075407817765746,0.48968913512060663,2.0306249999891173,18.99999998866368,0.043042005580420754,1.424999999931294,0.9999999999999909,1.0,1.0,1.0,0.8164965792610595,0.1752577319510263,0.0,1.0,0.1996720578749641,0.48968913512060663
Cabinet_19_03.obj,Cabinet_19,OB,OB,,0.5075407817765746,0.4896891351206067,2.0306249999891173,18.99999998866368,0.043042005580420754,1.424999999931294,0.9999999999999876,1.0,1.0,1.0,0.8164965792610595,0.1752577319510262,0.0,1.0,0.19967205787496412,0.4896891351206067
Cabinet_19_04.obj,Cabinet_19,OB,OB,,0.9708733679512119,0.02635654894573173,34.33284007311767,18.999999987848597,0.051811752713639574,5.859423184975815,0.9999999999999626,1.0,1.0,1.0,0.8164965792610595,0.7084302942081926,0.0,1.0,0.011449582940521973,0.02635654894573173
Cabinet_19_05.obj,Cabinet_19,OB,OB,,0.5075407817765746,0.4896891351206067,2.0306249999891173,18.99999998866373,0.04304200558042064,1.424999999931294,0.9999999999999909,1.0,1.0,1.0,0.8164965792610595,0.1752577319510262,0.0,1.0,0.19967205787496412,0.4896891351206067
Cabinet_19_06.obj,Cabinet_19,OB,OB,,0.8760366967863386,0.12392514891899302,8.06690346316735,161.89307970484577,0.005826238748484183,2.840229473590184,0.9999999999999932,1.0,1.0,1.0,0.8164965792610595,0.4791977891588265,0.0,1.0,0.05241410260141205,0.12392514891899302
Cabinet_19_07.obj,Cabinet_19,OB,OB,,0.9305819498723309,0.06909534224997192,14.40547520653229,55.66666663335218,0.01736862793736162,3.7954545452868516,0.9999999999999959,1.0,1.0,1.0,0.8164965792610595,0.5829383886146419,0.0,1.0,0.029582252796487418,0.06909534224997192
Cabinet_19_08.obj,Cabinet_19,OB,OB,,0.9305819498723309,0.06909534224997192,14.405475206532289,55.66666663335218,0.01736862793736162,3.7954545452868516,0.9999999999999959,1.0,1.0,1.0,0.8164965792610595,0.5829383886146418,0.0,1.0,0.029582252796487418,0.06909534224997192
Cabinet_19_09.obj,Cabinet_19,OB,OB,,0.9708733679512119,0.02635654894573173,34.33284007311767,18.999999987848597,0.051811752713639574,5.859423184975815,0.9999999999999626,1.0,1.0,1.0,0.8164965792610595,0.7084302942081926,0.0,1.0,0.011449582940521973,0.02635654894573173
Cabinet_20_01.obj,Cabinet_20,OB,OB,,0.5925772940446232,0.4064043216588705,2.4544532874150833,31.336042875613835,0.026889733837045675,1.5666694888248136,0.9999999999999863,1.0,1.0,1.0,0.8164965792610595,0.2207800775768597,0.0,1.0,0.16663747576965823,0.4064043216588705
Cabinet_20_02.obj,Cabinet_20,OB,OB,,0.5045249426645623,0.4944566730389298,2.0182650674234064,31.33604287558831,0.02608665760134433,1.4206565620422842,0.9999999999999919,1.0,1.0,1.0,0.8164965792610595,0.1737778785596221,0.0,1.0,0.20157944807538855,0.4944566730389298
Cabinet_20_03.obj,Cabinet_20,OB,OB,,0.5915685708042674,0.40671195862931764,2.4483914031026384,24.000105650074328,0.034727659164454486,1.5113391639755516,0.9999999999999942,1.0991014037660825,0.7159893912672567,0.7619766191098019,1.3093073385588114,0.7495282225220875,0.4052270802476286,0.8558495091357227,0.2624736142680664,0.25654507113164776
Cabinet_20_04.obj,Cabinet_20,OB,OB,,0.591568571532605,0.406712129096353,2.4483914074687463,24.00130053370406,0.034725932363395565,1.5113391639755516,1.0000000000000013,1.0991014037660825,0.7159893845350814,0.7619766209507346,1.3093073385588114,0.7495282488031244,0.40522705149382054,0.8558495097326849,0.262473724754599,0.2565451765143965
Cabinet_20_05.obj,Cabinet_20,OB,OB,,0.5925772940446232,0.4064040342031218,2.4544532874150833,31.331621254421208,0.026893525860098348,1.5666694888248136,0.9999999999999912,1.0,1.0,1.0,0.8164965792610595,0.22078007757685972,0.0,1.0,0.16663735790452294,0.4064040342031218
Cabinet_20_06.obj,Cabinet_20,SL,SL,,0.00030305430120751073,0.768007308381492,1.000303146046841,2.6666621483735025,0.25630770276617815,0.99999999966647,0.7569775173262047,1.8445177860093145,0.7855710142013089,0.5004294121366442,1.688881485303194,0.2842879748791603,0.04721947790471257,0.7877323601387372,0.7107919592931199,0.4526227475035658
Cabinet_20_07.obj,Cabinet_20,SL,SL,,0.000298358688335936,0.7680164870520573,1.0002984476086956,2.6666790816452943,0.2563069424471994,1.0000063496171008,0.7569881319090408,1.8445187530186062,0.7784860369224519,0.5004846835344926,1.688881485303194,0.284286022112565,0.04718880123662989,0.7841720171348739,0.7122606921637394,0.44856247721838544
Cabinet_20_08.obj,Cabinet_20,SL,SL,,0.00030328482753165254,0.7680075772997293,1.000303376713006,2.6666621483734123,0.25630770276618214,0.9999999996664364,0.7569773848109139,1.8445147344110595,0.786582015989496,0.5004192655889965,1.688881485303194,0.28428249791229065,0.047217500363620046,0.7882390835324752,0.7105829792140914,0.4532023507057044
Cabinet_20_09.obj,Cabinet_20,SL,SL,,0.0002985975942932679,0.7680158031067531,1.000298686657333,2.6666790816452943,0.2563069424471954,1.000006349617067,0.7569881804721267,1.8445218049628995,0.778085940329351,0.5004948372088702,1.688881485303194,0.2842915034364888,0.04718754772810065,0.7839704860810264,0.7123424922533198,0.4483345767393822
Cabinet_20_10.obj,Cabinet_20,OB,OB,,0.7775156304707972,0.22247936153103232,4.494697771875105,426.7828007753986,0.0021216574727746544,2.133726115514802,0.9999999999999857,1.4938271604938274,0.9999999999998035,0.9999999999999039,0.9999999983333333,0.3617821321134583,1.5700924586837752e-16,0.999999999998082,0.13369421407447676,0.22247936153097791
Cabinet_20_11.obj,Cabinet_20,OB,OB,,0.8916985420175823,0.1080873837453016,9.233486036377148,68.34673885950606,0.01392287155841108,3.098842602831004,0.9999999999999979,1.0816000000000001,0.9999999999999994,0.9999999999999999,0.7999999984,0.5120573796611726,1.5700924586837752e-16,1.0,0.04887310152477201,0.10808738374530154
Cabinet_20_12.obj,Cabinet_20,OB,OB,,0.8916985420175823,0.1080873595779578,9.233486036377148,68.34288127412974,0.013923657276728087,3.098842602831004,0.9999999999999966,1.0816000000000001,0.9999999999999994,0.9999999999999998,0.7999999984,0.5120573796611727,3.510833468576701e-16,0.9999999999999996,0.04887309059719652,0.10808735957795773
Chair_001_01.obj,Chair_001,M,M,,0.987164226103591,0.008880962944703889,77.90726200618278,13.151211081750162,0.07362921979281434,4.057674309823071,0.22394531541034723,1.034846896050993,0.9976763493209662,0.9979022617239826,0.7397954427727566,3.6027846435259816,0.18309527151749,0.9986019952230205,0.00458963976965401,0.008851033365910053
Chair_001_02.obj,Chair_001,M,M,,0.9967008824410079,0.002534066137308307,303.1113569367186,32.622430564440805,0.030584885181280014,16.739013357084865,0.9830980062306095,1.3056722992700247,0.9994539042653389,0.9955258324695012,0.7787611972745911,3.5072644305293523,0.06769929764411343,0.9975190497476241,0.0015412862710036605,0.0025270164721555907
Chair_001_03.obj,Chair_001,M,M,,0.9951485505873554,0.0037549899187010113,206.12396728151177,27.027078340416452,0.03688045950132947,13.975041295066434,0.9739858174788713,1.3089071886546135,0.997829685026189,0.9944918618797118,0.9203579863815504,3.799664772506159,0.10518828563294937,0.9969124276630966,0.0023294685218273542,0.003736521350613377
Chair_001_04.obj,Chair_001,M,M,,0.9871642261035914,0.008880962944703735,77.90726200618461,13.15121108175018,0.07362921979281424,4.057674309823071,0.22394531541034635,1.0348468960509953,0.9976763493209642,0.9979022617239822,0.7397954427727566,3.602784643525982,0.1830952715172163,0.9986019952230205,0.004589639769653822,0.00885103336590988
Chair_001_05.obj,Chair_001,M,M,,0.9967008824410076,0.002534066137308216,303.1113569367185,32.622430564440805,0.030584885181280014,16.73901335708484,0.9830980062306093,1.3056722992700107,0.9994539042653395,0.9955258324695011,0.7787611972745911,3.507264430529351,0.06769929764406797,0.9975190497476241,0.0015412862710035868,0.0025270164721555017
Chair_001_06.obj,Chair_001,M,M,,0.9951485505873554,0.0037549899187010764,206.123967281509,27.027078340416452,0.03688045950132947,13.975041295066456,0.9739858174788707,1.3089071886545784,0.9978296850261892,0.9944918618797117,0.9203579863815504,3.799664772506159,0.10518828563290815,0.9969124276630968,0.0023294685218273404,0.0037365213506134424
Chair_001_07.obj,Chair_001,M,M,,0.9945018796929015,0.004383178122372056,181.88034167036642,26.190132068139388,0.03804190872621526,12.977548210376286,0.9803720315068866,1.000259084154016,0.9998273644822395,0.9943793978744304,0.7972410049672364,3.4458821370309876,0.07775602687851968,0.9968936070483425,0.0022051965329900024,0.00437010550654475
Chair_001_08.obj,Chair_001,M,M,,0.993327155237074,0.00514064752978257,149.8611215348147,23.741033889443916,0.03979240843210092,2.9025655051782024,0.23924579712291608,1.5853883563449997,0.8607685833741758,0.9433419780905616,1.1825829759613118,4.004643639670959,0.26431024590545266,0.969293758097404,0.004042729229312968,0.004299554627695428
Chair_001_09.obj,Chair_001,M,M,,0.993327155237074,0.005140647529782651,149.86112153481287,23.741033889444015,0.03979240843210075,2.9025655051782024,0.2392457971229111,1.5853883563461464,0.8607685833741762,0.9433419780905616,1.1825829759613118,4.004643639670959,0.26431024590514657,0.969293758097404,0.004042729229315016,0.004299554627695498
Chair_001_10.obj,Chair_001,M,M,,0.9937737882676858,0.004751762925353393,160.61130635981962,16.37684506428445,0.060700069352858085,11.025470122665947,0.6236614101977465,1.0003986453823992,0.9997644699244727,0.9939392631845341,0.7706663048016619,3.3617726542106374,0.0689442232488174,0.9966568129804287,0.0023817331289825426,0.00473624754155972
Chair_001_11.obj,Chair_001,M,M,,0.9824361731483301,0.016188243487018122,56.935200309421575,13.065783518291877,0.07558322541691284,7.159920874783708,0.5259754373513045,1.0003814939525588,0.9998635344794092,0.9942311162281616,0.7706663048016619,3.21160687828076,0.06416367243570517,0.9968045581309602,0.008108649002027441,0.01613934667449731
Chair_001_12.obj,Chair_001,M,M,,0.9824360866653331,0.01618833077054653,56.93491996604582,13.067512957939574,0.07557324626942787,7.159756005815087,0.5260851431513365,1.000328145059381,0.9998653958386945,0.9942272970784948,0.7972410049672364,3.2718064125518023,0.07283878727611509,0.9968107605707218,0.008141225051165114,0.016139432831101506
Chair_001_13.obj,Chair_001,M,M,,0.9824362085066671,0.016188220601731064,56.935314927839784,13.066924703583926,0.07557662995954598,7.159760599179384,0.5261003040557201,1.0003588873171374,0.9998750696094992,0.9942078281024767,0.7706663048016619,3.211629565488765,0.0706067939055702,0.9968085949446325,0.008113750687414557,0.016139321579835962
Chair_001_14.obj,Chair_001,M,M,,0.9824360754945254,0.01618830735950137,56.93488375494468,13.067521341444348,0.07557319898452283,7.159760599179386,0.5260622697521992,1.0004528652358253,0.9998806252085491,0.9942253704972829,0.7972410049672364,3.2718045475677577,0.07097745561242803,0.9968139102253395,0.008140355903810095,0.016139639724713696
Chair_001_15.obj,Chair_001,M,M,,0.9824361549726424,0.01618827480797062,56.935141390863535,13.066844503960047,0.07557709117237782,7.159760599179369,0.526136856451912,1.0007428518615216,0.999866187498114,0.9942333399733357,0.7706663048016619,3.2116326693039414,0.063904648936697,0.9968077119029899,0.008110482470995111,0.016139438721650343
Chair_001_16.obj,Chair_001,M,M,,0.9923837918088234,0.005859241817001785,131.29893181731578,21.556659508046554,0.04578221998000205,6.3825690551415,0.5449371617951089,1.3144315654909269,0.8298878647672039,0.923921125687037,1.146881189351328,3.9616966671626312,0.2215940589658828,0.9601598595802148,0.0040972566910071955,0.004677546397088085
Chair_001_17.obj,Chair_001,M,M,,0.9923837918088235,0.005859241817001605,131.2989318173189,21.556659508046497,0.045782219980002176,6.3825690551415,0.5449371617951042,1.3144315654897385,0.8298878647672021,0.9239211256870365,1.146881189351328,3.961696667162631,0.22159405896594217,0.9601598595802145,0.0040972566910046524,0.00467754639708793
Chair_001_18.obj,Chair_001,M,M,,0.9945018820777206,0.004383194522567472,181.88042056131152,26.184414413204227,0.03805020013078955,12.977349205189409,0.9802308688302092,1.000053615330943,0.9998297170150967,0.9944060206431217,0.7440916046360874,3.319027520965212,0.06217038619996462,0.9969155086821169,0.0021874662197756637,0.004370190476909341
Chair_001_19.obj,Chair_001,M,M,,0.9827796727869306,0.01574586759030075,58.07090583278033,19.99723037687957,0.049473992684701644,7.224543352116697,0.8121800020050866,1.000558388600212,0.9998104386512172,0.9942321043020355,0.7972410049672364,3.271776257662259,0.07579731818271969,0.9967993541554347,0.007922513714257323,0.015697481129465486
Chair_001_20.obj,Chair_001,M,M,,0.9827797679148074,0.015745771765685066,58.07122662764249,19.997230376879372,0.04947412551126519,7.225577867812404,0.8122375151822162,1.0001202454486968,0.9998688927743763,0.9942510941545857,0.8503904052983855,3.3889043303985424,0.09036576169276957,0.9968181340114947,0.007981431422018381,0.015698452835537332
Chair_001_21.obj,Chair_001,M,M,,0.9827799156752931,0.01574561855247521,58.07172491978172,19.996404308560248,0.04947616464492692,7.225580350956001,0.8122327151652369,1.0002264093502626,0.9998505783790288,0.994218047823429,0.7706663048016619,3.2116102244851383,0.07140037977499386,0.996810254574092,0.007891870547422275,0.015697752411600513
Chair_001_22.obj,Chair_001,M,M,,0.9827799522021752,0.015745590508619716,58.07184810056941,19.996129429916117,0.04947687335301921,7.225815956332751,0.8122647930141133,1.0001977132160278,0.9998498648427202,0.9942067343089408,0.7440916046360874,3.150271765770834,0.06358563014990594,0.9968197631892178,0.007860472342820217,0.015697624194816323
Chair_001_23.obj,Chair_001,M,M,,0.9827800285683745,0.015745514700898185,58.07210563446459,19.996840949246327,0.049475111565453464,7.225772085429151,0.8123093161634839,1.0003692061506868,0.9998658578051226,0.9941967634242653,0.7972410049672364,3.2717414736792287,0.07959819927654792,0.9968107805777733,0.007924171873276209,0.015697721218206683
Chair_001_24.obj,Chair_001,M,M,,0.28933282961167284,0.7044357080292964,1.4071284585348198,16.48916252700089,0.045911198192772534,1.1615334099349983,0.9154154224092985,1.1649992558160953,0.5808427209589844,0.44932026052331386,0.9120141318471785,3.754937011108275,0.1039125656118419,0.7569893997044778,0.5581327994654645,0.2965065429480275
Chair_001_25.obj,Chair_001,M,M,,0.28976577448670127,0.7040062304033535,1.407986216486697,16.48953744857752,0.045910220842760495,1.1615372414014278,0.9153936297067355,1.1651143432115856,0.5805614110827861,0.44847685844537943,0.9008689128802769,3.7300288634969068,0.10418018512535097,0.7568055507331929,0.5575329593611625,0.2960098983044793
Chair_001_26.obj,Chair_001,M,CA,x,0.779604064155128,0.21941254590464104,4.537288748843973,27.91023812789978,0.027516222955942353,1.2002056862935544,0.44639137654822736,1.3640868904189771,0.5332121765533634,0.4748043315117094,0.6904509630543891,2.9999455799992747,0.07234074254979336,0.799292762883475,0.18699190360873144,0.08627121689424837
Chair_001_27.obj,Chair_001,M,CA,x,0.7796043467360507,0.21941225784862697,4.537294566341838,27.911293833269838,0.027514936683934923,1.2001794476336822,0.4464239291871629,1.363993137884804,0.5332106648535876,0.4748048613770509,0.6904509630543891,2.9999434881593228,0.07238442499684965,0.7992903673693864,0.18698501837387244,0.0862708900426607
Chair_002_01.obj,Chair_002,SL,SL,,0.4664965939541327,0.5254695128901165,1.8744009536372632,7.135189233706773,0.12506922222636374,2.0581892974495495,0.45738567919065276,1.408036414156409,0.8688998679857235,0.8815492068159677,1.6710088356009114,2.240554053100478,0.4497443966211523,0.9211035629073157,0.4073342683512276,0.4295392356843074
Chair_002_02.obj,Chair_002,M,M,,0.9979849161460865,0.0005587626127073528,496.2572192599724,10.113706739473514,0.09761105400285833,7.831782063267319,0.13134883804378164,1.3388471979948882,0.9523105101119503,0.9933954458201735,1.3228756530322952,1.3651826969253642,0.7521198984390064,0.9949169543261615,0.000372851559520287,0.0005303583158851294
Chair_002_03.obj,Chair_002,M,M,,0.9979849266565147,0.0005587500667312506,496.25980768976353,10.156195113636628,0.09716985489668059,7.651934056519329,0.1289150478677971,1.3388395874683905,0.9523118614215298,0.9933965319932065,1.3228756530322952,1.365184013066004,0.7521666278183782,0.9949177972783053,0.00037284271278859645,0.0005303474492043596
Chair_002_04.obj,Chair_002,M,M,,0.9953215756662518,0.0009359678251778608,213.74713651802438,7.643868795737559,0.12828510254003514,6.614624050773364,0.21248761246837108,1.039532513071774,0.9995732493264537,0.9990059812680797,1.2792042954063898,1.2350689949885187,0.7273835192226117,0.999223522002932,0.0005045314097103271,0.000935103414020614
Chair_002_05.obj,Chair_002,M,M,,0.9953214676332272,0.0009360813942445698,213.74220083572106,7.6590545546782085,0.1279769712232743,6.482384329362182,0.2086891932672594,1.0395292698455338,0.9995724942772582,0.9990047352942525,1.2792042954063898,1.235067004544549,0.7273676342108374,0.999222553784947,0.0005045911758667299,0.00093521558884747
Chair_002_06.obj,Chair_002,OB,SL,x,0.5488074808972909,0.4500879904984202,2.2163482877786596,11.30567760156466,0.06452253026496603,1.0712367432229486,0.43113483557743,1.1063712600724998,0.9439273638038507,0.9621004121381115,0.6884283903475805,0.9925170261213175,0.6720417298067094,0.9717973098191829,0.24056742493302774,0.4167995433813106
Chair_002_07.obj,Chair_002,M,M,,0.9405125646632422,0.04986303276420652,16.81025595604872,11.62504255388046,0.08436920687280786,5.577655785598244,0.675285558011237,1.0404673130828492,0.9503919464317153,0.963041826106525,1.483650736783221,1.7072485487524407,0.5607920935249311,0.9727280179291707,0.02929299414025449,0.04651371146319718
Chair_002_08.obj,Chair_002,M,M,,0.9405119870134673,0.04986358977491381,16.8100927224577,12.755668858998668,0.07693639327531666,5.5753886515875655,0.7415797479416247,1.0404670123098128,0.9503922675755113,0.9630422750284771,1.483650736783221,1.707670855880323,0.5746197198136224,0.9727281492201025,0.02932883501722759,0.046514257413925085
Chair_002_09.obj,Chair_002,M,M,,0.9802118291980885,0.016674979559830935,50.535225331450526,14.745960850616907,0.06660034219824375,5.571539831867465,0.6468871212364529,1.0395439056697704,0.9092487938412872,0.9817044142185004,1.2792042954063898,1.1565967251829878,0.6567427274806223,0.9859463886919451,0.009307451004613694,0.015023008914417109
Chair_002_10.obj,Chair_002,M,M,,0.9802118227069554,0.016674908581266277,50.535208754348254,14.543384572262951,0.06752026640525177,5.5621123682891636,0.6369044075925436,1.0395324114047133,0.9092502489118962,0.9817050229697797,1.2792042954063898,1.1565957306620285,0.6568697337960994,0.9859468027256211,0.009307440993198683,0.015022973623671861
Chair_011_01.obj,Chair_011,CA,CA,,0.5070438785674198,0.4901495807917462,2.028578115824508,6.688359712146882,0.11374519342628343,1.1906024069376793,0.20348751408461768,1.2920009900320153,0.7880468194526878,0.6118348468769226,0.8571428567346938,1.0031329421732484,0.3211738665672757,0.8140213070352379,0.34697920754811845,0.31129432337817314
Chair_011_02.obj,Chair_011,SL,SL,,0.6775483217497251,0.3113369472030252,3.1012398677099027,2.330523688190159,0.32852707813336807,1.3843939821898092,0.3481315727786277,1.3651657005070783,0.9601754948297596,0.9741070830617437,1.9887534245089247,2.774714496579001,0.40575369502939845,0.9802724392644137,0.2283172993700146,0.2950679175479415
Chair_011_03.obj,Chair_011,SL,SL,,0.6774937593982003,0.3116120131493156,3.1007151927780043,2.330516280997619,0.32852777799282473,1.3843907912039095,0.3481328873151218,1.3883212242474121,0.9789726256665939,0.9864032306611413,1.9677126116493966,2.7421142800082507,0.4046401354881443,0.9894959911687606,0.22828806698240017,0.3029857179854122
Chair_011_04.obj,Chair_011,SL,OB,x,0.3272287176185662,0.6687453820639362,1.486389247264003,10.563330286728316,0.07499049819265079,1.3078188535988995,0.9212279172296975,1.424125381780467,0.9999999999906538,0.999999999934722,3.8460957852802737,2.1637149558653563,0.549585880859526,0.9999999999487306,0.49883268045035284,0.6687453820358588
Chair_011_05.obj,Chair_011,SL,SL,,0.1967939299211699,0.7825302469945785,1.2450105113145167,6.215585848973123,0.12881600057643058,1.3684336087465065,0.8635742259512902,1.2182437822178998,0.7749625733525713,0.8213155028863307,2.0325224566988678,2.5262731379913697,0.46058963342350856,0.884919033231692,0.599429359539048,0.5522516863783573
Chair_011_06.obj,Chair_011,M,M,,0.9755868610385015,0.0009956601765682565,40.961549499065896,4.583427013755612,0.20847905174750425,4.583427013755612,0.7764587472790404,1.0575873225949282,0.9812430874200354,0.9949037616563651,2.1517753085853344,2.795165297577366,0.5633271249779848,0.996021418290998,0.0006214806658553026,0.0009744951923198303
Chair_011_07.obj,Chair_011,M,M,,0.9907574598663454,0.003177585253498934,108.19536464421058,7.166031255134405,0.11731512813241382,1.590198367434535,0.10607253801761186,1.1885370015499344,0.904081678589331,0.9510840877141937,1.2247448688915892,1.2174635787728183,0.2858957077786704,0.9733161913182036,0.0019048693266420294,0.0028025338763529753
Chair_011_08.obj,Chair_011,M,M,,0.9907575059894087,0.0031774121104827663,108.19590457440945,6.050917655626611,0.11627463855743175,1.0035913098037943,0.09389257333721894,1.1885332678380651,0.9040808262471025,0.9510839687654071,1.428869013706854,1.3769230160352672,0.47965646886729707,0.9733155339567539,0.0019997937150145226,0.0028023783566081253
Chair_011_09.obj,Chair_011,M,M,,0.9907574894544248,0.0031775209333542863,108.19571101038592,6.5612182794981155,0.12821814220351657,1.6018194073228649,0.09752301691566723,1.188531747393425,0.9040809034642594,0.9510836594307062,1.2247448688915892,1.2174643618701162,0.4738237324567131,0.9733157722421671,0.001934683252500387,0.0028024741300255586
Chair_011_10.obj,Chair_011,M,M,,0.9907574964684394,0.003177539101370138,108.19579311869019,5.527863593856116,0.12706855876950882,1.0029800427806235,0.08602797764293976,1.1885413610029159,0.9040815419465834,0.9510849333916208,1.2247448688915892,1.2174632773230218,0.4743062964202259,0.9733166383928741,0.0019347800751293783,0.0028024939627177814
Chair_011_11.obj,Chair_011,CA,SL,x,0.5973157538569034,0.2578826494401105,2.4833352920504654,2.3050654524074807,0.36317643011705003,2.046752932756724,0.8042275442017994,1.080081170950932,0.9692556204322622,0.9836684157789664,2.3318447626472034,3.79734215910105,0.32713585607040535,0.9874165388144313,0.1613935230413217,0.2479131332871612
Chair_015_01.obj,Chair_015,CA,CA,,0.8267788678590664,0.15460524745998758,5.772967695339641,4.140831080901881,0.21422406115773923,2.1692434721919787,0.37619988344094096,1.3353389391227344,0.760992184022198,0.6667904768082157,1.8317729535999847,2.0957457895487903,0.24900509650262334,0.8443387801323304,0.12713894006324844,0.09805177077934431
Chair_015_02.obj,Chair_015,M,M,,0.9733274681582585,0.018993441133391516,37.49175391120709,7.076022522806856,0.13175861752184598,2.768534652857842,0.18676945388795213,1.1086408066325102,0.7961449862591793,0.9475113327388538,0.880704845222851,1.3482776031192074,0.7199466039872054,0.9612935696661972,0.01153447990444047,0.014724678374933742
Chair_015_03.obj,Chair_015,M,M,,0.9733128508580601,0.019072398742778884,37.4712186258914,7.087570287739436,0.13154775639220584,2.7685522951023356,0.1870804492416691,1.0370454597914458,0.7965596546312459,0.9476069188682714,0.7761505251039231,1.330245799533752,0.72270737355316,0.9613826179332173,0.01096788803517511,0.014794317564395107
Chair_015_04.obj,Chair_015,SL,SL,,0.05132471192143439,0.9409961731065695,1.0541014534330595,6.205893493211235,0.1156853543737365,1.0458845493255553,0.4250487389051571,1.3899760972346413,0.6245284946386345,0.2380845326205313,2.7106194161682646,1.3046774519030415,0.13336545931249819,0.7416787152683899,0.8798103442916572,0.3637980926358605
Chair_015_05.obj,Chair_015,M,M,,0.9930009500202196,0.0024572545255084053,142.87653365651977,6.001902180122548,0.12757132356503564,1.2144721692734555,0.0735267970052334,1.217843803798569,0.9006460938546641,0.945815286781787,0.8058229633760295,1.3268727149491462,0.5748110615934935,0.9632210955399607,0.0014911246405033816,0.0021531581434226376
Chair_015_06.obj,Chair_015,M,M,,0.9930380495155209,0.002369656659612186,143.63790754173436,6.001288241927452,0.1275706704096245,1.2141491440194228,0.07352203299808201,1.336630223800343,0.9086711327431318,0.9436539249553794,0.8164965802610593,1.3263764265787923,0.5563525228914855,0.9628486341169937,0.0015320643264345613,0.002092575329198774
Chair_015_07.obj,Chair_015,M,M,,0.989877956169893,0.005631938788142621,98.79427680656048,11.502148696163788,0.08479971289222467,4.791122873565229,0.20084158631275043,1.231796250108486,0.8110863818189361,0.9476804948431611,1.2871918045951667,1.791198109529342,0.6555209254987192,0.9644532239599067,0.0038849695212292796,0.004448491396090848
Chair_015_08.obj,Chair_015,M,M,,0.9890784198538435,0.007764887810652748,91.56184239069862,16.638344748070036,0.05706453303864079,3.0760761403843553,0.1649134288220154,1.1231276062976399,0.7686595879831319,0.9636910783160922,0.6674238118355509,1.4236993599423047,0.6424259132057997,0.9733735141361418,0.0046791858537295365,0.005860199558794282
Chair_015_09.obj,Chair_015,M,M,,0.990206852224124,0.00528906272492351,102.112213854577,11.49989404096008,0.08481491641397708,4.789348387173995,0.20078863945106679,1.1995770301453577,0.8128778377130154,0.9473927044261131,1.3065491585238442,1.7903733832668631,0.6540982446502536,0.9643004985111685,0.0035923233168713717,0.004186272970991351
Chair_015_10.obj,Chair_015,M,M,,0.9897327452769643,0.007117508987534613,97.39701867493021,16.63476071921412,0.0570768375362261,3.07610428623166,0.16493125922333368,1.113452492531672,0.7710720150791477,0.9639057495932304,0.6799001029897075,1.4225825643265055,0.6604750887951883,0.973546407364014,0.004271674452187423,0.0053890673530156636
Chair_018_01.obj,Chair_018,SL,SL,,0.46225621659643157,0.5200158022636223,1.8596216839001727,5.702328603781587,0.1431452784024683,1.4584779220400392,0.8823290403550171,1.4801318294558656,0.9881910614089184,0.9241178471276772,1.4838379786411389,1.873561680842537,0.07793761521893154,0.9553415924759006,0.376785970173266,0.4943779981644016
Chair_018_02.obj,Chair_018,M,M,,0.9940011767253999,0.00047103931712189697,166.6993598950763,5.272000847035297,0.1811438069335859,4.065428983452926,0.20041990845234095,1.2481333024000267,0.7475750674669576,0.9418207972850184,1.8233692212762849,2.3423654464135986,0.47108386140733643,0.958828434665471,0.0003514857411418781,0.0003418937170724007
Chair_018_03.obj,Chair_018,M,M,,0.9940011933566113,0.00047100110594298445,166.69982205570886,5.272001377014451,0.18114379032606936,4.0654293921388645,0.20042001149722646,1.2481420841323683,0.7475750452504264,0.9418208192774059,1.8233692212762849,2.3423655847064992,0.4710876743104741,0.9588284597229313,0.0003514587658065007,0.00034186597602552815
Chair_018_04.obj,Chair_018,M,M,,0.9940010782854447,0.0004711476916948345,166.696624423885,5.272001377014451,0.18114379032606936,4.0654293921388645,0.2004214203964366,1.2481586048536033,0.7475674922170314,0.9418183020331193,1.8233692212762849,2.3423605105397085,0.47109362482639244,0.9588267070485892,0.0003515721717428883,0.00034196847374487287
Chair_018_05.obj,Chair_018,M,M,,0.9939906847442245,0.0004886020003545248,166.4083106704049,5.272000847035297,0.1811438069335859,4.065428983452926,0.20042250826066568,1.2453667490132212,0.7488858369334342,0.9417476234274346,2.0512903739358204,2.482212794022354,0.41613203507946583,0.9589787621542059,0.0003677975154719819,0.0003552496383497714
Chair_018_06.obj,Chair_018,M,M,,0.9924948158520325,0.006994514230850175,133.24123436338843,31.984161946294197,0.031126359983035062,11.193542853944702,0.811737401303847,1.2003526503299058,1.0,1.0,0.9428090393598413,0.8340376827307228,0.0,1.0,0.0036259131897828003,0.006994514230850175
Chair_018_07.obj,Chair_018,M,M,,0.9924948158520325,0.006994514230850175,133.24123436338843,31.984161946294197,0.031126359983035062,11.193542853944702,0.811737401303847,1.2003526503299058,1.0,1.0,0.9428090393598413,0.8340376827307228,0.0,1.0,0.0036259131897828003,0.006994514230850175
Chair_018_08.obj,Chair_018,M,M,,0.9813415051377293,0.017409691752880305,53.59489108746197,17.797146920258832,0.055558074585885936,7.129028569391705,0.7092215202771012,1.2028783522298376,1.0,1.0,0.9428090393598413,0.7472897327265631,0.0,1.0,0.00896495454525505,0.017409691752880305
Chair_018_09.obj,Chair_018,M,M,,0.9813415051377293,0.017409691752880305,53.59489108746197,17.797146920258832,0.055558074585885936,7.129028569391705,0.7092215202770976,1.202878352229838,0.9999999999999998,1.0,0.9428090393598413,0.7472897327265631,0.0,1.0,0.008964954545255054,0.0174096917528803
Chair_019_01.obj,Chair_019,OB,OB,,0.8936432431177443,0.06307044592013632,9.40231753312113,3.2289212446123083,0.2746993820146123,2.38939190209409,0.8468418202374044,1.1588805078032105,0.9885171588263874,0.9477817600565701,1.4413153656320399,2.73777057988908,0.13659350489005703,0.9718100104425055,0.038684808785314266,0.060718413121161975
Chair_019_02.obj,Chair_019,OB,OB,,0.8936425669364352,0.06307084715136958,9.402257756656091,3.228893042913763,0.27470126960755714,2.389371032922926,0.8468430374901107,1.158870575774269,0.9885177899857635,0.9477867317870048,1.4413153656320399,2.7377867222314944,0.13660087092217083,0.9718121102258009,0.038684780901977946,0.06071899314340892
Chair_019_03.obj,Chair_019,OB,OB,,0.9434007375805981,0.055520209209823354,17.668074763765745,27.924284052292233,0.03468067022417125,3.923161063038767,0.9895337646279541,1.2986781404025418,0.997344112339033,0.9963203691467154,0.8509916004283186,3.106686394497312,0.15050153154496387,0.9977803881777046,0.03412330933345783,0.055270878124644665
Chair_019_04.obj,Chair_019,OB,OB,,0.8124882327541757,0.14722081021777464,5.33299864156765,3.2094233798399783,0.26406405255961996,1.8405285022519051,0.8788695008437767,1.469371131061229,0.7618314586789424,0.8127425967865024,0.852910264370708,2.691817727007348,0.2462048295290792,0.8816193059176273,0.11475767890201433,0.10165628868303903
Chair_019_05.obj,Chair_019,OB,OB,,0.8483670931925028,0.1082801437907948,6.594874562877451,3.20944734864789,0.26406221798702867,1.8405285022519051,0.878876052512223,1.572163973896811,0.7810706937641777,0.8311168612627704,0.7670570778899984,2.5302794037977043,0.25153837953667124,0.8913282138215501,0.0868096595848119,0.07743284799573322
Chair_019_06.obj,Chair_019,OB,OB,,0.23022647475280514,0.7076601340073602,1.2990833890770694,3.397693464538457,0.2073178576265253,1.0376419665711265,0.9438750681477338,1.092914795245841,0.8534331001794836,0.8443573332485953,1.3097858015351997,2.244447255269702,0.13610621269218923,0.9023045780906435,0.45261284913684124,0.5569411206653319
Chair_019_07.obj,Chair_019,OB,OB,,0.24924241335629946,0.6862301440943714,1.3319878717050047,3.3976975966332654,0.20731773252445976,1.0376432284963202,0.9438755848068713,1.1411667814914814,0.9379729980364071,0.9147094115313534,1.3610670011380863,2.2451877812022887,0.1391211801978643,0.9461016491567309,0.4273493108687995,0.6162160475476399
Chair_019_08.obj,Chair_019,OB,OB,,0.8414178044079383,0.15764646044969172,6.3058781363602705,28.54511459391533,0.032241774586609796,2.361215996920177,0.9862348016402218,1.7510090396011713,0.97458957377233,0.9865723942713138,0.9592347420833659,2.712655154425342,0.34773008710331926,0.9899544766186876,0.12568107117352467,0.15260908401820197
Chair_019_09.obj,Chair_019,M,M,,0.9336624972277012,0.0019573104240648252,15.074429368079615,2.7714707719308227,0.3213947386546362,2.7714707719308187,0.7364511551975124,1.1107700873851438,0.968218753017878,0.918326812956142,1.1853345181666526,1.2016192707407014,0.18886105529715208,0.9523916804239562,0.0010874775610902683,0.0018177150394543533
Chair_019_10.obj,Chair_019,M,M,,0.9336625099371314,0.001957297738735478,15.07443225615102,2.7714707719308227,0.3213947386546362,2.7714707719308187,0.7364511579179045,1.1107682812406166,0.9682187529974531,0.9183268130407409,1.1853345181666526,1.2016192730472883,0.1888610550925087,0.952391680503247,0.0010874692760173895,0.001817703258884545
Chair_019_11.obj,Chair_019,M,M,,0.9336624977626928,0.0019603106050273687,15.074429489650255,2.7714707719308227,0.3213922410347782,2.771262286165674,0.7363653069182345,1.110736415719594,0.9682187565584489,0.9183268112463668,1.1853345181666526,1.2016192228337002,0.18886104507334125,0.9523916790421855,0.0010891213462551552,0.0018205012525373326
Chair_019_12.obj,Chair_019,M,M,,0.9336625104733378,0.001960297917269026,15.074432377997729,2.7714707719308227,0.3213922410347782,2.771262286165674,0.7363652080193295,1.110734609505447,0.9682187565380242,0.9183268113268835,1.1853345181666526,1.2016192250289242,0.18886104487655325,0.9523916791169845,0.0010891130580300476,0.0018204894697079225
Chair_019_13.obj,Chair_019,M,M,,0.9977819879850014,0.0012727727693513107,450.8541852964596,28.666301742082563,0.03477917802807164,14.389527039257848,0.946569110632163,1.1408301800159917,0.9982361185795835,0.9998390587019734,1.2567574345444092,2.1647933371306087,0.7244863440466532,0.9998736216820946,0.0007781714129688111,0.0012704255089184793
Chair_019_14.obj,Chair_019,M,M,,0.9977420096648566,0.0013246731670778346,442.8716918916484,28.670106161688437,0.03477456853791775,14.389527039257848,0.9465898325761353,1.1847237955458163,0.9814426190969288,0.9982255901791607,1.268670093594998,2.164789909492909,0.7134717198720189,0.9986098325429423,0.0008365270699737904,0.0012989372556890053
Chair_023_01.obj,Chair_023,SL,SL,,0.06265191604268704,0.900365078731655,1.0668395413769436,2.848212813763659,0.25210379975298447,1.106842323010677,0.3153937296376741,1.2051463212604092,0.8153972379316244,0.6580411266507192,1.1682023187682524,2.468371880192803,0.11271811308845293,0.826676713178408,0.6473666818004203,0.6086297560860211
Chair_023_02.obj,Chair_023,CA,CA,,0.6127653347478528,0.3820720203749827,2.58241342971766,2.584162167225655,0.2676569462269092,1.031132113379245,0.1334638748036244,1.054777290920277,0.5703721698146079,0.36628724818811187,1.1000381962321728,2.6152980319474617,0.30451696867318895,0.7511531146327033,0.3035575862303079,0.14887287692580187
Chair_023_03.obj,Chair_023,CA,CA,,0.6155116334251208,0.379307605963982,2.6008589256097028,2.584158732705292,0.2676572442617854,1.0311318375658953,0.1334636447426675,1.0321145099305506,0.5706171305153579,0.3672279784305402,1.0983780387062463,2.6152866973553257,0.3044184279008254,0.7513242199295669,0.298215749637509,0.14796101375583515
Chair_023_04.obj,Chair_023,SL,SL,,0.14406064232220528,0.8462388883390024,1.1683070664170874,8.17086420474984,0.09133928331874232,1.1320083139381463,0.5674051474625278,1.3429499652193981,0.8375203807976075,0.7210312213318126,0.8024471691362576,2.227771679177137,0.12815019013270798,0.8502709892938943,0.6152069119332804,0.6098838268638983
Chair_023_05.obj,Chair_023,CA,CA,,0.4305140895418016,0.035317438827221354,1.7559696941300325,1.117537228244712,0.5450156358592149,1.0570889843957152,0.4484123085307723,1.1620554026089078,0.7180520891232355,0.7341478249794942,0.5409428833792654,2.7005623528269798,0.08287470899217911,0.8578534786769844,0.02375673339820518,0.021988786958018494
Chair_023_06.obj,Chair_023,M,M,,0.9895770381438985,0.005873227433573328,95.9420185745001,1.0931224376265642,0.5592371908492229,1.0917238153868822,0.028896182408348736,1.0241323274563088,0.8718057449875899,0.9037312950355039,1.027051845355633,3.6665045559817533,0.3638213728284401,0.9484258095615814,0.0034747526812534775,0.00487385044731634
Chair_023_07.obj,Chair_023,M,M,,0.9895776491625149,0.005876478297393319,95.94764325173031,1.0933082887941525,0.5592024101452387,1.0919141071146412,0.028902868686520703,1.0235975100877164,0.8720411410586091,0.903808508232742,1.0273079360827464,3.6662648571077954,0.36509786830823726,0.9484729142274682,0.0034755936950234636,0.0048780627068180545
Chair_023_08.obj,Chair_023,M,M,,0.9895892645790005,0.005859972811457174,96.0546935024691,1.0931207051439846,0.5592385548137182,1.0917285150129243,0.028896248439244945,1.023502985665098,0.8717867781551586,0.9037287613103804,1.027051845355633,3.666501771239001,0.3624238782687047,0.9484242351971832,0.0034652417920773013,0.004862738938808739
Chair_023_09.obj,Chair_023,M,M,,0.9895750419363606,0.00586923636522279,95.9236472602443,1.0929355117423674,0.5592732097821546,1.0915388768132377,0.028889597259860476,1.024033581246117,0.8713516100632992,0.9036536355460943,1.0265402379290554,3.6667403010345225,0.3651686648023311,0.9483696425693404,0.003473174531720081,0.004867802782858696
Chair_023_10.obj,Chair_023,CA,SL,x,0.3326261460355566,0.5203858277170742,1.4984105146754045,1.2690683666433813,0.5057379901693598,1.1133831479135108,0.33953413116026265,1.217264365707266,0.8087596933368533,0.59310483250658,1.2009766590870772,0.5673304413351077,0.028434599255069803,0.8052439898998252,0.3459882644574964,0.3352426914400945
Chair_026_01.obj,Chair_026,SL,CA,x,0.7611462155459634,0.2298513249389545,4.186661736531685,5.144127664920655,0.17092026981837585,1.9772795492288535,0.3658951232590321,1.1355104709178725,0.8983228690403383,0.8415782355474674,1.4059992802151093,1.1402574014798945,0.2710780855037963,0.9065436454440541,0.14094420858918277,0.1901251831297562
Chair_026_02.obj,Chair_026,SL,SL,,0.3597933212517233,0.6209210186908077,1.561995576107893,5.489915847885692,0.13276689329463084,1.0852132688031622,0.47574657634439016,1.0767745159313582,0.9409523271766964,0.8339204497991549,1.8803761124614626,0.8000891368542996,0.07242853003548302,0.9049983190037356,0.3632992898809099,0.5357405012111158
Chair_026_03.obj,Chair_026,SL,SL,,0.41322610056197695,0.5792848862842979,1.7042339493241911,7.587083469643149,0.09932595868105326,1.159746637901104,0.5245029191454348,1.0200381022794027,0.9540630349973251,0.8818533257204303,1.948016053637141,0.7586416957897858,0.20108004581984618,0.9281661254861026,0.3243226751690196,0.5200259816768702
Chair_026_04.obj,Chair_026,M,M,,0.9982477595084823,0.00013832504920022624,570.6979178032637,6.1014448878907785,0.1594926860915249,5.860910325589774,0.0352803838932611,1.621939510898327,0.9742660427386294,0.9856713143945427,0.8369739502871117,2.855182018224925,0.44050757765402776,0.9920345213213048,0.00010368022519802212,0.0001337998927845923
Chair_026_05.obj,Chair_026,M,M,,0.9978187781683024,0.00024311794750303306,458.45864252209765,6.110512905881534,0.1592537229169277,5.84988433741279,0.035269728470704365,1.5076511884269772,0.9921083216565789,0.9864315907005734,0.7575540187916261,2.8550613488929186,0.44696168268705966,0.9927055767757058,0.00017029381878660985,0.00023956299318561222
Chair_026_06.obj,Chair_026,M,CA,x,0.8348954680929267,0.16450244884204643,6.056768935711327,5.8498610057954465,0.14670709823983644,1.7447811284096029,0.15789676091950577,1.3188539524630212,0.754384618939282,0.8071665365245693,0.7355798653365039,2.792543359744155,0.10736097431528069,0.8865432759083365,0.11771968475381676,0.11213298231057306
Chair_026_07.obj,Chair_026,SL,SL,,0.3243834840445775,0.6748601440674764,1.4801295947976725,25.7609651703553,0.02873819647455153,1.102269142528713,0.8615334030604044,1.0698696673448458,0.9328190556771293,0.8267581658588187,0.748892988182699,2.0462086290917827,0.05213161683912412,0.9079400764490919,0.3894756531675606,0.5749925944991742
Chair_026_08.obj,Chair_026,SL,SL,,0.32372938107367094,0.54811917978917,1.478697982750168,1.7634931840995125,0.37291069738422333,1.0046626753710564,0.42091351504876073,1.099141193196588,0.9310482349727839,0.8140331844884237,1.5650160898458485,0.8157504163078455,0.06466982052703275,0.8954259465233475,0.31858641396309606,0.46287360061555477
Chair_027_01.obj,Chair_027,SL,SL,,0.14385302721621884,0.8356743307336004,1.1680237526829518,4.166396165332343,0.20694109613072,1.8647244078224305,0.32759942889897603,1.3119359435543996,0.8448986105731909,0.8192249728593772,0.7407971971213385,1.2825726290426211,0.6197571726445458,0.88810172086842,0.5667110315621432,0.6422410657821203
Chair_027_02.obj,Chair_027,M,M,,0.9918369824984443,0.006598414020027922,122.50371873014868,11.366674907422345,0.08714083780276215,9.312456550878295,0.24434418519814424,1.2110275345407575,0.638191616363871,0.8737119330588742,1.226170107985762,4.239931902061567,0.1459827451703028,0.9194401690218144,0.004775015438213065,0.003945149668312654
Chair_027_03.obj,Chair_027,M,M,,0.9918136611041217,0.006626509176221639,122.15472786050086,11.366674907422345,0.08714083780276215,9.312456550878295,0.24434418659117407,1.1980385230136348,0.639204283719393,0.873951451799198,1.241392226012465,4.268144485689319,0.14529884066355675,0.9195868827301911,0.004769013318271558,0.003968741571660892
Chair_027_04.obj,Chair_027,SL,SL,,0.009747206298242399,0.9864285475118019,1.009843149506649,12.651398649171439,0.056486023957023054,1.0249649527316307,0.8501053528308642,1.2403689462733267,0.8421475766452134,0.65736342439334,7.5261898130341445,0.5763427521124498,0.014659629769062354,0.8311997977195336,0.6889430827030835,0.6884011550322123
Chair_027_05.obj,Chair_027,M,M,,0.9556410264080302,0.03868764557043217,22.543352990910723,5.700999089663582,0.13773106426176576,1.3006000728292448,0.24559080191854155,1.1795739869412813,0.7075900890233339,0.6600935497415107,0.9148600991184618,3.711573811319075,0.03740450551716737,0.8450049607881531,0.02773502981105176,0.022722525957659886
Chair_027_06.obj,Chair_027,M,M,,0.9556410264080305,0.0386876455704319,22.54335299091087,5.700999089663582,0.13773106426176576,1.3006000728292448,0.24559080191854113,1.179577883940441,0.7075900890233339,0.6600935497415106,0.9148600991184618,3.7115738113190746,0.037404505517168944,0.8450049607881528,0.02773508257905436,0.022722525957659726
Chair_027_07.obj,Chair_027,M,M,,0.9934964055634536,0.002295616266705655,153.76112544474077,10.805599734705336,0.09107774581658401,6.467635302118212,0.363185455660483,1.0687589520031078,0.7684107359984037,0.9263803606370202,1.2018504248768853,3.3528548616229292,0.34695070746447987,0.9484692849393519,0.0014650776052346007,0.0016990445397743602
Chair_027_08.obj,Chair_027,M,M,,0.9935093850147052,0.0022916521419496425,154.0686055581976,10.805599734705336,0.09107774581658401,6.467635302118212,0.36318545566048344,1.0687286522146637,0.768242908962992,0.9263462978281244,1.2015295463704057,3.352854861515615,0.3469506222527823,0.9484459161242504,0.001462593145754143,0.0016957101606145898
Chair_027_09.obj,Chair_027,M,CA,x,0.769598346005165,0.227841342212196,4.340246620025158,4.128623312602966,0.2127998742911443,2.0547208936719903,0.23858446557137258,1.4332700461865362,0.8890471682983089,0.794314380432533,0.6456430731999989,2.608633395260281,0.09636801997455499,0.8934039909175179,0.16366770327468852,0.18172968572063822
Chair_027_10.obj,Chair_027,M,M,,0.7691359819408844,0.2282995005933275,4.331554169447163,9.164011573812754,0.09632771077302274,1.9195782674758937,0.49473090654563096,1.4331377121650537,0.8890478776321217,0.7943179067609039,0.6453429037212918,2.6086342541924354,0.09630500320104132,0.8934047149523309,0.1639812037917904,0.18209562289918957
Chair_027_11.obj,Chair_027,M,M,,0.7283206817022256,0.2686621950310886,3.6808101782083766,12.744861625886518,0.06807448955263885,1.761334041697902,0.7432108487843899,1.4192839298890778,0.8890903385179834,0.7904703912266436,0.6453857594442627,2.537756492392084,0.09512436124420451,0.8920768708652941,0.1918728981560247,0.21384032091604321
Chair_027_12.obj,Chair_027,M,M,,0.7691359819927226,0.2282995005424417,4.331554170419772,9.164011573812754,0.09632771077302274,1.9195782674758937,0.494730906545631,1.4331261664032082,0.8890480729372056,0.7943180146248933,0.6453429037212918,2.608634254188786,0.09630499975275165,0.8934047823720028,0.16398026446604913,0.18209567380770877
Chair_028_01.obj,Chair_028,M,M,,0.9538462634428024,0.021106822836542315,21.66671811631789,5.090376709827083,0.18700167541609294,3.9222832544605306,0.40822685277382953,1.1307073930306075,0.723461974494489,0.6996189237262198,1.7080336401317557,3.474530055575822,0.21664121854333995,0.862917121558132,0.01569831987091644,0.0129765766516865
Chair_028_02.obj,Chair_028,M,M,,0.9922353057446139,0.006329366919348922,128.78807163671826,9.267775992075089,0.10624669556065244,7.11821430125753,0.16377557941048385,1.0830450941007084,0.652816821539453,0.8806303098766249,0.9804777646716295,3.642945388374142,0.19096124667193637,0.9222006027104372,0.004185130702318294,0.0038853043570761334
Chair_028_03.obj,Chair_028,M,M,,0.9922353057446137,0.006329366919348948,128.78807163671664,9.267775992075089,0.10624669556065244,7.11821430125753,0.16377557941048385,1.0833110763514413,0.6528168215394535,0.880630309876625,0.9804777646716295,3.6429453883741423,0.19096124667193184,0.9222006027104372,0.004185719927058931,0.003885304357076154
Chair_028_04.obj,Chair_028,M,M,,0.9566954787743145,0.03938467822578437,23.09227701163546,1.6934866050550763,0.3980269884537173,1.0832076388388803,0.04256487592102211,1.13957150662968,0.6960928126500772,0.7361638620869102,0.9082249355532044,3.427130476759955,0.07546983112813262,0.8682613554296479,0.0272199557106081,0.023798805942853433
Chair_028_05.obj,Chair_028,M,M,,0.9630514124226845,0.032956121355547145,27.064634010901315,1.7451044862655634,0.38795003630573416,1.0824973560688298,0.041967574322988775,1.1127026018328874,0.6840423090729464,0.7462307624436121,0.9578949439994303,3.522805203618073,0.08129155194856212,0.8710898204644139,0.022604071801881214,0.019682973001553163
Chair_028_06.obj,Chair_028,SL,SL,,0.09403864395362388,0.8954075222402769,1.1037998401649216,9.582356655808548,0.07452638037666241,1.0260224949858197,0.6426774352406903,1.0046276798212896,0.8507118040087011,0.6701796464019689,4.055773746838586,0.6434272588011423,0.021644698468710886,0.8356886196176896,0.5504355322616881,0.6361161014178635
Chair_028_07.obj,Chair_028,M,M,,0.9905731844883062,0.0017630924685498631,106.08036178907493,8.70715465043073,0.11248974488671454,5.854139052756175,0.26764722963328846,1.0095149129848429,0.8626102872900591,0.9458124903667414,0.9743589741091387,2.8148296703935607,0.45212078576115167,0.9615213554618017,0.00102457159788674,0.0014796558467828607
Chair_028_08.obj,Chair_028,M,M,,0.9905731844883066,0.001763092468550086,106.08036178907652,8.70715465043073,0.11248974488671454,5.854139052756175,0.2676472296332885,1.0095150214261825,0.8626102872900591,0.9458124903667415,0.9743589741091387,2.814829670393561,0.4521207857611358,0.9615213554618021,0.0010245716648041062,0.0014796558467830478
Chair_029_01.obj,Chair_029,SL,SL,,0.12885513837877594,0.838943109461059,1.147914708626767,2.8058120601269003,0.26084853104852623,1.16262378822779,0.36282454811912085,1.1007035768645603,0.951618972535053,0.8608231426350198,4.726924528608287,0.6936177143064659,0.06615572189811862,0.922571860237857,0.4918410337424022,0.7427979669334833
Chair_029_02.obj,Chair_029,SL,SL,,0.01714674622902984,0.9804307332026364,1.0174458864158404,9.434715819905668,0.07483397226540395,1.0025952368821631,0.3822578449797716,1.3014137988024723,0.8890392461997179,0.7315158530676884,5.523609679962397,1.9615026166582057,0.025267088653708542,0.8632468705821958,0.7468337556095035,0.7546304511429002
Chair_029_03.obj,Chair_029,M,M,,0.9425100992173002,0.041987484448869364,17.394359468032334,3.270540475405916,0.27611744718043746,2.744679071318413,0.31548299605328295,1.4745512672418222,0.9889056507650698,0.9798736974347548,0.6021679433693562,1.9617363936753327,0.4750532403739893,0.9864135588307309,0.028610473750221816,0.04110382188044284
Chair_029_04.obj,Chair_029,M,M,,0.9918978524268567,0.0027235458603641124,123.42406639372945,6.1882566086402235,0.1558158635278309,4.49648540709986,0.20969154870126516,1.503268079567332,0.9935722801010035,0.9835472996020944,1.238206968788762,2.8112305494325143,0.3241042926388713,0.9903051209326277,0.0019662005456065165,0.002683778840460309
Chair_029_05.obj,Chair_029,M,M,,0.9341540313663567,0.04973378159289525,15.186958605814315,1.9714996667921842,0.3421125847118315,1.030913509609103,0.09416407936491417,1.4158550555480443,0.6454429508117867,0.7041208932684646,0.857235690480835,2.6637536487144433,0.35268923614021797,0.8520522520787986,0.0406996832478316,0.027351411928113842
Chair_029_06.obj,Chair_029,M,M,,0.9425100992173002,0.041987484448869364,17.394359468032334,3.270540475405916,0.27611744718043746,2.744679071318413,0.31548299605328345,1.474551267241721,0.9889056507650698,0.9798736974347548,0.6021679433693562,1.9617363936753327,0.4750532403739893,0.9864135588307309,0.028610473750220335,0.04110382188044284
Chair_029_07.obj,Chair_029,M,M,,0.9918978524268567,0.0027235458603641124,123.42406639372945,6.1882566086402235,0.1558158635278309,4.49648540709986,0.2096915487012659,1.5032680795673319,0.9935722801010032,0.9835472996020944,1.238206968788762,2.8112305494325143,0.32410429263887125,0.9903051209326277,0.0019662005456065165,0.002683778840460308
Chair_029_08.obj,Chair_029,M,M,,0.9341540313663567,0.04973378159289525,15.186958605814315,1.9714996667921842,0.3421125847118315,1.030913509609103,0.0941640793649143,1.415855055548028,0.6454429508117867,0.7041208932684646,0.857235690480835,2.6637536487144438,0.3526892361402179,0.8520522520787986,0.040699683247831325,0.027351411928113842
Chair_029_09.obj,Chair_029,M,M,,0.9909078999146645,0.005110248766755532,109.98559085509568,6.728909023234089,0.14423530647928634,5.029605216610703,0.2992507208724207,1.7854923329092987,0.9643568618340984,0.9525315393064882,1.1314714291803287,2.6127165311160376,0.37207229368390493,0.9734918432053369,0.004245998486793766,0.00481113872111509
Chair_029_10.obj,Chair_029,M,M,,0.9722447647461478,0.014328481623155184,36.0292388391915,2.267438908205505,0.34809141048884357,1.5603223677120044,0.09862613931636648,1.9351409806385578,0.6174664607527585,0.7060668031670956,1.1370704868258819,2.4659430658896397,0.30568357423612785,0.8520880618746097,0.014631446661526847,0.0075470908966749455
Chair_029_11.obj,Chair_029,M,M,,0.9945697272384607,0.00029335781142155967,184.15281219062035,3.7093643659205093,0.24638786246716343,2.833982397808754,0.0776426378646429,1.4619275713549356,0.9840901742632214,0.9786734922945397,1.4299233717851974,2.8317921842279925,0.388311086317513,0.9870741107786247,0.0002128737464535903,0.0002856121592529419
Chair_029_12.obj,Chair_029,M,M,,0.9909078999146645,0.005110248766755532,109.98559085509568,6.728909023234089,0.14423530647928634,5.029605216610703,0.2992507208724207,1.785492332909292,0.9643568618340984,0.9525315393064882,1.1314714291803287,2.612716531116037,0.372072293683905,0.9734918432053369,0.004245998486793754,0.00481113872111509
Chair_029_13.obj,Chair_029,M,M,,0.9722447647461478,0.014328481623155184,36.0292388391915,2.267438908205505,0.34809141048884357,1.5603223677120044,0.0986261393163664,1.9351409806385826,0.6174664607527587,0.7060668031670957,1.1370704868258819,2.4659430658896397,0.30568357423612785,0.8520880618746097,0.014631446661526966,0.007547090896674949
Chair_029_14.obj,Chair_029,M,M,,0.9945697272384607,0.00029335781142155967,184.15281219062035,3.7093643659205093,0.24638786246716343,2.833982397808754,0.0776426378646423,1.4619275713549251,0.9840901742632215,0.9786734922945397,1.4299233717851974,2.831792184227993,0.38831108631751293,0.9870741107786245,0.00021287374645358919,0.00028561215925294197
Chair_032_01.obj,Chair_032,CA,SL,x,0.8915093175186036,0.07955693496494808,9.217381411267818,2.9007986074449392,0.30401021693591457,2.4470146420143926,0.5343594431945126,1.1447462383051623,0.9603218324931787,0.9130481142905417,2.57753334719126,3.073572702570511,0.2584145225010031,0.9481687105383294,0.05274346976384814,0.07307868816684202
Chair_032_02.obj,Chair_032,M,M,,0.9972411217932121,0.0015805824797758027,362.4661637978524,26.19359958289126,0.03625575374814374,3.0521161113318356,0.17445571020645065,1.2284737844058278,0.9523318456802696,0.9672668286782997,2.279165326815128,3.398463516125063,0.10234442691785822,0.9805289601036393,0.0010658271663195322,0.0014806034066867223
Chair_032_03.obj,Chair_032,M,M,,0.9972411217932128,0.001580582479775187,362.4661637979335,26.19359958289126,0.03625575374814374,3.0521161113318356,0.17445571020645048,1.2284781969609337,0.9523318456802743,0.9672668286783003,2.279165326815128,3.3984635161250627,0.10234442691785318,0.9805289601036395,0.001065829607361667,0.0014806034066861533
Chair_032_04.obj,Chair_032,SL,SL,,0.3139297084710515,0.6856359700231898,1.4575765957904747,13.463854487396501,0.05341843968547628,1.038240569502236,0.432942803711318,1.5710048905486937,0.8621386967065312,0.8105765658932521,4.2257712718568685,3.6470205446401844,0.033963119734962396,0.8871603223731019,0.5817027907211347,0.5351279458422528
Chair_032_05.obj,Chair_032,M,M,,0.988532638150963,0.006179158214159761,87.20401546268833,7.960089196523373,0.12310458999991053,6.248378786161371,0.2410791716225155,1.6011582086802751,0.9616290898581921,0.9828774080639614,1.6876318494903015,2.291536901511335,0.41276237025135915,0.988903265590974,0.004917142498502364,0.005891186569895972
Chair_032_06.obj,Chair_032,M,M,,0.988532638150963,0.006179158214159763,87.20401546268785,7.960089196523373,0.12310458999991053,6.248378786161371,0.24107917162251566,1.6011808270469534,0.9616290898581917,0.9828774080639607,1.6876318494903015,2.291536901511335,0.41276237025132556,0.9889032655909736,0.0049171914153655445,0.00589118656989597
Chair_032_07.obj,Chair_032,M,M,,0.9029223513740666,0.011600557339428495,10.301032360719294,5.3141244921828585,0.17864814034077697,3.6730857868180045,0.4179419103243854,1.368827360485425,0.8328814588316862,0.8931843938492108,1.209415794769128,1.6740553901831239,0.5306894419501847,0.9326911416819671,0.008442037356166313,0.009145868848659958
Chair_032_08.obj,Chair_032,M,M,,0.9007092397340558,0.012962993244660706,10.071430587496664,5.3141244921828585,0.17864814034077697,3.6730857868180045,0.4179419103243854,1.3733386699057892,0.8349592833067452,0.9008826985733072,1.1917591420477553,1.675838765416506,0.5353979857489859,0.9373146610288859,0.009415371651746543,0.010287169947200704
Chair_032_09.obj,Chair_032,OB,OB,,0.9370411348832083,0.043310162360170656,15.88338668658805,7.628426813318372,0.12669169315479767,4.3261342771082605,0.8719886773818422,1.2386198660400092,0.9998925348353754,0.9995034371265141,1.1338934168848245,0.9525658488928869,0.7338668557538701,0.9996119833206278,0.025380356846488046,0.04329475607269102
Chair_032_10.obj,Chair_032,M,M,,0.9809039811069978,0.014177473086199967,52.366936040585635,10.442872736876895,0.09453800373239266,7.708344281335599,0.6067436366644605,1.855113108405833,0.9999999999999999,1.0,0.5773502683562924,0.7269507739720527,0.0,1.0,0.010211723983303111,0.014177473086199965
Chair_053_01.obj,Chair_053,CA,SL,x,0.09834972486967627,0.8328458421739638,1.1090774633824942,1.7389599984532953,0.39900113677309773,1.1574177808127168,0.3171910786481909,1.4548851422173736,0.9314039751789955,0.8629973900547538,0.823173444731994,2.1968207666413195,0.14500146653873297,0.9171188476552907,0.5944146152833509,0.722578374748398
Chair_053_02.obj,Chair_053,CA,CA,,0.655528057878795,0.32695079407448724,2.9029940547313284,4.110061219575169,0.1852250174904741,1.2251190970040564,0.39228739046267697,1.9759108792997497,0.5387792185850299,0.2372487917847993,0.81726912004732,2.5162141915238116,0.21881787562274568,0.7316311045673519,0.36949887619794364,0.10897334330576863
Chair_053_03.obj,Chair_053,CA,CA,,0.6555280578787944,0.3269507940744877,2.9029940547313244,4.1100612195751705,0.1852250174904741,1.2251190970040566,0.3922873904626767,1.9831724780947797,0.5387792185850299,0.23724879178479885,0.81726912004732,2.516214191523811,0.2188178756229482,0.7316311045673519,0.37032984112024736,0.10897334330576873
Chair_053_04.obj,Chair_053,SL,SL,,0.041319540223182086,0.9480758115781274,1.0431004301814388,3.9385846827957085,0.18518895147436784,1.1075346900037566,0.32771128818002926,1.310878793659366,0.8765841177337911,0.7090573455659601,2.0780474332971095,1.9152926114870559,0.031632339809007336,0.8537713485500813,0.7310095624424827,0.7101716049442898
Chair_053_05.obj,Chair_053,M,M,,0.9892521562226917,0.007936048016829232,93.04191805527479,9.398325540790518,0.10107809968328488,3.2142249306074078,0.1806658858214451,2.0166101581046583,0.9754229282823299,0.9552383264819314,0.8550542814377926,2.2567154753256973,0.42254156705195156,0.9756398754996869,0.007051189319889999,0.007567753066693649
Chair_053_06.obj,Chair_053,M,M,,0.9857829736855086,0.0024403059839721796,70.33819716431545,5.586923222982532,0.16717549080298633,2.9579577547936795,0.2481229639932515,1.531018387283798,0.9492771720240458,0.9678258394141488,1.225382592830872,3.3064391001943156,0.2731373488931929,0.9794477547040181,0.001813083623569207,0.00227926061129593
Chair_053_07.obj,Chair_053,M,M,,0.9892682277257476,0.007924695643588421,93.18125417163556,9.374174547129826,0.10133584663598996,3.2142274259132857,0.18027991724127393,2.021515456444189,0.9726194796353881,0.9548000059190477,0.8168053333459342,2.34289425999035,0.417906754318243,0.9753130531213128,0.007027432000114099,0.007533519054166089
Chair_053_08.obj,Chair_053,M,M,,0.9857735232037834,0.0026988921177722876,70.29147232468074,5.586985555790563,0.16717367872997432,2.9579579221231387,0.24812340782022918,1.3541883887504012,0.947641867580136,0.967606217913573,1.2718858131219335,3.3642104470966028,0.2701096230631716,0.9792874028990278,0.0018465316780367726,0.0025161582709950776
Chair_053_09.obj,Chair_053,M,M,,0.9606944705729971,0.036397575708314735,25.44171302556765,10.179892954484846,0.09559658297730084,4.649151035929418,0.51311651348821,1.5327505103488215,0.9076680999842204,0.857140469401475,0.8565967319921671,2.3520075905544946,0.2555366975636821,0.9261846463224883,0.02748900745306493,0.030677099060589418
Chair_053_10.obj,Chair_053,M,M,,0.9821498216152692,0.003518063558468556,56.021849106788956,5.944009274940013,0.15910347979137465,3.3370596492142934,0.2710770681327763,1.9653251726014362,0.9687743414144717,0.9471825117521601,0.9733285263898385,2.20071352914931,0.4053893346061658,0.9705029579888496,0.0031172955476053837,0.0033182031688391914
Chair_053_11.obj,Chair_053,M,M,,0.9675978335425987,0.015150469901689603,30.86213390432986,2.133832325622338,0.3799988044209825,1.8217194832435444,0.07428087426458735,2.0170605011846776,0.6525636162685605,0.7720928952610818,1.1979789574245594,2.5110591082078773,0.3856241567984253,0.880247396909271,0.015580600321753135,0.008760027059766183
Chair_053_12.obj,Chair_053,M,M,,0.9878970963198508,0.00074206796895252,82.624800331119,2.649181914718893,0.31930223058638807,1.9799873625952524,0.10177968042218119,1.170170782790097,0.9479183974775055,0.9513403896399089,1.5108475536322539,2.9385610872890275,0.4169641840521281,0.9715540917234866,0.00047859599111728547,0.0006863058113099332
Chair_053_13.obj,Chair_053,M,M,,0.9821498216152692,0.003518063558468556,56.021849106788956,5.944009274940013,0.15910347979137465,3.3370596492142934,0.2710770681327771,1.965325172601419,0.9687743414144716,0.9471825117521601,0.9733285263898385,2.20071352914931,0.4053893346061658,0.9705029579888496,0.0031172955476053625,0.003318203168839191
Chair_053_14.obj,Chair_053,M,M,,0.9675978335425987,0.015150469901689603,30.86213390432986,2.133832325622338,0.3799988044209825,1.8217194832435444,0.07428087426458738,2.0170414529125242,0.6525636162685607,0.7720928952610818,1.1979789574245594,2.511059108207877,0.38562415679842527,0.8802473969092711,0.015580600321753131,0.008760027059766187
Chair_053_15.obj,Chair_053,M,M,,0.9878970963198508,0.00074206796895252,82.624800331119,2.649181914718893,0.31930223058638807,1.9799873625952524,0.10177968042218132,1.1701707827900965,0.9479183974775055,0.9513403896399089,1.5108475536322539,2.9385610872890267,0.4169641840521281,0.9715540917234868,0.00047859599111728536,0.0006863058113099332
Chair_053_16.obj,Chair_053,CA,SL,x,0.1839132436728236,0.582283438750962,1.225359917002355,1.346873103376715,0.4713482301032625,1.0369746599528535,0.5280521629699657,1.5574682941464144,0.9054641595574617,0.8102508302327571,0.7955607710770699,2.1069712881211284,0.11724895352543771,0.8960560688164834,0.4451274762464685,0.4772154134287323
Chair_055_01.obj,Chair_055,SL,SL,,0.32439079651358005,0.6726653633837176,1.4801456150085317,3.5829479160603013,0.2155980422145609,1.2932260203861923,0.25368227228307766,1.085065008529916,0.9862540103849725,0.9782324523807884,0.6747332576152415,2.6305850162558198,0.13391282803442836,0.9849051796515843,0.3601088391537147,0.6561984109019398
Chair_055_02.obj,Chair_055,SL,SL,,0.03001408545398624,0.9654825005028763,1.030942805460997,9.117669806200475,0.07753071391954854,1.0054724536478803,0.7420227518759449,1.2858376974093062,0.8557549314951207,0.8849594644450067,0.5376881386263106,2.460392411088807,0.20301297755085898,0.9212974382120156,0.6320749465797955,0.7786922218702323
Chair_055_03.obj,Chair_055,M,M,,0.9972036199072821,0.00030854317325556836,357.60517770952276,17.216624778741703,0.05783231606433759,13.699749257720608,0.7531617342706121,1.419462035095979,0.9998915894076852,0.9981873905081479,1.3127849225236041,2.6506650308756345,0.4779963037478044,0.9989531422482609,0.00021595248993650428,0.0003082301200804594
Chair_055_04.obj,Chair_055,M,M,,0.9972091825143553,0.0002977993487742068,358.31794989946343,17.216624778741703,0.05783231606433759,13.699749257720608,0.753161734270612,1.4194615229418235,0.99988904245262,0.9981585015698315,1.3127849225236041,2.6505818140996733,0.47857735327089873,0.9989427836583205,0.00020844341049627277,0.0002974921375966139
Chair_055_05.obj,Chair_055,M,M,,0.9971340782084244,0.0002945563493702906,348.92787477287555,16.90646563084579,0.0580920195360608,5.486460597819399,0.30963993869848877,1.4598740022122214,0.9982262644006904,0.9903642761037796,1.299038104739158,2.6301526710849936,0.3359873941919943,0.9953169317223979,0.00020862114218261267,0.0002926172696248465
Chair_055_06.obj,Chair_055,M,M,,0.9971340761510292,0.00029453603835997863,348.92762428382,16.90646563084579,0.0580920195360608,5.486460597819399,0.3096401100753801,1.4598759331761715,0.9982279136507979,0.9903639104570371,1.299038104739158,2.630150292817476,0.3360640971599903,0.9953169256759997,0.00020860798561614518,0.0002925975219935732
Chair_064_01.obj,Chair_064,SL,OB,x,0.7173348803548878,0.23459725775887996,3.5377552110257193,2.8591740252086653,0.28806433833337997,1.6859362683839993,0.5058645139622103,1.0949928224048802,0.8783529148672827,0.6909061792368025,2.1506670425732333,0.2631339120779435,0.06049190820773194,0.8492777613571955,0.14490795877029092,0.17421337474824186
Chair_064_02.obj,Chair_064,SL,SL,,0.48381863711491657,0.48137571788146466,1.9373035756472132,4.372270673518303,0.17187496054957466,1.1797786811620872,0.5881516849044127,1.0985959839490251,0.8347677825250954,0.6084384144666366,1.71977847274387,0.1413361893821844,0.0418254879156254,0.8165478110481214,0.3002878750203981,0.3231649857881673
Chair_064_03.obj,Chair_064,M,M,,0.9326178090635887,0.06648061762184784,14.840716606314,7.328101815379581,0.13149549622386247,4.140593712367582,0.11989611350088192,1.1412302244662806,0.5415179501448593,0.7204172316133832,0.6999999992999999,1.1834382894311593,0.6197240880689862,0.8528466714497509,0.04706906817485738,0.0309678953523493
Chair_064_04.obj,Chair_064,M,M,,0.9326178090635887,0.06648061762184784,14.840716606313997,7.328101815379583,0.13149549622386247,4.140593712367582,0.11989611350088261,1.1412291887016475,0.541517950144859,0.720417231613383,0.6999999992999999,1.1834382894311588,0.6197240880688153,0.852846671449751,0.047069044074461434,0.030967895352349284
Chair_064_05.obj,Chair_064,M,M,,0.9986097538380372,1.1875329337951741e-07,719.2970765607773,14.20254070410741,0.0696306181591186,7.548065202921557,0.2185169829938351,1.0000052380162736,0.9999957644878108,0.9999993609636387,0.9036961129483972,1.4727964243846168,0.7772956113817925,0.9999994981043614,6.136331906110816e-08,1.1875275245482026e-07
Chair_064_06.obj,Chair_064,M,M,,0.9986097538380372,1.1875329337971489e-07,719.2970765607774,14.20254070410741,0.0696306181591186,7.548065202921557,0.2185169829938352,1.0000053486016163,0.999995764487811,0.9999993609636387,0.9036961129483972,1.4727964243845493,0.7772956113822043,0.9999994981043615,6.136332365754301e-08,1.1875275245501777e-07
Chair_064_07.obj,Chair_064,M,M,,0.996129363307012,0.0035020329154106466,258.35542814218644,13.169925799449327,0.05416490564742488,1.020944054577222,0.02809803927317109,1.483534251706057,0.9100052954540157,0.9877662636446083,0.9271726487174605,1.1754713550702622,0.7355641586582163,0.9908799646683746,0.0024364670752582357,0.003167374843376782
Chair_064_08.obj,Chair_064,M,M,,0.9961293780339806,0.0035020172147527686,258.35641113465675,13.169925799449302,0.05416490564742498,1.020944054577222,0.02809803927317104,1.4835344465571592,0.9100044202207898,0.9877661939831062,0.9271726487174605,1.1754714218139133,0.7355640584425972,0.9908799115010868,0.002436457207328297,0.003167357485757296
Chair_066_01.obj,Chair_066,M,M,,0.9837540831030374,0.011316926731992744,61.55392806339445,14.415152681866074,0.06828323943630725,6.050621956996939,0.6233160416731669,1.1686755113618794,0.8197591048647906,0.8692917385482226,1.4534441848331965,2.7249440631642616,0.34816936835623663,0.9178813092710862,0.007787609276136465,0.008670853410158521
Chair_066_02.obj,Chair_066,M,M,,0.9964550511020414,0.00037866379469331,282.0915135266017,8.136337046220563,0.11358066045042316,2.533222612861778,0.032753860236800526,1.2341489548798237,0.7190614794111275,0.9598629062729057,1.6565023387078925,4.585872013175864,0.29433875923624864,0.9743771604185598,0.0002746623350797055,0.0002668182333286787
Chair_066_03.obj,Chair_066,M,M,,0.9991011301276329,0.0001545925239802112,1112.5080845866203,10.183480324960037,0.09476371953792992,3.94800855564115,0.03379797286784887,1.2557269393864738,0.9307314110010222,0.9934767512870306,1.527276670961783,1.252863016905827,0.5105063801206674,0.9949217137978679,9.865081176034121e-05,0.000143414822030615
Chair_066_04.obj,Chair_066,M,M,,0.9991011381293722,0.00015457958776588602,1112.5179882211166,10.491998935134774,0.09386682208072374,6.754697120315417,0.05695257960182375,1.2558061487164431,0.9307146954238827,0.9934763768682973,1.5750040669293388,1.284895470162627,0.5059754630759993,0.9949214227004437,9.93027211928934e-05,0.00014340021876694883
Chair_066_05.obj,Chair_066,M,M,,0.9991011387881427,0.00015458874210715572,1112.5188035796564,15.230578288103011,0.06512999452840809,9.14786219953715,0.1106450798100771,1.2557024090286932,0.930686339262155,0.9934752826306888,1.527276670961783,1.2538358155688745,0.5126046270174941,0.9949205710551332,9.867260299905177e-05,0.00014340426309495148
Chair_066_06.obj,Chair_066,M,M,,0.9991011325072906,0.00015459717433774828,1112.5110298354907,30.314901850796417,0.03280960190259609,10.122414941309415,0.24300725480870355,1.2557993548091457,0.9307003523264405,0.9934768012190518,1.5750040669293388,1.2848093731023542,0.5082129029477854,0.9949217409521686,9.933082012323825e-05,0.00014341435381720697
Chair_066_07.obj,Chair_066,M,M,,0.9991011335322519,0.00015459681403569162,1112.5122984117866,30.314901850796417,0.03280960190259609,10.122414941309415,0.24300718660447598,1.2557663497102647,0.9307319057484633,0.9934782690546973,1.5750040669293388,1.2848093834340877,0.5082123703510529,0.9949228813440801,9.932752676685722e-05,0.00014341898732802777
Chair_066_08.obj,Chair_066,M,M,,0.9991011380941219,0.00015459465180579074,1112.517944592083,15.230578288103011,0.06512999452840809,9.14786219953715,0.11064379941722643,1.2556916310504527,0.9307172216719443,0.9934766756258275,1.527276670961783,1.2538354549853092,0.512796647657281,0.9949216570195584,9.8676030062128e-05,0.00014341460412236495
Chair_066_09.obj,Chair_066,M,M,,0.9991011314001208,0.0001545964871949611,1112.5096595141315,10.491998935134774,0.09386682208072374,6.754697120315417,0.05695220252242051,1.2557342803918283,0.9307149763485243,0.9934778562267769,1.5750040669293388,1.2848929554767212,0.5060594955437918,0.9949225617386521,9.931025524252098e-05,0.00014341604572762332
Chair_066_10.obj,Chair_066,M,M,,0.9991011283725384,0.0001545968512831525,1112.505912355577,10.18368538487271,0.09476182849948182,3.94800855564115,0.03379865396007247,1.2557557575672178,0.9307323686537735,0.9934769481792799,1.527276670961783,1.2528635727137665,0.5107185483501113,0.9949218655489597,9.865673276592614e-05,0.00014341899818347116
Chair_066_11.obj,Chair_066,M,M,,0.9964550523232057,0.000378704192380613,282.09161070155216,8.13633704622057,0.11358066045042306,2.533222612861778,0.03275357588285382,1.2342515060596164,0.7190614138410445,0.9598628701273529,1.6565023387078925,4.585894608516364,0.29431179016925985,0.9743771752494838,0.00027470472824028347,0.0002668466695351254
Chair_066_12.obj,Chair_066,SL,SL,,0.0924935938198476,0.9023449451994245,1.1019205960306448,16.923076916568046,0.04222337336316451,1.0232558139296917,0.8787154498207,1.0808749627411527,0.8274299060537771,0.647322122301222,2.0123169957618052,1.5627986160879221,0.046876861950930146,0.8271023808059833,0.6310856303775967,0.614967746263398
Chair_066_13.obj,Chair_066,CA,M,x,0.8784287487370338,0.018454977894246515,8.22562891809728,1.2124294736203984,0.520466952898935,1.0969599999477637,0.4045863842894148,1.3220872391101126,0.5772954786741421,0.668305795827326,0.5692604416558242,2.1474843716975998,0.5551922295743806,0.8316992974471187,0.014826595827997755,0.0088870443686099
Chair_066_14.obj,Chair_066,M,M,,0.9872784174891631,0.01133565700431122,78.60657266086193,3.864582570859056,0.20345579754319257,1.3476870178474225,0.03717355828500018,1.0925997314701927,0.8074745200553667,0.9075462225177353,1.0395553959278225,2.772461589788184,0.5847786576261259,0.9495422955210333,0.007285002761307841,0.00873012773558882
Chair_066_15.obj,Chair_066,M,M,,0.9872717535584918,0.011340213248896131,78.56541783620287,3.864582570859056,0.20345579754319257,1.3476870178474225,0.03717311254776618,1.0819534939457387,0.8071356184815874,0.9074867597422608,0.9953073411074939,2.707388303735754,0.5941507544742571,0.949498935779101,0.007221997650623801,0.008729699025636098
Chair_066_16.obj,Chair_066,M,M,,0.987301173958,0.011313153827778017,78.74743670728793,4.494477683334385,0.20511939913286992,2.8050323650103612,0.057204150776351013,1.0811310074702367,0.8082917155856866,0.9076840151133777,1.2584928056018245,3.080097121566845,0.5411301783936586,0.9496456808083935,0.007346381642529321,0.00872224466959235
Chair_066_17.obj,Chair_066,M,M,,0.9872989276924534,0.011319470811207051,78.7335097214653,20.217602204865134,0.04831998163463811,4.694539123642164,0.3779185897455292,1.075398668583783,0.8085347691786421,0.9077218068319826,1.3031167277231703,3.1381195715176116,0.5324969458276348,0.9496757496435572,0.007352407203523931,0.008729912138693936
Chair_066_18.obj,Chair_066,M,M,,0.9873036224181766,0.011312778647146849,78.76262292568308,4.4944776833343845,0.20511939913286995,2.805032365010361,0.05720391019982598,1.0845582880281706,0.808595430300581,0.9077332284023376,0.9990561579210973,2.708067266730059,0.5935888535738657,0.9496835744880906,0.007212296483529175,0.00872545776524451
Chair_066_19.obj,Chair_066,SL,SL,,0.00011479998396147576,0.46725175122894563,1.000114813138679,1.1162327039294109,0.5506242029881867,1.0881307046379016,0.4105940189238738,1.122395963410203,0.776603026426069,0.49999177718320875,0.9498566850517356,0.3535304781163577,0.060564337163412196,0.7832306822234931,0.29673121022980375,0.2721503511772966
Chair_066_20.obj,Chair_066,SL,SL,,0.00011491928637031058,0.4672511010565302,1.0001149324684986,1.1162495144097344,0.5506210704215307,1.0881470919017182,0.4105894348055787,1.122386510120821,0.7766182760986943,0.5000036940301831,1.0202164395000124,0.45640880997513567,0.065157654722083,0.783238352673777,0.30120956570338747,0.2721574786927811
Chair_066_21.obj,Chair_066,SL,SL,,0.00011463387023186286,0.4672530500067956,1.0001146469868307,1.3098541371326498,0.493755702117682,1.1125680192189904,0.497519439179253,1.1223905718850662,0.776581952192607,0.5000017365926297,0.985036562275874,0.408222679873279,0.07521963143130979,0.783220064281248,0.2993392985397016,0.27214552937691927
Chair_066_22.obj,Chair_066,SL,SL,,0.00011304129386974709,0.46725249434622307,1.0001130540478165,1.6040717266808489,0.40336794351891986,1.0000050429759915,0.7541478724286789,1.1223882977896478,0.7768001729873986,0.5000123371338847,0.9146768078275972,0.2886639380093906,0.04713080513298899,0.7833301130382444,0.2938880511892258,0.2722236027819792
Chair_066_23.obj,Chair_066,SL,SL,,0.00011397688700308305,0.46725693054817086,1.0001139898533828,1.3098561162725146,0.49375539005940106,1.1125697002670223,0.4975117742264706,1.122391761351097,0.7764628493797325,0.5000036950323603,0.985036562275874,0.4082294433097305,0.06741103916623664,0.7831600044040368,0.2991745585718163,0.2721064060573948
Chair_076_01.obj,Chair_076,OB,SL,x,0.7699371718518561,0.19346180869996865,4.346638733641955,3.0967412748208996,0.2801891946911561,2.1129057100152777,0.643311999007335,1.0614757326460502,0.9970342006381588,0.9693103682670324,0.8031293774235485,1.2476188961304793,0.32077097202181326,0.9807370900794984,0.09784788610128571,0.18992820833774293
Chair_076_02.obj,Chair_076,OB,OB,,0.3600385525137068,0.5748214229815721,1.5625941280179287,3.851351299304039,0.2021877967491293,1.3110919937543244,0.9086293605345316,1.0419199513315762,0.9978573807548724,0.9728687563762022,0.604721826411896,1.3318086121824364,0.334985021659581,0.9826602444390414,0.28220884663000256,0.5658086972424824
Chair_076_03.obj,Chair_076,OB,OB,,0.7431561806065046,0.2098092156892855,3.8934166388014635,3.987199999840498,0.21260406397786094,1.744166107294489,0.9755208923325714,1.1541162578499822,0.9957731364036493,0.9726302580632795,1.170598458350043,1.721282434529288,0.28875769792311073,0.9836614203576962,0.12208018019159256,0.2060633049302979
Chair_076_04.obj,Chair_076,OB,OB,,0.7488380089353887,0.20516787392688698,3.981494157460728,4.032053439838716,0.2108965754110845,1.7637868561517234,0.9755186826551367,1.1543487749999717,0.9957695509241911,0.9726173796321698,1.170598458350043,1.7278414119996859,0.2879837906828515,0.9836699579909373,0.11945624060668285,0.2015027880859187
Chair_076_05.obj,Chair_076,OB,OB,,0.748838020342734,0.20516856763265376,3.981494338293348,4.032053439838718,0.21089657541108445,1.7637868561517234,0.9755108616602439,1.1543443116800425,0.9957695190645464,0.972617348288168,1.170598458350043,1.7278417588054693,0.2879723259186724,0.9836699394856435,0.11945621302041745,0.20150345975053507
Chair_076_06.obj,Chair_076,OB,OB,,0.5435707090083985,0.4381239268184025,2.1909198636823537,6.392075057736311,0.12334199471246712,1.3082274751221774,0.9755254715483449,1.176214077333845,0.9954858592182338,0.9720509781290116,1.083887461435225,1.4753872770268686,0.31250229596689544,0.9830437979432045,0.25126373951819675,0.43005124425857993
Chair_076_07.obj,Chair_076,SL,SL,,0.29666226192603595,0.06147325633308815,1.421792043638723,1.19999999976,0.5076730825152632,0.9999999998333333,0.7764567906341164,1.110914540525966,0.8547356447515914,0.7355809546808068,2.7874925875897603,1.286541508117686,0.15516078858721574,0.8580921348637193,0.04154248424168649,0.04559664775034739
Chair_076_08.obj,Chair_076,SL,SL,,0.2897115047720739,0.03635150754464221,1.4078786390357585,1.19999999976,0.5076730825152632,0.9999999998333333,0.7764749943841138,1.077398016103211,0.8641766833199661,0.7747621698067744,2.740640635923706,1.3444494711465724,0.1897853700444325,0.8717400550358578,0.0239169233256942,0.027876300522217574
Chair_076_09.obj,Chair_076,SL,SL,,0.2966583358088171,0.0614772199500876,1.421784107066061,1.19999999976,0.5076730825152632,0.9999999998333333,0.7764590232868951,1.1109153149615991,0.8547358349143648,0.7355870038462712,2.7874925875897603,1.2865377016556054,0.15517614589502685,0.8580937479782353,0.04154513368300678,0.04559975676689602
Chair_076_10.obj,Chair_076,SL,SL,,0.28970951510520304,0.03635351919643335,1.4078746952838064,1.19999999976,0.507674338614086,1.000006666544441,0.7764811802308698,1.0773981347734365,0.8641785243492919,0.7747712008777803,2.740640635923706,1.344450194421667,0.18979226571824526,0.8717427504828862,0.023918175906427547,0.027878044415824182
Chair_085_01.obj,Chair_085,CA,CA,,0.5381601288169937,0.446865756234386,2.165252639270996,3.069224403144048,0.2589412827799443,1.4478159948847225,0.4510179971889763,1.7524071583046332,0.8256542132948791,0.6886206144236452,0.9334387736024825,3.761906322857669,0.02810851288055697,0.8499566471525891,0.3944119009651385,0.31151385557592753
Chair_085_02.obj,Chair_085,SL,SL,,0.42070921331272265,0.5735291512836828,1.7262487562043491,8.678619429285101,0.08161188757619281,1.0100952597756527,0.6735786856932986,1.2813302200153347,0.7876707268264485,0.4988274828317123,1.5668452321090371,0.6163641956922178,0.025312808148616143,0.7877235336389333,0.4223285264064591,0.3385492490255544
Chair_085_03.obj,Chair_085,CA,CA,,0.5531015988840252,0.4412825314769638,2.2376450609412184,1.1338645442456696,0.5516444736556737,1.1336059144000838,0.091548073603659,1.0756089706720522,0.6860229098519789,0.7259765841743837,1.2157106383311622,2.564055218968362,0.40635316673626065,0.853831329751956,0.31281156809260546,0.26125238207053014
Chair_085_04.obj,Chair_085,CA,CA,,0.5528471634270005,0.4415220289439387,2.2363718134133608,1.1338645442456694,0.5516445204873947,1.1336062305014596,0.09154755523696617,1.0865970171750927,0.68787359059814,0.7277980706560265,0.9441182510464672,2.2519147858225677,0.4507444044255151,0.8548621008519345,0.30808116852794853,0.2623759365622936
Chair_095_01.obj,Chair_095,M,M,,0.9504016207813495,0.04439062217516954,20.16194915546648,12.824851711700243,0.07517935326307039,3.7894736841274237,0.8054948389897434,1.0113793531013944,0.946144506727254,0.9356291156101378,0.7517798662862969,2.592904694315841,0.1079221317324158,0.9548704555408185,0.02364372844253478,0.040648156573285486
Chair_095_02.obj,Chair_095,SL,SL,,0.11296494573096663,0.8858550711639991,1.1273511629408401,3.4348274364307616,0.21867526978396085,1.2058184454839906,0.12234414257009167,1.024083211714877,0.655197309807848,0.45617611079685594,1.4009312741380495,2.0912116919052064,0.040141090454950096,0.7630153736958174,0.6634495424419152,0.4225894859420108
Chair_095_03.obj,Chair_095,SL,SL,,0.11296495252725308,0.8858550627372214,1.127351171578381,3.4348274364307616,0.21867526978396085,1.2058184454839906,0.12234417550477496,1.024078356063977,0.6551972771560617,0.4561760030406905,1.4009312741380495,2.0912116193310384,0.040140902302305256,0.763015370588483,0.6634480487385279,0.4225894295909559
Chair_095_04.obj,Chair_095,M,M,,0.9994776214185985,0.0004799066731585105,1914.320448049279,113.98730595323266,0.008767008099790159,28.070376519104748,0.9197393480005768,1.132044368505806,0.9667235698165669,0.9562543142011981,1.1369006203126617,4.606108906443413,0.20434611897562108,0.9783230282671779,0.0002843841501207127,0.0004537894691204982
Chair_138_01.obj,Chair_138,SL,SL,,0.16582615198051304,0.8309296976151499,1.1987908783930492,3.8587531996262845,0.19291586579769293,1.1645274177283786,0.4410803543208743,1.496033666987746,0.7438107602101317,0.7797784534970877,0.5503967935631427,1.4878342872361006,0.694355978261655,0.8641699413484911,0.6475185239123467,0.549999996656216
Chair_138_02.obj,Chair_138,OB,OB,,0.1364457867680685,0.8526720595087741,1.1580048880280132,4.530925599493701,0.15484196683819773,1.0086414478794723,0.9749353875994548,1.354312961000456,0.8119521083563569,0.8510720352468774,0.3333333331746032,0.8656870480825928,0.44047607311690073,0.9010326108429958,0.545773176448808,0.6407753111995984
Chair_138_03.obj,Chair_138,M,M,,0.9900746586027859,0.004242080679623043,100.75220186182887,12.504724133619058,0.07911234608016908,8.0585999982092,0.8192298853563044,1.1203252448706562,0.820352213339647,0.9716149788702553,1.9245008954469005,2.702883389096146,0.6221719562344372,0.9784357905865385,0.002927646556177279,0.003430610334029763
Chair_138_04.obj,Chair_138,M,M,,0.9900406193210426,0.004311783659518902,100.40784986887103,12.50472413361906,0.07911234608016907,8.0585999982092,0.8192098237547741,1.1404193304116017,0.8202063021315777,0.9716122792091338,0.3849001790893801,0.8154050553660924,0.031178218572788467,0.9784337872343803,0.0022251328543858883,0.0034863548037372665
Chair_138_05.obj,Chair_138,M,M,,0.9883585989801026,0.006053351910776531,85.90031374149014,12.504724133619058,0.0785096451663769,5.666203124114657,0.615103657165939,1.0259602297854085,0.8002574514728055,0.9614457059060263,1.9445436465442554,2.835242984918354,0.5915108503737092,0.9711274804428818,0.00402024673614179,0.0047508568466959195
Chair_138_06.obj,Chair_138,M,M,,0.9884851152656673,0.0058428663481528125,86.8441172509612,12.50472413361906,0.0785096451663769,5.666203124114657,0.6151460010775771,1.022665482758366,0.801158947926075,0.9614378073980141,1.999999998181818,2.8337720029548943,0.6052634414505788,0.9711211093857829,0.003895871063133567,0.004590808597928347
Chair_171_01.obj,Chair_171,M,M,,0.9919022917282737,0.006997921248935529,123.49172956638613,27.184042537474454,0.036707548236792856,18.438243130024215,0.7616968415447156,1.0086631483819568,1.0,1.0,0.2317137784111687,0.8971100429919789,0.0,1.0,0.002881677005719338,0.006997921248935529
Chair_171_02.obj,Chair_171,M,M,,0.9919022917282737,0.0069979212489355205,123.49172956638616,27.184042537474454,0.036707548236792856,18.438243130024215,0.7616968415447154,1.0086631483819568,1.0,1.0,0.2317137784111687,0.8971100429919789,0.0,1.0,0.0028816770057193343,0.0069979212489355205
Chair_171_03.obj,Chair_171,M,M,,0.9919022917282737,0.0069979212489355205,123.49172956638616,27.184042537474454,0.036707548236792856,18.438243130024215,0.7616968415447154,1.0086631483819568,1.0,1.0,0.2317137784111687,0.8971100429919789,0.0,1.0,0.0028816770057193343,0.0069979212489355205
Chair_171_04.obj,Chair_171,M,M,,0.997456568078917,0.00026176227475219725,393.1695563425988,25.37464979734003,0.03933210808445226,20.491399308794588,0.7991124236252873,1.0033857974548666,0.9178389383189406,0.9839394932604071,0.7972068439970895,2.9836615885342495,0.44474295488611404,0.9877396313601999,0.0001427906321826398,0.00023832629494193838
Chair_171_05.obj,Chair_171,M,M,,0.997456567933848,0.0002617663967201475,393.16953391749547,25.37457054613822,0.03933223073853157,20.491399308794588,0.7991134025288482,1.0033854415086512,0.9178387363725816,0.9839394709477761,0.7972068439970895,2.9836615702181932,0.444838924597121,0.987739614487502,0.0001427941187369189,0.00023832999274506821
Chair_171_06.obj,Chair_171,OB,OB,,0.159947602385488,0.8383679851257191,1.1904019354501105,15.981566661339478,0.04605842671181763,1.089981744457075,0.9983867830185985,1.1310682397844063,0.9999999943506278,0.9999999962368963,0.3049971405489303,0.9670702738043866,0.7853730551261666,0.9999999970444651,0.42068960177145315,0.8383679788120335
Chair_171_07.obj,Chair_171,M,M,,0.9960194502983439,2.9636671046760136e-05,251.2215836882318,10.645785894297168,0.09311586079290247,10.645785894297168,0.7320079141902307,1.0099167867563599,0.86865427633313,0.9754742700431871,1.2909944484024722,4.418019716129775,0.19273126356197925,0.9824879826852098,1.7159904098302957e-05,2.5428325587018844e-05
Chair_171_08.obj,Chair_171,M,M,,0.9960194232289158,2.9662515766918837e-05,251.2198752864157,10.645785894297168,0.09311585877053387,10.645759227832826,0.7320060416904656,1.0099165398712948,0.8686602422971882,0.9754763111626203,1.2909944484024722,4.418056325654025,0.19269871180004622,0.9824895232623017,1.717475940838352e-05,2.545070150263502e-05
Chair_171_09.obj,Chair_171,M,M,,0.9851461057013943,0.013810090748006225,67.3224125537001,22.1999999889,0.04459488939643664,7.399999998766667,0.9791453842174302,1.0068057935010821,0.9991925096846892,0.9866426410112373,0.8178887327328725,3.0616076911034145,0.22259224716203665,0.9919160964572975,0.007122991593810594,0.01370678054097083
Chair_171_10.obj,Chair_171,M,M,,0.982791334496754,0.015999388888333937,58.110258451541796,20.649999989675,0.04786812689011169,6.883333332186111,0.9789254200488067,1.006805788794812,0.999131899030631,0.9857596053391319,0.8763093564995063,3.1444995958886595,0.29499773192637957,0.9913862845922345,0.008369602344872528,0.015871679890305333
Chair_171_11.obj,Chair_171,M,M,,0.9861432925811626,0.012879194924747428,72.16721619165918,22.9999999885,0.043073049224467155,7.666666665388889,0.9792422342615358,1.014848904506968,0.9992053520725925,0.9870536780413385,0.8808303290134345,3.1971759045475467,0.22174495464858493,0.9921625113458166,0.0067259742174534815,0.012785657646245872
Chair_171_12.obj,Chair_171,M,M,,0.9828073553934175,0.01597901910343888,58.16440826194253,20.649999989675,0.04786812689011169,6.883333332186111,0.978920272607685,1.0000033213568444,0.9991318990314754,0.9857596053457862,0.8164965806896307,3.0268827522902826,0.22259224712223816,0.9913862845971613,0.008205709234905092,0.01585147269948817
Chair_244_01.obj,Chair_244,SL,OB,x,0.790259087711617,0.1714855715295771,4.767787023949488,3.2619040117441176,0.26077489478569976,1.863155097481249,0.6559462168240344,1.0446820044409648,0.9750709262492686,0.9242359387697203,1.0666772014229002,1.4690043921036005,0.17997165219753242,0.9538617742433232,0.0917994410343575,0.1608763181881227
Chair_244_02.obj,Chair_244,OB,OB,,0.25855736879704677,0.7114478816522227,1.348722015589294,4.497140016271938,0.16931035340178438,1.2167652085121388,0.918078196691252,1.1288314584314907,0.9915605063638913,0.9658526927935319,0.8865926410092899,1.281248588612742,0.2307141429012676,0.9790750581604504,0.379672015013382,0.6933991217476688
Chair_244_03.obj,Chair_244,M,M,,0.8610350022987355,0.1380052798732976,7.19605668003965,9.1549260592688,0.09144780652336867,1.5526658792495573,0.3502949982682671,1.0452832658780506,0.9825559621371334,0.9193099783328436,0.8062957685491946,1.884255259561754,0.39920051288900904,0.9581672804660872,0.07598184300192024,0.1301272113759269
Chair_244_04.obj,Chair_244,M,M,,0.6698344214730806,0.3292714106197474,3.0287833288422337,23.40822139956032,0.031028828056564026,1.0577938584199356,0.8482914308036128,1.0229779207224992,0.8122210975862536,0.7989538251650362,0.7705042600490347,2.5742658638624207,0.09613853772308281,0.883561121039275,0.19785621747559895,0.2405571727640166
Chair_244_05.obj,Chair_244,M,M,,0.9827569220014089,0.012068105415177508,57.994286175654025,11.120498239792479,0.08841996988928805,6.175215280696517,0.9961969134396758,1.208543649375986,0.9927986645673833,0.9915234095894938,1.2060453770989332,1.809548239405346,0.49253420118598434,0.9958334117388649,0.007411258108146817,0.011930419082025853
Chair_244_06.obj,Chair_244,M,SL,x,0.3491405140718972,0.6499206722564072,1.5364299385971405,23.362407672318227,0.03108962390602109,1.0577943644645436,0.8468064583323146,1.0184851039375968,0.627071879551612,0.5219684817847184,0.7037601940734601,2.5742656962845842,0.09617487936157967,0.7762078770601509,0.45578557234784506,0.31013682730939107
Chair_244_07.obj,Chair_244,M,M,,0.9823485500033176,0.01249313889726069,56.652569629540174,11.120485700083407,0.08842006628623077,6.175208317393128,0.9961969560490848,1.2235776130555607,0.959531096949732,0.9839970794789608,1.224744870141589,1.8072169708068235,0.5244409623147893,0.9900205716893212,0.007896122786404171,0.011891637323316755
Chair_244_08.obj,Chair_244,M,OB,x,0.7306699167578256,0.2685792234071573,3.712916091518516,29.942340412790493,0.025666019316092928,1.202033212650231,0.9430901349885021,1.047787017154313,0.9559543178290186,0.9411353929772119,0.8625819488803237,2.095856567104065,0.39844961721479477,0.9629478939303304,0.15112127825414967,0.2491927400179822
Chair_244_09.obj,Chair_244,M,M,,0.9994603701661533,4.955163589938471e-13,1853.1221538873535,30.439818167981898,0.03281630998333976,30.439818167981898,0.7500173646693973,1.000012781211106,1.0,1.0,0.47140452023547613,0.9384844555164495,0.0,1.0,2.106999814098744e-13,4.955163589938471e-13
Chair_244_10.obj,Chair_244,M,M,,0.9989130605689451,2.808429073242038e-09,920.0144657824632,21.778609595870627,0.04581861571127389,21.44777271752374,0.7814143860432393,1.0000001191477694,0.9999977403695509,0.9999998636819305,1.9245008954469005,2.851696856677711,0.6282633062369205,0.9999998929360566,1.6763059778929367e-09,2.8084225358108077e-09
Chair_267_01.obj,Chair_267,CA,SL,x,0.11343630323301451,0.784320389853894,1.1279505394211444,2.1998281595330753,0.33045947570706685,1.207680975894855,0.4769622060171702,1.6599806363281888,0.9032691812937752,0.8286230913502896,0.626591932232031,1.7744425684373066,0.22513736956208424,0.8956401025495919,0.6127112594206252,0.647746242176233
Chair_267_02.obj,Chair_267,SL,SL,,0.3714478621452525,0.6045191982831961,1.5909579170508794,3.2415612979314727,0.23624659881203572,1.2803968734975464,0.43191568214132675,1.1717086160947356,0.7926583163334909,0.7801650011827779,0.7937253930193772,1.465178402567324,0.3982800845371605,0.8681648660096997,0.3941285567790337,0.4265072136130597
Chair_267_03.obj,Chair_267,SL,SL,,0.367488423240671,0.6082996887882575,1.5809987306837363,3.2467766764160313,0.23602832590404735,1.2825254704684785,0.4339163457308196,1.1676832472247385,0.7903259032106602,0.7773696141117318,0.9489870221411736,1.6895841807601666,0.34061674217750904,0.8668699848642956,0.4072008033726342,0.4272396652731399
Chair_267_04.obj,Chair_267,SL,SL,,0.015564651183122093,0.9690873378708823,1.0158107398331542,9.369082544458916,0.07759427632056358,1.0655687591262901,0.6483130986948594,1.150725676670267,0.7524997927832795,0.6359866471971974,0.6810052243171438,0.8272794829906749,0.27217925517018954,0.8224558478702679,0.6205712854227979,0.5965118324405076
Chair_267_05.obj,Chair_267,M,M,,0.9978789610600831,2.4178878040778517e-08,471.46706323031543,5.804526066204342,0.1669014319400546,5.28498873920466,0.09178659965851887,1.0326203489111854,0.7097729404048955,0.9705560325069973,0.7698003581787602,1.6040628745906549,0.7852504316519789,0.9776704413047996,1.4662302544160774e-08,1.6908861841903767e-08
Chair_267_06.obj,Chair_267,M,M,,0.997878970566444,2.520115434370128e-08,471.46917632501123,5.804526066204342,0.1669014319400546,5.28498873920466,0.09178612120044759,1.032620712042306,0.7097743798547123,0.9704119600447177,0.6735753134064152,1.4579624936243576,0.7774209562381165,0.9775650916843677,1.4943587710679557e-08,1.7622511082683238e-08
Chair_267_07.obj,Chair_267,M,M,,0.9978789652879135,3.371791524665301e-08,471.468002999369,5.155790783445419,0.1805477695374475,2.930645743783957,0.048695303024977404,1.0326211335184554,0.7097635880387073,0.9704637882733884,0.9622504477234503,1.860336751956282,0.7694552816354434,0.9776029796392236,2.124242995456335e-08,2.3578321911209266e-08
Chair_267_08.obj,Chair_267,M,M,,0.9978789599873946,2.685022951414798e-08,471.46682479194504,5.15572627800574,0.18054995480972458,2.930645743783957,0.04869485880966085,1.0326211920947723,0.7097753425934226,0.97068920025272,0.7698003581787602,1.6044769695468208,0.7850252468760622,0.9777678890260234,1.6281661224616416e-08,1.8778333651334423e-08
Chair_267_09.obj,Chair_267,CA,CA,,0.09767393536439942,0.41548245201343975,1.108246829158674,1.376326722814315,0.48093698586759187,1.1513017189856543,0.5693320378772425,1.550847652079713,0.8155333175861873,0.7089068468363027,0.4798255496246344,1.5423480100918807,0.2123443356216705,0.8456534321495928,0.31985085289298415,0.28952281213829917
Sofa_01_01.obj,Sofa_01,OB,OB,,0.8974358974086847,1.0601839487549844e-14,9.7499999971344,2.1213203423406775,0.3922322701911752,2.121320342340568,0.4999999999995721,1.0000000000000635,1.0,1.0,0.7844645390142747,0.3592455178320729,0.0,1.0,4.400083014054796e-15,1.0601839487549844e-14
Sofa_01_02.obj,Sofa_01,OB,OB,,0.8974358974086847,1.324214434077107e-14,9.7499999971344,2.1213203423407045,0.39223227019117096,2.121320342340568,0.4999999999995693,1.0000000000000042,1.0,1.0,0.7844645390142747,0.3592455178320729,0.0,1.0,5.495889128665869e-15,1.324214434077107e-14
Sofa_01_03.obj,Sofa_01,OB,CA,x,0.4751521462016279,0.4399842877053475,1.9053140691398052,5.395760548925132,0.15932879661448168,1.7714286265764467,0.48179740208699456,1.219277670285375,0.4757347224244569,0.5065779930538984,1.0415112864906588,1.2309312582351524,0.39875976882859887,0.7778598412573707,0.3561051288381338,0.15767529118601484
Sofa_01_04.obj,Sofa_01,CA,CA,,0.5237250962254923,0.3854663850131209,2.0996277403534713,2.279494144822652,0.2982719072778325,1.0149507232364747,0.4481825608998061,1.8645115379003085,0.5655151390351272,0.2077098239262828,0.42047066487161217,1.288682006577684,0.4223003008800349,0.7254743866051414,0.401431118507601,0.13163256677673105
Sofa_01_05.obj,Sofa_01,CA,CA,,0.4989040469874842,0.42310992974758277,1.9956257758363853,2.0241986886364844,0.33082790462572226,1.0071445966802175,0.35106276207428233,1.663171483729375,0.7137102731426246,0.7177725984870418,0.47559486548662333,1.6815943227947452,0.3860862278738221,0.8378798861092339,0.3590225075676515,0.2593646840157727
Sofa_01_06.obj,Sofa_01,CA,CA,,0.4087550994829959,0.4283920112463815,1.6913465116131094,2.0338052819636796,0.3283948979782309,1.0000008157982871,0.3454718002450286,1.3925344445110983,0.5675746312953177,0.41683667658595147,0.591377016545079,1.4861391545569598,0.5327567363415674,0.7471291224428634,0.3678466456329283,0.17224797861485103
Sofa_01_07.obj,Sofa_01,CA,CA,,0.4419502146707434,0.3019129546774501,1.7919548153014477,2.279499537357444,0.29627575997535754,1.0000030935431237,0.3394660635058566,1.5591218060488778,0.663189980173029,0.5807693746908696,0.38903900995560176,1.3597950564527863,0.43706721339060867,0.7931027489094925,0.25215848661292106,0.15825528494936159
Sofa_01_08.obj,Sofa_01,OB,CA,x,0.5898769661558932,0.40545942407374547,2.438292701160492,20.859616209092554,0.03898592134361471,1.4005940813061293,0.5467428367266257,1.2469134192331666,0.5802219061883077,0.4371834134113647,0.8333333319444445,0.4372357645193878,0.39322931142119544,0.7666052042193906,0.30603533326089927,0.1690533266742374
Sofa_01_09.obj,Sofa_01,OB,OB,,0.5115002873922039,0.47184964232324145,2.0470841111878624,1.1422477448855008,0.5263551712116095,0.9999999999459932,0.20245248147821285,1.0000019228374153,0.9999999999999997,0.9999999999999999,0.8164965792610595,0.1772140385934611,1.5700924586837752e-16,1.0,0.19244442853388385,0.4718496423232413
Sofa_01_10.obj,Sofa_01,OB,OB,,0.5115030144168337,0.47184753648330435,2.0470955389938776,1.1422492509661957,0.5263549203436433,1.0000013184696686,0.20244956808578782,1.0000067298850683,0.9999999999999998,0.9999999999999999,0.8164965792610595,0.1772152230152632,1.1102230246251565e-16,1.0,0.19244439147568526,0.47184753648330424
Sofa_01_11.obj,Sofa_01,OB,OB,,0.8888903196488592,7.691026278500609e-06,9.000115892792671,2.121407425625895,0.39221903461804236,2.121334000707598,0.49999999999957123,1.000020767271168,0.9999999999999998,1.0,0.8164965792610595,0.3592483216541256,0.0,1.0,3.2068463130067294e-06,7.691026278500607e-06
Sofa_01_12.obj,Sofa_01,OB,OB,,5.154687473723976e-14,0.9999999997426939,0.999999999742797,1763451337.600054,0.0,0.9999999994329559,1.0,0.0,0.5,7.239653321278183e-12,1.99999999,5.687115696547576e-12,8.042751155779453e-12,0.7071067811865476,0.456715728034261,0.24999999993748337
Sofa_01_13.obj,Sofa_01,OB,OB,,1.2904997717905702e-13,0.9999999997426164,0.9999999997428745,1763451337.5999858,0.0,0.9999999994329947,1.0,1.232595164407831e-32,0.5,6.572520305780927e-14,1.99999999,5.197498979543581e-14,9.772271103216476e-14,0.7071067811865476,0.45671572803498134,0.24999999993567054
Sofa_01_14.obj,Sofa_01,OB,OB,,1.2904997717904705e-13,0.9999999997426164,0.9999999997428745,1763451337.600054,0.0,0.9999999994329947,1.0,0.0,0.5,4.0967229608668276e-14,1.99999999,6.410534531019504e-15,6.514370185627865e-14,0.7071067811865476,0.4567157280349824,0.24999999993566432
Sofa_01_15.obj,Sofa_01,OB,OB,,0.8538509375703001,0.05003109441744631,6.8423292174277135,2.1213203423648563,0.3922322701873958,2.1213203423406912,0.2499999999997937,0.5,0.9999999999827707,0.9999999999893477,1.7677669467163688,0.7237209601102245,0.6282717703576034,0.9999999999916338,0.01744412422203123,0.05003109441631783
Sofa_02_01.obj,Sofa_02,OB,OB,,0.84084563256644,0.15456178420339667,6.283208033341435,11.666666664946398,0.07833772312880741,2.295081232047539,0.9942851498317662,2.5098101304158424,0.9478538467165479,0.9688741057238424,1.2111998489315197,1.903752069164844,0.5707231670994545,0.9767708705060905,0.14166926569880983,0.1442219791155461
Sofa_02_02.obj,Sofa_02,OB,OB,,0.910605706205506,0.08701658312528307,11.186396329711926,13.824423617912798,0.06898293757513282,3.2558139533496533,0.9856688573859974,1.9864834996282954,0.9795870895630306,0.9886220597712753,0.9682458359268541,1.8729853151371778,0.6166883954823035,0.9914889940549677,0.07705900719820914,0.08475539176639015
Sofa_02_03.obj,Sofa_02,OB,M,x,0.8303435114494753,0.16965648855046078,5.894263217065998,87453885346.99995,0.0,2.285714285649315,1.0,0.0,0.9999999999999998,1.0,0.8944271889999158,0.3913043478188926,0.0,1.0,0.012424088649261186,0.16965648855046075
Sofa_02_04.obj,Sofa_02,OB,OB,,0.8931623931540739,8.694812951056285e-15,9.359999999183977,2.999999998627947,0.301511344536174,2.999999998627822,0.9999999999996789,1.0816000000000001,0.9999999999999997,0.9999999999999996,0.7999999984,0.49998022958840793,1.1801832636420706e-15,0.9999999999999999,3.926221140342739e-15,8.69481295105628e-15
Sofa_02_05.obj,Sofa_02,OB,OB,,0.8931623931540825,9.773009459329506e-12,9.359999999184739,2.9999999987651607,0.3015113445236383,2.999999998627947,0.9999999999996789,1.0816000000000001,0.999999999999996,0.9999999999999987,0.7999999984,0.4999999791170025,1.9229626863835638e-16,0.9999999999999987,4.41310014031215e-12,9.773009459329461e-12
Sofa_02_06.obj,Sofa_02,OB,OB,,0.8931623931540738,8.800685863702325e-15,9.35999999918397,2.999999998627947,0.301511344536174,2.999999998627822,0.9999999999996789,1.0816000000000001,0.9999999999999997,0.9999999999999996,0.7999999984,0.49996478546138046,1.1801832636420706e-15,0.9999999999999997,3.9740222121639475e-15,8.80068586370232e-15
Sofa_02_07.obj,Sofa_02,OB,OB,,0.8931623931540826,9.773181502812552e-12,9.359999999184742,2.9999999987651607,0.3015113445236383,2.999999998627947,0.9999999999996789,1.0816000000000001,0.999999999999996,0.9999999999999986,0.7999999984,0.4999999883364051,3.3306690738754696e-16,0.9999999999999987,4.413177832772302e-12,9.773181502812506e-12
Sofa_02_08.obj,Sofa_02,OB,OB,,0.7149224273557989,0.27451055155588927,3.5078171556053244,7.099999998697509,0.1196083259836485,1.6511627906307849,0.9863794326725738,2.0730973416328693,0.6756754668665451,0.6894331577836228,1.6293763388957496,2.392478081390205,0.38360618230030563,0.8265752545711043,0.2929231768774254,0.15667806913463483
Sofa_02_09.obj,Sofa_02,OB,OB,,0.714922427355799,0.27451055155588916,3.5078171556053257,7.099999998697509,0.1196083259836485,1.6511627906307849,0.9863794326725738,2.0730973416328693,0.6756754668665451,0.6894331577836228,1.6293763388957496,2.392478081390205,0.383606182300306,0.8265752545711044,0.2929231768774253,0.15667806913463478
Sofa_02_10.obj,Sofa_02,OB,OB,,0.1708606126763664,0.8130772407013585,1.2060698301012982,6.983102127395132,0.10509803114843995,1.0936478088387496,0.9908748774338649,1.0017946920009675,0.8769174239443078,0.8875371728140835,0.7051351590587047,3.2297131646394335,0.04044644926525697,0.9257181684559428,0.44816252981425425,0.6729085115562023
Sofa_02_11.obj,Sofa_02,OB,OB,,0.17086060144523527,0.8130773786063415,1.2060698137644452,6.9829589607172196,0.1051000907575635,1.0936461603794416,0.9908726590948125,1.0017879877948246,0.8769180042825481,0.8875374708592345,0.7051351590587047,3.229709695883124,0.04044874930535034,0.9257182419665795,0.4481606226461059,0.672909177267317
Sofa_02_12.obj,Sofa_02,OB,OB,,0.7989538630167128,0.18438259807891377,4.9739826639033184,3.965789923523064,0.22440196097531018,2.2412310134235374,0.6381033373911745,1.012495156128414,0.9934838600640482,0.9473428225615564,1.8645960423728325,3.283675671933831,0.1567357610313523,0.967192895558157,0.10833558301482732,0.1783582344964839
Sofa_02_13.obj,Sofa_02,OB,OB,,0.7989535102827959,0.18438291375827837,4.973973937103909,3.965798949449533,0.2244015164025374,2.2412335748241885,0.6381042235082893,1.0130962735865516,0.9934838596942084,0.9473450872038,1.798003326573803,3.2189604749083744,0.15831675292229008,0.9671934664083092,0.10765233517161898,0.17835874721543046
Sofa_03_01.obj,Sofa_03,OB,OB,,0.0,9.8221945056076e-08,0.9999999998939241,1.00000004859601,0.5773502501151475,0.999999999485034,0.9999999999986342,1.0,1.0,1.0,0.8164965792610595,0.0,0.0,1.0,3.918955369842583e-08,9.8221945056076e-08
Sofa_03_02.obj,Sofa_03,OB,OB,,0.0,9.8221945056076e-08,0.9999999998939241,1.00000004859601,0.5773502501151475,0.999999999485034,0.9999999999986342,1.0,1.0,1.0,0.8164965792610595,0.0,0.0,1.0,3.918955369842583e-08,9.8221945056076e-08
Sofa_03_03.obj,Sofa_03,OB,OB,,0.0,9.8221945056076e-08,0.9999999998939241,1.00000004859601,0.5773502501151475,0.999999999485034,0.9999999999986355,1.0,1.0,1.0,0.8164965792610595,0.0,0.0,1.0,3.918955369842583e-08,9.8221945056076e-08
Sofa_03_04.obj,Sofa_03,OB,OB,,0.0,9.8221945056076e-08,0.9999999998939241,1.00000004859601,0.5773502501151475,0.999999999485034,0.9999999999986342,1.0,1.0,1.0,0.8164965792610595,0.0,0.0,1.0,3.918955369842583e-08,9.8221945056076e-08
Sofa_03_05.obj,Sofa_03,OB,OB,,0.0,9.8221945056076e-08,0.9999999998939241,1.00000004859601,0.5773502501151475,0.999999999485034,0.9999999999986342,1.0,1.0,1.0,0.8164965792610595,0.0,0.0,1.0,3.918955369842583e-08,9.8221945056076e-08
Sofa_03_06.obj,Sofa_03,OB,OB,,0.0,9.8221945056076e-08,0.9999999998939241,1.00000004859601,0.5773502501151475,0.999999999485034,0.9999999999986342,1.0,1.0,1.0,0.8164965792610595,0.0,0.0,1.0,3.918955369842583e-08,9.8221945056076e-08
Sofa_03_07.obj,Sofa_03,CA,CA,,0.7064087918422832,0.18913077476265822,3.406096545855936,5.418515695073172,0.157865562465775,1.7339249674016786,0.5929019582881274,1.1100885005606522,0.5652870356985298,0.6943058794921071,2.203000455481125,4.998191018927315,0.22146711653318227,0.8335700352853341,0.15056296140430214,0.09057181051997021
Sofa_03_08.obj,Sofa_03,OB,OB,,0.5727798880818947,0.3707128086833836,2.340713772834632,4.941428069080073,0.17674263327349723,1.9242321200795323,0.9841009879656778,1.0555992799847962,0.9999999994161215,0.9999999996859045,1.2184153975417862,2.2469579493706027,0.5853320588965029,0.9999999997533098,0.21198517805220482,0.37071280840871274
Sofa_03_09.obj,Sofa_03,SL,SL,,0.4436249121768134,0.5014472684954864,1.7973486266428007,2.961757421420747,0.26126199390865584,1.340954469993002,0.4604947966663735,1.0071588797152629,0.9876232327154839,0.9766717299322293,0.2553711824275511,2.117263393415398,0.16793329960588368,0.984777615173181,0.24299797912160553,0.48946441477208336
Sofa_03_10.obj,Sofa_03,SL,OB,x,0.7542787366834307,0.24091495230057994,4.069651875065084,9.407208551135456,0.0948070399227352,2.016688695770518,0.7793758690519068,1.280509555987307,0.998575232333188,0.977114903936829,1.313064328166191,2.3195938082184657,0.2081432584518469,0.986243546513067,0.1548728604361335,0.23781895118269689
Sofa_03_11.obj,Sofa_03,SL,SL,,0.00035176108145339944,0.9800951071548215,1.0003518848593778,4.664680913818116,0.14988588968596836,1.0001460265613207,0.779375810900447,1.2776055498834453,0.9985609826534392,0.9758094172010094,1.313064328166191,1.746466458949861,0.19561012990714416,0.9851824984892988,0.6163232057004178,0.9668472562569139
Sofa_03_12.obj,Sofa_03,SL,SL,,0.00035174044778577533,0.9800951277884891,1.0003518642111866,4.664680557983167,0.14988589527520887,1.0001459502673755,0.7793758645563318,1.2776057018070535,0.9985605858029196,0.9758092180802239,1.313064328166191,1.7464664519647568,0.1956102352455777,0.9851823365350054,0.6163234182288364,0.9668467949266966
Sofa_03_13.obj,Sofa_03,SL,SL,,0.44362492042509405,0.5014472610614421,1.7973486532885592,2.9617573057393938,0.26126200001866084,1.340954417617535,0.4604948161741827,1.0071588712995645,0.9876232631152934,0.976671773516441,0.2553711824275511,2.1172634005688162,0.16793632355135954,0.9847776432932172,0.24299804111352571,0.48946443337412515
Sofa_03_14.obj,Sofa_03,SL,SL,,0.44362494545319137,0.5014472385043093,1.7973487341408847,2.9617573057393938,0.26126200001866084,1.340954417617535,0.4604948271157732,1.007158866681642,0.9876232643642517,0.9766717624159781,0.2553711824275511,2.1172632972394188,0.16794025462535517,0.9847776655904011,0.2429981284427752,0.4894644092263082
Sofa_03_15.obj,Sofa_03,SL,SL,,0.3486069723034518,0.5497119682306817,1.5351714824594647,1.6107367248989195,0.43594515449618126,1.2474152820913609,0.30980490255829607,1.0016989626870114,0.9862872083167661,0.9758154864809109,0.2553711824275511,2.1020823132085216,0.1705316560636197,0.9840588306395324,0.2657012118764332,0.5356177767287479
Sofa_03_16.obj,Sofa_03,SL,SL,,0.3486069697551494,0.5497119715510422,1.5351714764537492,1.452923638050474,0.45909991925992266,1.1368118646591183,0.31728171113705744,1.0016989746341212,0.9862871409170243,0.975815450138972,0.2553711824275511,2.102082422945767,0.17052994360062929,0.9840588078946937,0.2657011824701163,0.535617733509731
Sofa_03_17.obj,Sofa_03,SL,SL,,0.34860696917709433,0.5497119715441885,1.5351714750914172,1.4539770201050999,0.46180042495188867,1.158530586926361,0.32382709032585555,1.0016989704377877,0.9862871490534387,0.9758153815102634,0.2553711824275511,2.1020823715112895,0.17053014509501926,0.9840587882619429,0.2657011940563541,0.5356177193173067
Sofa_03_18.obj,Sofa_03,SL,SL,,0.34860696900693405,0.5497119724777726,1.5351714746903915,1.2265466861893304,0.5101946918078806,1.0606342849310388,0.24052393468947905,1.0016989714935773,0.9862871175580118,0.9758154210535639,0.2553711824275511,2.1020823798845463,0.1705365843108003,0.9840588231931331,0.26570137090921636,0.5356177138425717
Sofa_03_19.obj,Sofa_03,SL,SL,,0.34860696810393244,0.5497119720293152,1.5351714725622412,1.0342018512500868,0.5704414486934744,1.032378869361718,0.23014196580025292,1.0016989830653587,0.9862870794378328,0.9758153178830591,0.2553711824275511,2.1020824393784405,0.17053450414329646,0.9840587376246891,0.2657013342073203,0.5356176647357159
Sofa_03_20.obj,Sofa_03,OB,OB,,0.6595659655918756,0.33752549065242476,2.9374266346148534,23.9999999904,0.03464794643328166,1.4999999999625,0.833333333333332,1.0701545778834722,0.6567222015874083,0.662531774576545,0.6565321634365437,0.4150480602226029,0.4352624882413952,0.81619897729653,0.20829599055313405,0.18425879833803685
Sofa_04_01.obj,Sofa_04,M,M,,0.9864105686523035,0.00038386102686341464,73.58659640775747,3.005361926105875,0.3008988908644167,2.9865692893515585,0.18749290939316357,2.308540662939235,0.8946928443876254,0.9019758307655539,1.361089306253497,2.153148825247098,0.2944895575262743,0.9463154235827064,0.0003625447795529601,0.0003266051156759446
Sofa_04_02.obj,Sofa_04,M,M,,0.9864105548691258,0.0003838806394410782,73.58652177210244,3.0053657619905736,0.30089847160382743,2.9865617132548867,0.18749298253764907,2.308541665269627,0.894694271438979,0.9019754416173636,1.361089306253497,2.1531479167918484,0.2944918019864013,0.9463154379341465,0.00036256323880429024,0.0003266222570224875
Sofa_04_03.obj,Sofa_04,M,M,,0.986410589818914,0.0003838216744185133,73.58671102486058,3.0053657619905736,0.30089850659466544,2.9865655012984007,0.1874930588245165,2.308533852116464,0.8946939719698151,0.9019731678844812,1.361089306253497,2.1531471009312684,0.2944824653738794,0.9463146639387907,0.000362507584168187,0.0003265715873176817
Sofa_04_04.obj,Sofa_04,M,M,,0.9864105638280172,0.0003838529242173951,73.58657028431817,3.0053619261058753,0.30089885587357806,2.9865655012984007,0.18749290060998502,2.308530410142775,0.8946925944334961,0.9019750476815518,1.361089306253497,2.1531483332016847,0.29448663134485653,0.9463151814476846,0.00036253715851708386,0.0003265979958931854
Sofa_04_05.obj,Sofa_04,OB,OB,,0.846863455826406,0.14150868409223655,6.530119935749686,8.344638304098847,0.11077031192110008,2.5314469202722876,0.8969375512738205,1.087781047733979,0.9971510395003339,0.9722767916379931,0.6386319545111433,6.911811574288316,0.0223725981599126,0.9837044424637602,0.07458478655727548,0.13914958241631417
Sofa_04_06.obj,Sofa_04,OB,OB,,0.8614747941295163,0.13529865432519395,7.218902825054964,16.595118967895985,0.05695543027208689,2.939564299142872,0.884325918023446,1.0111882264346495,0.9859526985716314,0.9675685720416856,1.161495807940814,1.6799687420389073,0.24580903164715454,0.977774279660904,0.07181404382100208,0.13123492834230155
Sofa_04_08.obj,Sofa_04,OB,OB,,0.7149221782432116,0.2745104559035043,3.5078128680447582,7.0999987010262755,0.1196083233689068,1.6511627204484567,0.9863774541593648,2.073097341632872,0.6756754668665472,0.6894331577836255,1.6293763388957496,2.3924774972976692,0.3834369043448382,0.8265752545711054,0.29292075138077917,0.15667801454062855
Sofa_04_09.obj,Sofa_04,OB,OB,,0.7149221782432118,0.2745104559035041,3.507812868044761,7.099998701026305,0.11960832336890631,1.6511627204484567,0.986377454159362,2.073097341632872,0.675675466866547,0.6894331577836252,1.6293763388957496,2.3924774972976697,0.3834369043448389,0.8265752545711051,0.292920751380779,0.15667801454062835
Sofa_04_10.obj,Sofa_04,OB,OB,,0.7986538353623985,0.1846572709478736,4.9665689108640105,3.965798538801587,0.22440151118830204,2.2412334436698806,0.6381032109098761,1.0153855577002127,0.9927689498599553,0.9470456531373388,1.7999999994,3.2188608369017717,0.15738408288757388,0.966961787874748,0.10801975960308081,0.1784681564437431
Sofa_04_11.obj,Sofa_04,OB,OB,,0.7986497301267889,0.18465895161126178,4.966467649835479,3.96578951287655,0.22440195576105873,2.241230882269402,0.6381023247941515,1.0153851225154706,0.9908843049350189,0.9461059847651996,1.7999999994,3.2188785778710747,0.1356632911283919,0.9662818222635154,0.10794689793376785,0.17804501049660365
Sofa_04_12.obj,Sofa_04,OB,OB,,0.17086055177375703,0.8130771422338009,1.2060693908913867,6.982957688838441,0.10510008874563566,1.093646129181888,0.9908713121880555,1.0017879877948388,0.8769180042825505,0.8875374708592345,0.7051351590587047,3.229708582054813,0.03420324787094818,0.9257182419665795,0.4479065886368778,0.6729089816435615
Sofa_04_13.obj,Sofa_04,OB,OB,,0.17086056300488603,0.8130770043288651,1.2060694072282396,6.983100855464963,0.10509802913655063,1.0936477776411264,0.9908735304967498,1.0017946920009226,0.8769174239443123,0.8875371728140864,0.7051351590587047,3.229712050809696,0.03420689531556549,0.9257181684559437,0.4479087376356746,0.6729083159326488
Sofa_05_01.obj,Sofa_05,OB,OB,,1.54304475854543e-11,0.884110457174542,0.9999999999893149,2.9374999977013805,0.23403220720873635,0.9999999997521986,0.9999999999995105,1.0,1.0,1.0,0.8164965792610595,3.857602724658986e-12,0.0,1.0,0.3527510498495769,0.884110457174542
Sofa_05_02.obj,Sofa_05,CA,CA,,0.6984847458441875,0.11237985024242705,3.3165817855532422,3.6001236392268847,0.24374271460211017,2.12466084276383,0.5277969026940708,1.6130546880403727,0.9045265033599397,0.9178155156781926,0.9096109714368447,1.9387733899746462,0.4960048832753994,0.9466419831546151,0.08802986802658448,0.09747350384872781
Sofa_05_03.obj,Sofa_05,OB,OB,,0.906039707300204,0.07429457731591978,10.64279358083775,4.543175615438285,0.19052502067572455,1.8691402582398131,0.8426487117523518,1.5256147204066748,0.9999995541256689,0.9999997548051284,1.1731114500724784,1.8316975700661577,0.6662438197876362,0.9999998074244539,0.05417925192259199,0.0742945350815542
Sofa_05_04.obj,Sofa_05,CA,CA,,0.5872739133504421,0.35523833934281207,2.4229144518524866,8.142856824982706,0.11140084206027227,2.23506722687328,0.8110117491242482,1.1488319889187801,0.5892069796510099,0.6590880296765822,1.3712068883357778,1.7952036784469025,0.511456866664511,0.8205677959113639,0.2762882432814668,0.17363095269703907
Sofa_05_05.obj,Sofa_05,M,M,,0.9798333762509266,0.016637837349030248,49.586882387572395,28.5000131311212,0.03443223250590258,5.184457074792225,0.39114148233652185,1.1396476275083247,0.47570672394833735,0.8122117160224033,0.4335776239612965,1.5890846930188096,0.5570181771877835,0.8840648082150765,0.011737409497236981,0.0071715842132899004
Sofa_05_06.obj,Sofa_05,SL,SL,,0.5781862930982649,0.41290661299110804,2.3707148052250355,3.6318087769996716,0.20397586964891673,1.1574919439387696,0.4236989057738293,1.6116733108123544,0.9999998452513787,0.9999998785875694,2.2135943603678654,2.109786896592918,0.5496198065492052,0.9999999046429225,0.335101263876814,0.4129065240283851
Sofa_05_07.obj,Sofa_05,SL,SL,,0.7075194531839518,0.28630447511686796,3.4190308069551834,4.3614888711781035,0.1829788560408006,1.3900481109534104,0.4236988435079124,1.6116733108123948,0.9999998764465258,0.9999998955886109,2.2135943603678654,2.2067995419062116,0.5496196222234836,0.9999999179955087,0.23235517661894267,0.28630442479623325
Sofa_05_08.obj,Sofa_05,SL,SL,,0.7915058863974516,0.2040915144947293,4.796298479225664,5.165789503979614,0.16323345945624423,1.646385035174035,0.4236992091247019,1.611673310812409,1.0,1.0,0.3162277657668379,0.2302369864456888,0.0,1.0,0.12134693138731215,0.2040915144947293
Sofa_05_09.obj,Sofa_05,SL,OB,x,0.7401031336429383,0.25440883750014237,3.847680097171314,1.2728842150591726,0.48702697124859706,1.0076578284582594,0.12384127841354155,1.6116733108124963,0.9999999999999929,0.9999999999999861,0.8696263558588042,1.2396840626512315,0.7555328424984455,0.9999999999999889,0.18216285518703523,0.25440883750013876
Sofa_05_10.obj,Sofa_05,SL,SL,,0.7021100851011771,0.29159961801273465,3.356944797338294,4.32171082946344,0.1840460962469431,1.377369331541075,0.4236992091246881,1.6116733108124188,1.0,1.0,0.3162277657668379,0.14422376171864906,0.0,0.9999999999999999,0.17212265606141094,0.29159961801273465
Sofa_05_11.obj,Sofa_05,OB,OB,,0.04167762847090115,0.8560673784411965,1.0434901967063146,2.9999999975981786,0.22941573384193284,0.9999999997498292,0.9895833333417405,1.0743801652892562,0.9999999999999997,0.9999999999999998,0.8528028636042599,0.0041911116366850475,0.0,0.9999999999999998,0.3658924304458869,0.8560673784411961
Sofa_05_12.obj,Sofa_05,OB,OB,,4.5994641443623123e-14,0.8744529952893698,0.9999999999717541,2.937499997701449,0.2340322072078804,0.9999999997445064,0.9999999999995097,1.0,1.0,1.0,0.7844645390142747,1.143800313379388e-14,0.0,1.0,0.34721719030163956,0.8744529952893698
Sofa_05_13.obj,Sofa_05,CA,M,x,0.9519485360523493,0.044532273415414825,20.811020473563918,7.75171199953776,0.12319402745441135,3.537735848557401,0.5884599073486889,1.1720211327600383,0.9540969520749993,0.975705850830908,2.0577310132040862,3.300631470175713,0.41728263864690834,0.9819521568971759,0.029753260283810104,0.04197200013801508
Sofa_06_01.obj,Sofa_06,SL,CA,x,0.8432605248450439,0.14145935514491545,6.3800137075287155,3.47260704095561,0.2636369563015464,3.012752918752556,0.5436470100060959,2.070910034677429,0.9981614579027906,0.9861273892507153,1.1817578952202614,2.444428498044748,0.4063996820723627,0.9926265048985632,0.12657140240501344,0.1402198748672755
Sofa_06_02.obj,Sofa_06,SL,CA,x,0.8432605042624044,0.14145945196259907,6.38001286972124,3.47260704095561,0.26363672222299245,3.0127239508975476,0.5436418411492179,2.0709188988133964,0.9981629145429937,0.9861264988808179,1.1817578952202614,2.444428253927519,0.4063943628644118,0.9926265366035091,0.1265714249074326,0.14022011260296693
Sofa_06_03.obj,Sofa_06,SL,SL,,0.6805486410222652,0.30117033990436687,3.130367024262355,3.2482841721705302,0.2446093092772246,1.429750808212101,0.5892538775722259,1.4256407784208687,0.9993019438781132,0.9781008756052877,0.7302967430068881,1.6653436572178695,0.1334426920193804,0.988352195250211,0.1920718798766041,0.2976647247041478
Sofa_06_04.obj,Sofa_06,SL,SL,,0.8492019568568299,0.12295874960379041,6.631385786951395,4.599999999384804,0.18342449503002728,1.6727272726467506,0.9491949376651091,1.087651767334102,1.0,1.0,0.4216370209113394,0.24001715397797313,0.0,1.0,0.05139395357001902,0.12295874960379041
Sofa_06_05.obj,Sofa_06,SL,SL,,0.8492019019303535,0.12295854765739342,6.631383371545238,4.599999999384804,0.18342449503002728,1.6727272726467506,0.949195428727598,1.0876515006912975,0.9999999999999998,1.0,0.4216370209113394,0.24001701307064843,0.0,1.0,0.05139385681963776,0.12295854765739339
Sofa_06_06.obj,Sofa_06,OB,OB,,0.8399999999999359,0.14999999999993122,6.24999999999701,9.999999998577044,0.09245003270326821,2.4999999999128195,0.9999999999999992,1.0,1.0,1.0,0.8164965792610595,0.42857142856288916,0.0,1.0,0.06306275492754228,0.14999999999993122
Sofa_06_07.obj,Sofa_06,SL,SL,,0.6805488301346817,0.3011701616141541,3.1303688774134106,3.2482841721705302,0.2446093092772246,1.429750808212101,0.5892539523032196,1.425636407498244,0.9993019732752886,0.9781007178101855,1.3693063931379152,2.240961042645396,0.2187829980021987,0.9883524619914191,0.20994287081805446,0.29766453350083616
Sofa_06_08.obj,Sofa_06,OB,OB,,0.5105613967180457,0.4583147954640872,2.043157187222492,4.999999999301776,0.16086825121218962,1.406249999946604,0.9855206909623653,1.0000040714235354,0.9984374978142243,0.965791832473668,0.7698003585491306,1.6265638912151068,0.13089894779970107,0.9825810613987764,0.22548703184206084,0.44977187148291264
Sofa_06_09.obj,Sofa_06,OB,OB,,0.510561223896411,0.4583149572958504,2.043156465780338,4.999999999301776,0.16086825121218962,1.406249999946604,0.9855205100848793,1.0000000419462505,0.9984374527083888,0.9657920148315996,0.7698003585491306,1.6265645402309945,0.13088340335721008,0.9825807703239569,0.22548611754154493,0.44977205170244944
Sofa_06_10.obj,Sofa_06,OB,OB,,0.8426294465358558,0.14967444026119975,6.354428944851906,8.99999999892013,0.10162764314319775,2.3376623375831396,0.7126623376600709,1.2762227194027127,1.0,1.0,0.7302967420068881,0.3900559788813491,0.0,1.0,0.07633374829187706,0.14967444026119975
Sofa_06_11.obj,Sofa_06,OB,OB,,3.5425874353467497e-09,0.5244121913976743,1.0000000035238443,1.5624999994977622,0.4122944575732859,0.9999999997991291,0.857500000010751,1.161208873387829,0.9999999960929982,0.9999999975127254,0.8164965792610595,8.031764341704151e-10,0.0,0.9999999980464991,0.238824077946376,0.5244121886966163
Sofa_06_12.obj,Sofa_06,OB,OB,,3.5623440817499766e-09,0.5244121913779176,1.000000003543601,1.5624999994977908,0.4122944575732796,0.9999999997991291,0.8575000000017101,1.1612088733988801,0.9999995006373288,0.9999996820956915,0.8164965792610595,8.031947763013248e-10,7.850462293418876e-16,0.9999997503186335,0.23882418117332388,0.5244118461496389
Sofa_06_13.obj,Sofa_06,OB,OB,,1.975941658445958e-11,0.5244121915508908,1.0000000000010163,1.5624999994977908,0.4122944575732796,0.9999999997991291,0.8575000000017012,1.1612088738699153,1.0,1.0,0.8164965792610595,9.13538037681014e-15,0.0,1.0,0.23882407726950858,0.5244121915508908
Sofa_06_14.obj,Sofa_06,OB,OB,,2.7701112433729595e-15,0.5244121915706474,0.9999999999812595,1.5624999994977622,0.4122944575732859,0.9999999997991291,0.8575000000107441,1.1612088738588644,1.0,1.0,0.8164965792610595,9.135380376810307e-15,0.0,1.0,0.23882407727647767,0.5244121915706474
Sofa_07_01.obj,Sofa_07,OB,OB,,4.241706108271762e-11,0.43749999994179023,1.0000000000244738,1.33333333294739,0.46852128561028816,0.9999999998094107,0.9999999999998735,1.0,1.0,1.0,0.8164965792610595,1.0604224089608456e-11,1.1102230246251565e-16,1.0,0.17455803518260968,0.43749999994179023
Sofa_07_02.obj,Sofa_07,OB,OB,,0.707985829419405,0.2650201483969421,3.4244913457844204,7.5999999987867595,0.10822003815672644,1.4728682170066127,0.9763342211685291,1.5835759917334982,0.6452345371753623,0.6368732780835893,1.461588102339794,3.350844750854277,0.08550621902386556,0.8067265429676754,0.24256494950089277,0.13995279032757454
Sofa_07_03.obj,Sofa_07,OB,OB,,3.875846589422823e-14,0.43749999998416844,0.9999999999820954,1.33333333294739,0.46852128560641404,0.9999999997882215,0.9999999999998732,1.0,1.0,1.0,0.8164965792610595,9.63144785603643e-15,0.0,1.0,0.1745580351992864,0.43749999998416844
Sofa_07_04.obj,Sofa_07,OB,OB,,0.7079858293145335,0.26502111430408626,3.4244913445545784,7.5999992387683735,0.10822004885224734,1.4728682170066127,0.9763335514550121,1.5838110364550373,0.6452345209866756,0.6368733324473052,1.461588102339794,3.350844933800616,0.08551010083470996,0.8067265624149742,0.24258768512449072,0.1399533015440271
Sofa_07_05.obj,Sofa_07,OB,OB,,2.500484432117324e-07,0.43749989056415367,1.0000002500305625,1.3333334996181054,0.46852126275503636,1.0000001248124473,0.9999999999998724,1.0,1.0,1.0,0.8164965792610595,6.251211839870315e-08,0.0,1.0,0.17455799290926918,0.43749989056415367
Sofa_07_06.obj,Sofa_07,OB,OB,,2.500060647157185e-07,0.43749989060653166,1.000000249988184,1.3333334996181054,0.4685212627511621,1.000000124791258,0.9999999999998735,1.0,1.0,1.0,0.8164965792610595,6.250152395655279e-08,0.0,1.0,0.17455799292594582,0.43749989060653166
Sofa_07_07.obj,Sofa_07,OB,OB,,0.8332510666765554,0.1640340952739414,5.997039861479686,14.69043475578893,0.06285307841994289,2.437494166577786,0.7840925762939074,1.0253265818967832,0.9999697606413603,0.9961946705889029,1.8812803307243087,3.154758092161427,0.0858779120586771,0.9978132269243822,0.09462981224447399,0.16371704254228173
Sofa_07_08.obj,Sofa_07,OB,OB,,0.9585910502197055,0.03494375134978477,24.149368803257605,7.065981431660202,0.13486310935969265,3.5097988568654,0.773243972800615,1.6034880484594678,0.9995429714106546,0.991188478606074,1.241688430845946,3.344732119347087,0.10014069269073363,0.9949870170553824,0.02595643648838083,0.034773897611388535
Sofa_07_09.obj,Sofa_07,OB,OB,,0.790152801677887,0.2050902027702251,4.7653721755432645,9.750022498613987,0.08800741212929676,1.6960397851930578,0.9959595909503818,1.6840992382586568,0.9982215546635933,0.9921961834291594,1.3401406681880481,3.4263835181128517,0.10201358082208968,0.9953449822334106,0.1593828624842144,0.20392664108283648
Sofa_07_10.obj,Sofa_07,OB,OB,,0.8231311049941004,0.16352520795711228,5.653905396800036,5.571423060762145,0.15390101511972834,1.7462677611433108,0.9968105763598895,1.6412875612314912,0.999923207310686,0.9933386567825391,1.3764944028286337,3.339679952855678,0.1061884509608473,0.9961607069119427,0.1249095103893332,0.1629680434742117
Sofa_07_11.obj,Sofa_07,OB,OB,,0.5115039674774139,0.4718459474310475,2.0470980106850294,1.1422503485878406,0.5263545082777832,1.0000012336126716,0.20244875722761227,1.0000000000000002,0.9999999999999997,0.9999999999999999,0.8164965792610595,0.1772156021609417,1.5700924586837752e-16,0.9999999999999997,0.192442640906865,0.47184594743104735
Sofa_07_12.obj,Sofa_07,OB,OB,,0.8888620125999247,3.004367709701877e-06,8.997566362090557,2.1213337961685648,0.39222949117730904,2.12130511594693,0.49957056221487145,1.0000045066157106,1.0,1.0,0.8164965792610595,0.35924250838847027,0.0,1.0,1.2526816243079784e-06,3.004367709701877e-06
Sofa_07_13.obj,Sofa_07,OB,OB,,5.0366230740734434e-14,0.9997428116349858,0.9997428116350865,1763451.3376000084,0.0,0.9999994329305452,1.0,1.232595164407831e-32,0.5,1.609823385706477e-14,1.99999999,1.2590316070294614e-14,3.082123889880923e-14,0.7071067811865476,0.4565982661811372,0.24993570290875045
Sofa_07_14.obj,Sofa_07,OB,OB,,0.0,0.9997428116350362,0.9997428116350362,1763451.3376000084,0.0,0.99999943293052,1.0,1.0477058897466559e-32,0.5,1.609823385706477e-14,1.99999999,1.7805124000566136e-14,2.5091040356528538e-14,0.7071067811865476,0.45659826618116023,0.24993570290876305
Sofa_07_15.obj,Sofa_07,OB,OB,,0.0,0.9997428116350362,0.9997428116350362,1763451.3376000084,0.0,0.99999943293052,1.0,1.0477058897466559e-32,0.5,7.230549492476257e-12,1.99999999,5.678751171952272e-12,8.03096419405821e-12,0.7071067811865477,0.45659826618040084,0.24993570291056624
Sofa_08_01.obj,Sofa_08,OB,OB,,0.5303839588437186,0.41145665823539435,2.1293991524131584,3.47469282347651,0.2241472889707529,1.329537401476182,0.6483813278812963,1.0003509625919966,0.9998748373385369,0.990551483376525,0.31700708955693435,3.4635854203638976,0.03607661711585059,0.9948844026355774,0.1946489167790776,0.40946157498201263
Sofa_08_02.obj,Sofa_08,OB,OB,,0.5303839588437183,0.4114566582353947,2.129399152413157,3.47469282347651,0.2241472889707529,1.329537401476182,0.6483813278812959,1.000350962592,0.9998748373385367,0.990551483376525,0.31700708955693435,3.4635854203638976,0.03607661711613536,0.9948844026355772,0.19464891677908416,0.40946157498201285
Sofa_08_03.obj,Sofa_08,OB,OB,,0.5303839588437183,0.4114566582353946,2.129399152413157,3.47469282347651,0.2241472889707529,1.329537401476182,0.6483813278812949,1.0003509625919842,0.999874837338537,0.9905514833765252,0.31700708955693435,3.4635854203638976,0.03607661711613674,0.9948844026355774,0.1946489167790818,0.409461574982013
Sofa_08_04.obj,Sofa_08,OB,OB,,0.5303839588437187,0.4114566582353941,2.1293991524131592,3.47469282347651,0.2241472889707529,1.329537401476182,0.6483813278812951,1.000350962591991,0.999874837338537,0.990551483376525,0.31700708955693435,3.4635854203638865,0.0360766171158909,0.9948844026355776,0.19464891677907753,0.40946157498201247
Sofa_08_05.obj,Sofa_08,OB,OB,,0.5303839588437185,0.41145665823539446,2.129399152413158,3.474692823476512,0.22414728897075284,1.3295374014761825,0.6483813278812925,1.0003509625919964,0.9998748373385365,0.990551483376526,0.31700708955693435,3.4635854203639025,0.03607661711602563,0.9948844026355763,0.19464891677908122,0.40946157498201274
Sofa_08_06.obj,Sofa_08,OB,OB,,0.5303839588437183,0.4114566582353946,2.129399152413157,3.474692823476512,0.22414728897075284,1.3295374014761825,0.6483813278812932,1.0003509625919813,0.999874837338537,0.9905514833765264,0.31700708955693435,3.4635854203639034,0.03607661711599295,0.994884402635576,0.19464891677907833,0.40946157498201324
Sofa_08_07.obj,Sofa_08,OB,OB,,0.624826574724298,0.3306985655264917,2.6654339903332844,4.880998654823057,0.17402459368955084,1.7049366967910609,0.9849384385095802,1.0021911266820487,0.99600884285457,0.9845673575776821,1.8817690449040225,4.058583514621543,0.028296398091018797,0.9911305914499161,0.18834174574102183,0.32683710376847075
Sofa_08_08.obj,Sofa_08,OB,OB,,0.6247780056764036,0.3307344534405772,2.665088974334503,4.880998654823057,0.17402459368955084,1.7049366967910609,0.9849384212858802,1.0007582234861268,0.9960446752052838,0.9845920649006804,1.937871923582618,4.115877610987467,0.025266966585317834,0.9911527475050841,0.18925463847059396,0.32688840179857265
Sofa_08_09.obj,Sofa_08,OB,OB,,0.7523354989791979,0.23856613764424603,4.037720367183083,9.941176469302501,0.08950468150233883,1.9882352940706647,0.9991355751025591,1.111111118653801,1.0,1.0,0.22645540670071398,0.3307086614127937,0.0,1.0,0.09996199073023741,0.23856613764424603
Sofa_08_10.obj,Sofa_08,OB,OB,,0.27777500002418803,2.77779169872396e-06,1.3846100592185513,1.000001666491381,0.5773499483662503,1.0000016664534814,0.7037039197619032,1.1236201953850156,0.8333336110893219,0.8845915359427559,1.2247448688915892,0.16070979113632636,0.16514867733797445,0.923563607876692,1.5301477507647873e-06,2.181251862038022e-06
Sofa_08_11.obj,Sofa_08,OB,OB,,0.2777736111357499,1.3888884378527399e-06,1.3846073965231247,1.0000024997844468,0.5773494672614183,1.0000008331400196,0.7037042438295033,1.1236201953826648,0.8333337499782237,0.8845915880081083,1.2247448688915892,0.1607094443751252,0.16514867733952648,0.9235636397076188,7.650697042114032e-07,1.090620323055971e-06
Sofa_08_12.obj,Sofa_08,OB,OB,,0.2777736111357502,4.166661198181815e-06,1.3846073965231254,1.0000024998033907,0.5773497879989272,1.0000024997844468,0.7037040277809269,1.1236201953826666,0.8333337499828529,0.8845915880089662,1.2247448688915892,0.1607094443736963,0.16514867733873284,0.9235636397094933,2.2952068456713014e-06,3.271857737601065e-06
Sofa_08_13.obj,Sofa_08,OB,OB,,0.2777777777779873,3.7899502279952005e-11,1.3846153845958855,0.9999999998483539,0.5773502691118504,0.9999999998104544,0.7037037037085705,1.1236201953816678,0.8333333333301493,0.8845914113372138,1.2247448688915892,0.7339900112636258,0.7351024960388408,0.9235635339195195,2.304336085639847e-11,2.976044853769991e-11
Sofa_08_14.obj,Sofa_08,OB,M,x,0.9587295620553259,0.03970445953729783,24.230418910031897,11.26668666515866,0.08467934633385146,3.3194395066175857,0.7264298376429571,1.1386856747844494,0.9999293562448117,0.9957465349312885,1.045455830157647,3.443465962179134,0.3262667501347981,0.9976736012497144,0.022970700740713536,0.0396172198645342
Sofa_08_15.obj,Sofa_08,OB,OB,,0.32802120199367024,0.6152643930941539,1.488142189852382,3.777779443969672,0.2001977734600269,1.21428624995294,0.954261266260708,1.0456066712112384,0.9930994592316595,0.9706802745471963,0.743220925460206,3.36027182549898,0.027527694951339627,0.9833020808728011,0.32005375230372773,0.602061285272308
Sofa_08_16.obj,Sofa_08,OB,OB,,0.3280225193205596,0.6152630757744191,1.4881451071669918,3.777779443969672,0.20019777346002776,1.2142862499529536,0.9542619456582291,1.045058307459533,0.9930990764890333,0.9706719465780853,0.743220925460206,3.3602581889977183,0.027660522541071327,0.9832990138902088,0.31994022658539306,0.6020572199199122
Sofa_08_17.obj,Sofa_08,OB,OB,,0.3280216399062556,0.6152639552082728,1.488143159639852,3.777779443969672,0.20019777346034306,1.2142862499578837,0.9542614999446024,1.0457578879176395,0.9930993305789818,0.9706766857933207,0.743220925460206,3.3602651666918444,0.027610473510708847,0.9833008870004548,0.32008912519650384,0.6020596823911712
Sofa_09_01.obj,Sofa_09,OB,OB,,0.9441297736727207,0.05488685660458425,17.898620888737607,26.489448844524503,0.03495517623281285,2.4623449797546444,0.9873254847099555,1.1239052957516669,0.9892760952188548,0.9949599741298303,1.120897075738174,1.7611762123104435,0.66203390590399,0.9960765577283598,0.032143230827671364,0.05416142287521262
Sofa_09_02.obj,Sofa_09,OB,OB,,0.9563508028332384,0.04141559438868137,22.909928816776215,16.426365704509873,0.05925214798394402,4.3887999997607325,0.9210638598743474,1.286166180955096,0.9631472040680649,0.9888476302982832,0.8767140069701896,1.957060499074784,0.6879896142522468,0.9913639748082682,0.026787715098192146,0.0396668837521706
Sofa_09_03.obj,Sofa_09,OB,OB,,0.7784378702333828,0.21056661037147312,4.513406695688628,7.923460877819157,0.11258383630292995,2.03813354269654,0.9697402218201212,1.612698203267918,0.9121626777384804,0.9284956937347373,0.7492978620399602,2.592957578050351,0.06896240198869753,0.9523609002196581,0.15813891846484399,0.18520405124148814
Sofa_09_04.obj,Sofa_09,OB,OB,,0.7772045663888544,0.21514092112379385,4.488422333399461,9.147795537346953,0.09767041866406938,2.03813354269654,0.9651953798138903,1.3434919660332814,0.9192400061932505,0.9327383009699883,0.7451260506180405,2.592751673905225,0.06581559269741827,0.9552741544416973,0.1406272724764006,0.19111509831671664
Sofa_09_05.obj,Sofa_09,OB,OB,,0.8661726177276454,0.12595443491986227,7.472312340118326,8.300725770076308,0.11198458441392203,2.6462703398863905,0.9540115409306663,1.0000161324630155,0.9979428646566736,0.9658431239789077,0.7972410049672364,2.6651647455024654,0.07504457504826861,0.9814386348695626,0.06419651295077314,0.12354864970534878
Sofa_09_06.obj,Sofa_09,OB,OB,,0.830754479021351,0.15906003693023768,5.908575861962772,8.279065114676808,0.11073582622398952,2.389260402544518,0.9896883683931057,1.0132306930943122,0.9898044316982939,0.9736697088686398,0.8012116357424702,2.6733809155771264,0.07873501070975845,0.9846619010932475,0.08192684095938073,0.15536563093468986
Sofa_09_07.obj,Sofa_09,M,M,,0.9401227850180867,1.3296049785603536e-06,16.700843556215393,2.8798076914022666,0.3116899836445403,2.879807691307812,0.7764546212966479,1.0138406658896,0.9999998483758077,0.9999999348718319,2.1591824744041355,2.5001079171072913,0.5666955613082986,0.9999999488484608,8.019898865967422e-07,1.3296047336627108e-06
Sofa_09_08.obj,Sofa_09,M,M,,0.930556572410426,6.321110987686255e-07,14.40021085803875,2.6741071420226357,0.33057446608205276,2.6741071419412115,0.7764600479927519,1.0138406658760424,0.9999998516100768,0.9999999374182645,2.1591824744041355,2.44641057717757,0.5666974392739963,0.9999999508484234,3.812762394328888e-07,6.321109851904062e-07
Sofa_09_09.obj,Sofa_09,M,M,,0.9213374489453503,0.0018843795900628148,12.712529489414477,2.535763149690182,0.3444163594716012,2.5357631496169475,0.776456540873426,1.0410241563277955,0.9723297207555877,0.9876328664891929,2.137186833212888,2.4068117655923884,0.5666880851106005,0.9904267340737177,0.0011729637072576057,0.0018209085128833892
Sofa_09_10.obj,Sofa_09,M,M,,0.9471961004878944,0.003648153802154344,18.937995285093553,3.1197916655663844,0.29194000631579364,3.1197916654555313,0.7764626096950855,1.0318371559799981,0.9999111017439213,0.999961518806967,2.2377237092161373,2.557924523475382,0.5665576649109734,0.9999697786691389,0.002223557102542971,0.003647759301228093
Sofa_09_11.obj,Sofa_09,OB,OB,,0.8307927420757787,0.15900835883218292,5.909911975806647,8.279069765815489,0.11073577393574802,2.389261744833844,0.9896888059840002,1.0000236961429814,0.9991740227353412,0.9780244357348965,0.7440916046360874,2.570095333949625,0.05914274945321813,0.9879772116255937,0.07993245986085541,0.15713131544431475
Sofa_09_12.obj,Sofa_09,OB,OB,,0.8661726135781783,0.12595441480179934,7.472312108430959,8.300638712662082,0.11198574418346,2.646270339894945,0.9539977161417686,1.000015433280568,0.9979428630435312,0.9658431118555628,0.7972410049672364,2.6651648350324817,0.0765904793044803,0.9814386269388857,0.06420620794364523,0.12354862900991352
Sofa_09_13.obj,Sofa_09,OB,OB,,0.3354565249763527,0.6527904778417606,1.504792444112359,8.19640232397204,0.09395092676303733,1.2203483764196663,0.9932625792002431,1.0000129199557877,0.9995695655653163,0.9827399246876022,0.7440916046360874,2.365728985057483,0.059145783509989856,0.9905317709973284,0.32740423122675405,0.6468783128342697
Sofa_09_14.obj,Sofa_09,OB,OB,,0.33545747500270856,0.6527896305060258,1.5047945953553994,8.196418603020511,0.09395077207153635,1.2203493635115035,0.9932616724226342,1.0000023650205818,0.9995694486493155,0.9827356408618104,0.7440916046360874,2.3657332097790613,0.058998158325723964,0.9905304336814693,0.3273971895736668,0.6468759998932311
Sofa_10_01.obj,Sofa_10,OB,OB,,0.6656885239385864,0.32214238539138934,2.9912224724711227,10.499989863531141,0.0789952939081751,1.4999979868727626,0.8392881192331998,1.2468025678233505,0.6633531428208901,0.6646572262599101,1.1666666647222221,0.8011414858546382,0.3935086403847276,0.8189562544670994,0.23341967684198503,0.17786376697729805
Sofa_10_02.obj,Sofa_10,OB,OB,,0.4943209876568951,0.47790141474889564,1.9775390625092022,6.0000194587761335,0.13458962872987473,1.406249999938521,0.9999999999999976,1.0,0.9999999999999996,0.9999999999999998,0.8164965792610595,0.16883116882598675,1.5700924586837752e-16,0.9999999999999998,0.19471202010588562,0.47790141474889536
Sofa_10_03.obj,Sofa_10,OB,OB,,0.6569809313633165,0.3308361131486684,2.9152898233161055,10.499984998440187,0.07873642065132551,1.48409681976046,0.8430507517250277,1.2469135802469138,0.6621771241382769,0.6595851817634499,0.8333333319444445,0.4084269253775206,0.44711077582397396,0.817175854138632,0.22796205688083648,0.18178441039933574
Sofa_10_04.obj,Sofa_10,OB,OB,,0.829510926120023,0.16112389009174,5.865478515672177,10.333366845687523,0.08909307943940091,2.4218749998982254,0.9999999999999983,1.0,0.9999999999999999,1.0,0.8164965792610595,0.415525114145806,1.5700924586837752e-16,1.0,0.06763433897903676,0.16112389009173997
Sofa_10_05.obj,Sofa_10,OB,OB,,0.8951471898744214,0.0997507953475356,9.537178820503279,14.000035721995072,0.06779820634323434,3.0882323131001996,0.9999999999999987,1.0,1.0,1.0,0.8164965792610595,0.5107910101953196,0.0,1.0,0.042347139838595144,0.0997507953475356
Sofa_10_06.obj,Sofa_10,OB,OB,,5.821019937845242e-16,0.27777777774939066,0.9999999998975961,1.199999999286165,0.5076730824134685,0.9999999995042472,0.9999999999985354,1.0816000000000001,1.0,1.0,0.7999999984,4.755421762777386e-15,0.0,1.0,0.11848888885011348,0.27777777774939066
Sofa_10_07.obj,Sofa_10,OB,OB,,4.4547537956837403e-11,0.27777777770484324,0.9999999999421432,1.199999999286165,0.5076730824176653,0.999999999526521,0.999999999998537,1.0816000000000001,1.0,1.0,0.7999999984,1.1127863051754919e-11,0.0,1.0,0.11848888883126582,0.27777777770484324
Sofa_10_08.obj,Sofa_10,OB,OB,,9.901482151527316e-11,0.27777777765024586,0.9999999999966104,1.1999999992860568,0.5076730824228305,0.9999999995537544,0.9999999999985385,1.0816000000000001,0.9999998966425273,0.9999999342005825,0.7999999984,2.474888805821862e-11,1.5700924586837752e-16,0.9999999483212624,0.11848890021549961,0.27777773980102977
Sofa_10_09.obj,Sofa_10,OB,OB,,9.022580903660936e-14,0.2777777777492356,0.9999999998976858,1.1999999992861108,0.5076730824134941,0.9999999995042924,0.9999999999985374,1.0816000000000001,0.9999077022022298,0.9999412359731198,0.7999999984,2.4657742473662252e-14,1.5700924586837752e-16,0.9999538500362053,0.11849907586487168,0.2777439785549849
Sofa_10_10.obj,Sofa_10,OB,OB,,8.949818154437061e-14,0.2777777777493015,0.9999999998976851,1.199999999286165,0.5076730824134771,0.9999999995042924,0.999999999998538,1.0816000000000001,0.9999918653397052,0.9999948212722877,1.1999999976,2.2632456385039184e-14,1.1102230246251565e-16,0.9999959326615743,0.12515645330943473,0.2777747988595553
Sofa_10_11.obj,Sofa_10,OB,OB,,0.6013404071018749,0.34968036181785483,2.5084057120751972,4.666666665754422,0.17739371879037488,1.5555555554643388,0.9975081363471603,1.0057247063145789,0.9958537507241979,0.9570014951611923,2.943920287109282,3.2503378341572233,0.02626414845355857,0.9767656673456867,0.20417224079090104,0.34074380445404556
Sofa_10_12.obj,Sofa_10,OB,OB,,0.6013403939395513,0.3496803733700675,2.5084056292565537,4.666666665714762,0.17739371879140803,1.555555555451119,0.9975081357876291,1.0057245554629854,0.995853861690592,0.9570015663726812,2.943920287109282,3.2503370379950054,0.02626391173610322,0.9767657142930637,0.20417220959721125,0.34074386607857327
Sofa_10_13.obj,Sofa_10,OB,OB,,0.6013405279102094,0.34968025585202483,2.5084064722134545,4.666646665742936,0.1773942398083698,1.555548888793843,0.9975088431233436,1.0057350614145193,0.9958544606131314,0.9570094308035941,2.943920287109282,3.250323092196316,0.026461429123589824,0.9767689528913364,0.20417623251631878,0.34074532581053835
Sofa_10_14.obj,Sofa_10,M,M,,0.9971864488389859,0.00257827312313969,355.4226664057014,65.21416554746112,0.015310752529495781,18.853133412001963,0.9999157781831177,1.0,1.0,1.0,0.8164965792610595,0.8992602365367907,0.0,1.0,0.001144631589154101,0.00257827312313969
Sofa_11_01.obj,Sofa_11,CA,CA,,0.6058981922270048,0.3214574270610907,2.5374154096139763,1.7212121211736124,0.42906960931374516,1.419999999972407,0.772919796413868,1.62863783091141,0.9618349635943371,0.9710876722264471,1.0326425855213708,1.4396512240640105,0.6278548932391116,0.9781241375848158,0.24159321335950934,0.30471930590463364
Sofa_11_02.obj,Sofa_11,OB,OB,,7.926677950202506e-11,0.15395251975577015,1.0000000000163756,1.065217390893009,0.5530540191005314,0.9999999996431138,0.999999999999337,1.04,1.0,1.0,0.8944271889999158,1.9816688500814518e-11,0.0,1.0,0.06430067636032932,0.15395251975577015
Sofa_11_03.obj,Sofa_11,OB,OB,,7.919528054767707e-11,0.15395251975578153,1.000000000016304,1.0652173908929705,0.5530540191005383,0.9999999996430777,0.999999999999337,1.04,1.0,1.0,0.8944271889999158,1.9797882076397326e-11,0.0,1.0,0.06430067636033393,0.15395251975578153
Sofa_11_04.obj,Sofa_11,OB,OB,,7.926695824941095e-11,0.15395251975576996,1.0000000000163758,1.065217390893009,0.5530540191005314,0.9999999996431138,0.999999999999337,1.04,0.9999999999999998,1.0,0.8944271889999158,1.9816477192551217e-11,0.0,1.0,0.06430067636032925,0.15395251975576993
Sofa_11_05.obj,Sofa_11,OB,OB,,7.91949230529053e-11,0.15395251975578136,1.0000000000163036,1.0652173908929705,0.5530540191005383,0.9999999996430777,0.999999999999337,1.04,1.0,1.0,0.8944271889999158,1.9798727308949808e-11,0.0,1.0,0.06430067636033387,0.15395251975578136
Sofa_11_06.obj,Sofa_11,M,M,,0.913778311724315,3.2031810540543703e-16,11.597872905833343,2.399999009974158,0.35897902614889204,2.399999009974147,0.7762291302734996,1.0138406658739596,0.9999999999998227,0.999999999999917,0.6643638382781956,1.0819950046416065,0.7832122474397599,0.9999999999999347,1.5630448106391565e-16,3.203181054053669e-16
Sofa_11_07.obj,Sofa_11,M,M,,0.9131662080889547,0.00012461681945707712,11.516117781214792,2.414874631601206,0.3573333622803918,2.414855192989534,0.7858727801463596,1.040997218912394,0.9992192667146901,0.9968380387499951,2.219386326797999,2.4220495295580853,0.4853763671037414,0.9976073194395838,7.59590766707617e-05,0.00012432266399866213
Sofa_11_08.obj,Sofa_11,CA,SL,x,0.7902207510913505,0.19842491868146792,4.766915334280373,3.699999809210925,0.22818430662088246,1.7411764283372297,0.7212791909451485,1.5164429636115206,0.9964215175404629,0.9974361483292811,1.459732988291473,2.5491901168802187,0.4982639324344639,0.9979942197656959,0.14777494126651552,0.19746140280516972
Sofa_12_01.obj,Sofa_12,OB,OB,,0.8122547420784448,0.13935466842883687,5.3263662212853005,4.117640480924806,0.21785952973467917,2.3333321217142893,0.9039214479967274,1.568384923569728,0.7452564113612622,0.8399209470832132,0.7730206816702672,0.9618358184375108,0.6865034882283299,0.8949394483553158,0.10836735455557645,0.09554245827297714
Sofa_12_02.obj,Sofa_12,OB,OB,,0.9001913476506064,0.059784537949042746,10.01917144917718,4.374997706707546,0.20856767414478247,2.5925941021574213,0.9953429781775606,1.3575566864352169,0.9461183882200881,0.9614494253769942,1.231174021239027,1.5224292937382968,0.5207926318172652,0.9729477697375121,0.04026123854819366,0.055472977776608326
Sofa_12_03.obj,Sofa_12,OB,OB,,0.4417672702533872,0.5257812186631292,1.7913675546283068,4.399997998547908,0.18455343402582405,1.4666662862186735,0.9962515384604588,1.7239264280989963,0.8698237441503155,0.91011995360824,1.0031007820766287,1.8438978690266907,0.6386296921517721,0.9362964047775175,0.4420531316432614,0.4367842533624716
Sofa_12_04.obj,Sofa_12,OB,OB,,0.7852200382936378,0.16796151837450884,4.65592782517983,4.399997998547908,0.18455343402582405,1.4666662862186735,0.9962517092180104,1.5481990237337866,0.8715477128648584,0.9072282417396302,1.5434872649590499,1.8517415460223636,0.4976571957971578,0.9354202474296479,0.1352425213486332,0.13959621175144757
Sofa_12_05.obj,Sofa_12,M,M,,0.8465383498251888,0.002108338619370702,6.516285983104623,1.8013798562334258,0.43664502969013813,1.8013798561576728,0.7776503447088321,1.1377777777778646,0.9871971023742859,0.9903814374622274,2.122891108678754,2.131796894818931,0.537313657018676,0.9925611645389968,0.0013714951347664425,0.002071335998612609
Sofa_12_06.obj,Sofa_12,M,M,,0.8467347621903706,7.673272472141274e-07,6.524636729565235,1.8146624719231623,0.4346588845279313,1.8146514953472077,0.7891580660504245,1.0138406658754253,0.999999972397143,0.9999999742404483,2.1591824744041355,2.131476682451565,0.5666888373964737,0.9999999797684962,4.62835442078678e-07,7.673272161507004e-07
Sofa_12_07.obj,Sofa_12,M,M,,0.8467096024852238,4.014818122945057e-05,6.523565834460473,1.8065578040764205,0.4358669789229461,1.8065034114951979,0.7821337936252485,1.0138406658773202,0.9999999538397495,0.9999999651055064,2.1591824744041355,2.1362698810201284,0.5666814605403044,0.9999999725939308,2.4216512733851318e-05,4.014817867572527e-05
Sofa_12_08.obj,Sofa_12,M,M,,0.8467055172357602,2.9134096539390376e-05,6.523391983495027,1.803101333529235,0.43637698360446103,1.8028846145591075,0.7791223259687254,1.0963139120253067,0.999999999999966,0.9999999999999409,1.8270005552650377,1.94190091833336,0.6057865614904082,0.9999999999999538,1.8083949655394127e-05,2.9134096539388526e-05
Sofa_13_01.obj,Sofa_13,OB,OB,,0.4970510538415085,0.4646366018858559,1.9882733777204307,4.249999866207917,0.18877167697485103,1.4166666666055667,0.9963715829829621,1.4945975823426574,0.8156904838337982,0.8602430625611831,1.4284045998525092,2.442502395912851,0.4812863635120591,0.9063198815547403,0.3766593894202199,0.35251573909059125
Sofa_13_02.obj,Sofa_13,OB,OB,,0.49705105384150733,0.4646366018858569,1.9882733777204262,4.249999866208021,0.18877167697484656,1.4166666666055667,0.9963715829829899,1.4945975875971924,0.8156904838337984,0.8602430625611831,1.4284045998525092,2.4425023959128507,0.48128636351199044,0.9063198815547403,0.37665939027472634,0.3525157390905921
Sofa_13_03.obj,Sofa_13,OB,OB,,0.8429580980202032,0.13859861921535485,6.367727258731825,6.303025123127068,0.1506976213865133,3.4666666665191594,0.911363881425268,1.1688830059276942,0.9752929917445108,0.9911642082629167,0.3623263568569464,1.3530130278664683,0.7772089235318953,0.9931323009478064,0.07561640590470786,0.13457707617263964
Sofa_13_04.obj,Sofa_13,OB,OB,,0.9436529109827813,0.020525740659811935,17.747145725562806,6.303030302535441,0.15212543556029112,4.00000208572916,0.9979781140968881,1.4019263353213551,0.9982023195447193,0.9993797296609264,0.8057906655038,2.202562746909159,0.6501371328679579,0.9995132307034481,0.013795790757062321,0.020482487626529884
Sofa_13_05.obj,Sofa_13,M,OB,x,0.8518496969916531,2.1140805355688347e-06,6.749901820358265,1.8749999989743258,0.42579703622426446,1.8749999989741823,0.7764628888124582,1.0400000000053615,0.9999999999999994,0.9999999999999999,0.36514837133677736,0.30434782597457766,1.9229626863835638e-16,0.9999999999999999,8.48013289564065e-07,2.1140805355688335e-06
Sofa_13_06.obj,Sofa_13,M,OB,x,0.8518518110721945,4.205775536517723e-12,6.749998141725391,1.8749999989743737,0.4257970362242634,1.8749999989743737,0.7764573488793444,1.0400000000053802,1.0,1.0,0.36514837133677736,0.30434782597458915,0.0,1.0,1.6870471525962351e-12,4.205775536517723e-12
Sofa_13_07.obj,Sofa_13,M,M,,0.8518496969916536,2.1140805426511406e-06,6.749901820358283,1.8749999989743737,0.4257970362242555,1.8749999989741823,0.776462888812459,1.0400000000053857,0.9999999999999998,1.0,0.36514837133677736,0.30434782597458926,0.0,1.0,8.480132924049831e-07,2.1140805426511402e-06
Sofa_13_08.obj,Sofa_13,M,OB,x,0.8518518110721962,4.205218501235127e-12,6.749998141725467,1.8749999989743737,0.4257970362242555,1.8749999989741823,0.7764573488792593,1.0400000000053826,1.0,1.0,0.36514837133677736,0.3043478259745429,0.0,1.0,1.6868237110979274e-12,4.205218501235127e-12
Sofa_14_01.obj,Sofa_14,SL,OB,x,0.6358761012513742,0.33572312614332733,2.746317952313482,5.666666665942524,0.14655959061939733,1.5454545453942035,0.9976807902236946,1.110831218836033,0.9935331191233135,0.9690441719292199,1.9955703143857841,2.4576901984914983,0.356873505665227,0.9827395278665615,0.213139576044282,0.3283893548051394
Sofa_14_02.obj,Sofa_14,M,M,,0.9137238256222433,0.0001266758380468003,11.590685460967611,2.409638553230304,0.35790533490067006,2.409309571181791,0.7825653001827553,1.0270453201641514,0.9986162682210558,0.9966235785176313,2.2938493755741187,2.4745559782350637,0.4548984880196176,0.9975013537456136,7.642758032963318e-05,0.0001262869930722973
Sofa_14_03.obj,Sofa_14,M,M,,0.9137826441108498,5.70192698842037e-06,11.598592762156656,2.399999999018212,0.3589790792547931,2.3999999990181444,0.7764887279964996,1.0138406658739596,0.9999999999999929,0.9999999999999759,1.49481863612594,1.9217898607150528,0.6529751856793237,0.999999999999981,3.2687528279378146e-06,5.701926988420261e-06
Sofa_14_04.obj,Sofa_14,OB,OB,,0.6570886155578678,0.331724982449721,2.916205309505172,9.866666665254229,0.08755029506679733,1.7411764705455859,0.9999999999999997,1.1302300623697874,1.0,1.0,0.8728715590392077,0.27043369180300897,0.0,1.0,0.15308262040086448,0.331724982449721
Sofa_14_05.obj,Sofa_14,SL,OB,x,0.5455294028160667,0.4300629610501701,2.200362369306359,5.666666665942524,0.14655959061939733,1.5454545453942035,0.9976807902236934,1.2862927218366287,0.9500026014042401,0.9418615213345938,1.8156825969075063,2.4590849682305853,0.3084825276991985,0.9628589425565185,0.3011215797665744,0.3966843762577951
Sofa_14_06.obj,Sofa_14,M,M,,0.9137891105554301,2.2839965597665925e-15,11.599462741086105,2.3999999990182346,0.3589790792547917,2.3999999990182235,0.7764561669153647,1.0138406658739596,0.999999999999941,0.9999999999999555,1.3287276765563911,1.772440034615827,0.6801124384453021,0.9999999999999651,1.2726326446359362e-15,2.283996559766407e-15
Sofa_14_07.obj,Sofa_14,M,M,,0.9131770063623854,0.00012461829306237713,11.517686249820144,2.4148756329438075,0.3573334152266529,2.414856194316025,0.7861054937780874,1.0409972189127052,0.9992192667149524,0.9968380387500805,2.219386326797999,2.422053499476305,0.486065535735609,0.9976073194396914,7.596426904472765e-05,0.00012432413412558486
Sofa_14_08.obj,Sofa_14,CA,CA,,0.7896889011238263,0.19873759805021465,4.754860800706927,3.699999999808027,0.2281843093030514,1.7411764705455859,0.721279316718908,1.4538704893068775,0.9913641312285189,0.9948466502902794,1.4329755062527818,2.5492391350723804,0.5121427743504536,0.9959773815357189,0.14384446142374072,0.19651366633631656
Sofa_15_01.obj,Sofa_15,SL,SL,,2.0167985337509856e-05,0.7946787463051774,1.0000201682308025,2.1220665380308152,0.32170734769564147,1.040543978749513,0.4396130580452789,1.041230374749004,0.7071287722684867,0.5000456976434962,1.4285714265306122,0.4999888016988423,0.19238836224268388,0.7653784844814476,0.5303346648665607,0.4214679943385853
Sofa_15_02.obj,Sofa_15,SL,SL,,1.171182382093372e-05,0.7946625558433243,1.0000117117996967,3.1526874007584795,0.2188528921589652,1.0000282729077976,0.7071205420375087,1.0412328196766614,0.707120552737119,0.5000299208797825,1.4285714265306122,0.4999999415658451,0.17862653053288516,0.7653743166799948,0.5297824549187019,0.421450075899249
Sofa_15_03.obj,Sofa_15,SL,SL,,6.825319291065639e-05,0.7946176240082189,1.0000682576904343,3.152776535139723,0.21884700106651764,1.0000282720640503,0.7071005498332348,1.0412328196766614,0.7071005605321582,0.4999864678070499,1.4285714265306122,0.49999994071838466,0.1786255250649013,0.7653634967640841,0.5297636811236724,0.421402123811178
Sofa_15_04.obj,Sofa_15,SL,SL,,3.6374779568542865e-05,0.794670007292684,1.000036375941454,2.1220665380308152,0.3216995173048805,1.0404851427898727,0.4396006292757409,1.0412303747490328,0.707108780176043,0.500002245205052,1.4285714265306122,0.4999888016669816,0.19233264848074322,0.7653676642196231,0.5303378409091929,0.42143923543513556
Sofa_15_05.obj,Sofa_15,M,OB,x,0.841290060559119,0.15777406628904678,6.30080260582764,24.79513131850587,0.03749238419182886,2.5359113305036076,0.9345527604879313,1.3141454952350158,0.9259760442899001,0.9434967930830824,0.5619514864227005,0.8401071659694577,0.6807549228014423,0.9606091682637607,0.09483694686667622,0.14196758762291453
Sofa_15_06.obj,Sofa_15,M,M,,0.841290060559119,0.15777401336988567,6.300802605827636,24.793729315923255,0.03749450128054381,2.5359113305036076,0.9345509810461441,1.3141454957833065,0.9259760442899,0.9434967930830824,0.5619514864227005,0.8401071659694576,0.6807549228009647,0.9606091682637607,0.09483691508759212,0.1419675400054206
Sofa_15_07.obj,Sofa_15,OB,SL,x,0.11498095697539433,0.8349483402791292,1.1299191897409566,4.187398402947135,0.17108257733541604,1.059125652329705,0.8210439834696664,1.4088341117506147,0.9996827146071904,0.9996774791643335,1.3693063925129152,1.3609842329974875,0.6847753614140863,0.9997478297013147,0.5658379898933306,0.8345488219693974
Sofa_15_08.obj,Sofa_15,OB,OB,,0.17341396746256865,0.7885520352588508,1.2097954243552365,4.768994691724069,0.15079070561987318,1.0601366638898622,0.9967350575693555,1.5722355113550122,0.9907026315922477,0.99405132485301,1.4433756708907313,1.2003535740164597,0.7691237177965476,0.9953605752614302,0.5827860748398065,0.7788969627645593
Sofa_15_09.obj,Sofa_15,OB,OB,,0.3729798837630675,0.60192791169229,1.594845163822366,5.783668448883572,0.13330599094694096,1.2380938343307406,0.9890336407566226,1.2044989640209651,0.874816889086428,0.8942996819827753,0.8074103468670888,1.3623982283082219,0.28361178274815213,0.9279571388350059,0.36575385981376557,0.4987470406686528
Sofa_15_10.obj,Sofa_15,OB,OB,,0.3926201320927036,0.580310354399291,1.6464161109673667,5.766977497049942,0.13368492353694536,1.2380938343307457,0.9891402173586882,1.2329778095700616,0.9174970781067436,0.929967530143337,0.6847367877244203,1.3313512031479393,0.3313901559221894,0.9507450575565604,0.3437560831837345,0.513789253634481
Sofa_15_11.obj,Sofa_15,M,M,,0.9971865927163913,0.0025782734951416038,355.44089397435897,65.21424623904585,0.015310752819550143,18.853140155900974,0.9999999999999156,1.0,1.0,1.0,0.8164965792610595,0.8992602689419151,0.0,1.0,0.0011446317584828582,0.0025782734951416038
Sofa_15_12.obj,Sofa_15,M,M,,0.9971864645385705,0.0025784016729624155,355.42470095321465,65.21424623904585,0.01531075184128306,18.852710699443655,0.9999999999999158,1.0,1.0,1.0,0.8164965792610595,0.8992580897267608,0.0,1.0,0.001144688382441757,0.0025784016729624155
Sofa_15_13.obj,Sofa_15,M,M,,0.9971864645385701,0.0025783646162988155,355.4247009531686,65.20910802216336,0.015311957984445485,18.852710699442426,0.9999999999999123,1.0,0.9999999999999999,1.0,0.8164965792610595,0.8992580897267546,0.0,1.0,0.001144671931035926,0.002578364616298815
Sofa_15_14.obj,Sofa_15,OB,OB,,0.10308036850059797,0.8645118234588343,1.11492709589592,5.572980812718386,0.13000363020383499,1.0703390339130954,0.9937370636916014,1.1697491324341578,0.9985441627499726,0.9749561866610171,0.5247835713141904,2.0197288868962544,0.20771032878268672,0.9851660537417336,0.48174991119752286,0.852443658503059
Sofa_17_01.obj,Sofa_17,CA,CA,,0.08547678946850268,0.7815217609633042,1.0934659596212537,2.181871456239763,0.3563173722137794,1.5000002557404197,0.6979114366094193,1.5028789411428154,0.9149915554096849,0.9405301545055896,0.7872958212089938,1.3420863067358677,0.6870424009965261,0.9564018839794992,0.5545614479081646,0.6938227902832845
Sofa_17_02.obj,Sofa_17,OB,OB,,0.6687272292498856,0.2949272087828589,3.0186604161132413,2.662191909003039,0.2803603287090752,1.2365485569897745,0.49818593799599437,1.86128835958606,0.7909728752406946,0.830106652723572,0.717804919090161,1.3493024676406338,0.6407508355092781,0.8899306008571704,0.26091033778044653,0.21346311136355856
Sofa_17_03.obj,Sofa_17,OB,OB,,0.7578665925378706,0.18971585014972162,4.129954682755391,3.918816380737293,0.22040965788020547,1.9060012041989498,0.9411183568923908,1.2053184243198396,0.7752267437958145,0.8396422186041506,0.658504607249049,0.8628032207491998,0.707381068225541,0.8948469472875276,0.11996718434177042,0.13528066674140815
Sofa_17_04.obj,Sofa_17,OB,OB,,4.498535380523811e-11,0.9583997886040518,1.000000000023871,5.069749628274012,0.13813851605127028,0.9999999997998554,0.9726683341399708,1.0816000000000001,0.9999428413938948,0.9999636096211493,0.7999999984,1.1246427471564523e-11,1.3911054626160788e-15,0.9999714202885474,0.40883677987233513,0.9583275705390918
Sofa_17_05.obj,Sofa_17,OB,OB,,4.064034873570992e-06,0.9583958936770024,1.0000040640302756,5.069759787250831,0.13813837838070092,1.0000019754825078,0.9726683341399355,1.0816000000000001,0.9999999995263366,0.9999999996984567,0.7999999984,1.016010782705657e-06,1.1435297153639112e-14,0.9999999997631683,0.40881340118225273,0.9583958930785464
Sofa_17_06.obj,Sofa_17,OB,OB,,0.6687272292498859,0.2949272087828583,3.0186604161132444,2.738213516520292,0.2729703812976947,1.234144091247348,0.5144107419199171,1.8612883601127455,0.7909728752406968,0.8301066527235732,0.717804919090161,1.349302467640634,0.6407508354812526,0.8899306008571711,0.2609103378343993,0.21346311136355886
Sofa_17_07.obj,Sofa_17,OB,OB,,0.7514323453925078,0.1960215460545606,4.023049586153193,4.130442289966344,0.20948926975527346,1.900006226942282,0.9982106091158043,1.178926886516346,0.7933576663672952,0.8561437205588031,0.6499336830162332,0.8650798903512232,0.7026375352379245,0.9039458821968295,0.12041217540074062,0.14432927756485533
Sofa_17_08.obj,Sofa_17,OB,OB,,4.495954919686738e-11,0.9583997886040776,1.0000000000238451,4.999987294256789,0.1400283570835023,0.99999999979737,0.9999999999994298,1.0816000000000001,1.0,1.0,0.7999999984,1.1240029458439227e-11,0.0,1.0,0.40881501373548756,0.9583997886040776
Sofa_17_09.obj,Sofa_17,OB,OB,,4.0640348688901506e-06,0.9583958936770074,1.000004064030271,4.999997454236711,0.14002821760427783,1.0000020317985177,0.9999999999994293,1.0816000000000001,1.0,1.0,0.7999999984,1.0160107815860015e-06,0.0,1.0,0.4088134010018863,0.9583958936770074
Sofa_17_10.obj,Sofa_17,OB,SL,x,0.18828832317905517,0.776171520206809,1.2319645368611805,3.605385780005857,0.19768313700461676,1.0590054388968184,0.7147196107966183,2.0788876777098335,0.9756022958506113,0.9812963192835438,0.7236272265502689,1.1567929944204474,0.6260346481114565,0.9860178713300861,0.6542803517344211,0.7501531788997106
Sofa_17_11.obj,Sofa_17,M,M,,0.9940212677405227,0.005978732239319954,167.25953874162397,920.9720200752574,0.0010825816593996074,12.942065501517385,0.9999999992286828,1.550010264946126e-25,0.584203735014424,0.9066415576988514,1.889822357903279,1.0117768442395505,0.8141509752192163,0.9487845469130364,0.0019691259861056363,0.0033297566283624026
Sofa_17_12.obj,Sofa_17,OB,SL,x,0.18988970161265312,0.7740950404017944,1.2343998119641069,3.558246194922056,0.199663167697985,1.0527860016842245,0.729472804470036,2.0709925681822026,0.9225042223652216,0.9433482963076912,0.7210101213181186,1.1568801628840955,0.6204558495937128,0.9587200038457656,0.669191919903224,0.6938782841307499
Sofa_17_13.obj,Sofa_17,M,M,,0.9940212677405228,0.005978732239319844,167.25953874162707,5366268119.300001,0.0,12.940787817543212,1.0,1.232595164407831e-32,0.5842037350144857,0.9066415576988799,1.889822357903279,1.0117768442395643,0.8141509752192488,0.9487845469130475,0.0019691259861054854,0.0033297566283627435
Sofa_17_14.obj,Sofa_17,OB,OB,,0.277769618823614,4.166601344426041e-06,1.3845798425394997,1.0000023104354274,0.5773497248765118,1.0000023104164764,0.7036561008465169,1.1236201953826606,0.8333337499827786,0.8845915880089473,1.2247448688915892,0.16070941142187092,0.16514860675548687,0.9235636397094594,2.295173853638653e-06,3.271810737625307e-06
Sofa_17_15.obj,Sofa_17,OB,OB,,0.27776961882361334,1.3888685096209736e-06,1.3845798425394984,1.0000023104164764,0.5773494041390772,1.0000006437726883,0.7036563169602515,1.1236201953826592,0.8333337499821494,0.8845915880089473,1.2247448688915892,0.16070941142187084,0.16514860675548693,0.9235636397091103,7.650587195459765e-07,1.090604674479624e-06
Sofa_17_16.obj,Sofa_17,OB,OB,,0.27777100769212343,2.777751781096266e-06,1.3845825051290144,1.0000014771235433,0.5773498852438057,1.0000014770856347,0.7036559927949187,1.1236201953850131,0.8333336110893329,0.8845915359428701,0.8164965792610595,0.1607097581844042,0.16514860675452187,0.923563607877118,1.4620850029234787e-06,2.181220516851366e-06
Sofa_17_17.obj,Sofa_17,OB,OB,,0.7523354444611429,0.23856612035653163,4.03771918577162,9.941175140453527,0.08950468043148685,1.9882352409167054,0.9991350935611064,1.1111111186537965,1.0,1.0,0.22645540670071398,0.3307086554954259,0.0,1.0,0.09996198341589915,0.23856612035653163
Sofa_18_01.obj,Sofa_18,OB,OB,,0.8931623931540745,1.8527772090625102e-16,9.359999999184032,2.9999999986278314,0.3015113445361846,2.9999999986278314,0.9999999999996809,1.0816000000000001,0.9999999999999992,0.9999999999999998,0.7999999984,0.49889870926479307,2.482534153247273e-16,0.9999999999999997,8.365380540276639e-17,1.8527772090625084e-16
Sofa_18_02.obj,Sofa_18,OB,OB,,0.8931623931540744,9.263886045312555e-17,9.359999999184026,2.9999999986278314,0.3015113445361846,2.9999999986278314,0.9999999999996809,1.0816000000000001,0.999999999999999,0.9999999999999998,0.7999999984,0.47672652726626397,3.510833468576701e-16,0.9999999999999996,4.172420241767806e-17,9.263886045312543e-17
Sofa_18_03.obj,Sofa_18,OB,OB,,0.8931623931540744,7.940473753125048e-17,9.359999999184026,2.9999999986278314,0.3015113445361846,2.9999999986278314,0.9999999999996809,1.0816000000000001,0.9999999999999992,0.9999999999999998,0.7999999984,0.48575839191930464,2.482534153247273e-16,0.9999999999999999,3.579946071440511e-17,7.940473753125041e-17
Sofa_18_04.obj,Sofa_18,OB,OB,,0.8931623931540744,9.263886045312558e-17,9.359999999184023,2.9999999986278314,0.3015113445361846,2.9999999986278314,0.9999999999996809,1.0816000000000001,0.9999999999999993,0.9999999999999999,0.7999999984,0.46173053313581797,1.5700924586837752e-16,0.9999999999999997,4.1654741827297747e-17,9.263886045312552e-17
Sofa_18_05.obj,Sofa_18,OB,OB,,0.7937444612692519,0.19451147059889962,4.8483546485754285,6.999999998719319,0.12352470488002296,1.7758334830719535,0.9911690715789393,2.533191029645078,0.8930436873484718,0.9199869253404702,1.221919619114342,1.8245100485729282,0.4392227374165764,0.9438144402893659,0.18118567101915609,0.16675781571629003
Sofa_18_06.obj,Sofa_18,OB,OB,,0.7937444612692519,0.19451147059889953,4.84835464857543,6.999999998719319,0.12352470488002296,1.7758334830719535,0.9911690715789397,2.533191029645079,0.8930436873484723,0.9199869253404702,1.221919619114342,1.824510048572928,0.4392227374165762,0.9438144402893661,0.18118567101915597,0.16675781571629006
Sofa_18_07.obj,Sofa_18,OB,OB,,0.17086085048776528,0.8130770315149345,1.2060701760229129,6.983019325623345,0.10509944459684183,1.0936519913562592,0.9908696181579604,1.0015940946095243,0.8769220635346908,0.8875347123927355,0.7051351590587047,3.2297143216614597,0.040337192586521194,0.9257191894589826,0.44810031122145966,0.6729110215055548
Sofa_18_08.obj,Sofa_18,OB,OB,,0.17086036174591288,0.8130774875655382,1.206069465096858,6.982948703582649,0.1050999589447687,1.0936395867945898,0.9908772842994975,1.0018076184385567,0.8769190588435276,0.8875352134479407,0.7051351590587047,3.229709934634086,0.040445283090394336,0.9257181936314928,0.44816628252251484,0.6729092718969895
Sofa_18_09.obj,Sofa_18,OB,OB,,0.8002980193313257,0.18321024811785275,5.007461601789041,3.965779976126029,0.22440237729307447,2.2412235254850494,0.6381036599407658,1.0114050606198572,0.9931960506871589,0.9472275869853118,1.7550053725300425,3.1860699838341495,0.15911909587532272,0.9671029070884336,0.10641206675393865,0.1771623632462266
Sofa_18_10.obj,Sofa_18,OB,OB,,0.8002982413129001,0.1832100403647995,5.0074671679103275,3.9658110503301915,0.2244007377222642,2.2412254384068695,0.6381039014235221,1.026985657068935,0.9931953153647184,0.9472278733376731,1.7881186814457037,3.218914081630882,0.15835371243618668,0.96710199916471,0.10776804866741634,0.1771620572403045
Sofa_19_01.obj,Sofa_19,CA,OB,x,0.5056684088007041,0.4566617609842332,2.0229336295780866,2.7289835048384994,0.2942165967654761,1.548741266459486,0.6806889546900907,1.7041785847378093,0.9923306252132125,0.9943337756081406,0.38302295840562706,0.7715584862991978,0.7669249015371988,0.995586612536896,0.3194783648783489,0.45187559922172116
Sofa_19_02.obj,Sofa_19,OB,OB,,0.8931623931561856,1.345523268084024e-14,9.359999999391086,2.999999998814681,0.30151134454181966,2.9999999988144923,0.9999999999997949,1.0816000000000001,0.9999999999999996,0.9999999999999999,0.7999999984,0.49999310270862213,1.5700924586837752e-16,0.9999999999999999,6.0758402278355e-15,1.3455232680840233e-14
Sofa_19_03.obj,Sofa_19,OB,OB,,0.8931623931561837,1.8770148380026768e-15,9.359999999390919,2.9999999988144923,0.30151134454183665,2.999999998814465,0.9999999999997963,1.0816000000000001,0.9999999999999967,0.9999999999999988,0.7999999984,0.49986372739771184,2.220446049250313e-16,0.999999999999999,8.47572030783472e-16,1.8770148380026693e-15
Sofa_19_04.obj,Sofa_19,OB,OB,,0.8931623931561847,1.45616835327155e-14,9.359999999391002,2.999999998814681,0.30151134454181955,2.999999998814479,0.9999999999997936,1.0816000000000001,0.9999999999999998,0.9999999999999999,0.7999999984,0.49997976921436954,2.220446049250313e-16,1.0,6.575459084920192e-15,1.4561683532715497e-14
Sofa_19_05.obj,Sofa_19,OB,OB,,0.893162393156184,7.705639861274143e-16,9.359999999390936,2.999999998814479,0.3015113445418379,2.999999998814465,0.9999999999997983,1.0816000000000001,0.9999999999999964,0.9999999999999987,0.7999999984,0.4995161461858796,3.510833468576701e-16,0.9999999999999989,3.4793723148553646e-16,7.70563986127411e-16
Sofa_19_06.obj,Sofa_19,OB,OB,,0.7510966181628663,0.23817612448433242,4.0176231942644804,7.099999998901422,0.1216812480887685,1.7679040229607785,0.9863782896672052,2.043157034250672,0.6897203176594072,0.7200294601107164,1.5704380462638188,2.368205229149704,0.4087415390017871,0.8387771381558369,0.2511987143774819,0.14127884430342066
Sofa_19_07.obj,Sofa_19,OB,OB,,0.7459529919388321,0.24373906979046223,3.9362793824321103,7.099999998901397,0.12156581378709552,1.7609126983495385,0.9863779202167523,2.1004193421500297,0.6947868842437173,0.7253564532668455,1.643989872152672,2.4167229382265476,0.3968775048183542,0.8410482361069654,0.25740633021005843,0.14609171849260563
Sofa_19_08.obj,Sofa_19,OB,OB,,0.6771648963212858,0.29597455388711147,3.097556581067229,3.132981807851092,0.2677719659279939,1.770563054231208,0.6381053997930326,1.0232520797238884,0.9934795646707866,0.944724192835201,1.839475170134078,3.0976378908299997,0.15470078549592886,0.9660047931330576,0.1747098888481658,0.28591789268477996
Sofa_19_09.obj,Sofa_19,OB,OB,,0.6771649028016848,0.2959745531238603,3.097556643245731,3.1329767536596966,0.2677726896799002,1.7705725600775586,0.6381020558510816,1.012998204865093,0.9934783247279642,0.9447205427383265,1.806030167040731,3.066373516505284,0.15542344926994442,0.9660022885467693,0.17306477806791978,0.28591699845372015
Sofa_19_10.obj,Sofa_19,OB,OB,,0.2613345844127705,0.7193257086081907,1.353792906636561,6.3850548095367685,0.11806976698798462,1.1664332476251387,0.9908702428775978,1.0022057671924722,0.9194830789660924,0.9225728848186777,0.7051351590587047,3.2339386699174844,0.04562087355660811,0.9482224257059775,0.3834343592087742,0.6358023677033865
Sofa_19_11.obj,Sofa_19,OB,OB,,0.261334993061714,0.7193253288954723,1.3537936555904653,6.3850469626331545,0.11806984945481475,1.1664318141389443,0.9908732715492194,1.0020001907453897,0.9194860998922075,0.9225715582548135,0.7051351590587047,3.233929697188685,0.04566517727276703,0.9482235097386065,0.38338360992058695,0.6358036822823322
Sofa_19_12.obj,Sofa_19,SL,SL,,0.6805484349617242,0.301170248714228,3.130364057205247,3.2482838875560476,0.24460930403459707,1.4297507530717297,0.5892533388474072,1.4256407784208942,0.9993019438781128,0.9781008756052885,0.7302967430068881,1.665343448451416,0.13344220339117055,0.9883521952502113,0.19207181121821945,0.2976646345754598
Sofa_19_13.obj,Sofa_19,CA,SL,x,0.843260063016749,0.1414593779423314,6.3799915706547425,3.472606719133877,0.26363671578172293,3.012723708670429,0.5436407568657442,2.070918898813433,0.9981629145429941,0.9861264988808212,1.1817578952202614,2.444427626783675,0.40585748898782337,0.9926265366035107,0.12656756138526357,0.14022003923119794
Sofa_19_14.obj,Sofa_19,CA,SL,x,0.8432600835993783,0.14145928112469888,6.37999240845667,3.472606719133877,0.2636369498602653,3.0127526765207633,0.5436459257018853,2.070910034677476,0.9981614579027911,0.9861273892507186,1.1817578952202614,2.444427870900706,0.4058627754900618,0.9926265048985656,0.1265675386541292,0.14021980149563137
Sofa_20_01.obj,Sofa_20,OB,OB,,0.7773237120238969,0.20283352104275543,4.490823917934316,4.480514285415949,0.19723495148070372,2.0820786531148827,0.9572660227816878,1.0201936668588971,0.9999999659505323,0.9999999830808332,0.2842676216054604,0.35108729364868435,0.0,0.9999999867117176,0.07944547203356686,0.20283351242049497
Sofa_20_02.obj,Sofa_20,SL,SL,,0.881787440135936,0.08131530399488576,8.459338002236471,3.527054107915339,0.22532730026162207,1.4101863528630054,0.8758393929576495,1.297388952705837,0.9871792464668171,0.9920312137929933,1.1149412185420202,1.5326847117483768,0.6864730992123309,0.9938002315816608,0.05179682679345626,0.07995294221077306
Sofa_20_03.obj,Sofa_20,SL,OB,x,0.8868479684619249,0.07688688070433732,8.837667219993627,3.527195478450372,0.22531872761597413,1.4101863528630054,0.8758713216629251,1.3840583893636393,0.994155973076986,0.9962100821104146,1.1180339879165615,1.5367351011164614,0.6336748962440679,0.9970577898319548,0.05092676771089663,0.07629270568115605
Sofa_20_04.obj,Sofa_20,OB,OB,,0.9586690117723998,0.03183550054754252,24.194921120519687,7.900348604688338,0.11502457885923073,2.2649706881851874,0.9896278896492855,1.383023156539105,0.9992347324357599,0.9868171859278666,1.2840254666968112,4.175836701966829,0.26035773944434126,0.9927913629492688,0.021560075258177266,0.0316014577135901
Sofa_20_05.obj,Sofa_20,SL,SL,,0.8221127804611058,0.13391079277121826,5.621539324701006,4.199781496279264,0.20954945882718345,2.06528136276423,0.8003253969987348,1.36474271283563,0.9452278843953733,0.9046822365437699,2.3845524151574953,3.4146090059308465,0.03134373049010598,0.9454993454054805,0.09831244895522753,0.12054373447194282
Sofa_20_06.obj,Sofa_20,SL,SL,,0.8217708258958364,0.13432863567712625,5.610753710922649,4.199831156080671,0.20954753977005533,2.065305783431311,0.8003212267952071,1.359606082447279,0.9471127260151606,0.9055891842529071,2.3935677683491785,3.4130979277615507,0.03250233640514282,0.9461557457873254,0.09829430717652017,0.12121868249779531
Sofa_20_07.obj,Sofa_20,OB,OB,,0.1573061736992568,0.8317150957311135,1.1866706136787581,6.520991051726836,0.11209722721679831,1.0859598853539487,0.9440779733450629,1.0754884588802929,0.9409938569027722,0.9601894082056439,0.1650976686144561,0.04120879307852665,4.323723068466734e-08,0.9701454301569342,0.3429120581232126,0.7670601389657409
Sofa_20_08.obj,Sofa_20,OB,OB,,0.15730977252294281,0.8317115412064411,1.186675681517654,6.520991051709646,0.1120972272169565,1.0859598853510926,0.9440823487784167,1.0755157838659275,0.9409962298678441,0.9601911118198668,0.1650976686144561,0.04120879306603973,4.3208460032140295e-08,0.9701466494912687,0.3429177295313549,0.7670594617518353
Sofa_20_09.obj,Sofa_20,SL,OB,x,0.7401025851421533,0.25440864895419524,3.847669125267097,1.2728841343458746,0.48702695620810216,1.007657777876553,0.12384108145625818,1.6116733108124537,0.9999999999999976,0.9999999999999897,0.7905694144170947,1.0925766626916322,0.7664320087807378,0.9999999999999916,0.1792233263685194,0.25440864895419335
Sofa_20_10.obj,Sofa_20,SL,SL,,0.7021094886911587,0.2915993703123534,3.356935224796988,4.321709969624623,0.18404608950764284,1.377369244202415,0.42369674091510673,1.6116733108124057,1.0,1.0,0.3162277657668379,0.1442237541214505,0.0,1.0,0.1721225097404116,0.2915993703123534
Sofa_20_11.obj,Sofa_20,SL,OB,x,0.04167658494347403,0.8560459441667595,1.0434629334883767,2.9999977481098017,0.22941569437720322,0.9999997498065525,0.9891186063882611,1.0743801652892562,0.9999999999999992,0.9999999999999994,0.8528028636042599,0.004191110593557734,1.5700924586837752e-16,0.9999999999999994,0.36588326916117037,0.8560459441667586
Sofa_20_12.obj,Sofa_20,SL,OB,x,4.524296100898677e-14,0.874428256140024,0.9999717089721514,2.937497795077381,0.23403216613889608,0.999999744483289,0.9995101947028722,1.0,1.0,1.0,0.7844645390142747,1.134722243463837e-14,1.1102230246251565e-16,1.0,0.3472073671802453,0.874428256140024
Sofa_22_01.obj,Sofa_22,OB,SL,x,0.3038567042479744,0.5941212641133543,1.436485858732568,1.746622344541878,0.4051416079495871,1.2223767544885595,0.5321201973147103,1.0679789859665592,0.9317285366861484,0.878979268882903,1.2344267987443542,1.2256120614562256,0.27703230698412135,0.9281801632188424,0.33694712766962537,0.5200636340410056
Sofa_22_02.obj,Sofa_22,OB,SL,x,0.3377622544932427,0.5332960988616466,1.5100317171351196,1.833592224237256,0.39604631964151665,1.2922403524899249,0.4685059083383762,1.09105764914522,0.8358046802516079,0.7877751286770729,1.1088319056121871,1.2299473067189333,0.29412062237265746,0.8796665271257074,0.32686284852114905,0.3984337334952818
Sofa_22_03.obj,Sofa_22,SL,SL,,0.3732105732423439,0.5363757756264194,1.595432145644651,1.8356432671370486,0.4018520021740233,1.3595723150721277,0.4864549666353458,1.109936406569626,0.9115640953241849,0.8590282434974311,0.9999999992307692,1.1456299000670822,0.2808096178383245,0.9209403280392544,0.3074856909950622,0.4544774700074919
Sofa_22_04.obj,Sofa_22,SL,SL,,0.9239791664459475,0.04835649957325777,13.154288808064498,4.104999855787672,0.22440577370918458,2.8977415505968778,0.7736065476863863,1.6140875219902087,0.9511539613935218,0.9648670167293928,1.280928060982513,2.4635556544879176,0.3211609821531798,0.9748924679378815,0.037625552709017955,0.04518651454805159
Sofa_22_05.obj,Sofa_22,SL,SL,,0.9239070226137568,0.04848343060468662,13.141817212958708,4.104999855787703,0.22440577370918294,2.8977415505968778,0.7736065476863943,1.6128772136510212,0.9459602472427547,0.9626210312003439,1.330194524866456,2.4995316374957257,0.31647169701944844,0.9732543793101587,0.03792363459284679,0.04500623474050507
Sofa_22_06.obj,Sofa_22,OB,OB,,0.9090966633955307,0.08650535537741733,11.000696314933485,13.425575872835134,0.07099530743678024,3.2415808549877467,0.9668517830889191,1.0457806075920428,0.9464237161312022,0.9688707635263004,1.2857142847959182,1.3447635470620274,0.4074792388080718,0.977992484931126,0.0476885363176676,0.08059643340150197
Sofa_22_07.obj,Sofa_22,CA,CA,,0.535082717315559,0.4093749687508165,2.1509202545141317,3.6401234778257967,0.22061497493815435,1.4507630779016403,0.8179672153848607,1.1749902238413479,0.9431505707338698,0.8674733290249663,1.2555553400349762,0.8431152240312318,0.20845984429513698,0.9208453140233984,0.2386830179549828,0.3605178134632781
Sofa_22_08.obj,Sofa_22,CA,CA,,0.5417266928083405,0.3993352571567678,2.1821039635228434,3.534998049191908,0.22724022228072743,1.4591333916892415,0.8251531432016637,1.1887628788543672,0.949036876076347,0.8760439646623306,1.194701960086998,0.7990771297794782,0.26019147501188944,0.9255840491122654,0.23210210999035377,0.3554952150409985
Sofa_22_09.obj,Sofa_22,CA,CA,,0.5396627039998086,0.399513881722941,2.1723201849784974,3.575514158735939,0.2255685874713567,1.4758571373644382,0.8176698389315372,1.2334164612502525,0.9482755282855166,0.8725211421520522,1.2555553400349762,0.8578629686469286,0.24007315029688694,0.9241220144781714,0.24106184079763956,0.3547016032177347
Sofa_22_10.obj,Sofa_22,OB,OB,,0.7509057884966303,0.23655881973765905,4.014545315865086,8.629013043260397,0.10319133107422854,2.008893717294336,0.9958273085345611,1.0854188585722206,0.9991026128547517,0.9991749908689714,0.7905694137920948,0.6242449712505606,0.4269720767191453,0.9994008783304655,0.11362036764017128,0.23624904086904422
Table_01_01.obj,Table_01,SL,SL,,0.0028072592801474225,0.996049937580315,1.002815162170169,42.51778763324172,0.016724163232264055,1.0116039096610683,0.7764573843352461,1.1096829968045638,0.7890676564856623,0.5003079185216285,2.122891108678754,0.28860716733365194,0.046698735584484834,0.7894993345027496,0.6835351587887563,0.5895840968945552
Table_01_02.obj,Table_01,M,M,,0.9791634012936382,0.016478780154633027,47.992477759550795,12.625062509763119,0.07743134354451948,4.991892654773085,0.8166666666704195,1.9046834584048542,0.8105362979233742,0.9495982000768807,0.7947194131863947,1.129849914482478,0.34562469037086974,0.9629515031697093,0.013957927733744187,0.013020049873945441
Table_01_03.obj,Table_01,M,M,,0.9754158607707768,0.01952801492015335,40.67663263194471,12.479731634890998,0.07836174585935049,5.049664237135178,0.8166595227892314,1.4268363852334374,0.8124938432850013,0.9504244453420733,0.848528136223857,1.1294849186229463,0.5996420465695939,0.9633972742486145,0.01357229317550502,0.01547309930491469
Table_01_04.obj,Table_01,M,M,,0.9959660306550866,0.0014707175964054763,247.89479405955362,19.751694908542778,0.05046238440535254,15.744675097727162,0.9999999999999841,1.0,1.0,1.0,0.8164965792610595,0.880559044096398,0.0,1.0,0.0006515539959746917,0.0014707175964054763
Table_01_05.obj,Table_01,M,M,,0.9960580615499263,0.0014945691105744557,253.68229683574742,20.213906028697455,0.04931360480231731,15.92740709300255,0.9999999999999843,1.0,0.9999999999999977,0.9999999999999999,0.8164965792610595,0.8818484137009456,1.5700924586837752e-16,0.9999999999999998,0.0006622169926425834,0.0014945691105744522
Table_01_06.obj,Table_01,SL,SL,,0.004699734816890597,0.9941814703546978,1.0047219266195957,42.472798643619136,0.01674188993579055,1.011605955274923,0.77645948857478,1.0137916831625837,0.7867524785411186,0.5000009027310924,2.234535897377078,0.3287928554928566,0.0685847789501901,0.7883431473504512,0.6526542316446236,0.5866314049876361
Table_01_07.obj,Table_01,M,M,,0.9805347147919502,0.015137465769797598,51.37350875219682,12.479731634855137,0.07836182984161581,5.049808538037956,0.8166685717582173,1.9227267296131831,0.812422233580944,0.9499078873858238,0.8017837246658446,1.12928772831285,0.5769996978020216,0.963087507940998,0.01309035231148867,0.011989997006569787
Table_01_08.obj,Table_01,M,M,,0.9748460295528787,0.020213682345229078,39.755155238887426,12.625062509762463,0.07743125965859601,4.9917516448524495,0.816671845425733,1.4276607847400302,0.8122407612211296,0.9498253499356569,0.848528136223857,1.127046126625124,0.5970076912087724,0.9629824344065652,0.014053584805837424,0.0160064835815151
Table_02_01.obj,Table_02,M,M,,0.998468383629834,2.1568329805512157e-09,652.9050090339945,17.93276224421006,0.054087446273160276,4.087938051791071,0.17833613611023108,1.0000052776053852,0.9999865076181302,0.9999984834384099,0.9166666659027777,1.9866295942180796,0.749015420405599,0.9999988089755811,1.1685458427262958e-09,2.1568022442740524e-09
Table_02_02.obj,Table_02,M,M,,0.9984683836298341,2.1568328896408334e-09,652.905009034035,17.93276224421006,0.054087446273160276,4.087938051791071,0.178336136110231,1.000005277605385,0.9999865076181302,0.9999984834384096,0.9166666659027777,1.9866295942176977,0.7490158052547407,0.9999988089755816,1.1685458349748808e-09,2.1568021533649646e-09
Table_02_03.obj,Table_02,M,M,,0.998468383629834,2.1568330545183815e-09,652.9050090339634,17.93276224421006,0.054087446273160276,4.087938051791071,0.178336136110231,1.0000102346136506,0.9999865076181298,0.9999984834384096,0.9166666659027777,1.9866295942177432,0.7490157593147356,0.9999988089755814,1.1685496613530384e-09,2.1568023182401623e-09
Table_02_04.obj,Table_02,SL,SL,,0.0008163263591408817,0.9990056743900976,1.0008169932921813,105.99999985431022,0.006670670270750335,0.9999999999877938,0.7764572938724947,1.0397692800288116,0.7764556116594504,0.4999982432111064,2.028370209634154,1.9014902537930581e-06,9.795061783608862e-06,0.783156384932303,0.647835225586064,0.5817619901137355
Table_02_05.obj,Table_02,M,M,,0.998468383629834,2.156833054154009e-09,652.9050090339643,17.93276224421006,0.054087446273160276,4.087938051791071,0.17833613611023108,1.0000102346136504,0.9999865076181305,0.9999984834384096,0.9166666659027777,1.986629594217771,0.749015731030427,0.9999988089755816,1.168549658105401e-09,2.1568023178757967e-09
Table_02_06.obj,Table_02,SL,SL,,0.11814089099685732,0.8801434936785802,1.1339679885261587,25.33333332260862,0.027910617393594885,1.0006728207878983,0.7633885727522705,1.0171954163247223,0.7794405395069741,0.49999349968017004,0.5455879637666935,0.2630865308322544,0.05955998770775082,0.7846399281051197,0.5004861758964301,0.5145124099941458
Table_03_01.obj,Table_03,M,M,,0.8872368183399583,0.11210195273764319,8.868142821782152,57.06773605406325,0.01548875946384359,1.8911038496532016,0.7730101515658994,1.4165491829007055,0.6069897850967924,0.5818297416515781,0.869226987138131,2.479417489953469,0.30444757505564907,0.7920411517862987,0.09566479891892674,0.05381759690656915
Table_03_02.obj,Table_03,M,M,,0.887236818339958,0.11210195273764334,8.868142821782138,57.06773605406109,0.015488759463844181,1.891103849653204,0.773010151565884,1.4165491829007795,0.6069897850967932,0.5818297416515782,0.869226987138131,2.4794174899534696,0.304447575050866,0.792041151786299,0.09566479891890294,0.05381759690656931
Table_03_03.obj,Table_03,M,M,,0.8872368183399586,0.1121019527376428,8.86814282178218,57.06773605406325,0.015488759463843586,1.891103849653199,0.7730101515658865,1.4165491829006762,0.6069897850967927,0.5818297416515771,0.869226987138131,2.4794174899534687,0.3044475750507222,0.7920411517862985,0.09566479891889766,0.053817596906568954
Table_03_04.obj,Table_03,M,M,,0.8872368183399583,0.11210195273764315,8.868142821782156,57.06773605406541,0.015488759463843003,1.8911038496532016,0.773010151565924,1.4165491829005261,0.6069897850967925,0.5818297416515772,0.869226987138131,2.4794174899534696,0.30444757505534875,0.7920411517862987,0.09566479891891798,0.05381759690656911
Table_03_05.obj,Table_03,SL,SL,,5.660474702908546e-13,0.999421464368296,1.0000000000004055,58.79626916391981,0.012025518971565924,0.9999999999872441,0.7764577514342486,1.0000000000000562,0.7764577514342571,0.49999868399256275,1.9999999983333332,5.316546092751901e-06,2.1631062126049707e-05,0.7831574640923825,0.6341937579835297,0.5820058966023978
Table_04_01.obj,Table_04,M,M,,0.9982638888882831,2.0797981581558582e-13,575.9999997987843,23.99999998196054,0.041594516539188595,23.99999998052247,0.9999999999998244,1.0,1.0,1.0,0.8164965792610595,0.9199999999400691,0.0,1.0,9.254889555247502e-14,2.0797981581558582e-13
Table_04_02.obj,Table_04,M,M,,0.998263888888283,2.082658728686948e-13,575.9999997987745,23.99999998196054,0.04159451653918859,23.99999998052227,0.999999999999824,1.0,1.0,1.0,0.8164965792610595,0.9199999999400684,0.0,1.0,9.267618802182554e-14,2.082658728686948e-13
Table_04_03.obj,Table_04,M,M,,0.9962515618485971,3.747926895158258e-13,266.7777777326717,16.333333325426594,0.06099627594937017,16.333333324610038,0.9999999999999234,1.0,1.0,1.0,0.8164965792610595,0.8846153845606398,0.0,1.0,1.6611582722417042e-13,3.747926895158258e-13
Table_04_04.obj,Table_04,M,M,,0.9962515618485971,3.748357379806104e-13,266.7777777326686,16.333333325426594,0.06099627594937017,16.333333324609946,0.999999999999925,1.0,1.0,1.0,0.8164965792610595,0.8846153845606393,0.0,1.0,1.6613490718901087e-13,3.748357379806104e-13
Table_04_05.obj,Table_04,M,M,,0.9871999999971248,0.0006599269119585227,78.12499998222674,6.93863749382074,0.10138350012503254,0.9999999999058743,0.17879372940336086,1.000000000000008,1.0,1.0,0.8164965792610595,0.7967238957662545,0.0,1.0,0.0002895930801669011,0.0006599269119585227
Table_04_06.obj,Table_04,M,M,,0.9871999999971249,0.0006599269119584035,78.12499998222688,6.93863749382074,0.10138350012503243,0.9999999999058719,0.17879372940336144,1.0000000000000084,0.9999999999999994,1.0,1.2247448688915892,0.7967238957660652,1.5700924586837752e-16,0.9999999999990559,0.00030575792215215816,0.0006599269119584031
Table_04_07.obj,Table_04,M,M,,0.9871999999971248,0.0006599269119585227,78.12499998222674,6.93863749382074,0.10138350012503254,0.9999999999058743,0.17879372940336086,1.0000000000000082,1.0,1.0,0.8164965792610595,0.7967238957662545,0.0,1.0,0.00028959308016690116,0.0006599269119585227
Table_04_08.obj,Table_04,M,M,,0.9871999999971249,0.0006599269119584035,78.12499998222688,6.93863749382074,0.10138350012503243,0.9999999999058719,0.17879372940336144,1.0000000000000084,0.9999999999999992,1.0,1.2247448688915892,0.7967238957660652,1.5700924586837752e-16,0.9999999999990559,0.00030575792215215816,0.0006599269119584029
Table_04_09.obj,Table_04,M,M,,0.999527410207781,5.675527887534606e-14,2115.9999992901594,45.99999996574925,0.02172886402032834,45.99999996298708,0.9999999999999085,1.0,1.0,1.0,0.8164965792610595,0.9574467677912398,0.0,1.0,2.53617849854893e-14,5.675527887534606e-14
Table_04_10.obj,Table_04,M,M,,0.999527410207781,5.675527887534606e-14,2115.9999992901594,45.99999996574925,0.02172886402032834,45.99999996298708,0.9999999999999085,1.0,1.0,1.0,0.8164965792610595,0.9574467677912398,0.0,1.0,2.53617849854893e-14,5.675527887534606e-14
Table_04_11.obj,Table_04,M,M,,0.9962515618485971,3.747926895158258e-13,266.7777777326717,16.333333325426594,0.06099627594937017,16.333333324610038,0.9999999999999234,1.0,1.0,1.0,0.8164965792610595,0.8846153845606398,0.0,1.0,1.6611582722417042e-13,3.747926895158258e-13
Table_04_12.obj,Table_04,M,M,,0.9961675541118373,3.832374173828475e-13,260.92997244613855,16.15332697117327,0.06167085251462791,16.153326970365622,0.9999999999999221,1.0,1.0,1.0,0.8164965792610595,0.883404542839007,0.0,1.0,1.698355022793677e-13,3.832374173828475e-13
Table_04_13.obj,Table_04,OB,OB,,0.5739743891486362,0.4260227361828523,2.34727672357901,589.9999956789663,0.001413929390870903,1.512820512795102,0.9999999999999817,1.2078580071863327,0.8009947695936855,0.8531836708424332,0.8528028636042599,0.20408163265109677,0.0,0.9021906565383621,0.2416185831505668,0.3161920357310701
Table_05_01.obj,Table_05,M,M,,0.9995659744729237,1.8804713058259967e-17,2304.01194772207,48.000124428423476,0.02082424302194374,48.00012442842207,0.9999999999999523,1.0,1.0,1.0,0.8164965792610595,0.9591204051671194,0.0,1.0,8.404687803928777e-18,1.8804713058259967e-17
Table_05_02.obj,Table_05,M,M,,0.9995659744729237,1.6975065301240078e-17,2304.0119477220696,48.000124428423035,0.020824243021943932,48.00012442842207,0.9999999999999448,1.0,1.0,1.0,0.8164965792610595,0.9590558042653071,0.0,1.0,7.586879565752611e-18,1.6975065301240078e-17
Table_05_03.obj,Table_05,M,M,,0.9960937289154601,1.9843464158896995e-08,255.99861821089766,15.999997449321171,0.06225728982937767,15.999956810080748,0.9999999999998367,1.0,1.0,1.0,0.8164965792610595,0.8823526422879784,0.0,1.0,8.792786343637155e-09,1.9843464158896995e-08
Table_05_04.obj,Table_05,M,M,,0.9992283965859854,3.91966769977736e-09,1296.0025601714265,36.00012697640521,0.027756271261152883,36.0000355377779,0.9999999999999241,1.0,1.0,1.0,0.8164965792610595,0.9459459978646978,0.0,1.0,1.7492971097227687e-09,3.91966769977736e-09
Table_05_05.obj,Table_05,M,M,,0.9992283965858862,9.918804627853845e-14,1296.0025600048266,36.0000355377779,0.027756341706638613,36.00003553546402,0.9999999999999256,1.0,1.0,1.0,0.8164965792610595,0.9459459978613174,0.0,1.0,4.426634499753264e-14,9.918804627853845e-14
Table_05_06.obj,Table_05,M,M,,0.9992283965858862,3.919865985155699e-09,1296.002560004828,36.00012697871699,0.027756271259370482,36.00003553546402,0.999999999999925,1.0,0.9999999999999998,1.0,0.8164965792610595,0.9459459978613174,0.0,1.0,1.7493856019275165e-09,3.919865985155698e-09
Table_05_07.obj,Table_05,OB,OB,,7.1277042024744825e-12,0.9969135802395427,1.000000000006619,17.999999989216494,0.039253433596346726,0.9999999999679046,0.9999999999999918,1.0,1.0,1.0,0.8164965792610595,1.7820522199172087e-12,0.0,1.0,0.3977583447689977,0.9969135802395427
Table_05_08.obj,Table_05,OB,OB,,0.8796341217320135,0.12035936067470283,8.308002354068307,391.7025259562722,0.002411917372200001,2.882360552298354,0.9999999999999746,1.0,1.0,1.0,0.8164965792610595,0.4848494947754013,0.0,1.0,0.050939965373253564,0.12035936067470283
Table_05_09.obj,Table_05,M,M,,0.9995659722680507,2.2048730157000636e-09,2304.0002432770443,48.000124428423476,0.020824242999006246,48.00000250728113,0.9999999999999523,1.0,1.0,1.0,0.8164965792610595,0.9591836755579121,0.0,1.0,9.854657421633515e-10,2.2048730157000636e-09
Table_05_10.obj,Table_05,M,M,,0.9960937487589244,5.014241310809488e-13,255.99991866474113,15.999997450348305,0.06225729043830828,15.999997449321317,0.9999999999998441,1.0,0.9999999999999993,1.0,0.8164965792610595,0.8823529235291535,1.5700924586837752e-16,1.0,2.221847635448918e-13,5.014241310809485e-13
Table_05_11.obj,Table_05,M,M,,0.9960937289154601,1.9843464235742633e-08,255.99861821089755,15.999997449321317,0.06225728982937711,15.999956810080748,0.9999999999998458,1.0,1.0,1.0,0.8164965792610595,0.8823526422879784,0.0,1.0,8.792786377688028e-09,1.9843464235742633e-08
Table_05_12.obj,Table_05,M,M,,0.9960937487589242,5.016478067502051e-13,255.99991866472664,15.999997450348305,0.06225729043830828,15.999997449321171,0.999999999999835,1.0,0.9999999999999973,0.9999999999999999,0.8164965792610595,0.8823529235291534,1.5700924586837752e-16,0.9999999999999998,2.22283875898295e-13,5.016478067502038e-13
Table_05_13.obj,Table_05,M,M,,0.9992284005056533,9.909724170778409e-14,1296.0091437674657,36.00012697871699,0.027756271313685726,36.00012697640521,0.9999999999999256,1.0,1.0,1.0,0.8164965792610595,0.9459461314486652,0.0,1.0,4.422582075137674e-14,9.909724170778409e-14
Table_05_14.obj,Table_05,OB,OB,,0.9600018287269121,2.0319695919131123e-07,25.001143006411368,5.000126997266578,0.19244554554639484,5.000114296537281,0.9999999999994701,1.0,1.0,1.0,0.8164965792610595,0.6666730163889935,0.0,1.0,8.784680952797335e-08,2.0319695919131123e-07
Table_05_15.obj,Table_05,OB,OB,,0.960002031918739,5.1323160276112745e-12,25.00127001356111,5.000126997266578,0.19244556364987042,5.000126996945782,0.9999999999994709,1.0,1.0,1.0,0.8164965792610595,0.6666737219388691,0.0,1.0,2.2188207298925306e-12,5.1323160276112745e-12
Table_07_01.obj,Table_07,M,M,,0.9945328013414528,0.004281902187974263,182.9090293685494,23.874589895233758,0.041621682992783744,9.550078527551683,0.8166658905498105,1.9311602994211725,0.8169748866825854,0.9744305327566966,0.8017837246658446,1.249007446650497,0.6511560045290054,0.9805632007438816,0.0037281192588180198,0.0034534829158494743
Table_07_02.obj,Table_07,SL,SL,,0.026344196278158743,0.969652919892789,1.0270569909583045,22.202794231715878,0.031831570060924755,1.0000038136569107,0.7764580074335786,1.013792297924925,0.7793175529314414,0.500021617866568,2.234535897377078,0.3289615578913176,0.06907516545047045,0.7845981840750358,0.6385275999910276,0.566758823502789
Table_07_03.obj,Table_07,SL,SL,,0.05288074765116747,0.9430864848719581,1.055833251747195,22.22416971697921,0.03180095808374486,1.000002116655253,0.776457416774305,1.1113827936643856,0.7768054200983967,0.5000482982438763,2.137186833212888,0.288317585608987,0.047480395290752604,0.7833321420805381,0.6509461850286261,0.5494637113211354
Table_07_04.obj,Table_07,M,M,,0.9855723452952204,0.011922853540705448,69.31133441033498,19.980822953160867,0.04962957704628659,8.325342899046039,0.9999999999999839,1.0,0.9999999999999992,0.9999999999999999,0.8164965792610595,0.7855306746772087,1.5700924586837752e-16,1.0,0.005225385246403301,0.01192285354070544
Table_07_05.obj,Table_07,M,M,,0.9855722352501479,0.01192294448073074,69.31080575111703,19.980746753023663,0.04962976316603739,8.325311148988863,0.999999999999984,1.0,1.0,1.0,0.8164965792610595,0.7855299444695799,0.0,1.0,0.005225424667043044,0.01192294448073074
Table_07_06.obj,Table_07,M,M,,0.9948045681906615,0.004039155388380332,192.47678281571314,23.877116841669856,0.04161728193045363,9.549997670416912,0.8166653261168446,1.9505767460330266,0.8151802441254362,0.9743018168084522,0.8090398338649815,1.250810139456758,0.43835798577237367,0.9804996626646971,0.003505289098905058,0.0032503322467772947
Table_07_07.obj,Table_07,M,M,,0.9942817989209554,0.004496894722051827,174.88017405763475,23.874589895318973,0.04162168108496406,9.550038098745775,0.8166751333558848,1.9131252060377897,0.8152638486913558,0.9745227215582732,0.7947194131863947,1.250817865830639,0.4339361854774738,0.9806416170558793,0.00383840776486675,0.0036194538634921726
Table_07_08.obj,Table_07,M,M,,0.9945325720811599,0.004282124464605572,182.90135962359753,23.874589895233758,0.041621681085112355,9.550038098745775,0.8166751333488173,1.931160738166615,0.8169846510790953,0.9744315428612903,0.8017837246658446,1.2490044309218007,0.6511944434335105,0.9805639591801327,0.0037283095819895533,0.0034537052333301565
Table_08_01.obj,Table_08,M,M,,0.9954141622468818,7.717321741715667e-05,218.06266462868373,14.892789062076485,0.0668433244682962,14.766944995080879,0.9999999999999735,1.0,0.9999999999999991,1.0,0.8164965792610595,0.8731523449482492,1.5700924586837752e-16,0.9999999999999999,3.4160524965655126e-05,7.71732174171566e-05
Table_08_02.obj,Table_08,M,M,,0.995414162246882,7.730962962358653e-05,218.06266462869385,14.893014362085268,0.06684231778723723,14.766944995080879,0.9999999999999734,1.0,0.9999999999999997,0.9999999999999999,0.8164965792610595,0.8731523449482492,1.0053497077208614e-15,1.0,3.422090747579693e-05,7.73096296235865e-05
Table_08_03.obj,Table_08,M,M,,0.9946551538086214,3.773261587866568e-07,187.0961229179501,13.678791321435114,0.07271825328903815,13.6783084771496,0.9999999999999691,1.0,1.0,1.0,0.8164965792610595,0.8637445177647162,0.0,1.0,1.668449567032908e-07,3.773261587866568e-07
Table_08_04.obj,Table_08,M,M,,0.9946551538082473,3.7408710384522624e-13,187.09612290485498,13.6783084771496,0.07272080666872029,13.678308476670926,0.9999999999999687,1.0,0.9999999999999996,1.0,0.8164965792610595,0.8637445177602727,0.0,1.0,1.6541272103950407e-13,3.740871038452261e-13
Table_08_05.obj,Table_08,M,M,,0.994654992092371,1.617158763482489e-07,187.09046221847265,13.678308476670926,0.07272080085338907,13.678101553088084,0.9999999999999689,1.0,1.0,1.0,0.8164965792610595,0.8637425969074659,0.0,1.0,7.150702886283026e-08,1.617158763482489e-07
Table_08_06.obj,Table_08,OB,OB,,0.6004788901881825,0.399432109999832,2.5029966513432833,105.99989985798594,0.007974271335057832,1.5820861706114226,1.0000000000000042,1.0,1.0,1.0,0.8164965792610595,0.225432511607329,0.0,1.0,0.16387158477634842,0.399432109999832
Table_08_07.obj,Table_08,M,M,,0.998563906866985,2.430982547857184e-05,696.3336687646056,26.614357025358665,0.0375203163715545,26.38813499121377,0.9999999999999858,1.0,1.0,1.0,0.8164965792610595,0.9269756775838789,0.0,1.0,1.0826103125488627e-05,2.430982547857184e-05
Table_08_08.obj,Table_08,M,M,,0.998563906866985,2.4210151719770875e-05,696.3336687646063,26.6134175707943,0.03752163897537467,26.38813499121377,0.9999999999999858,1.0,1.0,1.0,0.8164965792610595,0.9269756775838783,0.0,1.0,1.0781714555417012e-05,2.4210151719770875e-05
Table_08_09.obj,Table_08,M,M,,0.994654992092371,5.390424092078446e-07,187.09046221847274,13.678791321435114,0.07271824747136417,13.678101553088084,0.999999999999967,1.0,1.0,1.0,0.8164965792610595,0.8637425969074659,0.0,1.0,2.3835211473305834e-07,5.390424092078446e-07
Table_09_01.obj,Table_09,M,M,,0.9715601382974063,0.0029148413194126444,35.1619150070036,4.479166665293438,0.21234757883689703,4.243421051430604,0.5667472247833261,1.3611111111232483,0.8493419838183606,0.9611049684040727,1.6499158217963887,2.8628940760742543,0.5420352615979422,0.9709080881655321,0.0021834866108826744,0.0024275509501123587
Table_09_02.obj,Table_09,M,M,,0.9715599164523803,0.0029152800193209226,35.16164072876759,4.47916666542694,0.21234757883085284,4.243421051430387,0.5667468956884089,1.3611111111253473,0.8493419296736415,0.961104885593357,1.6499158217963887,2.8628941315423284,0.5420345336768079,0.9709080268549622,0.002183815226612097,0.0024279160527969847
Table_09_03.obj,Table_09,M,M,,0.9715599805754521,0.002914830566278502,35.16172000692765,4.479166665427002,0.21234757883085006,4.243421051430387,0.5667509043442661,1.3611111111256549,0.8493419327990721,0.9611049354571379,1.6499158217963887,2.8628941155122902,0.542035261255547,0.9709080637722729,0.0021834786149691732,0.002427541808036299
Table_09_04.obj,Table_09,M,M,,0.9944284336398221,0.0055444661428110465,179.48274064315262,188.99999944773765,0.005276475513001451,13.499999997459518,0.9999999999999218,1.0991014037660822,0.9468805611229416,0.9947304292094922,1.3093073385588114,1.2706799063044676,0.6083978910594857,0.9958872715970809,0.0031697496954511684,0.005236114728190904
Table_09_05.obj,Table_09,M,M,,0.9778180172023364,0.022141240379938403,45.081632653010146,156.66666594926812,0.006313215745054001,6.714285713015968,0.9999999999997375,1.0,0.9999999999999993,0.9999999999999999,0.8164965792610595,0.7407407407046631,5.661048867003676e-16,0.9999999999999999,0.009654174894785216,0.02214124037993839
Table_09_06.obj,Table_09,M,OB,x,0.9775807739378976,0.018780618748012862,44.60457275508116,15.232925074611869,0.06478757844485378,6.680725713025841,0.9182966517824289,1.0000023639970583,1.0,1.0,0.8164965792610595,0.7395381228342935,0.0,0.9999999999999999,0.008187739935447233,0.018780618748012862
Table_09_07.obj,Table_09,OB,OB,,0.23094823790833766,0.7690265069911204,1.3003025924810527,189.9999994763258,0.003721588865131333,0.999999999985542,0.9999999999999942,1.5781240558139902,0.5126584637350681,0.20089062153954373,1.1141720269933457,0.7070988713631946,0.37907629962853184,0.7160006333745442,0.7432792950740009,0.23672433144441504
Table_09_08.obj,Table_09,M,M,,0.9780521262002569,0.021835894851407963,45.562499999948315,94.49999972378086,0.010467188057641347,6.749999998723476,0.9999999999998435,1.0,1.0,1.0,0.8164965792610595,0.7419354838349962,0.0,0.9999999999999999,0.009522340465646987,0.021835894851407963
Table_09_09.obj,Table_09,OB,OB,,0.28571410983006074,0.7142618827888809,1.3999996552669016,189.99999944500516,0.003721588865744812,0.999999999985542,0.9999999999999942,1.0991014037660825,0.5000009233903646,1.384254278979924e-06,1.3093073385588114,0.7071040109987878,0.37023754775755097,0.7071070516415582,0.609855523332693,0.17856604764896378
Table_09_10.obj,Table_09,M,M,,0.9715604052747296,0.002914256445193491,35.16224509025714,4.479166665293423,0.21234757883689717,4.243421051430387,0.5667484381055976,1.361111111116766,0.8493320033751053,0.9611023569430887,1.6499158217963887,2.862900551927312,0.5420354943487401,0.9709062290861866,0.002183057529930844,0.0024270321007607235
Table_09_11.obj,Table_09,M,M,,0.9885071751578346,0.011432026134820023,87.01081011266857,188.99999944779688,0.005276475512999799,13.49999999745953,0.9999999999999256,1.240162665333287,0.945054933999803,0.9945423110821457,1.1141720269933457,1.2706987349042032,0.6130970021034396,0.9957411826753354,0.006974624251845163,0.010774410561585316
Table_09_12.obj,Table_09,M,M,,0.9944869253444703,0.005486258947642294,181.38698684170626,189.99999944504967,0.005248855710994405,13.571428568887127,0.9999999999999313,1.0991014037660827,0.946886396626555,0.9947585000368501,1.3093073385588114,1.2713682591292117,0.6090436983731872,0.9959090409251165,0.0031367952642950437,0.00518124952625031
Table_10_01.obj,Table_10,M,M,,0.9821426951997805,0.016891760645257457,55.99949215110756,30.000005436369985,0.032939293542800785,6.600001199070421,0.9999999999999833,1.2491349480968856,1.0,1.0,0.6859943393935647,0.7352975127638076,0.0,1.0,0.008701313605442768,0.016891760645257457
Table_10_02.obj,Table_10,M,M,,0.981009143044236,0.017964021655784812,52.6569181332444,29.090889982330257,0.03394336454562506,6.39999579908761,0.9999999999999829,1.2491349480968859,0.9999999999999998,1.0,0.6859943393935647,0.7281497286584176,0.0,0.9999999999999998,0.009247238445343925,0.01796402165578481
Table_10_03.obj,Table_10,M,M,,0.9847678052613703,0.014994191695667174,65.65042117428911,64.81995791315268,0.015309382137373248,8.10249474871418,0.9999999999999605,1.0,1.0,1.0,0.8164965792610595,0.7802800160642167,0.0,1.0,0.006567512874039576,0.014994191695667174
Table_10_04.obj,Table_10,M,M,,0.9847678052613694,0.014994191695668116,65.65042117428506,64.81995791315268,0.015309382137373241,8.102494748713934,0.9999999999999606,1.0,1.0,1.0,0.8164965792610595,0.7802800160642107,0.0,1.0,0.006567512874039985,0.014994191695668116
Table_10_05.obj,Table_10,M,M,,0.9847678052613694,0.014994191695668116,65.65042117428506,64.81995791315268,0.015309382137373241,8.102494748713934,0.9999999999999606,1.0,1.0,1.0,0.8164965792610595,0.7802800160642107,0.0,1.0,0.006567512874039985,0.014994191695668116
Table_10_06.obj,Table_10,M,M,,0.9847678052613703,0.014994191695667174,65.65042117428911,64.81995791315268,0.015309382137373248,8.10249474871418,0.9999999999999605,1.0,1.0,1.0,0.8164965792610595,0.7802800160642167,0.0,1.0,0.006567512874039576,0.014994191695667174
Table_10_07.obj,Table_10,M,M,,0.9988183578238852,4.3725782449796064e-14,846.2798808415622,29.090889982330257,0.03433447543542965,29.090889981792017,0.9999999999999212,1.0,1.0,1.0,0.8164965792610595,0.9335346408074721,0.0,1.0,1.9487117595839727e-14,4.3725782449796064e-14
Table_10_08.obj,Table_10,M,M,,0.9988888892927356,4.085196897122371e-14,900.000327115766,30.000005436371655,0.03329635186926306,30.000005435819933,0.9999999999999235,1.0,0.999999999999999,1.0,0.8164965792610595,0.9354838822818539,0.0,1.0,1.82103366417962e-14,4.085196897122367e-14
Table_10_09.obj,Table_10,OB,OB,,0.48979591823637947,0.5102040813476562,1.959999998681585,1040107382.5001731,0.0,1.3999999982154305,1.0,1.234567901234568,0.9999999999999998,1.0,1.333333328888889,0.16666666651438702,0.0,1.0,0.2655265807145109,0.510204081347656
Table_10_10.obj,Table_10,M,M,,0.9990159771976598,1.4287805118682539e-05,1016.2366132386708,29.99999998627167,0.033281683127389466,22.388015141000828,0.8105776787403896,1.1779305399616797,0.9874624708459628,0.9991922407567889,2.630383795444275,4.58985506833249,0.4219561540998035,0.9993663606747492,9.382726987684862e-06,1.4102973140615494e-05
Table_10_11.obj,Table_10,M,M,,0.998948466339532,0.00015710108297963067,950.9919060079626,29.99997998719584,0.033296379983917615,29.999919987437572,0.9870473873101635,1.277905366247662,0.9547020814168861,0.9961479165221918,2.7236735520305366,4.619749368678295,0.40209591662428923,0.9970380057853256,0.00010990556901144026,0.00014969585406156264
Table_10_12.obj,Table_10,M,M,,0.9989588676436649,0.00014108448422948017,960.492673112234,29.999999987615833,0.03329635790891071,29.99999998627167,0.9870494490707927,1.2602886638481856,0.9438375491140292,0.9954804798884762,2.6958193286324716,4.619898594874799,0.41583073952565225,0.9965182885402021,9.833254949835047e-05,0.00013285992227992654
Table_10_13.obj,Table_10,M,M,,0.9990058527705042,2.639693901651549e-05,1005.8872270931432,29.999999987615833,0.03329635788430254,29.99997998719584,0.987062640757702,1.3650318766168534,0.9686899958335788,0.9982785062398071,2.6225201491662986,4.603288624085859,0.4195210622523376,0.9986507994562613,1.9189597390770473e-05,2.5548441060225404e-05
Table_10_14.obj,Table_10,M,M,,0.9808774124887568,0.018091658246830778,52.29417825447906,30.000005436371655,0.03293929354279895,6.600001199070421,0.9999999999999826,1.4515306122448979,0.9839750750956997,0.9968915627833737,1.1338934168848245,1.14457971914849,0.73002429187175,0.9975676632168473,0.012203270930208012,0.01777407298524725
Table_10_15.obj,Table_10,M,M,,0.9810092687891643,0.017963902709882622,52.65726679493181,29.091415436860412,0.03394276675477474,6.400111399084297,0.9999880531040926,1.2490479489445263,0.9999910503386494,0.9999800929803573,1.2004900939387384,1.2874014016416104,0.7770581425909495,0.9999843674627374,0.01100156124446139,0.017963563136755015
Table_10_16.obj,Table_10,M,M,,0.9847678052613703,0.014994191695667174,65.65042117428911,64.81995791315268,0.015309382137373248,8.10249474871418,0.9999999999999605,1.0,1.0,1.0,0.8164965792610595,0.7802800160642167,0.0,1.0,0.006567512874039576,0.014994191695667174
Table_10_17.obj,Table_10,M,M,,0.9847678052613694,0.014994191695668116,65.65042117428506,64.81995791315268,0.015309382137373241,8.102494748713934,0.9999999999999606,1.0,1.0,1.0,0.8164965792610595,0.7802800160642107,0.0,1.0,0.006567512874039985,0.014994191695668116
Table_10_18.obj,Table_10,M,M,,0.9988888892927356,4.0764728452039376e-14,900.0003271157361,30.000005436369985,0.03329635186926491,30.000005435819933,0.9999999999999223,1.0,0.9999999999999971,0.9999999999999999,0.8164965792610595,0.9354838822818539,1.5700924586837752e-16,0.9999999999999999,1.8171447959973546e-14,4.0764728452039256e-14
Table_10_19.obj,Table_10,M,M,,0.9988183578238852,4.3725782449796064e-14,846.2798808415622,29.090889982330257,0.03433447543542965,29.090889981792017,0.9999999999999212,1.0,1.0,1.0,0.8164965792610595,0.9335346408074721,0.0,1.0,1.9487117595839727e-14,4.3725782449796064e-14
Table_10_20.obj,Table_10,OB,OB,,0.2557609259301655,0.7442390740696863,1.343654256865877,49627995677.60012,0.0,1.0308651743050459,1.0,1.232595164407831e-32,0.5115154845423837,0.14688257960234619,2.1380899295851092,0.9829829495113048,0.00022271127834091876,0.7127641666197987,0.35231855732193373,0.21830325599782188
Table_10_21.obj,Table_10,OB,OB,,0.14667319345623114,0.8533268065436104,1.1718839632498401,49627995677.60012,0.0,1.0308651743050459,1.0,1.232595164407831e-32,0.5235081655585269,0.2466424987519582,2.0655911126439555,0.982987180602624,0.0005478145956288919,0.7210698200527625,0.38410664360431956,0.27845228200702576
Table_11_01.obj,Table_11,M,M,,0.9994002498957477,2.675460235908742e-19,1667.3611107522047,40.83333330367582,0.024475121360637293,40.83333330367582,0.9999999999999073,1.0,0.9999999999999998,1.0,0.8164965792610595,0.9521912350266938,0.0,1.0,1.194858819716906e-19,2.6754602359087415e-19
Table_11_02.obj,Table_11,M,M,,0.9981096408313391,1.439200173959659e-16,528.999999882597,22.999999983219016,0.04339630365918443,22.999999983218135,0.9999999999998355,1.0,1.0,1.0,0.8164965792610595,0.9163608930362237,0.0,1.0,6.401675198538576e-17,1.439200173959659e-16
Table_11_03.obj,Table_11,M,M,,0.9981096408313391,1.2480564008556416e-16,528.9999998825971,22.999999983218892,0.04339630365918467,22.999999983218135,0.9999999999998355,1.0,1.0,1.0,0.8164965792610595,0.9166666666109078,0.0,1.0,5.55164352256622e-17,1.2480564008556416e-16
Table_11_04.obj,Table_11,M,M,,0.9994002498957477,2.675460235908742e-19,1667.3611107522047,40.83333330367582,0.024475121360637293,40.83333330367582,0.9999999999999073,1.0,0.9999999999999998,1.0,0.8164965792610595,0.9521912350266938,0.0,1.0,1.194858819716906e-19,2.6754602359087415e-19
Table_11_05.obj,Table_11,M,M,,0.9990530865769541,1.368515369673999e-13,1056.0627568073417,31.222222199605362,0.031995664682933654,31.22222219734806,0.9999999999998828,1.0,0.999999999999998,1.0,0.7844645390142747,0.9379310344362373,1.5700924586837752e-16,0.9999999999999998,6.075721379182273e-14,1.3685153696739963e-13
Table_11_06.obj,Table_11,OB,OB,,0.23192513914333812,0.7667449857960935,1.3019564250345061,39.82608693512919,0.021417971861110004,1.6357142856767644,1.0000000000000044,1.5412734997114546,0.5238487187607563,0.39996675718588515,0.7385489449669054,0.7662768394453707,0.5623259693116083,0.7434904137520512,0.6896822492339595,0.28115418877045667
Table_11_07.obj,Table_11,M,M,,0.9981096408313391,1.2480564008556416e-16,528.9999998825971,22.999999983218892,0.04339630365918467,22.999999983218135,0.9999999999998355,1.0,1.0,1.0,0.8164965792610595,0.9166666666109078,0.0,1.0,5.55164352256622e-17,1.2480564008556416e-16
Table_11_08.obj,Table_11,M,M,,0.9994002498957477,2.675460235908742e-19,1667.3611107522047,40.83333330367582,0.024475121360637293,40.83333330367582,0.9999999999999073,1.0,0.9999999999999999,1.0,0.8164965792610595,0.9521912350266938,0.0,1.0,1.194858819716906e-19,2.6754602359087415e-19
Table_11_09.obj,Table_11,M,M,,0.9994002498957477,2.675460235908742e-19,1667.3611107522047,40.83333330367582,0.024475121360637293,40.83333330367582,0.9999999999999073,1.0,0.9999999999999999,1.0,0.8164965792610595,0.9521912350266938,0.0,1.0,1.194858819716906e-19,2.6754602359087415e-19
Table_11_10.obj,Table_11,M,M,,0.9981096408313391,1.439200173959659e-16,528.999999882597,22.999999983219016,0.04339630365918443,22.999999983218135,0.9999999999998355,1.0,1.0,1.0,0.8164965792610595,0.9163608930362237,0.0,1.0,6.401675198538576e-17,1.439200173959659e-16
Table_11_11.obj,Table_11,M,M,,0.9990530865769541,1.368524521980238e-13,1056.062756807341,31.222222199605362,0.031995664682933654,31.22222219734806,0.9999999999998789,1.0,0.9999999999999979,1.0,0.7844645390142747,0.9379310344362374,1.5700924586837752e-16,1.0,6.075762012165957e-14,1.3685245219802353e-13
Table_11_12.obj,Table_11,M,M,,0.9990530865769539,1.370059058659711e-13,1056.0627568071693,31.222222199605362,0.031995664682933654,31.22222219734806,0.9999999999998789,1.0,0.9999999999999974,1.0,0.7844645390142747,0.9379310344362374,1.5700924586837752e-16,0.9999999999999999,6.08257480909701e-14,1.3700590586597075e-13
Table_11_13.obj,Table_11,M,M,,0.9990530865769539,1.370059058659711e-13,1056.0627568071693,31.222222199605362,0.031995664682933654,31.22222219734806,0.9999999999998828,1.0,0.9999999999999972,1.0,0.7844645390142747,0.937931034436237,1.5700924586837752e-16,0.9999999999999999,6.08257480909701e-14,1.3700590586597072e-13
Table_12_01.obj,Table_12,SL,SL,,3.846974219968028e-12,0.9952000337068926,1.000000000002422,20.000047692765417,0.03533317848437877,0.9999999999577973,0.7764588842223209,1.0400000000004965,0.7819076691280493,0.5000010022174136,2.190890228020664,7.076071790926266e-06,1.6625426099401325e-05,0.7859011294031744,0.64398202147834,0.5836162939439489
Table_12_02.obj,Table_12,M,M,,0.9885338022348166,0.011367105378280794,87.21286868401394,8.164262620510739,0.11916082996348713,4.904716543800782,0.040515582739456914,1.0320377292477902,0.7552810744759377,0.8412729893616561,1.290171896640976,2.658979324923352,0.3600256436752336,0.9092925447323809,0.0074247458046093045,0.007903995334381348
Table_12_03.obj,Table_12,SL,SL,,3.826735222924505e-13,0.9991999996187158,1.0000000000001548,49.99989429523395,0.014140751499094056,0.9999999999848062,0.7764600475437675,1.0000003659103283,0.7852175614911737,0.49999991402564825,1.9999999983333332,3.9266866550966105e-06,8.087557006887726e-06,0.7875627712968081,0.6316880893342363,0.5884420066296604
Table_12_04.obj,Table_12,M,M,,0.9885338650242346,0.011367042548697836,87.21334626824698,126.97590746062629,0.0076726126686870915,4.322329436966715,0.5553836120880252,1.032033319677974,0.755280909031061,0.841271643302526,1.290171896640976,2.6589798219939325,0.36003912538974053,0.9092923257584961,0.007424698514596188,0.00790394413696775
Table_12_05.obj,Table_12,M,M,,0.9885338885567139,0.011367019069966561,87.2135252605997,8.211286455102005,0.11847912138636651,4.8953649905956995,0.040677633700290886,1.0320328919620496,0.7552799723852628,0.841271036855374,1.290171896640976,2.658980141676537,0.3600141688341063,0.9092921132160732,0.007424671430137309,0.007903915406147828
Table_13_01.obj,Table_13,OB,OB,,0.8975999999961046,0.1008000000021737,9.765624999613262,24.99999995968231,0.038069349380979334,3.1249999993519246,0.9999999999998113,1.0,1.0,1.0,0.8164965792610595,0.5151515150982852,0.0,1.0,0.04281453494838952,0.1008000000021737
Table_13_02.obj,Table_13,M,M,,0.9956287138854872,0.0043029847689197015,228.76562499075484,120.99999981991087,0.00824617826587723,15.124999996857182,0.9999999999999605,1.0,1.0,1.0,0.8164965792610595,0.8759689922253894,0.0,1.0,0.0019053110713676074,0.0043029847689197015
Table_13_03.obj,Table_13,OB,OB,,0.8975999999961046,0.10080000000217326,9.765624999613262,24.999999959678757,0.03806934938098473,3.1249999993519246,0.9999999999998112,1.0,0.9999999999999998,0.9999999999999999,0.8164965792610595,0.5151515150982852,3.510833468576701e-16,1.0,0.042814534948389334,0.10080000000217323
Table_13_04.obj,Table_13,OB,M,x,0.9851519059827337,0.013136038761855717,67.34871148015112,14.79999999093003,0.06640158940392572,5.692307690925323,0.7503816763404486,2.0056896482859226,0.7533691078917512,0.7785728342916384,0.999999999090909,1.580213699178768,0.5270631314377932,0.8997527313907149,0.012811800450975512,0.008800632545023855
Table_13_05.obj,Table_13,OB,M,x,0.9795343234223829,0.01850257740472722,48.8622986006125,14.79999999093003,0.06640158940392572,5.692307690925323,0.7400554687569522,1.6279096609374035,0.7897948834249535,0.7712136238798676,0.820782680826018,1.2452104744571908,0.5269021779423348,0.9048660281631532,0.014982182443247703,0.012941585742616873
Table_13_06.obj,Table_13,M,M,,0.9969920310675711,0.002883076800995613,332.4502421613952,53.199999967343274,0.018745929060140526,13.999999997665919,0.9152618388070635,2.1492970635816535,0.9522882272308262,0.9362174699796335,0.9176629344296153,1.5469888342257825,0.5035296407278357,0.9685777419359708,0.0025472763101515397,0.002657961986824797
Table_13_07.obj,Table_13,M,M,,0.9968400351249853,0.0016328611169192887,316.45921380534804,14.499999995613193,0.06863982230331188,14.499999995205219,0.6522955342717026,1.9473786113659917,0.7674330346189909,0.9671192183328186,1.5075567217524544,2.2943808592077137,0.6211797812400692,0.9752894572012492,0.0015819178515278755,0.0012325099182302233
Table_13_08.obj,Table_13,M,M,,0.9968400564165635,0.001632862438237235,316.46134609534937,14.499999995613193,0.06863982230331189,14.49999999520563,0.6522933960973245,1.947446353447169,0.7674138101702236,0.9671152473807931,1.5075567217524544,2.2943792823442775,0.6211787996615109,0.9752865106897,0.0015819671031818028,0.001232477552817747
Table_13_09.obj,Table_13,OB,OB,,0.9521358410306946,0.04717489490846325,20.89245944217308,31.499999988522088,0.030868020395063412,4.199999999785749,0.9999999999999977,1.4015031570494139,0.9839771431321683,0.9953181373587899,0.51449575498635,1.033371926518463,0.6298692219715947,0.9963436359243111,0.02875999772787637,0.046310354585733876
Table_13_10.obj,Table_13,OB,OB,,0.9509262039245128,0.04867874527184873,20.3774739264453,51.03999996544433,0.01902146349727213,4.063694267309119,0.9947287502746173,1.04,0.9947287502746175,0.9419148287014669,1.0327955576553112,1.2419087853679585,0.022089898053159685,0.976066649842287,0.024488322213240685,0.04701584308458766
Table_13_11.obj,Table_13,OB,OB,,0.9279311742687107,0.06747398765984776,13.875624999461376,14.752475236134554,0.06532735537873036,3.7249999992289546,0.999999999999921,1.0,0.9999999999999994,0.9999999999999999,0.8164965792610595,0.5767195766679911,1.5700924586837752e-16,0.9999999999999998,0.028867110967713275,0.06747398765984772
Table_13_12.obj,Table_13,OB,OB,,0.9493529023218498,0.050581770935509335,19.744468011862967,128.9999998121356,0.007512675183929398,3.9329268290758224,0.9926262053316844,1.0,0.9926262053316935,0.9300519808508889,0.9428090404709523,1.2173606288830983,0.018126971215154355,0.9714097647657911,0.024548324045574003,0.048452788593526114
Table_13_13.obj,Table_13,M,M,,0.9986373030457997,0.0012319755263130322,733.8388751200789,53.199999967343274,0.01877127639403403,20.46153845659787,0.8981689409487691,1.6279096610615686,0.9453777924973542,0.9319157845543875,0.7181848457227658,1.435773795831669,0.7750487702376105,0.9724160671225343,0.0009261700677851324,0.0011250340630387845
Table_13_14.obj,Table_13,M,M,,0.9968400313688512,0.0016328649865336184,316.4588376423659,14.499999995613193,0.06863982230331188,14.499999995205219,0.6522956149891682,1.9473750444342504,0.7674331018618301,0.9671191656053968,1.5075567217524544,2.29438048603726,0.6211796967246158,0.975289417934858,0.0015819195473379837,0.0012325129140341538
Table_13_15.obj,Table_13,M,M,,0.996840052661373,0.0016328663059643259,316.46097002178584,14.499999995613193,0.06863982230331189,14.49999999520563,0.65229348635668,1.9474391248248453,0.7674138754555645,0.9671151946581836,0.6030226887009817,1.2272683851914474,0.77140147073791,0.9752864714275364,0.0014425240296258182,0.0012324805439780408
Table_13_16.obj,Table_13,OB,OB,,0.9679212469413189,0.032061504402564986,31.17328152284007,241.9999992316769,0.004065544541664057,5.499999999606733,0.9999999999999711,1.0991014037660825,0.8491083746151691,0.960149651558102,1.3093073385588114,1.10404329788794,0.617728902167478,0.9701170135004128,0.01911573699451239,0.02668125508711385
Table_14_01.obj,Table_14,OB,OB,,0.028799394087553127,0.962802100621398,1.0296533938633456,11.124999997953422,0.0634321596541835,0.9999999999842787,0.9999999999999997,1.3179353555573805,0.5110215821617743,0.18729991088170928,0.7811334648679941,0.706925387683161,0.42626737107459167,0.7148352976629511,0.8289689794986077,0.2920832893921944
Table_14_02.obj,Table_14,OB,OB,,0.1054297146959561,0.8943004180858675,1.1178551494810915,40.09523806945892,0.01763293795485327,0.9999999999833815,0.9983047026902271,1.3005585468223335,0.500002507454144,0.001413712643206333,0.7947194131863947,0.707101094418053,0.3702385867075778,0.7071077690482477,0.7987694231256769,0.22389229826714652
Table_14_03.obj,Table_14,OB,OB,,0.016678725906565665,0.9829240165246432,1.0169616241872144,42.272727246618665,0.016724917527083702,0.9999999999849534,0.9883538822161568,1.2988837921522227,0.5000030174521028,4.4678634891770486e-06,0.6666666659259258,0.7070977287997043,0.370239190988312,0.7071076649803428,0.8700747251168551,0.2457335849934383
Table_14_04.obj,Table_14,OB,OB,,0.9804203061017299,0.006649924853062652,51.07332143164438,7.999999998157542,0.1230914909754499,7.999999998157458,0.7561728395117088,1.2868880333756354,0.8604737850310252,0.961245132210798,1.4368424136335542,1.0902507351670545,0.7305500369144865,0.9709833743974663,0.004465122548638712,0.005611206665118032
Table_14_05.obj,Table_14,OB,OB,,0.9804203061017298,0.0066499248530626585,51.07332143164372,7.999999998157542,0.1230914909754499,7.999999998157458,0.7561728395117092,1.2868880333756352,0.860473785031024,0.9612451322107978,1.4368424136335542,1.0902507351670545,0.7305500369144864,0.9709833743974663,0.004465122548638718,0.005611206665118029
Table_14_06.obj,Table_14,OB,OB,,0.9804203061017298,0.006649924853062662,51.073321431643706,7.999999998157542,0.1230914909754499,7.999999998157458,0.7561728395117102,1.2868880333756354,0.8604737850310238,0.9612451322107978,1.4368424136335542,1.0902507351670545,0.7305500369144864,0.970983374397466,0.0044651225486387214,0.00561120666511803
Table_14_07.obj,Table_14,SL,SL,,0.0002995209797924554,0.8269495294853334,1.0002996103178474,3.3333333252243076,0.20751433907296385,0.999999999299239,0.7765612177162006,1.040047815946394,0.7765612177254086,0.5002386392451373,2.190890228020664,0.0010948715734134945,0.00218499673363682,0.7832102323203525,0.5364126272787171,0.48170932452027937
Table_14_08.obj,Table_14,SL,SL,,0.026131500005170543,0.9367041691055739,1.0268326779382877,7.521772124622445,0.09359689968077296,1.0000336582248996,0.7764427125045077,1.2101295370839973,0.7764584617890694,0.5001011389383065,2.0179913652702,0.2885068634594308,0.04714573441351563,0.7831577660971601,0.6789857667146709,0.5455206884969359
Table_14_09.obj,Table_14,OB,OB,,6.392484516165456e-15,0.9999935907705774,0.9999999999998809,394.9999972194061,0.0017901408815395544,0.9999999999822895,0.999999999999978,1.0,1.0,1.0,0.8164965792610595,1.611057050734074e-15,0.0,1.0,0.39898723753853177,0.9999935907705774
Table_14_10.obj,Table_14,OB,OB,,0.9804203061017298,0.0066499248530626585,51.07332143164372,7.999999998157542,0.1230914909754499,7.999999998157458,0.7561728395117088,1.2868880333756352,0.860473785031024,0.9612451322107978,1.4368424136335542,1.0902507351670547,0.7305500369144864,0.970983374397466,0.004465122548638718,0.005611206665118029
Table_15_01.obj,Table_15,M,M,,0.9907281708933621,6.392569840977861e-16,107.85358406612015,10.385258012741119,0.09540977784288034,10.385258012740765,0.9999999999999494,1.0,1.0,1.0,0.8164965792610595,0.8243342401466954,0.0,1.0,2.8140508389353597e-16,6.392569840977861e-16
Table_15_02.obj,Table_15,M,M,,0.9907281708933626,1.191636727886518e-06,107.85358406612752,10.385925445658046,0.0954037023126086,10.385258012741119,0.9999999999999512,1.0,1.0,1.0,0.8164965792610595,0.824334240146701,0.0,1.0,5.24566241313414e-07,1.191636727886518e-06
Table_15_03.obj,Table_15,OB,OB,,0.6471327961129159,0.35263451313353456,2.833927293282638,65.55569661289606,0.013113681541009285,1.6834272461746367,0.9999999999999953,1.0,1.0,1.0,0.8164965792610595,0.25468447008007394,0.0,1.0,0.14518809872438027,0.35263451313353456
Table_15_04.obj,Table_15,OB,OB,,0.5630556282762711,0.43582255354987764,2.2886208513339468,29.856490991637617,0.02793005544378779,1.512818842838485,0.9999999999999991,1.0,1.0,1.0,0.8164965792610595,0.20408110370358024,0.0,1.0,0.17833590857812345,0.43582255354987764
Table_15_05.obj,Table_15,M,M,,0.9907281708933621,6.392569840977861e-16,107.85358406612015,10.385258012741119,0.09540977784288034,10.385258012740765,0.9999999999999494,1.0,1.0,1.0,0.8164965792610595,0.8243342401466954,0.0,1.0,2.8140508389353597e-16,6.392569840977861e-16
Table_15_06.obj,Table_15,M,M,,0.9907281708933626,1.191636727886518e-06,107.85358406612752,10.385925445658046,0.0954037023126086,10.385258012741119,0.9999999999999512,1.0,1.0,1.0,0.8164965792610595,0.824334240146701,0.0,1.0,5.24566241313414e-07,1.191636727886518e-06
Table_16_01.obj,Table_16,M,OB,x,0.7821852452419945,0.2170840650041172,4.591057208732016,41.2191217214701,0.021429606493445927,1.8862040300026683,0.9661703257235049,1.0344258376440074,0.9661703257222806,0.8402174527100895,1.3337718570264898,1.8450792091081547,0.28375668115485203,0.9201251434507093,0.12854113457432725,0.19298377153608595
Table_16_02.obj,Table_16,M,M,,0.9970260171623527,0.00016224567190153516,336.249418571206,11.043171676543144,0.089820167380675,11.043171675903771,0.366505979855829,1.0371960400214773,0.8621847649179382,0.9478101839824097,1.1149412185420202,1.9602590254781045,0.5929777626769569,0.9658070272080621,9.796984526186954e-05,0.00013623544080104824
Table_16_03.obj,Table_16,M,OB,x,0.7821854327323129,0.21756172247385558,4.591061160619987,70.07099583954923,0.012607819716021072,1.8862065372853383,0.9661701337045834,1.0344253204136806,0.9661701337045115,0.8402163442278185,1.3337718570264898,1.7508641613587188,0.07557469052969171,0.9201249223902371,0.12553448820340074,0.1934082453678078
Table_16_04.obj,Table_16,SL,SL,,0.7878531548988003,0.212146845101129,4.713716103215689,82351859514.00003,0.0,1.8962020269400552,1.0,1.232595164407831e-32,0.9395898434934479,0.8273580770339399,4.79583151331272,1.7284204600151067,0.0737535865659318,0.9112385060984768,0.05585616104992843,0.18212457560127582
Table_16_05.obj,Table_16,M,M,,0.9969935866467,0.00019725035407844893,332.62225864649196,11.043171676543144,0.08982016738069598,11.043171676223459,0.36649671207064777,1.0466245805643768,0.8634536893689839,0.9485343997769694,1.192569587110999,2.040443874742598,0.5836857641874126,0.9661820151605084,0.00012088280515889816,0.00016593382432554456
Table_16_06.obj,Table_16,M,M,,0.9970260383694617,0.00016222951168740955,336.2518163419094,11.043171676223313,0.08982016738327636,11.043171676223313,0.36650065883398264,1.037175513959528,0.8621791192379817,0.9478054850036083,1.1892706331114882,2.0408556480692583,0.5830173810519741,0.9658047219114964,9.892438808553154e-05,0.00013622065067246973
Table_16_07.obj,Table_16,M,M,,0.9970260372391663,0.00016223257054236642,336.25168854477823,11.043171676223313,0.08982016738327636,11.043171676223313,0.366497261797924,1.0371858163247298,0.8621747956240597,0.9478033390965178,1.1892706331114882,2.0408567983630195,0.5830144761395522,0.965803591945797,9.892706705233884e-05,0.00013622238592491672
Table_16_08.obj,Table_16,SL,SL,,0.7956271735113266,0.20437282648861235,4.893018397704455,88169990579.39998,0.0,1.8961999837533368,1.0,1.232595164407831e-32,0.9669821367948916,0.8424513515110263,4.898979475566357,1.7618260953878717,0.07557811013180583,0.9211536115409734,0.05207179712074215,0.18205710667876995
Table_17_01.obj,Table_17,OB,OB,,0.3740489004519832,0.5259521952846251,1.597568884688345,1.130509961452662,0.5302890734447361,0.9999999997452711,0.3749988585771468,1.5269600763465871,0.9999999999999997,0.9999999999999999,0.8164965792610595,0.23040886089219195,0.0,1.0,0.3129132939015116,0.5259521952846249
Table_17_02.obj,Table_17,OB,OB,,0.3740489004519832,0.5259521952846251,1.597568884688345,1.130509961452662,0.5302890734447361,0.9999999997452711,0.3749988585771468,1.5269600763465871,0.9999999999999999,0.9999999999999999,0.8164965792610595,0.23040886089219195,0.0,1.0,0.31291329390151157,0.525952195284625
Table_17_03.obj,Table_17,OB,OB,,0.3740489004519832,0.5259521952846251,1.597568884688345,1.130509961452662,0.5302890734447361,0.9999999997452711,0.3749988585771468,1.5269600763465871,0.9999999999999997,0.9999999999999999,0.8164965792610595,0.23040886089219195,0.0,1.0,0.3129132939015116,0.5259521952846249
Table_17_04.obj,Table_17,M,M,,0.9929207130026675,0.006099063573093516,141.25716338050478,31.940187510205583,0.03118311185639973,11.885165682307523,0.9999999999999244,1.0,0.9999999999999993,1.0,0.8164965792610595,0.844782748684674,0.0,1.0,0.002691083307714352,0.006099063573093512
Table_17_05.obj,Table_17,M,M,,0.9977003344422801,0.0019812456308501655,434.8458394930327,56.040226323627934,0.0178210115607073,20.852957565596753,0.9999999999999597,1.0,1.0,1.0,0.8164965792610595,0.9084792072666937,0.0,1.0,0.0008804928106192306,0.0019812456308501655
Table_17_06.obj,Table_17,M,M,,0.9977003344422801,0.0019812632980489306,434.84583949303266,56.041781055186775,0.017820517320703427,20.852957565596753,0.9999999999999596,1.0,1.0,1.0,0.8164965792610595,0.9084792072666937,0.0,1.0,0.0008805006621653762,0.0019812632980489306
Table_17_07.obj,Table_17,M,M,,0.9971152149683304,3.825656930812712e-18,346.64628005957695,18.618439241775054,0.053555919744495965,18.618439241775054,0.9999999999999628,1.0,0.9999999999999993,1.0,0.8164965792610595,0.8980550911664966,0.0,1.0,1.6981806078191838e-18,3.82565693081271e-18
Table_17_08.obj,Table_17,OB,OB,,0.6081233259771477,0.3916309736719684,2.551823229829734,63.796537930316354,0.013285080229788585,1.5974427156306321,0.9999999999999926,1.0,1.0,1.0,0.8164965792610595,0.23001189287133075,0.0,1.0,0.16076075088340594,0.3916309736719684
Table_17_09.obj,Table_17,OB,OB,,0.3740489004519832,0.5259521952846251,1.597568884688345,1.130509961452662,0.5302890734447361,0.9999999997452711,0.3749988585771468,1.5269600763465871,0.9999999999999997,0.9999999999999999,0.8164965792610595,0.23040886089219195,0.0,1.0,0.3129132939015116,0.5259521952846249
Table_17_10.obj,Table_17,M,M,,0.9929247695096189,0.0060956231001323075,141.33815164880116,31.950228853779358,0.031173383850234215,11.888572309749817,0.9999999999999315,1.0,0.999999999999998,0.9999999999999998,0.8164965792610595,0.8448237747452124,1.1102230246251565e-15,0.9999999999999997,0.0026895777754735693,0.0060956231001322945
Table_17_11.obj,Table_17,M,M,,0.9970900836439995,2.52073143152519e-05,343.65248950805125,18.618684466781424,0.05355454730361618,18.537866361892874,0.9999999999999646,1.0,1.0,1.0,0.8164965792610595,0.8976346770464536,0.0,1.0,1.1188809137212836e-05,2.52073143152519e-05
Table_17_12.obj,Table_17,M,M,,0.9971152149683304,7.598974872573585e-08,346.6462800595773,18.618684466021374,0.05355521638966584,18.618439241775054,0.9999999999999645,1.0,1.0,1.0,0.8164965792610595,0.8980550911664965,0.0,1.0,3.3731283283596286e-08,7.598974872573585e-08
Table_17_13.obj,Table_17,M,M,,0.997115290958079,2.3560800078586904e-13,346.6554115051732,18.618684466781424,0.05355521841063715,18.618684466021374,0.9999999999999645,1.0,0.9999999999999979,0.9999999999999999,0.8164965792610595,0.8980563654294819,1.5700924586837752e-16,0.9999999999999999,1.0458465111893945e-13,2.3560800078586853e-13
Table_18_01.obj,Table_18,OB,OB,,0.6212073913310268,0.3785073553624576,2.6399670350321895,58.99999995783025,0.01430287343151973,1.5733333333033983,1.0000000000000024,1.0991014037660822,0.7299802390075174,0.7825685518687053,1.3093073385588114,0.7578851456680376,0.41129403513783047,0.8655049089939812,0.24151567356960432,0.24626442101477217
Table_18_02.obj,Table_18,M,M,,0.9959040029080009,0.0035475834000343602,244.14079833042456,41.99999995446799,0.023754972157481086,15.749999994343298,0.9999999999999168,1.0991014037660827,0.9490170778422732,0.9955130477686901,1.3093073385588114,1.2883947963502778,0.6398976420616581,0.9965008011540949,0.002034332051792292,0.003359164082004877
Table_18_03.obj,Table_18,M,M,,0.9985760056959282,0.0012237451049901236,702.2499999757141,70.66666659706239,0.014139465087930703,26.499999990508076,0.9999999999999497,1.0,1.0,1.0,0.8164965792610595,0.9272727272485978,0.0,1.0,0.000544999081321323,0.0012237451049901236
Table_18_04.obj,Table_18,M,M,,0.9985760056959282,0.0012237451049901284,702.2499999757139,70.66666659706317,0.014139465087930545,26.499999990508076,0.9999999999999498,1.0,1.0,1.0,0.8164965792610595,0.9272727272485978,0.0,1.0,0.0005449990813213252,0.0012237451049901284
Table_18_05.obj,Table_18,M,M,,0.9905339021677363,0.002754106220656923,105.64015053713233,10.999999995805135,0.09016696346493798,10.999999995805089,0.9999999999999566,1.099101403766082,0.9995465763899459,0.9989759695363853,1.3093073385588114,1.1725444079552914,0.7304964959165242,0.9991992157612759,0.0015388463030886032,0.0027514479389296235
Table_18_06.obj,Table_18,M,M,,0.9959040029080009,0.0035475834000343602,244.14079833042456,41.99999995446799,0.023754972157481086,15.749999994343298,0.9999999999999168,1.0991014037660827,0.9490170778422732,0.9955130477686901,1.3093073385588114,1.2883947963502778,0.6398976420616581,0.9965008011540949,0.002034332051792292,0.003359164082004877
Table_18_07.obj,Table_18,M,M,,0.9905339021677363,0.0027541062206569234,105.6401505371314,10.999999995805135,0.09016696346493798,10.999999995805089,0.9999999999999566,1.099101403766082,0.9995465763899444,0.998975969536385,1.3093073385588114,1.1725444079552914,0.7304964959165317,0.9991992157612757,0.001538846303088606,0.0027514479389296196
Table_18_08.obj,Table_18,M,M,,0.9905339021677363,0.002754106220656914,105.64015053713233,10.999999995805135,0.09016696346493798,10.999999995805135,0.9999999999999551,1.0991014037660825,0.9995465763899459,0.9989759695363852,1.3093073385588114,1.1725444079552916,0.7304964959165278,0.999199215761276,0.0015388463030885993,0.0027514479389296144
Table_18_09.obj,Table_18,M,M,,0.9905339021677364,0.0027541062206569134,105.64015053713416,10.999999995805135,0.09016696346493798,10.999999995805135,0.9999999999999551,1.0991014037660825,0.9995465763899466,0.9989759695363853,1.3093073385588114,1.1725444079552916,0.7304964959165314,0.9991992157612759,0.0015388463030885989,0.002751447938929616
Table_18_10.obj,Table_18,M,M,,0.9959040029077899,0.003547583400245268,244.1407983178522,41.99999995446799,0.02375497215747863,15.749999993937555,0.9999999999999102,1.0991014037660827,0.9490170778421285,0.9955130477685683,1.3093073385588114,1.2883947963473588,0.6398976420584739,0.9965008011540007,0.002034332051912381,0.0033591640822038652
Table_18_11.obj,Table_18,M,M,,0.9959040029077899,0.003547583400245268,244.1407983178522,41.99999995446799,0.02375497215747863,15.749999993937555,0.9999999999999102,1.0991014037660827,0.9490170778421285,0.9955130477685683,1.3093073385588114,1.2883947963473588,0.6398976420584739,0.9965008011540007,0.002034332051912381,0.0033591640822038652
Table_18_12.obj,Table_18,M,M,,0.9985760056958547,0.0012237451050634849,702.2499999395358,70.66666659706239,0.014139465087930186,26.4999999898254,0.9999999999999477,1.0,1.0,1.0,0.8164965792610595,0.9272727272467925,0.0,1.0,0.0005449990813538842,0.0012237451050634849
Table_18_13.obj,Table_18,M,M,,0.9985760056958547,0.0012237451050634888,702.2499999395359,70.66666659706317,0.014139465087930028,26.4999999898254,0.9999999999999477,1.0,0.9999999999999998,1.0,0.8164965792610595,0.9272727272467927,0.0,1.0,0.0005449990813538861,0.0012237451050634885
Table_18_14.obj,Table_18,OB,OB,,0.6485845672662353,0.3499806301625564,2.8456348436966072,26.39999999061219,0.03256650944526522,1.6869009584333692,0.9999999999999988,1.0,1.0,1.0,0.8164965792610595,0.25564803804728886,0.0,1.0,0.14411229286979674,0.3499806301625564
Table_19_01.obj,Table_19,OB,OB,,1.0423439187698776e-06,0.9944688910508225,1.0000010423448231,13.447291486685085,0.05251105034117733,1.0000005211510197,0.9999999999999988,1.0,1.0,1.0,0.8164965792610595,2.605861154971482e-07,0.0,1.0,0.3967829516884992,0.9944688910508225
Table_19_02.obj,Table_19,OB,OB,,1.0000004354884567e-06,0.999373999999358,1.000001000001205,39.9999999623436,0.01767491245771728,1.0000004999765768,0.9999999999999946,1.0,1.0,1.0,0.8164965792610595,2.500002337309533e-07,0.0,1.0,0.39874003963607707,0.999373999999358
Table_19_03.obj,Table_19,M,M,,0.9876543209874742,1.6371169934217505e-16,80.99999999880306,8.99999999827088,0.10976425998737552,8.999999998270821,0.9999999999999923,1.0,1.0,1.0,0.8164965792610595,0.799999999969259,0.0,1.0,7.186776529307068e-17,1.6371169934217505e-16
Table_19_04.obj,Table_19,M,M,,0.9876543209874735,8.496429965859716e-16,80.99999999879819,8.99999999827086,0.1097642599873757,8.999999998270507,0.9999999999999918,1.0,0.999999999999999,0.9999999999999999,0.8164965792610595,0.7999999999692525,1.5700924586837752e-16,1.0,3.729846046855566e-16,8.496429965859707e-16
Table_19_05.obj,Table_19,OB,OB,,6.999971383591073e-07,0.9981413927494751,1.0000006999975186,23.199999991039363,0.030464599081669024,1.0000003499821906,0.999999999999999,1.0,1.0,1.0,0.8164965792610595,1.74999346024103e-07,0.0,1.0,0.3982482381639498,0.9981413927494751
Table_19_06.obj,Table_19,M,M,,0.9876543209874743,2.072299991673102e-17,80.99999999880362,8.99999999827086,0.10976425998737575,8.999999998270821,0.9999999999999923,1.0,0.9999999999999981,0.9999999999999999,0.8164965792610595,0.7999999999692589,2.220446049250313e-16,1.0,9.09718548013554e-18,2.072299991673098e-17
Table_19_07.obj,Table_19,M,M,,0.9876543209874733,1.0340776958448776e-15,80.99999999879738,8.99999999827088,0.10976425998737548,8.999999998270507,0.9999999999999919,1.0,0.9999999999999999,1.0,0.8164965792610595,0.7999999999692528,0.0,0.9999999999999998,4.539495554587625e-16,1.0340776958448774e-15
Table_19_08.obj,Table_19,OB,OB,,8.000003795181035e-07,0.9974991999994733,1.000000800000872,19.999999992315054,0.03533326972423456,1.0000003999812168,1.0000000000000009,1.0,1.0,1.0,0.8164965792610595,2.0000017469228613e-07,0.0,1.0,0.39799201105172916,0.9974991999994733
Table_20_01.obj,Table_20,M,OB,x,0.5566890683003547,0.4425617835876777,2.255753080949011,34.58996239256543,0.022141778568422768,1.191853962311244,0.8997458167915348,1.067183006105198,0.9077070103166816,0.8672410986273879,0.8651256366467858,2.1850092989529735,0.37839503009664766,0.9236929474963496,0.2642176393031195,0.375050717276
Table_20_02.obj,Table_20,M,OB,x,0.5548367547244702,0.44441320525777317,2.2463669465364564,34.59346675787902,0.022139545309928184,1.1918550879681897,0.8997503054261754,1.067443405714394,0.9084292471516985,0.8677418632152035,1.059651634117515,2.465303739924006,0.3504492842138153,0.9240280700681182,0.2697987892367473,0.37702046131989947
Table_20_03.obj,Table_20,SL,SL,,2.503134249544727e-06,0.9985564390098203,1.0000025031403739,33.60180855863281,0.021039076293291215,1.0000021166557684,0.9065823053859562,1.0000003371028985,0.906582235370416,0.7055947593962593,2.1602468978026197,0.7668387372027069,0.05913237332286323,0.8598221300772071,0.5982763806114173,0.7720148931181072
