file,group,ground_truth,linearity,planarity,elongation,thickness_norm,compactness,rectangularity,axis_alignment,hull_vertex_density,boundary_edge_cv,boundary_turning_std,perimeter_rect_ratio,local_surface_bending_mean,local_surface_bending_std,local_surface_bending_p95
BedSet_01_01.obj,BedSet_01,OB,0.004667698727255525,0.9606592148766903,5.651442206097957,0.130983516468576,0.977104605050025,0.6307621424856756,0.586038757702362,0.018334976337911958,2.5255099130643126,0.3354694573970736,0.7898165261954871,1.60336144285896e-05,3.166019111227101e-05,8.506900769164953e-05
BedSet_01_02.obj,BedSet_01,OB,0.5241438067043811,0.4600766953972728,7.559740073652546,0.10798752296125896,0.9965809379456656,0.999300166089324,0.9777757973131639,0.024434173375980823,3.4284311347364405,0.03309284876226553,0.9879829031853167,1.9699989610416524e-05,3.495950679042248e-05,0.00010456932876958021
BedSet_01_03.obj,BedSet_01,M,0.9903148600330939,0.007630768622838996,22.498596319558672,0.04419031907387404,0.9999498696546191,0.9999999999999999,1.0,0.010433345723511447,0.8208064512024559,0.0,1.0,1.4373293707939291e-09,2.17981791816147e-09,4.743186923619966e-09
BedSet_01_04.obj,BedSet_01,M,0.9913155163014136,0.0038614743451652303,14.68444771394094,0.06765013196047412,0.9999999999995735,0.9999999999999998,1.0,0.011835942354013928,0.8295071705051794,0.0,1.0,0.0,0.0,0.0
BedSet_01_05.obj,BedSet_01,M,0.9912293409816532,0.006910281598373528,23.64373806367014,0.04207294562270141,0.9999999999995908,0.9999999999999999,1.0,0.00997225944781659,0.8287356231871439,0.0,0.9999999999999999,4.3119881123817873e-10,1.3635703678696543e-09,4.743186923619966e-09
BedSet_01_06.obj,BedSet_01,M,0.9886224884095989,0.009979366685486208,27.27348132211495,0.03643462679845065,0.9999999999994431,1.0,1.0,0.01087334716323723,0.8072309532293278,0.0,0.9999999999999999,1.9876004458281144e-09,2.505140172220089e-09,5.529063864673607e-09
BedSet_01_07.obj,BedSet_01,OB,0.888889240175168,0.11034021813637097,36.02482913241645,0.026325028902776364,0.9999999999999913,1.0,1.0,0.003048945014616481,0.5000005927813018,0.0,1.0,0.0,0.0,0.0
BedSet_01_08.obj,BedSet_01,OB,0.9394940525570049,0.060149396328006824,52.95891760776521,0.01833290764804052,0.9999999999999926,1.0,1.0,0.002407676927751073,0.6051627592874481,0.0,1.0,0.0,0.0,0.0
BedSet_01_09.obj,BedSet_01,OB,0.9394940525570049,0.060193328301078035,56.557762042181594,0.017166716189132077,0.9999999999999922,1.0,1.0,0.002407676927751073,0.6051627592874479,0.0,1.0,0.0,0.0,0.0
BedSet_01_10.obj,BedSet_01,OB,0.877002599634388,0.12223201469645131,36.145966065195154,0.026097736390374434,0.9999999999999898,0.9999999999999997,0.9999999999999999,0.003166620340385481,0.48070290363134827,1.5700924586837752e-16,1.0,0.0,0.0,0.0
BedSet_01_11.obj,BedSet_01,OB,0.4884101761650428,0.5115228775641181,122.2184592302893,0.006654824365872354,0.9999999999999966,1.0,1.0,0.001783570580152026,0.16600733494674036,0.0,1.0,0.0,0.0,0.0
BedSet_01_12.obj,BedSet_01,OB,0.4006090318535098,0.5990328052994737,52.83962573720196,0.014962850102835457,0.9999999999999936,1.0,1.0,0.0022913146930268694,0.127266441779588,0.0,1.0,0.0,0.0,0.0
BedSet_01_13.obj,BedSet_01,OB,0.9607177169750823,0.039083900905651954,70.99842863502793,0.013814750783128332,0.9999999999999696,1.0,1.0,0.0033928113868826474,0.6691737853941411,0.0,1.0,0.0,0.0,0.0
BedSet_01_14.obj,BedSet_01,OB,0.407554953191975,0.5921008654697683,53.902181265214004,0.014699904197405776,0.9999999999999987,0.9999999999999999,0.9999999999999999,0.0022971396461461927,0.13013216519864593,0.0,0.9999999999999999,0.0,0.0,0.0
BedSet_01_15.obj,BedSet_01,OB,0.2518293820938477,0.7355154924647219,8.889283814936341,0.08477641310051054,0.9999999999998628,1.0,0.9999999999999999,0.011731304619767471,0.07240413476604768,1.1102230246251565e-16,1.0,0.0,0.0,0.0
BedSet_01_16.obj,BedSet_01,OB,0.3272308153839093,0.6562138174570679,7.7719606182365695,0.09899490913761047,0.9999999999998936,1.0,1.0,0.011397916068708446,0.09876521322028556,0.0,1.0,0.0,0.0,0.0
BedSet_01_17.obj,BedSet_01,OB,0.36429150259451937,0.6281653725505363,11.513950325994552,0.06775223295977352,0.9999999999998518,1.0,1.0,0.011220771641296605,0.112772047389962,0.0,1.0,0.0,0.0,0.0
BedSet_01_18.obj,BedSet_01,OB,0.9548873663254155,0.04510921245370221,540.6415940403921,0.0018092904009895105,0.9999999999995067,1.0,1.0,0.004431202698632877,0.6496241948602725,0.0,1.0,0.0,0.0,0.0
BedSet_01_19.obj,BedSet_01,OB,0.25182938209383254,0.7355154924647367,8.889283814936253,0.08477641310051102,0.9999999999998628,1.0,1.0,0.011731304619767536,0.07240413476604259,0.0,1.0,3.424083596097858e-09,2.5047772916674863e-09,6.707879276254074e-09
BedSet_01_20.obj,BedSet_01,OB,0.3272308153839218,0.6562138174570554,7.771960618236642,0.09899490913760993,0.9999999999998933,1.0,1.0,0.011397916068708387,0.09876521322029023,0.0,1.0,0.0,0.0,0.0
BedSet_01_21.obj,BedSet_01,OB,0.36429150259450704,0.6281653725505484,11.513950325994445,0.0677522329597739,0.9999999999998518,1.0,1.0,0.011220771641296663,0.11277204738995747,0.0,1.0,0.0,0.0,0.0
BedSet_01_22.obj,BedSet_01,OB,0.9548873663254155,0.04510921245370221,540.6415940403921,0.0018092904009895105,0.9999999999995067,1.0,1.0,0.004431202698632877,0.6496241948602725,0.0,1.0,0.0,0.0,0.0
BedSet_02_01.obj,BedSet_02,OB,0.9540635060639326,0.044169058223824165,49.30232552146485,0.019973861624642656,0.96530522025656,0.8993797329153503,0.9673220469977901,0.0056967500795376,0.6774090486363044,0.5911073055555385,0.9757007242109988,9.499338767083418e-10,1.9638687136435304e-09,4.743186923619966e-09
BedSet_02_02.obj,BedSet_02,OB,0.954063436759812,0.04416912920624795,49.3023255149785,0.019973861627268767,0.9653052202567505,0.8993787376611279,0.9673217879763764,0.00569675007954294,0.6774090486366516,0.5911073055553012,0.9757005356526975,1.0603511862360655e-09,2.2209820658268587e-09,6.707879276254074e-09
BedSet_02_03.obj,BedSet_02,OB,0.9540633891022399,0.0441691751867059,49.30232551503235,0.01997386162724761,0.9653052202565598,0.8993795383889366,0.9673219963710808,0.0056967500795376,0.6774090486363044,0.5911073055555404,0.9757006873565602,1.6818157618545582e-09,2.4724356203078557e-09,6.707879276254074e-09
BedSet_02_04.obj,BedSet_02,OB,0.9540635537213118,0.04416901224355916,49.302325521411,0.01997386162466381,0.9653052202567507,0.8993789322005972,0.9673218386065744,0.00569675007954294,0.6774090486366516,0.5911073055553,0.9757005725096581,1.5488671816130588e-09,2.6410420356155732e-09,6.707879276254074e-09
BedSet_02_05.obj,BedSet_02,M,0.9978749557319752,0.002065323772526261,94.66452497576289,0.01055198201199927,0.9976506436485714,1.0,1.0,0.003512630065431772,0.9124578187402554,0.0,1.0,1.1549708893007584e-09,2.2677495513235713e-09,6.707879276254074e-09
BedSet_02_06.obj,BedSet_02,M,0.9978750927144074,0.002065186790093781,94.66452497576289,0.010551982723040195,0.9976506436485718,1.0,1.0,0.003512635021009471,0.912460516813534,0.0,1.0,6.467982168572681e-10,1.6277398167669071e-09,4.743186923619966e-09
BedSet_02_07.obj,BedSet_02,M,0.9978748187449572,0.0020654607595442655,94.66452497576289,0.010551981300934684,0.9976506436485721,1.0,1.0,0.003512625109861883,0.9124551206712294,0.0,1.0,2.119003046265814e-09,2.599757139833627e-09,6.707879276254074e-09
BedSet_02_08.obj,BedSet_02,M,0.9978749557319755,0.0020653237725259677,94.66452497576289,0.010551982011999271,0.9976506436485716,1.0,1.0,0.0035126300654317833,0.9124578187402616,0.0,1.0,9.34264091016054e-10,1.8864092419072244e-09,4.743186923619966e-09
BedSet_02_09.obj,BedSet_02,M,0.9978750927144074,0.002065186790093781,94.66452497576289,0.010551982723040195,0.997650643648571,1.0,1.0,0.003512635021009471,0.912460516813534,0.0,1.0,6.467982168572681e-10,1.6277398167669071e-09,4.743186923619966e-09
BedSet_02_10.obj,BedSet_02,M,0.9978748187449745,0.0020654607595266255,94.66452497576289,0.010551981300934774,0.9976506436485715,0.9999999999999999,1.0,0.0035126251098625116,0.9124551206715715,0.0,1.0,1.6108303738223235e-09,2.290278512480264e-09,4.743186923619966e-09
BedSet_02_11.obj,BedSet_02,M,0.9978749557319755,0.0020653237725259677,94.66452497576289,0.010551982011999271,0.997650643648571,1.0,1.0,0.0035126300654317833,0.9124578187402616,0.0,1.0,9.34264091016054e-10,1.8864092419072244e-09,4.743186923619966e-09
BedSet_02_12.obj,BedSet_02,M,0.9978750927144419,0.0020651867900596966,94.66452497576289,0.010551982723040374,0.9976506436485716,1.0,1.0,0.0035126350210107162,0.9124605168142121,0.0,1.0,7.484327513459661e-10,1.7859130574524842e-09,4.743186923619966e-09
BedSet_02_13.obj,BedSet_02,M,0.9978750927145777,0.0020651867899233274,94.66452497576289,0.01055198272304108,0.9976506436485709,1.0,1.0,0.003512635021015631,0.9124605168168883,0.0,1.0,2.3222721152432102e-09,2.686906714841526e-09,6.707879276254074e-09
BedSet_02_14.obj,BedSet_02,M,0.9979176025511274,0.002021313103602376,100.79417604998275,0.00990853884497235,0.966906196916511,0.9995725248467708,0.9946550598186921,0.006177726847220074,1.8655074454658178,0.5760101180585989,0.9974190538261516,5.002829255517785e-06,1.1162659584272763e-05,3.07043149162545e-05
BedSet_02_15.obj,BedSet_02,OB,0.9710671339130847,0.028439998075231693,78.00366635555899,0.012730630213486265,0.999999999999969,0.9999998374926243,0.9999999759308772,0.002990985048809517,0.7889979782259604,3.510833468576701e-16,0.9999999810961556,1.1279114273427861e-09,2.0862098073227002e-09,4.743186923619966e-09
BedSet_02_16.obj,BedSet_02,M,0.9978749557318048,0.002065323772696535,94.66452497576289,0.010551982011998385,0.9976506436485714,0.9999999999999999,1.0,0.003512630065425611,0.9124578187369012,0.0,1.0,2.119003046265814e-09,2.5997571398336265e-09,6.707879276254074e-09
BedSet_02_17.obj,BedSet_02,M,0.999327773828833,0.0004227290333468596,65.99853346217503,0.015143163428248035,0.9965298275445972,0.9965295525758152,0.9968707634382931,0.003844617655634963,1.2728087142665134,0.6981116891911063,0.9976238321436585,8.152352524971817e-10,1.789470500568397e-09,4.743186923619966e-09
BedSet_02_18.obj,BedSet_02,M,0.9978749557319238,0.002065323772577447,94.66452497576289,0.010551982011999,0.9976506436485717,0.9999999999999999,1.0,0.003512630065429909,0.9124578187392413,0.0,1.0,2.3222721152432102e-09,2.6869067148415256e-09,6.707879276254074e-09
BedSet_02_19.obj,BedSet_02,M,0.998404344040792,0.0015149804639269966,100.79417605024537,0.009912918687287888,0.9918655757514957,1.0,1.0,0.0024886718325141137,0.9236637253533824,0.0,1.0,0.0,0.0,0.0
BedSet_02_20.obj,BedSet_02,OB,0.7499999999769813,0.08999664793382736,2.4999738107631804,0.33686389659841026,0.9999999999991127,0.9999999999999999,1.0,0.03477522459751949,0.3333333332150947,0.0,1.0,0.0,0.0,0.0
BedSet_02_21.obj,BedSet_02,M,0.9978748187451276,0.00206546075937368,94.66452497576289,0.010551981300935568,0.9976506436485715,1.0,1.0,0.0035126251098680553,0.9124551206745898,0.0,1.0,1.035898625504752e-09,2.009988916646277e-09,4.743186923619966e-09
BedSet_02_22.obj,BedSet_02,M,0.9978750927144586,0.0020651867900425827,94.66452497576289,0.01055198272304046,0.9976506436485715,0.9999999999999999,1.0,0.003512635021011323,0.9124605168145421,0.0,1.0,1.8140994427997197e-09,2.43160394490716e-09,4.743186923619966e-09
BedSet_02_23.obj,BedSet_02,M,0.9978749557319752,0.002065323772526261,94.66452497576289,0.01055198201199927,0.9976506436485719,1.0,1.0,0.003512630065431772,0.9124578187402554,0.0,1.0,1.1549708893007584e-09,2.2677495513235713e-09,6.707879276254074e-09
BedSet_02_24.obj,BedSet_02,OB,0.3617284672270194,0.6315132386904657,11.605181018156193,0.0671342243273123,0.999400116050089,0.9999644303034365,0.9950770932072521,0.010886361460995331,2.5389078654255974,0.07250948960058412,0.9972817408064529,0.00046063664231933937,0.0005970544832244047,0.0017381962569478365
BedSet_02_25.obj,BedSet_02,M,0.9993033261211353,0.0002507932551705415,45.49981665681825,0.021964521244484378,0.9999999999999512,1.0,1.0,0.0027894390181096617,0.9465243996445192,0.0,0.9999999999999999,1.0540415385822145e-09,1.9719311544013567e-09,4.743186923619966e-09
BedSet_02_26.obj,BedSet_02,M,0.9993033261211353,0.000250793255228739,45.49981665978763,0.021964521243051635,0.9999999999999512,1.0,1.0,0.0027894390181096617,0.9465243996445192,0.0,0.9999999999999999,1.0540415385822145e-09,1.9719311544013567e-09,4.743186923619966e-09
BedSet_02_27.obj,BedSet_02,M,0.9988434603445213,0.00046260132414558216,36.99979047477495,0.027001920756015395,0.9999999999999396,0.9999999999999934,0.9999999999999998,0.003409319872612557,0.9346408271314243,1.970450397214979e-15,0.9999999999999997,4.743186923619966e-10,1.4229560770859897e-09,4.743186923619966e-09
BedSet_02_28.obj,BedSet_02,M,0.9988434603445212,0.0004626013241456481,36.99979047477495,0.027001920756015395,0.9999999999999396,0.9999999999999991,0.9999999999999999,0.003409319872612558,0.934640827131424,2.1210781103223385e-15,0.9999999999999998,4.743186923619966e-10,1.4229560770859897e-09,4.743186923619966e-09
BedSet_02_29.obj,BedSet_02,OB,0.9838297993561204,0.015993002914534586,53.00272351327552,0.018536653721661918,0.9929696953663386,0.9999999999999999,1.0,0.008279749014501635,0.6825421581881519,0.0,1.0,1.1299834226859311e-09,2.074606608962148e-09,4.743186923619966e-09
BedSet_02_30.obj,BedSet_02,OB,0.9838297993561204,0.015993002914534715,53.002723513300666,0.018536653721653126,0.9929696953663352,1.0,1.0,0.008279749014501634,0.6825421581881518,0.0,1.0,8.761448368102902e-10,1.8953662668395244e-09,4.743186923619966e-09
BedSet_02_31.obj,BedSet_02,M,0.996930616104376,0.003016304794382527,93.61521441668462,0.010630206390088737,0.9923493133321479,0.9999999999999999,1.0,0.005073451848750077,0.8209714119895607,0.0,1.0,1.415248705231271e-05,3.165308765242618e-05,8.77282935357257e-05
BedSet_02_32.obj,BedSet_02,OB,0.7579421786568262,0.24204879775209487,312.03070277035556,0.0027888375036511626,0.9999999999998807,0.9999999999999998,1.0,0.003557869956657843,0.2769963472345283,0.0,1.0,2.6351038464555364e-10,1.0864811493407564e-09,1.6601154232669611e-09
BedSet_02_33.obj,BedSet_02,OB,0.9838297993561204,0.015993002914534767,53.00272351332581,0.018536653721644335,0.9929696953663455,1.0,1.0,0.008279749014501635,0.682542158188152,0.0,0.9999999999999999,8.482975748774406e-10,1.9531605175769044e-09,4.743186923619966e-09
BedSet_02_34.obj,BedSet_02,OB,0.9838297993561204,0.015993002914534715,53.002723513300666,0.018536653721653126,0.9929696953663352,1.0,1.0,0.008279749014501634,0.6825421581881518,0.0,1.0,1.0716758142006146e-09,2.063483545931535e-09,4.743186923619966e-09
BedSet_02_35.obj,BedSet_02,M,0.996930616104376,0.0030163047943824912,93.6152144166851,0.010630206390088683,0.992349313332148,1.0,1.0,0.005073451848750053,0.8209714119895616,0.0,1.0,1.4152609233817855e-05,3.1653033058361444e-05,8.772829363652633e-05
BedSet_02_36.obj,BedSet_02,OB,0.7579421786568286,0.24204879775209248,312.03070277035715,0.0027888375036511513,0.9999999999998809,0.9999999999999998,1.0,0.003557869956657832,0.27699634723453076,0.0,1.0,2.6351038464555364e-10,1.0864811493407564e-09,1.6601154232669611e-09
BedSet_02_37.obj,BedSet_02,OB,0.9838297993561204,0.015993002914534586,53.00272351327552,0.018536653721661918,0.9929696953663386,1.0,1.0,0.008279749014501635,0.6825421581881519,0.0,1.0,1.4392129135894566e-09,2.403485739157588e-09,6.707879276254074e-09
BedSet_02_38.obj,BedSet_02,OB,0.9838297993561204,0.015993002914534715,53.002723513300666,0.018536653721653126,0.9929696953663352,1.0,1.0,0.008279749014501634,0.6825421581881518,0.0,1.0,1.0869059874768481e-09,2.0974962435917287e-09,4.743186923619966e-09
BedSet_02_39.obj,BedSet_02,M,0.996930616104376,0.0030163047943825272,93.61521441668462,0.010630206390088737,0.9923493133321479,1.0,1.0,0.005073451848750077,0.8209714119895607,0.0,1.0,1.4152507568411774e-05,3.165307849161845e-05,8.772829363652633e-05
BedSet_02_40.obj,BedSet_02,OB,0.7579421786568261,0.242048797752095,312.03070277035556,0.0027888375036511626,0.9999999999998807,1.0,1.0,0.003557869956657843,0.27699634723452843,0.0,1.0,2.6351038464555364e-10,1.0864811493407564e-09,1.6601154232669611e-09
BedSet_02_41.obj,BedSet_02,OB,0.9838297993561204,0.015993002914534767,53.00272351332581,0.018536653721644335,0.9929696953663455,1.0,1.0,0.008279749014501635,0.682542158188152,0.0,0.9999999999999999,4.412266905692991e-10,1.3777298997226113e-09,4.743186923619966e-09
BedSet_02_42.obj,BedSet_02,OB,0.9838297993561204,0.015993002914534715,53.002723513300666,0.018536653721653126,0.9929696953663352,1.0,1.0,0.008279749014501634,0.6825421581881518,0.0,1.0,1.0841410934383235e-09,2.140068907636969e-09,4.743186923619966e-09
BedSet_02_43.obj,BedSet_02,M,0.996930616104376,0.0030163047943824947,93.6152144166851,0.010630206390088683,0.992349313332148,1.0,1.0,0.005073451848750053,0.8209714119895616,0.0,1.0,1.4152508212732053e-05,3.165307821878679e-05,8.77282935357257e-05
BedSet_02_44.obj,BedSet_02,OB,0.7579421786568283,0.24204879775209281,312.03070277035715,0.0027888375036511513,0.9999999999998809,1.0,1.0,0.003557869956657832,0.27699634723453076,0.0,1.0,2.6351038464555364e-10,1.0864811493407564e-09,1.6601154232669611e-09
BedSet_02_45.obj,BedSet_02,M,0.9822786266252995,0.01756513769569464,80.00366634937912,0.012389173329746175,0.9999999999999725,0.9999999999999986,0.9999999999999999,0.002877153131135845,0.7650355565298971,2.220446049250313e-16,0.9999999999999999,0.0,0.0,0.0
BedSet_02_46.obj,BedSet_02,M,0.9970169204259258,0.002955004456693091,188.72924787420123,0.0052906363071132875,0.9999999999998217,1.0,1.0,0.0032755705733505044,0.8964220264067457,0.0,1.0,0.0,0.0,0.0
BedSet_02_47.obj,BedSet_02,M,0.9979668792389959,0.0019327290840323763,99.80473483727002,0.010008893345772764,0.9999999999999506,1.0,1.0,0.002500601620906752,0.913710523781409,0.0,1.0,0.0,0.0,0.0
BedSet_02_48.obj,BedSet_02,M,0.9812661271169238,0.018633876811067353,100.00196394357262,0.00990694571320249,0.9999999999999689,0.9999999999999989,0.9999999999999999,0.0028676625414096033,0.7592134026314423,1.5700924586837752e-16,0.9999999999999999,0.0,0.0,0.0
BedSet_02_49.obj,BedSet_02,M,0.997449269021752,0.0024854343171657974,123.75265136397888,0.008070086049067678,0.9999999999999435,1.0,1.0,0.0025078150570753115,0.9038466768022734,0.0,1.0,0.0,0.0,0.0
BedSet_02_50.obj,BedSet_02,M,0.995191250985599,0.0047592226791379685,142.09601639969924,0.007020461940887323,0.9999999999998684,1.0,1.0,0.0034352049267729542,0.870303531978099,0.0,1.0,0.0,0.0,0.0
BedSet_02_51.obj,BedSet_02,M,0.9974492690218851,0.0024854343170326856,123.75265136397888,0.008070086049068214,0.9999999999999436,1.0,1.0,0.0025078150570784575,0.9038466768046617,0.0,1.0,0.0,0.0,0.0
BedSet_03_01.obj,BedSet_03,OB,0.4047322329380033,0.5849988659371792,9.241574981640369,0.08542013400620169,0.9999999999999997,0.9999999183156278,0.9999999496329953,0.002398872549416979,0.7226622387429535,0.740420847126375,0.9999999604418494,3.952655769683305e-10,1.3109476113472955e-09,4.031708885076961e-09
BedSet_03_02.obj,BedSet_03,M,0.9957701033525154,0.003056583801047671,30.462135366371946,0.032746355962506704,0.9999999999996647,0.9591047138689355,0.9965028702552253,0.011539047934428327,1.2873225751861572,0.7392624857250131,0.9972646421515973,8.177908488999942e-10,1.7916899810553025e-09,4.743186923619966e-09
BedSet_03_03.obj,BedSet_03,M,0.9961265751904718,0.0027016204188963166,30.462135366371946,0.032751707393966295,0.9999999999996505,0.9604371776898541,0.9967486754316487,0.011565680831885741,1.2917440287989415,0.7394447755280505,0.9974561690218923,8.177908488999942e-10,1.7916899810553025e-09,4.743186923619966e-09
BedSet_03_04.obj,BedSet_03,M,0.9987027583103022,0.0006965570013722564,47.766265541631405,0.02091451427136314,0.9999999999997923,0.8581706976963487,0.9916586033018661,0.0074518497634107166,1.3341999181344322,0.6933598553624288,0.9935131231214489,1.2441146029167124e-09,2.0864436179414453e-09,4.743186923619966e-09
BedSet_03_05.obj,BedSet_03,M,0.9993010915648586,0.000583111004792758,92.92884479939926,0.010756071170796062,0.9999999999997949,0.9999999999999971,1.0,0.003579120544375429,0.9454485679055858,1.5700924586837752e-16,0.9999999999999998,0.0,0.0,0.0
BedSet_03_06.obj,BedSet_03,M,0.9936483186115173,0.0009726011971044647,12.854930379089396,0.07731317824917049,0.9999999999922381,1.0,1.0,0.0312764046423152,0.852370795917466,0.0,1.0,2.5296996925973154e-09,2.3663173852816285e-09,4.743186923619966e-09
BedSet_03_07.obj,BedSet_03,M,0.9936483186115173,0.0009726011964036366,12.854930378251977,0.07731317825417684,0.9999999999922327,1.0,1.0,0.03127640464231521,0.852370795917466,0.0,1.0,0.0,0.0,0.0
BedSet_03_08.obj,BedSet_03,M,0.9936483186115173,0.0009726011961700279,12.854930377972838,0.07731317825584563,0.9999999999922409,1.0,1.0,0.0312764046423152,0.852370795917466,0.0,1.0,4.471919517502716e-09,3.162124615746645e-09,6.707879276254074e-09
BedSet_03_09.obj,BedSet_03,M,0.9936483186115173,0.0009726011971044642,12.854930379089396,0.07731317824917049,0.9999999999922381,1.0,1.0,0.03127640464231521,0.852370795917466,0.0,1.0,2.5296996925973154e-09,2.3663173852816285e-09,4.743186923619966e-09
BedSet_03_10.obj,BedSet_03,OB,0.9252163438733865,0.07465733150997957,67.80185142752599,0.013871705608413356,0.9133244486600823,0.9918882147974298,0.9966700981262798,0.004731179748336979,1.046316881810696,0.7587324729069888,0.9973949809481161,0.07159048471688835,0.1300197779831055,0.38597950447183027
BedSet_03_12.obj,BedSet_03,M,0.998773999743665,0.0006317185648993192,47.766265541631405,0.020915877367073482,0.9999999999997821,0.8605046769020703,0.991997359755813,0.007458554778918116,1.335934590915058,0.7209375016633531,0.993773940574034,1.4925217184016175e-09,2.281380104254568e-09,4.743186923619966e-09
BedSet_03_13.obj,BedSet_03,OB,0.9141770495777095,0.08567075054425675,77.89376121974607,0.01154109035852496,0.7947150670272054,0.9995752960796145,0.9997869805476836,0.003711558996339026,0.7818705050834066,0.739422631982881,0.9998327369622262,0.003305554550360392,0.01926319654068205,4.743186923619966e-09
BedSet_03_14.obj,BedSet_03,M,0.9938926140490791,0.00028866939866001925,12.854930379088128,0.07731317824917806,0.9999999999922448,1.0,1.0,0.03127640464231521,0.852370795917466,0.0,1.0,5.749317483175716e-10,1.5480511087720496e-09,4.743186923619966e-09
BedSet_03_15.obj,BedSet_03,M,0.9938926140490791,0.00028889753553985084,12.855182390843666,0.07731167166829869,0.9999999999922353,1.0,1.0,0.0312764046423152,0.852370795917466,0.0,1.0,5.749317483175716e-10,1.5480511087720496e-09,4.743186923619966e-09
BedSet_03_16.obj,BedSet_03,M,0.9938926140490791,0.00028866939866001713,12.854930379088128,0.07731317824917806,0.9999999999922448,1.0,1.0,0.0312764046423152,0.852370795917466,0.0,1.0,5.749317483175716e-10,1.5480511087720496e-09,4.743186923619966e-09
BedSet_03_17.obj,BedSet_03,M,0.9938926140490791,0.000288669396133,12.854930376296732,0.07731317826586595,0.9999999999922369,1.0,1.0,0.03127640464231521,0.852370795917466,0.0,1.0,0.0,0.0,0.0
BedSet_03_18.obj,BedSet_03,M,0.9938926140490791,0.00028866939866116357,12.854930379089396,0.07731317824917049,0.9999999999922381,1.0,1.0,0.03127640464231521,0.852370795917466,0.0,1.0,5.749317483175716e-10,1.5480511087720496e-09,4.743186923619966e-09
BedSet_03_19.obj,BedSet_03,M,0.9938926140490791,0.0002886693979019128,12.854930378250709,0.07731317825418443,0.9999999999922393,1.0,1.0,0.031276404642315195,0.852370795917466,0.0,1.0,5.749317483175716e-10,1.5480511087720496e-09,4.743186923619966e-09
BedSet_03_20.obj,BedSet_03,M,0.9938926140490791,0.00029095057629422414,12.857450952525241,0.07729811234987721,0.9999999999922344,1.0,1.0,0.031276404642315216,0.8523707959174659,0.0,1.0,4.3119881123817873e-10,1.3635703678696545e-09,4.743186923619966e-09
BedSet_03_21.obj,BedSet_03,M,0.9938926140490791,0.00028866939764920563,12.854930377971568,0.07731317825585321,0.9999999999922476,1.0,1.0,0.03127640464231521,0.852370795917466,0.0,1.0,0.0,0.0,0.0
BedSet_03_22.obj,BedSet_03,M,0.9938926140490791,0.0002886693979030551,12.854930378251977,0.07731317825417684,0.9999999999922327,1.0,1.0,0.03127640464231521,0.852370795917466,0.0,1.0,1.0061305595557502e-09,1.9390633333306335e-09,4.743186923619966e-09
BedSet_03_23.obj,BedSet_03,M,0.9938926140490791,0.0002886693961352936,12.85493037629927,0.07731317826585078,0.9999999999922382,1.0,1.0,0.03127640464231521,0.852370795917466,0.0,1.0,1.0061305595557502e-09,1.9390633333306335e-09,4.743186923619966e-09
BedSet_03_24.obj,BedSet_03,M,0.9938926140490791,0.00028866939866001713,12.854930379088128,0.07731317824917806,0.9999999999922448,1.0,1.0,0.0312764046423152,0.852370795917466,0.0,1.0,5.749317483175716e-10,1.5480511087720496e-09,4.743186923619966e-09
BedSet_03_25.obj,BedSet_03,M,0.9938926140490791,0.0002886693986611646,12.854930379089396,0.07731317824917049,0.9999999999922381,1.0,1.0,0.0312764046423152,0.852370795917466,0.0,1.0,5.749317483175716e-10,1.5480511087720496e-09,4.743186923619966e-09
BedSet_03_26.obj,BedSet_03,M,0.9885627411437953,0.01138023099487772,127.22586255787736,0.007811552268801054,0.9999999999999675,1.0,1.0,0.0025495654091981274,0.7996746012281928,0.0,1.0,2.699042187249001e-09,2.777358349172181e-09,6.707879276254074e-09
BedSet_03_27.obj,BedSet_03,M,0.9871159537361517,0.012804208332208643,114.88341030604705,0.008651746163977885,0.9934184372747548,0.9307222450640399,0.9846611087371998,0.003172056858666953,1.0248235765972733,0.5948314217368612,0.9883565394519535,0.03231249621466847,0.12290961473204089,0.25033728368597036
BedSet_04_01.obj,BedSet_04,M,0.9941058742143905,8.15717071087124e-05,10.872996940761508,0.09119940225606263,0.9783730610597432,0.9985773308570945,0.9805118304375803,0.039801383739321496,2.912546313593858,0.0740481148025699,0.9896688481339172,0.07830534838234846,0.031761692088204375,0.12251128713601561
BedSet_04_02.obj,BedSet_04,OB,0.6363647275314378,0.35163628845026357,7.824948601884411,0.1079817438754666,0.9780455663645458,0.9840207226149004,0.9573336710051673,0.011136749903160567,2.1402908799525275,0.07404804883424243,0.9756178110546253,0.07830535058347081,0.03176168916136642,0.12251128955986243
BedSet_04_03.obj,BedSet_04,M,0.9861705708033522,0.013061630568375853,29.164677221291885,0.03402050846515142,0.9925124159472789,0.9997760364309318,0.9920484459552055,0.024437470913928623,3.055371153811868,0.09919692692145508,0.9957595322841112,0.07830535244879863,0.031761689003779146,0.12251129259973452
BedSet_04_04.obj,BedSet_04,M,0.9861705708033522,0.01306163056837594,29.164677221291885,0.03402050846515142,0.9925124159472798,0.9997760364309319,0.9920484459552057,0.024437470913928623,3.0553711538118686,0.09919692692145511,0.995759532284111,0.07830535247459094,0.031761688920835106,0.12251129259973176
BedSet_04_05.obj,BedSet_04,M,0.9861705708033522,0.013061630568375872,29.164677221291885,0.03402050846515142,0.9925124159472802,0.999776036430932,0.9920484459552057,0.024437470913928613,3.0553711538118677,0.09919692692149751,0.9957595322841114,0.07830535247459632,0.0317616889208313,0.12251129259973788
BedSet_04_06.obj,BedSet_04,M,0.9861705708033522,0.013061630568376224,29.164677221291885,0.03402050846515142,0.992512415947279,0.999776036430932,0.9920484459552058,0.024437470913928623,3.055371153811868,0.09919692692145643,0.9957595322841112,0.07830535245451316,0.03176168898969143,0.1225112925997428
BedSet_04_07.obj,BedSet_04,M,0.9861705708033522,0.013061630568375946,29.164677221291885,0.03402050846515142,0.9925124159472798,0.9997760364309319,0.9920484459552064,0.024437470913928623,3.0553711538118686,0.09919692692145862,0.9957595322841114,0.07830535245451245,0.03176168898969782,0.12251129259973179
BedSet_04_08.obj,BedSet_04,M,0.9861705708033522,0.013061630568376222,29.164677221291885,0.03402050846515142,0.9925124159472795,0.9997760364309316,0.9920484459552051,0.024437470913928613,3.0553711538118673,0.09919692692142677,0.9957595322841112,0.07830535245744145,0.03176168896310339,0.1225112925997267
BedSet_04_09.obj,BedSet_04,M,0.9861705708033521,0.013061630568376002,29.164677221291885,0.03402050846515142,0.9925124159472787,0.9997760364309319,0.9920484459552058,0.024437470913928613,3.0553711538118673,0.09919692692139837,0.9957595322841112,0.07830535246886519,0.031761688934932475,0.12251129259973793
BedSet_04_10.obj,BedSet_04,M,0.9861705707707182,0.01306163060101011,29.164677221291885,0.03402050846404707,0.9925124154937939,0.9997760364134934,0.9920484459443307,0.02443747091182265,3.0553711536217834,0.09919690474734187,0.9957595321273477,0.0783053495416973,0.03176168901086993,0.12251128728210514
BedSet_04_11.obj,BedSet_04,M,0.9854071595681516,0.014293760528315755,46.6057064268589,0.021291638134954903,0.9954199721439017,0.999913703925034,0.9950407596251353,0.014068807498617695,2.926940484971053,0.0740480134772819,0.9973510699125752,0.07830534931500986,0.03176169131107952,0.12251129259995512
BedSet_04_12.obj,BedSet_04,M,0.9854071595681516,0.014293760525585975,46.605706056111835,0.0212916383042525,0.9954199718643996,0.9999137039250338,0.995040759625135,0.014068807498618502,2.926940484971032,0.07404801347729409,0.9973510699125749,0.07830534827079261,0.03176169145158749,0.12251128686566377
BedSet_04_13.obj,BedSet_04,OB,0.9635429901374803,0.03432911790888477,29.057838855274497,0.033933567901015774,0.9365679675428349,0.9957646627759084,0.9586593855754661,0.008984746894853944,1.6170611144853146,0.256740393085153,0.9824142349486304,0.0016571477817420642,0.014733147874329791,4.743186923619966e-09
BedSet_04_14.obj,BedSet_04,M,0.9941058742143465,8.157170711773642e-05,10.872996940761508,0.09119940225606266,0.9783730610597463,0.9985773308567305,0.9805118304367448,0.03980138374025087,2.912546313662329,0.07404811480254958,0.9896688481335442,0.0783053483856977,0.03176169207995298,0.12251128713602799
BedSet_04_15.obj,BedSet_04,M,0.9941058742143838,8.15717077582056e-05,10.872996940761508,0.09119940225606266,0.9783730610559476,0.9985773308670128,0.9805118304173722,0.03980138374144067,2.912546313736326,0.07404812173731713,0.9896688481762408,0.07830534846832002,0.03176169148308194,0.12251128582743824
BedSet_04_16.obj,BedSet_04,OB,0.964328959519961,0.034939960760130645,29.883031640079118,0.03284814490704902,0.9951076418007847,0.9998654128261268,0.9927027341585489,0.020701523375886963,2.759702812197476,0.07404801346651728,0.9961070978741352,0.07830534803193338,0.031761690916092954,0.1225112849916391
BedSet_04_17.obj,BedSet_04,OB,0.9635429901374802,0.034329117908884876,29.057838855274692,0.03393356790101554,0.9365679675428356,0.9957646627759078,0.958659385575466,0.008984746894853943,1.6170611144853144,0.25674039308509883,0.9824142349486302,0.001657147804348321,0.014733147871786928,4.743186923619966e-09
BedSet_04_18.obj,BedSet_04,M,0.9941058742144279,8.157170774902956e-05,10.872996940761508,0.09119940225606263,0.9783730610559472,0.9985773308673782,0.9805118304182088,0.039801383740510225,2.912546313667776,0.07404812173732592,0.9896688481766142,0.07830534846497075,0.03176169149133335,0.12251128582742477
BedSet_04_19.obj,BedSet_04,OB,0.9643289595199613,0.034939960765157076,29.88303187779529,0.03284814464602765,0.9951076421910574,0.9998654128261274,0.9927027341585505,0.02070152337588258,2.759702812197581,0.07404801346651871,0.9961070978741361,0.07830534863732783,0.03176169178794678,0.12251128794823962
BedSet_04_20.obj,BedSet_04,M,0.9903135052160361,0.007630758183436162,22.49856734374647,0.04419031655889505,0.9995199637685759,1.0,1.0,10.433345451646861,0.8208063656505269,0.0,1.0,1.724795244952715e-09,2.281689640325809e-09,4.743186923619966e-09
BedSet_04_21.obj,BedSet_04,OB,0.5241437559859127,0.4600766508782199,7.5597392080505665,0.10798752162602125,0.996580560149833,0.9993001660893241,0.9777757973131657,24.434173265530486,3.4284302978655394,0.032297223866562336,0.9879829031853163,1.969984444573903e-05,3.49595885410691e-05,0.0001045693288994251
BedSet_04_22.obj,BedSet_04,OB,0.0046676977980307155,0.9606590236333271,5.651441596149633,0.13098351461689128,0.9771041720193464,0.6307621424856161,0.5860387577022443,18.334976244624425,2.5255094504758047,0.3354154602621778,0.7898165261954504,1.6033306207131252e-05,3.16603471850047e-05,8.506900757925466e-05
BedSet_05_01.obj,BedSet_05,OB,0.5227211158104357,0.4415445229404587,5.288134236837405,0.15363280026864623,0.9999999999999998,0.9018500233628265,0.9348593994876304,0.0027540715358790094,0.7409069883545825,0.40457857623201166,0.9525735199266362,1.4113303311095364e-09,2.2536394596522088e-09,4.743186923619966e-09
BedSet_05_02.obj,BedSet_05,OB,0.4782774162517173,0.5105249289371703,5.864407023230353,0.13626799444946028,0.7722262233336518,0.8970760969453604,0.929840469658954,0.002823996774643852,0.8638575389514408,0.6838606294866623,0.9491834971600681,3.8375180520763306e-10,1.3415146188156086e-09,4.743186923619966e-09
BedSet_05_03.obj,BedSet_05,CA,0.8114817576016448,0.161302026418993,1.0603303326593887,0.5657452583788467,0.36080093331082297,0.5802271822188567,0.38387031814976524,0.8838607795901362,4.953225152227585,0.12623753511154198,0.7516121009827659,0.004493525921462006,0.010421968574917772,0.013290224734111322
BedSet_05_04.obj,BedSet_05,CA,0.8114819563047364,0.16130180772348252,1.0603303326593887,0.5657452583788467,0.3607968449299485,0.5802214567944883,0.3838589909496639,0.8933688395452629,4.980765740237865,0.12551087671413455,0.7516084991526665,0.004499052590135024,0.010421100625119584,0.013291398945088396
BedSet_05_05.obj,BedSet_05,CA,0.8114821458091017,0.16130162090285205,1.0603303326593887,0.5657487547432527,0.36079713912358446,0.5802217453434919,0.38386028371003866,0.8696118397088681,4.9116452385279405,0.12717933574587112,0.7516096856939716,0.004492935798820171,0.010423479143696054,0.01326315142880238
BedSet_05_06.obj,BedSet_05,CA,0.8114823445087285,0.16130140221038414,1.0603303326593887,0.5657487547432527,0.3607930502875062,0.5802160517506667,0.3838489624610938,0.8743678993002307,4.925450092205377,0.1267586665487032,0.7516060919260632,0.00449668076735903,0.010422160036813951,0.013272656349611722
BedSet_05_07.obj,BedSet_05,SL,0.9336938550420699,0.060693532210204654,5.42310950556735,0.1664360529697803,0.5436221374007221,0.9999999999999999,1.0,0.0026015635062262726,0.3602996248524747,0.0,1.0,1.2879678669825019e-09,2.280401479005318e-09,6.707879276254074e-09
BedSet_05_08.obj,BedSet_05,M,0.9835627960156667,0.014164513799549406,20.831278958752556,0.047561130672918825,0.993032356146848,0.9999999640472376,0.9999819701580291,0.005084905276888611,1.181115357821743,0.6706704272896151,0.9999874859961935,2.6926725215619416e-07,6.759729257017686e-07,2.1148288713010515e-06
BedSet_05_09.obj,BedSet_05,M,0.9992697131498515,0.00039566810334124345,52.99995087833235,0.01885860201020447,0.9998873753309122,0.9360284361018268,0.997812253520312,3.411373923163063,0.9509202129582821,1.8906416838689214e-15,0.9982861672383709,2.635172288965351e-09,2.861951357599409e-09,6.707879276254074e-09
BedSet_05_10.obj,BedSet_05,M,0.9955052621040213,0.003993836146879507,42.99988045395846,0.023193178853748823,0.9983367858274408,0.9999999999999999,1.0,12.088129074187258,0.8695651122806566,0.0,1.0,1.821967075342438e-09,2.4605951630722504e-09,5.234360011778493e-09
BedSet_05_11.obj,BedSet_05,M,0.9955052621039386,0.003993836146962238,42.99988045395846,0.023193178853747783,0.9983367858274492,0.9999999999999984,0.9999999999999999,12.088129074179989,0.8695651122795325,1.5700924586837752e-16,0.9999999999999998,7.90531153936661e-10,1.767681398533724e-09,4.743186923619966e-09
BedSet_05_12.obj,BedSet_05,M,0.9955052621040215,0.003993836146879346,42.99988045395846,0.023193178853748823,0.9983367858274408,0.9999999999999953,0.9999999999999998,12.088129074187258,0.8695651122806566,3.510833468576701e-16,0.9999999999999997,1.821967075342438e-09,2.460595163072251e-09,5.234360011778493e-09
BedSet_05_13.obj,BedSet_05,M,0.9955052621039385,0.003993836146962262,42.99988045395846,0.023193178853747783,0.9983367858274492,0.9999999999999999,1.0,12.088129074179985,0.8695651122795325,0.0,1.0,1.240371518478161e-09,2.1704546872930722e-09,4.743186923619966e-09
BedSet_05_14.obj,BedSet_05,M,0.9955052621038557,0.0039938361470451085,42.99988045395846,0.02319317885374675,0.9983367858274694,0.9999999999999999,1.0,12.088129074172722,0.8695651122784084,0.0,1.0,7.90531153936661e-10,1.767681398533724e-09,4.743186923619966e-09
BedSet_05_15.obj,BedSet_05,M,0.9955052621040229,0.0039938361468779375,42.99988045395846,0.023193178853748837,0.9983367858274366,1.0,1.0,12.088129074187387,0.8695651122806766,0.0,1.0,0.0,0.0,0.0
BedSet_05_16.obj,BedSet_05,OB,0.975379782315298,0.014999925673480097,9.99998887846615,0.09826614788460782,0.9991410900683566,0.9999999999999998,1.0,19.174273364197358,0.724137792186453,0.0,1.0,2.5625321941456856e-09,2.527196137874499e-09,5.529063864673607e-09
BedSet_05_17.obj,BedSet_05,OB,0.975379782315298,0.014999925674357189,9.999988878922242,0.09826614788016924,0.9991410900683172,1.0,1.0,19.174273364197354,0.724137792186453,0.0,1.0,1.5564016345899356e-09,2.3997166923675365e-09,5.529063864673607e-09
BedSet_05_18.obj,BedSet_05,OB,0.975379782315298,0.014999925675618923,9.999988879578353,0.09826614787378414,0.9991410900682626,1.0,1.0,19.174273364197354,0.724137792186453,0.0,1.0,4.3119881123817873e-10,1.3635703678696545e-09,4.743186923619966e-09
BedSet_05_19.obj,BedSet_05,M,0.9979974380941461,0.0019094650720636848,99.49986167975277,0.010037080086678264,0.9999460049073279,1.0,1.0,2.66050881378056,0.9043075054065096,0.0,1.0,1.9433103748192806e-09,2.649999894239899e-09,6.707879276254074e-09
BedSet_05_20.obj,BedSet_05,M,0.9828697392786802,0.00493035427044624,8.49999409177101,0.11605176127807838,0.9628549096557666,0.9593917599046619,0.9838390841035103,24.788826366684045,1.0557920679715167,0.7414177028232756,0.9876986146189549,1.045555317141437e-09,2.0082081933782594e-09,4.743186923619966e-09
BedSet_05_21.obj,BedSet_05,M,0.9947340261125457,0.005059927483953184,80.99988739995358,0.012321289471523254,0.9983905659916574,0.9655843614936649,0.9971709697494545,4.848563248117439,1.292521183884784,0.6393243385704284,0.9977871654425433,0.0,0.0,0.0
BedSet_05_22.obj,BedSet_05,M,0.9947340261122525,0.0050599274842463154,80.99988739995358,0.012321289471521954,0.998390565991658,0.9655843614936176,0.9971709697493739,4.848563248109624,1.292521183881672,0.6393243385675412,0.9977871654424806,6.158070602092344e-10,1.7115153894092256e-09,4.743186923619966e-09
BedSet_05_23.obj,BedSet_05,M,0.9947340261122527,0.005059927484246097,80.99988739995358,0.012321289471521954,0.998390565991658,0.9655843614936184,0.9971709697493737,4.848563248109624,1.292521183881672,0.6393243385671796,0.9977871654424806,6.158070602092344e-10,1.7115153894092256e-09,4.743186923619966e-09
BedSet_05_24.obj,BedSet_05,M,0.9947340261122527,0.005059927484246095,80.99988739995358,0.012321289471521954,0.9983905659916583,0.9655843614936191,0.9971709697493737,4.848563248109624,1.292521183881672,0.639324338567179,0.9977871654424806,6.158070602092344e-10,1.7115153894092256e-09,4.743186923619966e-09
BedSet_05_25.obj,BedSet_05,M,0.9947340261122236,0.005059927484275288,80.99988739995358,0.012321289471521822,0.998390565991658,0.9655843614936158,0.9971709697493659,4.8485632481088405,1.2925211838813606,0.6393243385670649,0.9977871654424746,1.650130613679054e-09,2.4247015162960542e-09,5.4308292470419e-09
BedSet_05_26.obj,BedSet_05,M,0.9947340261120774,0.005059927484421458,80.99988739995358,0.012321289471521174,0.9983905659916591,0.9655843614935925,0.9971709697493256,4.848563248104936,1.2925211838798052,0.6393243385656309,0.9977871654424427,1.0343235534698197e-09,2.05518369214983e-09,4.743186923619966e-09
BedSet_05_27.obj,BedSet_05,M,0.9947340261121533,0.005059927484345698,80.99988739995358,0.01232128947152151,0.9983905659916587,0.965584361493604,0.9971709697493467,4.848563248106969,1.2925211838806143,0.6393243385665488,0.9977871654424595,1.1160439820282274e-09,2.0119769014378924e-09,4.743186923619966e-09
BedSet_05_28.obj,BedSet_05,M,0.9947340261121415,0.005059927484357502,80.99988739995358,0.01232128947152146,0.9983905659916584,0.9655843614935995,0.9971709697493432,4.848563248106654,1.2925211838804893,0.639324338566078,0.9977871654424566,9.526031249114122e-10,2.094314328879516e-09,5.4308292470419e-09
BedSet_05_29.obj,BedSet_05,M,0.9947340261121943,0.0050599274843047114,80.99988739995358,0.012321289471521694,0.9983905659916583,0.9655843614936094,0.9971709697493578,4.84856324810806,1.2925211838810495,0.6393243385667773,0.9977871654424681,8.948180557162913e-10,1.9573464732099756e-09,4.743186923619966e-09
BedSet_05_30.obj,BedSet_05,M,0.9947340261120774,0.005059927484421458,80.99988739995358,0.012321289471521174,0.9983905659916585,0.9655843614935925,0.9971709697493256,4.848563248104936,1.2925211838798052,0.6393243385656309,0.9977871654424427,1.0343235534698197e-09,2.05518369214983e-09,4.743186923619966e-09
BedSet_05_31.obj,BedSet_05,M,0.99473402611196,0.005059927484538891,80.99988739995358,0.012321289471520653,0.9983905659916598,0.9655843614935721,0.9971709697492934,4.8485632481018115,1.2925211838785604,0.6393243385646525,0.9977871654424177,7.553125579627629e-10,1.8438293999417438e-09,4.743186923619966e-09
BedSet_05_32.obj,BedSet_05,M,0.9947340261119603,0.0050599274845386545,80.99988739995358,0.012321289471520653,0.9983905659916584,0.9655843614935721,0.9971709697492934,4.848563248101808,1.2925211838785595,0.6393243385646589,0.9977871654424177,1.3133345489768765e-09,2.2118225267050723e-09,4.743186923619966e-09
BedSet_05_33.obj,BedSet_05,M,0.9947340261119603,0.005059927484538643,80.99988739995358,0.012321289471520653,0.9983905659916594,0.9655843614935736,0.9971709697492935,4.848563248101808,1.2925211838785595,0.6393243385646543,0.9977871654424177,1.3133345489768765e-09,2.2118225267050723e-09,4.743186923619966e-09
BedSet_05_34.obj,BedSet_05,M,0.9947340261122526,0.005059927484246213,80.99988739995358,0.012321289471521954,0.998390565991658,0.9655843614936174,0.9971709697493737,4.848563248109624,1.292521183881672,0.6393243385671796,0.9977871654424805,6.158070602092344e-10,1.7115153894092256e-09,4.743186923619966e-09
BedSet_05_35.obj,BedSet_05,M,0.9947340261122526,0.005059927484246201,80.99988739995358,0.012321289471521954,0.998390565991658,0.9655843614936184,0.9971709697493737,4.848563248109624,1.292521183881672,0.6393243385671757,0.9977871654424806,6.158070602092344e-10,1.7115153894092256e-09,4.743186923619966e-09
BedSet_06_01.obj,BedSet_06,M,0.9976369217705228,0.002170179937143982,72.00054901602365,0.01387106721119319,0.9999999999997882,1.0,1.0,0.004629659994342452,0.9072840552765972,0.0,1.0,0.0,0.0,0.0
BedSet_06_02.obj,BedSet_06,M,0.9998114751165031,9.766529890674344e-09,51.50043927815321,0.01940999287779578,0.7764329074853737,0.9999725414675527,0.9999993308696351,0.00832235758186207,1.952399977241313,0.7694712355463375,0.9999994744667344,5.753774755523874e-06,2.3496830434282768e-05,5.1157315514506427e-05
BedSet_06_03.obj,BedSet_06,M,0.9998114751165033,7.498616123058505e-09,51.50043927365491,0.019409992879490506,0.7764375768638334,0.9999725414675813,0.9999993308696353,0.018309186680155087,3.0960568066504184,0.6057606454820801,0.9999994744667349,5.7510097432663825e-06,2.3485022601435717e-05,5.1179134561384136e-05
BedSet_06_04.obj,BedSet_06,OB,0.4521977922607086,0.5477481298501996,103.51860011612243,0.007881179120272681,0.9930091639397,0.8927155576180645,0.9231672026659204,0.0024929139179848407,0.3784736014882063,0.5949174646374872,0.9448750779177145,9.370771448279745e-06,3.9453717025884864e-05,7.606887424804999e-05
BedSet_06_05.obj,BedSet_06,M,0.9998088274406861,5.3814717593265615e-06,51.50043927365491,0.019409992879490506,0.7764340819397648,0.9999999988093582,0.9999999945301796,0.02163814102953942,3.3926338812343357,0.566663679350603,0.9999999957040144,0.0012116358077460647,0.006956620712911412,0.00013247672291024238
BedSet_06_06.obj,BedSet_06,OB,0.45219779285202355,0.5477480302400562,98.64790642393316,0.008270320711519591,0.9579061185741065,0.8927161137288815,0.9231729097748052,0.0029915898188245735,0.6098333042009542,0.6331633164045372,0.9448785417582307,6.500207787908367e-05,0.00018452150312984783,0.00028136868707672445
BedSet_06_07.obj,BedSet_06,M,0.9988066647790991,0.001102004022906458,102.00087846788786,0.00979760016794182,0.999999999999852,0.9910102997172091,0.9996041437912635,0.004969749186815774,1.3444516012490577,0.720238037055533,0.9996892401984344,2.4324035505743416e-10,1.0462163261374929e-09,4.743186923620033e-10
BedSet_06_08.obj,BedSet_06,OB,0.517840472592247,0.4763193311289229,13.333352855428814,0.061326673157422795,0.9992255245392745,0.9992255245357472,0.9766254958092154,0.027072116778854533,3.35117057592455,0.02353466127564149,0.9873430927717666,1.887367810149054e-09,2.6923009827886224e-09,6.707879276254074e-09
BedSet_06_09.obj,BedSet_06,M,0.989550069512243,0.009702716425157762,35.004173871495716,0.02837182024331119,0.9999999999969597,0.9999999999999998,1.0,0.01792498386123329,0.794863320366502,0.0,1.0,0.0,0.0,0.0
BedSet_06_10.obj,BedSet_06,M,0.9895512171343227,0.009701240465362042,34.99648571141965,0.028378068128918948,0.9999999999969709,1.0,1.0,0.017925085800353215,0.794873527727839,0.0,1.0,7.545979196668127e-10,1.734872031242931e-09,4.743186923619966e-09
BedSet_06_11.obj,BedSet_06,M,0.9974732730548403,0.0023331654418627607,72.0005490286243,0.013871068234696606,0.9999999999997868,0.9767142176738137,0.9985192907923756,0.006943689041022506,1.3168578569096858,0.7168657656325318,0.9988391470497106,2.790109955070568e-10,1.1160439820282274e-09,2.371593461809983e-09
BedSet_06_12.obj,BedSet_06,M,0.9879248969301182,0.011348668274896166,35.00417385925837,0.028371840324678984,0.999999999996948,0.9646714566828599,0.99473966219808,0.02688762870053216,0.7948735277279955,0.0,0.9958940151918744,2.651521461323727e-09,2.5664249153376104e-09,6.707879276254074e-09
BedSet_06_13.obj,BedSet_06,M,0.9895512171343243,0.00970124046530813,34.99648571019596,0.02837806812991044,0.9999999999969477,0.9999999999999998,1.0,0.01792508580035336,0.7948735277278536,0.0,0.9999999999999999,3.1970000743612607e-09,2.4781531486365648e-09,6.707879276254074e-09
BedSet_06_14.obj,BedSet_06,M,0.9874413667487811,0.011773546245853745,34.99648571141965,0.028378068128918917,0.9999999999969624,0.9999999999999937,0.9999999999999992,0.01792508580035463,0.7948735277279808,5.661048867003676e-16,0.9999999999999992,0.0,0.0,0.0
BedSet_06_15.obj,BedSet_06,M,0.9895512171343227,0.009701568803034022,35.00417387149502,0.028371840314768828,0.9999999999969464,1.0,1.0,0.01792508580035321,0.7948735277278391,0.0,1.0,1.3382485326380387e-09,2.203673000802228e-09,4.743186923619966e-09
BedSet_06_16.obj,BedSet_06,M,0.9988035729497123,0.0011108782387005878,102.00087846788786,0.00979760016794182,0.9999999999998457,0.9691580519948915,0.9986112692486242,0.004969749139022891,1.3444515811668596,0.721606184139183,0.9989110755057782,9.685326251797854e-05,0.00022591380097101708,0.0006273129938561184
BedSet_06_17.obj,BedSet_06,M,0.9998132616253613,7.417369104220206e-08,51.7504118204832,0.01931630637549368,0.7764636882178819,0.9999863550203802,0.9999952322904909,0.021535603349107167,3.392972543552129,0.5661067030217559,0.9999962564298528,1.7335522558253419e-09,2.4828461597219153e-09,6.707879276254074e-09
BedSet_06_18.obj,BedSet_06,M,0.4530407697001528,0.5315768959715367,5.7222300181621195,0.14115131824657146,0.3677610090774051,0.5231517668562479,0.3179942458492173,0.003989221924470648,0.81512072473229,0.7153888976482669,0.7299478125169183,0.009584124565033261,0.0699001635705861,0.0010649666277116692
BedSet_06_19.obj,BedSet_06,OB,0.45139784244079895,0.5485483580714167,103.00076863631782,0.007920748335231194,0.9928038813195923,0.8778631387729889,0.911623189240501,0.002492786158883708,0.3784628319094368,0.5948638545261563,0.9373836417958362,8.051581575942472e-06,4.095349001320703e-05,2.0231626202748076e-07
BedSet_06_20.obj,BedSet_06,M,0.9997411480524335,2.6538472701900937e-05,42.88782767792663,0.022460709691235963,0.0646579832063102,0.9999917353398323,0.9999973428060872,0.009691340917326022,1.9453447095769347,0.7066872460241626,0.9999979731092153,0.1313772865553369,0.28876075475430163,0.9991022879995443
BedSet_06_21.obj,BedSet_06,M,0.9997378021351163,3.3282794902121784e-05,42.88782767792663,0.022460709691235963,0.06465680209838758,0.9999967199694861,0.9999974886180856,0.00872063276578141,1.817800013113445,0.779146478052215,0.9999980288307587,0.10089176066061789,0.26619373593178963,0.9712570908557684
BedSet_06_22.obj,BedSet_06,M,0.9986633258909486,0.00011116333472206477,19.781763920935777,0.05042291934969897,0.7792932240363308,0.9999999999999979,0.9999999999999999,0.01930083777150707,0.9039691375774405,1.5700924586837752e-16,0.9999999999999999,0.05881386620968633,0.18616559350648712,0.49986977038535335
BedSet_06_23.obj,BedSet_06,M,0.9982816376752406,4.151011450685044e-05,17.10190829488154,0.058274051826076104,0.7856957982890546,0.9999999999999998,1.0,0.019423672706943618,0.8893553470650505,0.0,0.9999999999999999,0.14612856497404464,0.2988049574317444,0.999999995256813
BedSet_06_24.obj,BedSet_06,M,0.9982492787134348,0.0001516758972227392,17.102976010517338,0.05827048833623789,0.7873894535980054,0.9999999999999981,0.9999999999999999,0.01943671560581511,0.8888399211761536,1.5700924586837752e-16,0.9999999999999999,0.08316423661684451,0.22818605844660883,0.5
BedSet_06_25.obj,BedSet_06,M,0.9983288311205559,5.325024777416738e-05,17.255712194842502,0.05775812456079148,0.7814694968974546,1.0,1.0,0.019209073011206144,0.8901847439119018,0.0,1.0,0.1112100120291132,0.26878462058162156,0.999999995256813
BedSet_06_26.obj,BedSet_06,M,0.9982146675696036,0.0015869621601601789,71.00054903037186,0.014070449225266264,0.9999999999997494,1.0,1.0,0.004723507192890334,0.9189195205697112,0.0,1.0,0.0,0.0,0.0
BedSet_06_27.obj,BedSet_06,M,0.9991177469868581,0.0007842249004755934,101.00076863982962,0.009896065457678616,0.9999999999998251,0.9999999999999974,1.0,0.0033609571370342268,0.9423081187579557,1.5700924586837752e-16,1.0,0.0,0.0,0.0
BedSet_06_28.obj,BedSet_06,M,0.9982146675696036,0.001586962160160181,71.00054903037186,0.014070449225266264,0.9999999999997494,1.0,1.0,0.004723507192890334,0.9189195205697112,0.0,1.0,0.0,0.0,0.0
BedSet_06_29.obj,BedSet_06,M,0.9991177469868581,0.0007842249004756222,101.00076863981356,0.00989606545768019,0.9999999999998235,0.9999999999999997,1.0,0.0033609571370342263,0.9423081187579557,0.0,1.0,0.0,0.0,0.0
BedSet_06_30.obj,BedSet_06,OB,0.5058326403973679,0.4940693314899659,101.00076863981356,0.008099560466427506,1.0000000000000024,1.0,1.0,0.002032206091998827,0.17441854524842124,0.0,1.0,0.0,0.0,0.0
BedSet_07_01.obj,BedSet_07,OB,0.3783613763374446,0.6138163929669409,10.099957598735536,0.07738032280519938,0.9953040175318967,0.999751001684825,0.9869223672521237,0.011824688660669042,2.4932252845345513,0.06929985764953007,0.9928118030578883,4.8578336219686256e-05,6.756894838788919e-05,0.00021653271682854774
BedSet_07_02.obj,BedSet_07,M,0.9911001530789276,0.008343594696019868,42.399830377378954,0.023474273613966853,0.9999999999999892,1.0,1.0,0.0024423965306629484,0.8275872467104493,0.0,1.0,0.0,0.0,0.0
BedSet_07_03.obj,BedSet_07,M,0.9853075084060229,0.013774210869222219,32.99987278139393,0.030069353087786025,0.999999999999986,0.9999999999999986,0.9999999999999998,0.0030628938063588843,0.7837830404436628,6.661338147750939e-16,0.9999999999999998,0.0,0.0,0.0
BedSet_07_04.obj,BedSet_07,M,0.9911001530789276,0.008343594696019932,42.39983037738114,0.023474273613965643,0.9999999999999893,1.0,1.0,0.0024423965306629484,0.8275872467104493,0.0,1.0,0.0,0.0,0.0
BedSet_07_05.obj,BedSet_07,OB,0.9642318049666047,0.00028748501704735683,4.000004220641626,0.23570186234671767,0.58333108172002,0.7421502708756664,0.8873290172214762,0.01667826902716735,0.9746121223864926,0.6159274103173115,0.9221158968667198,9.768611338326075e-10,2.0112827667841003e-09,4.743186923619966e-09
BedSet_07_06.obj,BedSet_07,OB,0.9642318049666044,0.00028748501704735737,4.000004220641626,0.23570186234671767,0.58333108172002,0.7421502708756663,0.8873290172214761,0.016678269027167354,0.974612122386492,0.6159274103173118,0.9221158968667198,8.225003243333931e-10,2.0791847583192058e-09,6.707879276254074e-09
BedSet_07_07.obj,BedSet_07,OB,0.9642318049666047,0.00028748501704735683,4.000004220641626,0.23570186234671767,0.58333108172002,0.7421502708756664,0.8873290172214762,0.01667826902716735,0.9746121223864926,0.6159274103173115,0.9221158968667198,8.225003243333931e-10,2.0791847583192058e-09,6.707879276254074e-09
BedSet_07_08.obj,BedSet_07,OB,0.9642318049666044,0.00028748501704735737,4.000004220641626,0.23570186234671767,0.58333108172002,0.7421502708756663,0.8873290172214761,0.016678269027167354,0.974612122386492,0.6159274103173118,0.9221158968667198,9.768611338326075e-10,2.0112827667841003e-09,4.743186923619966e-09
BedSet_07_09.obj,BedSet_07,OB,0.8747477884069044,0.12280141180874095,16.50004727920413,0.05570606269762403,0.7857102594141723,1.0,1.0,0.0024094975062716926,0.4032553574000747,0.0,1.0,4.2349883246606844e-10,1.3525468062959062e-09,4.743186923619966e-09
BedSet_07_10.obj,BedSet_07,M,0.9938812621823659,0.0002886661015894131,12.854902505499311,0.07731316528839426,0.9922957000876339,0.9999999999999963,0.9999999999999998,31.276402199226897,0.8523705295931822,3.510833468576701e-16,0.9999999999999998,1.0163453448869808e-09,2.40511205901331e-09,6.707879276254074e-09
BedSet_07_11.obj,BedSet_07,M,0.9938812621823659,0.0002886660990633197,12.854902502708919,0.07731316530507622,0.9922957000892934,0.9999999999999961,0.9999999999999998,31.27640219922689,0.852370529593182,3.510833468576701e-16,0.9999999999999998,0.0,0.0,0.0
BedSet_07_12.obj,BedSet_07,M,0.9938812621823659,0.00028866610158829163,12.854902505498071,0.07731316528840167,0.9922957000876363,0.9999999999999963,0.9999999999999998,31.27640219922689,0.8523705295931822,3.510833468576701e-16,0.9999999999999998,0.0,0.0,0.0
BedSet_07_13.obj,BedSet_07,M,0.9938812621823659,0.00028889423586160134,12.855154516159796,0.07731165870777885,0.9922955502139763,0.9999999999999963,0.9999999999999998,31.276402199226897,0.852370529593182,3.510833468576701e-16,0.9999999999999998,5.749317483175716e-10,1.5480511087720496e-09,4.743186923619966e-09
BedSet_07_14.obj,BedSet_07,M,0.9938812621823659,0.0002886661015894168,12.854902505499311,0.07731316528839426,0.9922957000876339,0.9999999999999963,0.9999999999999998,31.27640219922689,0.852370529593182,3.510833468576701e-16,0.9999999999999998,1.0163453448869808e-09,2.40511205901331e-09,6.707879276254074e-09
BedSet_07_15.obj,BedSet_07,OB,0.9141767773446172,0.08567072503233465,77.89364970641466,0.011541090167839215,0.7947071527034519,0.9995752960796142,0.9997869805476833,3.711558973402535,0.7818704760928422,0.7336152955259178,0.9998327369622261,0.003305554434337972,0.01926319656059237,4.743186923619966e-09
BedSet_07_16.obj,BedSet_07,M,0.998773560079922,0.0006317182868149291,47.766206682025526,0.0209158768279991,0.9997815856623673,0.8605046769020681,0.991997359755813,7.458554686294104,1.3359344913732947,0.7205219068147718,0.9937739405740337,5.08198598959282e-10,1.467042989554661e-09,4.743186923619966e-09
BedSet_07_18.obj,BedSet_07,OB,0.925216215677101,0.07465732116559615,67.80176693765938,0.013871705368627606,0.9133137643514057,0.9918882147974292,0.9966700981262798,4.731179716391725,1.0463168323570693,0.7573091330710163,0.9973949809481159,0.0715904846922999,0.13001977799664383,0.3859795044718154
BedSet_07_19.obj,BedSet_07,M,0.9936369876933698,0.000972590106195366,12.854902505499311,0.07731316528839426,0.9922957000876339,1.0,1.0,31.27640219922689,0.8523705295931822,0.0,1.0,4.471919517502716e-09,3.162124615746645e-09,6.707879276254074e-09
BedSet_07_20.obj,BedSet_07,M,0.9936369876933698,0.000972590105261059,12.854902504382906,0.07731316529506853,0.9922957000882815,1.0,1.0,31.27640219922689,0.8523705295931822,0.0,1.0,0.0,0.0,0.0
BedSet_07_21.obj,BedSet_07,M,0.9936369876933698,0.0009725901054943805,12.854902504661698,0.0773131652934018,0.9922957000881131,1.0,1.0,31.2764021992269,0.8523705295931823,0.0,1.0,0.0,0.0,0.0
BedSet_07_22.obj,BedSet_07,M,0.9936369876933698,0.0009725901061953653,12.854902505499311,0.07731316528839426,0.9922957000876339,1.0,1.0,31.27640219922689,0.8523705295931822,0.0,1.0,4.471919517502716e-09,3.162124615746645e-09,6.707879276254074e-09
BedSet_07_23.obj,BedSet_07,M,0.9993009562738285,0.0005831109258478823,92.92868608278047,0.010756070973199581,0.9997936786175826,0.9999999999999956,0.9999999999999999,3.579120512382193,0.9454485341006817,1.5700924586837752e-16,0.9999999999999998,1.7120417980489293e-09,2.463339554079617e-09,5.332594629410196e-09
BedSet_07_24.obj,BedSet_07,M,0.9987023455024744,0.0006965567134545676,47.766206682025526,0.02091451373235902,0.9997909986860961,0.8581706976963482,0.9916586033018661,7.451849670953161,1.3341998188112902,0.6926670267226461,0.9935131231214491,8.325542438414211e-10,1.8340768143233771e-09,4.743186923619966e-09
BedSet_07_25.obj,BedSet_07,M,0.9961257159955823,0.0027016180886516505,30.462097406615687,0.03275170605727382,0.9996497977966934,0.9604371776898526,0.9967486754316486,11.56568060916706,1.2917438795493656,0.7373697712932675,0.9974561690218919,1.198624127889586e-09,2.2710106700168582e-09,6.707879276254074e-09
BedSet_07_26.obj,BedSet_07,M,0.9957692444723085,0.003056581164656415,30.462097406615687,0.03274635462625102,0.9996648885910002,0.9591047138689395,0.9965028702552258,11.539047712734213,1.287322426789952,0.737143048626074,0.9972646421515975,2.0899748495688704e-09,2.836299822408917e-09,6.707879276254074e-09
BedSet_07_27.obj,BedSet_07,OB,0.404732200048971,0.5849988183994602,9.241573772909584,0.08542013305185941,0.9999996587703528,0.9999999183156276,0.9999999496329952,2.3988725398355872,0.7226622214245437,0.7385950166264545,0.9999999604418492,3.5854808523758585e-09,3.1051810333127964e-09,6.707879276254074e-09
BedSet_08_01.obj,BedSet_08,M,0.9971555555554868,0.002492404420195289,53.297149054848596,0.018732813971274836,0.9999999999999776,1.0,1.0,0.0024917771354374834,0.8987341771927956,0.0,0.9999999999999999,0.0,0.0,0.0
BedSet_08_02.obj,BedSet_08,M,0.9971555555554871,0.0024923945708554118,53.29565797524961,0.018733337884770263,0.9999860116382502,0.9999999999999999,1.0,0.002491777123783445,0.8987341776664157,0.0,0.9999999999999999,4.743186923619966e-10,1.4229560770859899e-09,4.743186923619966e-09
BedSet_08_03.obj,BedSet_08,OB,0.9064688131764638,0.09265901632547566,28.830434684116607,0.03315137393496367,0.8734817303392102,0.9940173759629216,0.9939997238618806,0.00583230849397675,1.2166107496878826,0.7714290575489269,0.9953576344096466,2.5141026317748418e-05,0.00014875384050676407,2.5463449011965884e-07
BedSet_08_04.obj,BedSet_08,OB,0.5621847434871569,0.4369415303610746,28.830415251926503,0.029495361970817063,0.8719559402844028,0.9939451876753626,0.9951610060256414,0.004181503139456828,0.9700694329481563,0.7803923169836732,0.9962328256703894,2.5444510571426113e-05,0.00014875124549971837,1.1703824739646778e-05
BedSet_08_05.obj,BedSet_08,OB,0.5149436757512219,0.4778917318048699,9.430234463494884,0.08595497166350231,0.9435779193820566,0.9996978916616694,0.9901575060274741,0.005409588570501358,1.5588964761669128,0.31442535638600644,0.9939358208416341,0.030850405927658104,0.033121882341188805,0.09469669468727136
BedSet_08_06.obj,BedSet_08,SL,0.7297169852032778,0.2457801524700238,3.165760419938616,0.2683502391821812,0.5539028703073311,0.9542790131997737,0.8910113414755408,0.063764765088585,2.2740866477321444,0.1361931921926472,0.9333091616126475,0.03716947042348301,0.0276124973120497,0.09053378074417548
BedSet_08_07.obj,BedSet_08,SL,0.05886616013065547,0.9171374536492725,5.488828515518218,0.1366505211021231,0.8204566243329848,0.9272215168255011,0.9265063610806104,0.02245045767991939,2.5234730691733738,0.14535512545460863,0.9495137134688919,0.03752112043396547,0.04565723204815451,0.11397211170038268
BedSet_08_08.obj,BedSet_08,SL,0.5158226255176316,0.48075897998952954,12.65768799639567,0.06414371720562571,0.947546302744804,0.9946853710254171,0.9870993350738968,0.005409823280044569,1.5589954799514347,0.2908538644331857,0.9915723486691941,0.02732065162811023,0.03139897609241961,0.083804238685409
BedSet_08_09.obj,BedSet_08,SL,0.7307309665514564,0.2449202399415879,3.2805332134330056,0.25917709416751034,0.5721981458683355,0.9594883090448265,0.8974005998011664,0.057387099726755604,2.459910647829212,0.13725232595819536,0.9385169130663582,0.03411805874095152,0.025318229562357946,0.08210841484505864
BedSet_08_10.obj,BedSet_08,SL,0.31814936040408687,0.6184939817681098,2.184257801012715,0.3262957657810379,0.6095053479604959,0.9594060359100233,0.8988192118432987,0.1054777277588837,2.2255442171502415,0.14308365527564554,0.9391553143338348,0.034151804876026065,0.025908470768119394,0.08466484010545043
BedSet_08_11.obj,BedSet_08,SL,0.3052392837552048,0.6301245243436502,1.4842790074554906,0.4759644363423146,0.4967839920941093,0.9559799449567677,0.8988913150643115,0.1119473454822835,2.2298068041248973,0.14797572932020464,0.9377055599650533,0.03720180152479555,0.029319440607263186,0.09258016434512124
BedSet_09_01.obj,BedSet_09,OB,0.9540633863922752,0.04416880754396514,49.297161351551594,0.019975953171328435,0.9653050360355525,0.8993797343502883,0.9673220921671648,0.0054482117050332545,0.6774084733271559,0.5911074982943595,0.9757007544314319,1.223579276147955e-09,2.1354062212745417e-09,4.743186923619966e-09
BedSet_09_02.obj,BedSet_09,OB,0.9540635033539719,0.04416869058061768,49.2971613515509,0.01997595317132872,0.9653050360355525,0.8993799288780163,0.9673221427941839,0.005448211705033256,0.6774084733271558,0.5911074982943607,0.9757007912861039,1.8277292619395426e-09,2.6809014895406856e-09,6.707879276254074e-09
BedSet_09_03.obj,BedSet_09,OB,0.9540634449029222,0.044168750942229884,49.29716135158041,0.01997595317131711,0.9653054044779996,0.8993782924432039,0.9673216273093509,0.005448211676331354,0.677409623961744,0.5911071128646971,0.9757004213542118,2.0984443351779886e-09,2.7243916209057898e-09,6.707879276254074e-09
BedSet_09_04.obj,BedSet_09,OB,0.9540635618644135,0.04416863397908768,49.2971613515797,0.019975953171317395,0.9653054044779997,0.8993784869800409,0.9673216779389244,0.005448211676331353,0.677409623961744,0.5911071128646983,0.9757004582107038,1.346568603427277e-09,2.615293775429858e-09,6.707879276254074e-09
BedSet_09_05.obj,BedSet_09,M,0.9971144610319508,0.0028044461552434166,81.33156411020025,0.012277010224862748,0.9972655060036826,1.0,1.0,0.00388223823335978,0.8988326614553777,0.0,1.0,2.4783353889642965e-09,2.609817094190334e-09,6.707879276254074e-09
BedSet_09_06.obj,BedSet_09,M,0.9984044287326368,0.001514895828721167,100.7942807999015,0.00991290881124375,0.991865064606789,1.0,1.0,0.0023800958060031666,0.9236657244189735,0.0,0.9999999999999999,1.1349340922580072e-09,2.396350149989629e-09,6.707879276254074e-09
BedSet_09_07.obj,BedSet_09,M,0.9993277738288369,0.00042272903334836394,65.99853346464778,0.015143163428263759,0.9965298275447141,0.9965295525761436,0.9968707634385026,0.0036768842875603064,1.2728087142661193,0.6981116893064675,0.9976238321438101,2.001031983402173e-09,2.3424644583899407e-09,4.743186923619966e-09
BedSet_09_08.obj,BedSet_09,OB,0.749999999976335,0.08999664793637883,2.4999738108339415,0.3368638966013955,0.999999999999224,1.0,1.0,0.03325804758036291,0.3333333332180291,0.0,0.9999999999999999,2.9768916443475863e-09,2.4772291509022364e-09,5.82376771756872e-09
BedSet_09_09.obj,BedSet_09,OB,0.9639516562000967,0.03543595333281904,68.0031425927612,0.014570899654333495,0.9999999999999694,0.9999984521785229,0.9999997381712235,0.003231028289477587,0.7616658208506926,5.661048867003676e-16,0.9999997943602232,9.082698364378656e-10,1.866317099403974e-09,4.743186923619966e-09
BedSet_09_10.obj,BedSet_09,M,0.9971146470367221,0.002804260150471973,81.33156411020025,0.01227701134474043,0.9972655060036825,1.0,1.0,0.003882244562830043,0.8988357572480987,0.0,1.0,1.3952309682032342e-09,2.2070007752267205e-09,4.743186923619966e-09
BedSet_09_11.obj,BedSet_09,M,0.9971144610319511,0.0028044461552431204,81.33156411020025,0.01227701022486275,0.9972655060036827,1.0,1.0,0.0038822382333597856,0.8988326614553809,0.0,1.0,1.7843313768507182e-09,2.3830526593040493e-09,4.743186923619966e-09
BedSet_09_12.obj,BedSet_09,M,0.9971144610319508,0.0028044461552434166,81.33156411020025,0.012277010224862748,0.9972655060036821,1.0,1.0,0.00388223823335978,0.8988326614553777,0.0,1.0,2.4783353889642965e-09,2.609817094190334e-09,6.707879276254074e-09
BedSet_09_13.obj,BedSet_09,M,0.9971142750212066,0.0028046321659875337,81.33156411020025,0.012277009104949414,0.9972655060036822,1.0,1.0,0.003882231903910915,0.8988295656731228,0.0,1.0,1.4968655026919324e-09,2.2931785213942623e-09,4.743186923619966e-09
BedSet_09_14.obj,BedSet_09,M,0.997114647036722,0.002804260150472276,81.33156411020025,0.01227701134474043,0.997265506003682,1.0,1.0,0.0038822445628300365,0.8988357572480955,0.0,1.0,1.8859659113394164e-09,2.4469702099421306e-09,4.743186923619966e-09
BedSet_09_15.obj,BedSet_09,M,0.9971142750212066,0.0028046321659875337,81.33156411020025,0.012277009104949414,0.9972655060036828,1.0,1.0,0.003882231903910915,0.8988295656731228,0.0,1.0,1.4968655026919324e-09,2.2931785213942623e-09,4.743186923619966e-09
BedSet_09_16.obj,BedSet_09,M,0.9971144610319511,0.0028044461552431204,81.33156411020025,0.01227701022486275,0.9972655060036811,1.0,1.0,0.0038822382333597856,0.8988326614553809,0.0,1.0,1.7843313768507182e-09,2.3830526593040493e-09,4.743186923619966e-09
BedSet_09_17.obj,BedSet_09,M,0.9971146470366999,0.00280426015049408,81.33156411020025,0.012277011344740296,0.9972655060036826,1.0,1.0,0.0038822445628292892,0.8988357572477301,0.0,1.0,2.35926312516829e-09,2.454315524997776e-09,4.743186923619966e-09
BedSet_09_18.obj,BedSet_09,M,0.9971144610319507,0.002804446155243519,81.33156411020025,0.012277010224862748,0.9972655060036832,1.0,1.0,0.003882238233359773,0.8988326614553741,0.0,1.0,2.2925040492942087e-09,2.6487666113952127e-09,6.707879276254074e-09
BedSet_09_19.obj,BedSet_09,M,0.9971146470366999,0.002804260150494073,81.33156411020025,0.012277011344740296,0.9972655060036831,0.9999999999999999,1.0,0.0038822445628292892,0.8988357572477301,0.0,1.0,2.35926312516829e-09,2.454315524997776e-09,4.743186923619966e-09
BedSet_09_20.obj,BedSet_09,M,0.9979175547905913,0.002021360753333609,100.79428079990123,0.009908528574426555,0.9669106024389297,0.999572717536395,0.9946542124958536,0.005908198379277937,1.8655051233237931,0.5760049219680975,0.9974191005251833,3.6959656129950936e-07,1.1504999826815619e-06,3.1985138381438215e-06
BedSet_09_21.obj,BedSet_09,M,0.9971142750211176,0.002804632166076595,81.33156411020025,0.012277009104948878,0.9972655060036824,1.0,1.0,0.0038822319039078855,0.8988295656716411,0.0,1.0,1.1077650940444484e-09,2.0559362824767787e-09,4.743186923619966e-09
BedSet_09_22.obj,BedSet_09,M,0.9971144610319508,0.002804446155243384,81.33156411020025,0.012277010224862748,0.9972655060036828,1.0,1.0,0.003882238233359779,0.8988326614553775,0.0,1.0,2.4783353889642965e-09,2.609817094190334e-09,6.707879276254074e-09
BedSet_09_23.obj,BedSet_09,M,0.9971146470369213,0.0028042601502728617,81.33156411020025,0.012277011344741628,0.997265506003683,1.0,1.0,0.0038822445628368214,0.8988357572514144,0.0,1.0,2.748363533815774e-09,2.4660781899528307e-09,4.743186923619966e-09
BedSet_09_24.obj,BedSet_09,OB,0.517899372503176,0.47534431866445037,11.660901879547726,0.07018813780700375,0.9969241205267235,0.9924310041366496,0.989756283738873,0.010275559738392899,2.4614767026163182,0.09318872711162765,0.9933033143640712,0.00026997886950802334,0.0005125403679296594,0.001591070118952808
BedSet_09_25.obj,BedSet_09,M,0.9975000894168019,0.002409667857669114,100.7942807999015,0.009908528064969354,0.9918650646067985,1.0,1.0,0.002357596009213361,0.9054807052357084,0.0,1.0,5.08198598959282e-10,1.467042989554661e-09,4.743186923619966e-09
BedSet_09_26.obj,BedSet_09,M,0.997935770453972,0.001999776917612825,100.80483959824328,0.009907490298527066,0.9669072981938133,0.999578227756492,0.9946789621691399,0.0059082417975447315,1.8655229247255705,0.5789439912331993,0.9974419069000038,1.8723106277447233e-09,2.3184417611205213e-09,4.743186923619966e-09
BedSet_09_27.obj,BedSet_09,M,0.9942379075462318,0.005626151293959395,61.00293308996796,0.016335167952288867,0.9148884614961312,0.9999761913054003,0.9998193098936091,0.008499535569408577,1.6738960981866025,0.7721583880242578,0.9998594301965236,8.321380567754326e-10,1.8040323178950448e-09,4.743186923619966e-09
BedSet_09_28.obj,BedSet_09,M,0.9942378632455103,0.005626195859738572,61.00293308996796,0.016335165658337127,0.9148711755429585,0.9999723430180709,0.9998188971596678,0.0084995220396937,1.6738924987544161,0.7721580431680364,0.9998591062951706,1.1649932794856056e-09,2.0417079977593854e-09,4.743186923619966e-09
BedSet_09_29.obj,BedSet_09,M,0.9975001941612642,0.0024095631132067838,100.7942807999015,0.009908528574426529,0.9918650646067985,1.0,1.0,0.0023575983434315274,0.9054825918217313,0.0,1.0,5.08198598959282e-10,1.467042989554661e-09,4.743186923619966e-09
BedSet_09_30.obj,BedSet_09,OB,0.9767190810088633,0.023133750386386535,69.9960196062361,0.014113478463563638,0.923115583644368,0.8941968619303942,0.9760885706083217,0.00847888232431713,1.7179213002235387,0.7514030304777027,0.9817406574810945,7.106605262802941e-06,2.8517133355616932e-05,2.221451126035549e-05
BedSet_09_31.obj,BedSet_09,M,0.9984506819353249,0.0006197077505178939,31.999790479425513,0.031211176908864286,0.9999999999999422,1.0,1.0,0.0037508934412898032,0.9248123142986633,0.0,1.0,1.2840313485366968e-09,2.2584530443856617e-09,4.8414215412516656e-09
BedSet_09_32.obj,BedSet_09,M,0.9984506819353249,0.0006196103707964962,31.998114569726873,0.031212810009954732,0.9999999999999413,0.9999999999999973,0.9999999999999999,0.0037508934412897473,0.9248123142986646,1.5700924586837752e-16,0.9999999999999998,1.2840313485366968e-09,2.2584530443856617e-09,4.8414215412516656e-09
BedSet_09_33.obj,BedSet_09,OB,0.9817250753450062,0.01807894064592619,53.00251401075132,0.018536724450347174,0.9929696953679784,0.985962671854864,0.9966581017668215,0.033651525651393656,2.2846257499379132,0.6297204875789443,0.9973876494121678,1.685690759584374e-09,2.4561326590684686e-09,6.707879276254074e-09
BedSet_09_34.obj,BedSet_09,OB,0.9823711347327396,0.017432807527428568,53.00251400942861,0.01853672445080961,0.9929696953659791,0.9960590952389282,0.9990392071755062,0.03365206451255835,2.284670202738351,0.619529906492447,0.9992497238363274,1.0540626865487303e-09,2.168639156288414e-09,6.707879276254074e-09
BedSet_09_35.obj,BedSet_09,OB,0.9817249361993333,0.018079063441312188,53.00230449805913,0.018536795180970955,0.9929696843944178,0.9859627647154714,0.9966581047977591,0.03365163428299007,2.284624119494415,0.6297441438148721,0.9973876502414761,1.7184356321282756e-09,2.5091998041864743e-09,6.707879276254074e-09
BedSet_09_36.obj,BedSet_09,OB,0.9823710005268438,0.0174328692295016,52.99120221659577,0.018540677523161023,0.9929671438126874,0.9960589459739533,0.9990391441323928,0.03365217174884101,2.284668455502684,0.6195714809756879,0.9992496711441703,1.1431478843440302e-09,2.152591255066619e-09,4.743186923619966e-09
BedSet_09_37.obj,BedSet_09,OB,0.9817250717658265,0.01807892931176343,53.002514009813396,0.01853672445067508,0.992969684394417,0.9859628306141395,0.9966581330177802,0.033651522385214905,2.2846254743240353,0.6297443168907637,0.9973876722021592,1.8001371603131703e-09,2.425618061873777e-09,4.743186923619966e-09
BedSet_09_38.obj,BedSet_09,OB,0.982371131381462,0.017432739811372347,52.99141168446404,0.0185406067780616,0.9929671438127076,0.9960588808971665,0.99903913272194,0.033652059847696036,2.284669810216181,0.6195716733823026,0.9992496621530712,1.6259091061730702e-09,2.6386040440090663e-09,6.707879276254074e-09
BedSet_09_39.obj,BedSet_09,OB,0.9817249397785399,0.018079074775551103,53.002304498997056,0.018536795180643047,0.9929696953679794,0.9859626059558325,0.9966580735466278,0.03365163754919009,2.284624395109122,0.6297203144276672,0.9973876274513742,7.750950729867396e-10,1.7745040602653617e-09,4.743186923619966e-09
BedSet_09_40.obj,BedSet_09,OB,0.9823710038781462,0.017432936946042796,53.002304497674345,0.018536795181105483,0.9929696953659626,0.9960591603161721,0.9990392185864391,0.03365217641373343,2.2846688480260164,0.619529714055131,0.9992497328278496,2.0685469057256368e-09,2.5917639313789536e-09,6.707879276254074e-09
BedSet_09_41.obj,BedSet_09,M,0.9948026733888816,0.00513946035852256,93.61575505820076,0.010626776788054484,0.9768007199601527,1.0,1.0,0.004837908236669982,0.8156425869202977,0.0,1.0,8.201663079193714e-10,2.241200217585018e-09,8.215440741506101e-09
BedSet_09_42.obj,BedSet_09,M,0.9948026276933948,0.005139507795470714,93.61533603223094,0.010626823863723503,0.9768001447334502,0.9999999999999999,1.0,0.004837928137762103,0.8156419288596823,0.0,0.9999999999999999,3.0020170402658017e-10,1.1548990145838914e-09,4.743186923619966e-09
BedSet_09_43.obj,BedSet_09,M,0.9948026268621554,0.005139506367227218,93.61533603456718,0.010626823863458331,0.9768007199601528,1.0,1.0,0.0048379278951226215,0.8156418377987152,0.0,1.0,1.9737773570327373e-09,2.7377920521404317e-09,6.707879276254074e-09
BedSet_09_44.obj,BedSet_09,M,0.9948026742201136,0.005139461786753268,93.61575505586453,0.010626776788319652,0.9768001447334502,1.0,1.0,0.004837908479307491,0.8156426779809322,0.0,1.0,1.6939303494829226e-09,2.769034970672405e-09,6.707879276254074e-09
BedSet_09_45.obj,BedSet_09,OB,0.7203795911453409,0.27961013849634236,312.03072364009023,0.0027888400919168503,0.9905664852301742,1.0,1.0,0.003402656285781646,0.2769997608379884,0.0,1.0,0.0,0.0,0.0
BedSet_09_46.obj,BedSet_09,OB,0.7203793193371403,0.27961041021260585,312.0293269921913,0.002788852220569848,0.9905664479403858,1.0,1.0,0.0034026708726306227,0.27699951934011524,0.0,1.0,0.0,0.0,0.0
BedSet_09_47.obj,BedSet_09,OB,0.7203770879695381,0.2796126415802043,312.0293269921913,0.002788849544627701,0.9905664852301742,1.0,1.0,0.003402666010336206,0.27699769455368556,0.0,1.0,4.241741490646244e-09,1.7336656269601084e-09,5.332594629410196e-09
BedSet_09_48.obj,BedSet_09,OB,0.7203818224929679,0.279607907148719,312.03072364009023,0.0027888427678317874,0.990566447940386,1.0,1.0,0.003402661148048271,0.27700158562215565,0.0,1.0,0.0,0.0,0.0
BedSet_09_49.obj,BedSet_09,OB,0.9767451894566824,0.023107362849042093,70.00335210154505,0.014112000442850617,0.9231152955541532,0.8709179580805857,0.9702425333063216,0.006937278603130176,1.4942963139205208,0.7754080077480436,0.9774316832177709,0.03100567615039958,0.16670382576092777,0.04255417792295275
BedSet_09_50.obj,BedSet_09,M,0.999303324517239,0.00025079383256813723,45.499764283406776,0.02196454649656683,0.9999999999999575,1.0,1.0,0.002667744079151441,0.9465243397350428,0.0,1.0,0.0,0.0,0.0
BedSet_09_51.obj,BedSet_09,M,0.999303324517239,0.0002508405376276855,45.5021474675544,0.02196339665397064,0.9999999999999575,1.0,1.0,0.002667744079151441,0.9465243397350428,0.0,1.0,1.4267014983741075e-09,2.3374766092241915e-09,5.234360011778493e-09
BedSet_10_01.obj,BedSet_10,OB,0.21976742394090515,0.774752534448506,11.031762820098841,0.06722525407826994,0.9923011752293346,0.9582921475380629,0.9555559574684627,0.0071410775263467605,1.8027206505596831,0.1915988685454314,0.9703465557118768,5.428727358389245e-06,1.3975720976719148e-05,3.345811085011247e-05
BedSet_10_02.obj,BedSet_10,OB,0.9768096225518409,0.022410915895629612,35.818108748479446,0.027590131264513276,0.9999999999999905,0.9999999999999996,1.0,0.002632268267426035,0.7356834108756087,1.5700924586837752e-16,1.0,0.0,0.0,0.0
BedSet_10_03.obj,BedSet_10,OB,0.8472259388802615,0.1519946427628271,35.81910126032584,0.02599360100083079,0.9999999999999969,0.9999999999999998,1.0,0.002180746613756267,0.437955913412267,1.5700924586837752e-16,1.0,0.0,0.0,0.0
BedSet_10_04.obj,BedSet_10,M,0.9962484322687614,0.0026952815533118294,30.768703826974363,0.0324227082133466,0.9999999999999828,1.0,1.0,0.0028151932533637646,0.8845700065925195,0.0,1.0,0.0,0.0,0.0
BedSet_10_05.obj,BedSet_10,M,0.9981937047416274,0.0010500628778392792,36.36405996194515,0.02746451287004747,0.9999999999999708,1.0,1.0,0.002865824877170059,0.918464247953874,0.0,1.0,0.0,0.0,0.0
BedSet_10_06.obj,BedSet_10,M,0.9962484322687614,0.0026952815533118294,30.768703826974363,0.0324227082133466,0.9999999999999828,1.0,1.0,0.0028151932533637646,0.8845700065925195,0.0,1.0,0.0,0.0,0.0
BedSet_10_07.obj,BedSet_10,M,0.9981937047416274,0.0010500628778392785,36.36405996194515,0.02746451287004747,0.9999999999999708,1.0,1.0,0.002865824877170059,0.918464247953874,0.0,1.0,0.0,0.0,0.0
BedSet_10_08.obj,BedSet_10,M,0.9997584977073632,6.784806750951553e-06,46.005467033979734,0.021726217856998516,0.772353817758797,0.9998168100622524,0.9999948805869595,80.22958732025323,3.384269661652082,0.5620802039176692,0.9999959792470737,0.002732780615295889,0.010303078157512637,0.04155859575672681
BedSet_10_09.obj,BedSet_10,M,0.9961113406088518,0.003836552346552016,101.7325082673175,0.009807646568354223,0.9668313465977075,0.9999976168145752,0.9999997995453099,2.6738423452708595,0.8755529829936337,6.661338147750939e-16,0.9999998425632918,1.2293290743055198e-05,4.867688428035127e-05,0.0001417160305454782
BedSet_10_10.obj,BedSet_10,M,0.9998940710069107,1.3264050616688187e-05,71.50129627917028,0.013983005038392365,0.7742774811803169,0.9999993778286358,0.999999039226319,26.005415391447734,3.4123461349166195,0.5633061089719192,0.9999992454713921,0.0011399286489830224,0.006791902326094961,6.707879276254074e-09
BedSet_10_11.obj,BedSet_10,M,0.9920828720899306,0.007816854014513859,71.67644898576893,0.01388876377236491,0.9663973445229448,0.9999997730212885,0.9999998479286876,25.8899218295107,3.28165191360894,0.5466379404544667,0.9999998805646277,1.2748921711142322e-09,2.2552572234407967e-09,5.037890776515037e-09
BedSet_10_12.obj,BedSet_10,M,0.9960533399365284,0.0038937760633077786,100.98243157854523,0.009880166494524775,0.9668454914658091,0.9999988082396177,0.9999998990222367,2.692461277256889,0.8746883385677907,1.5700924586837752e-16,0.9999999206922597,6.599801461995228e-06,2.87342583474464e-05,6.291020354417218e-05
BedSet_10_13.obj,BedSet_10,M,0.9997585341882221,6.715094125203831e-06,46.005467033979734,0.021726217856998506,0.7723591878683035,0.9998090298185164,0.9999946647705531,80.2296123483927,3.3842707991223264,0.5620795381220637,0.9999958097473729,0.0027315525477014466,0.01029844838269878,0.041558595435270816
BedSet_10_14.obj,BedSet_10,M,0.9997585341882672,6.715094080270389e-06,46.005467033979734,0.0217262178569994,0.7723591878602347,0.99980902982027,0.9999946647706017,80.2296123485487,3.3842707991294625,0.5620795381213618,0.9999958097474108,0.002731552712465255,0.01029844827632602,0.041558595014519216
BedSet_10_15.obj,BedSet_10,M,0.9997584976436812,6.751518552239676e-06,46.005467033979734,0.021726217856999405,0.7724054006250123,0.9998169406719594,0.9999948823843368,80.22959616278338,3.384270067212448,0.5620796505394018,0.9999959806587343,0.0027315527824131073,0.010298448257681376,0.041558595014519216
BedSet_10_16.obj,BedSet_10,M,0.9997585060031383,6.776628693609568e-06,46.005467033979734,0.021726217856998506,0.7723538177594943,0.9998084176647645,0.999994649725939,80.22960234245812,3.3842703505910685,0.5620797147541771,0.9999957979314882,0.0027327802497520513,0.010303078243367637,0.041558595752114666
BedSet_10_17.obj,BedSet_10,M,0.9997584977073619,6.784806752258256e-06,46.005467033979734,0.021726217856998423,0.7723538177539335,0.9998168100625772,0.9999948805869681,80.22958732023838,3.384269661651402,0.562080203917782,0.9999959792470807,0.0027327793590417055,0.01030307848612396,0.0415585957545099
BedSet_10_18.obj,BedSet_10,M,0.9997584968090277,6.785691820492601e-06,46.005467033979734,0.021726217856999405,0.7723538178798488,0.9998177420451534,0.9999949062244257,80.22958563063352,3.3842695834042242,0.5620802710277543,0.99999599938245,0.002732780584826477,0.010303078102318867,0.04155859576171274
BedSet_10_19.obj,BedSet_10,M,0.9997137889402754,2.3166190889621368e-07,41.666050279939775,0.02398651864280566,0.7763285513197602,0.9999899622108364,0.9999996000325103,29.460508163427296,3.376325805980129,0.5639771266536374,0.9999996858668779,0.0023656757468175907,0.009633650398349349,0.041569019897662284
BedSet_10_20.obj,BedSet_10,M,0.9998940710069092,1.3264182231539812e-05,71.50129627917028,0.013983005038392365,0.7742780124840017,0.9999993784478827,0.9999990415988094,26.005415391268077,3.4123461349181055,0.5633064803920633,0.9999992473344377,0.0011399282792512156,0.006791902388149264,4.743186923619966e-09
BedSet_10_21.obj,BedSet_10,M,0.9997584976436807,6.751518552643039e-06,46.005467033979734,0.0217262178569994,0.7724054006249551,0.9998169406719573,0.9999948823843369,80.2295961627825,3.384270067212408,0.5620796505394463,0.9999959806587342,0.002731552281230679,0.010298448390623856,0.041558595014519216
BedSet_10_22.obj,BedSet_10,M,0.9994739296641143,4.219653684790965e-07,30.732842737651616,0.03250405239483997,0.7762686603057529,0.9999905984173494,0.9999994405461279,39.61142387263234,3.346092840344408,0.5639724190056548,0.9999995606073795,0.0023656757623903,0.00963365042319685,0.04156902013133282
BedSet_10_23.obj,BedSet_10,M,0.9997585826058033,6.666725237802781e-06,46.005467033979734,0.0217262199844526,0.7724402284059431,0.9998092853939698,0.9999946728624458,80.22997392362515,3.3842873636910538,0.562078391822133,0.9999958161026511,0.0027315524661604587,0.010298448447868966,0.04155859571535756
BedSet_10_24.obj,BedSet_10,M,0.9997137887069082,2.3597622335346326e-07,41.666050279939775,0.02398651864280566,0.7763285513197923,0.9999900528661091,0.9999996020235706,29.460827060580836,3.376365559276828,0.5639551916611681,0.9999996874306865,0.0023656741680896432,0.009633643720646358,0.041568962315487186
BedSet_10_25.obj,BedSet_10,M,0.9997585826743843,6.700003648983703e-06,46.005467033979734,0.0217262199844526,0.772388656344595,0.9998091488900513,0.9999946709025677,80.22996423045684,3.384286919106572,0.5620789749291181,0.9999958145633654,0.0027327804438279056,0.010303078246057392,0.04155859576171274
BedSet_10_26.obj,BedSet_10,M,0.9997585138448185,6.768665755253031e-06,46.005467033979734,0.0217262178569994,0.7723270957258765,0.9998172824887926,0.9999948935823023,80.2295872555397,3.384269652175025,0.5620802807010702,0.9999959894534695,0.002732780949670211,0.010303078005465878,0.04155859576098863
BedSet_10_27.obj,BedSet_10,M,0.9997585342554239,6.748375339288396e-06,46.005467033979734,0.0217262178569994,0.7723076050428204,0.999808895313213,0.9999946628648585,80.22960294038053,3.3842703676144046,0.5620801114371642,0.9999958082506415,0.002732780243815741,0.010303078192777542,0.04155859576179499
BedSet_10_28.obj,BedSet_10,M,0.9994633286127993,5.614901265409448e-07,30.55872005307814,0.0326888390825923,0.7754056701474057,0.9999999999999967,0.9999999999999999,10.214414372381619,0.9368231221341249,1.5700924586837752e-16,1.0,0.0023816862596160266,0.009626954325116326,0.040576840043477835
BedSet_10_29.obj,BedSet_10,M,0.9997585059361617,6.743347074184638e-06,46.005467033979734,0.021726217856998506,0.7724054005769018,0.9998085516833022,0.9999946516183237,80.22961168543983,3.3842707791152495,0.5620791436018712,0.9999957994177655,0.002731552598280522,0.010298448358717642,0.04155859536556109
BedSet_10_30.obj,BedSet_10,M,0.9994739276232062,4.257260645029056e-07,30.732842737651616,0.03250405239483997,0.7762686603057838,0.9999913306963933,0.9999994690253873,39.61135249665578,3.3460862724399973,0.5639749386169769,0.9999995829749155,0.002365673795825209,0.009633643811985932,0.04156896254915683
BedSet_10_31.obj,BedSet_10,M,0.9997584976436574,6.7515185759823615e-06,46.005467033979734,0.021726217856996424,0.7724054004395,0.9998169406722691,0.9999948823843441,80.22959616227871,3.384270067189312,0.5620796505442139,0.9999959806587396,0.0027315524932686,0.010298448440678842,0.04155859571535756
BedSet_10_32.obj,BedSet_10,M,0.9997585342553793,6.748375383876757e-06,46.005467033979734,0.021726217856998506,0.772307605050895,0.9998088953114617,0.9999946628648101,80.2296029402249,3.3842703676072827,0.5620801114379034,0.9999958082506035,0.0027327807416233957,0.010303078123481536,0.041558595752114666
BedSet_10_33.obj,BedSet_10,CA,0.4972014905624419,0.5024631620471472,69.43642996618676,0.011423357071286227,0.7852038982027449,0.654662631535827,0.5348540164688467,46.867710269968356,2.004298595815372,0.1969704482431951,0.7807173156806427,0.004608114406945415,0.03440678734284157,0.0391795564152614
BedSet_10_34.obj,BedSet_10,M,0.9997584977073491,6.7848067648988995e-06,46.005467033979734,0.021726217856996424,0.7723538176220874,0.9998168100641689,0.9999948805870112,80.22958731990262,3.3842696616360066,0.5620802039215413,0.9999959792471141,0.0027327801918887776,0.010303078312881443,0.04155859576171274
BedSet_10_35.obj,BedSet_10,M,0.9997584976437071,6.751518526338108e-06,46.005467033979734,0.0217262178569997,0.7724054006086485,0.9998169406697196,0.9999948823842756,80.22959616282463,3.3842700672143335,0.562079650538547,0.9999959806586859,0.0027315522551800003,0.01029844846119855,0.041558595434026124
BedSet_10_36.obj,BedSet_10,M,0.9997584977073729,6.784806741284851e-06,46.005467033979734,0.0217262178569994,0.7723538178075586,0.9998168100638546,0.9999948805870041,80.22958732040608,3.384269661659088,0.5620802039168363,0.9999959792471088,0.0027327803355627588,0.010303078168360322,0.041558595761069794
BedSet_10_37.obj,BedSet_10,M,0.9997584976436699,6.751518563561648e-06,46.005467033979734,0.021726217856998423,0.772405400571343,0.999816940670678,0.9999948823843015,80.22959616261463,3.3842700672047137,0.5620796505404483,0.9999959806587062,0.002731551645711361,0.010298448617874517,0.041558595406640815
BedSet_10_38.obj,BedSet_10,M,0.9997584977073994,6.784806714682892e-06,46.005467033979734,0.0217262178569997,0.7723538177912189,0.9998168100616192,0.9999948805869426,80.22958732044849,3.384269661661025,0.5620802039158889,0.9999959792470605,0.0027327800368991636,0.01030307831131289,0.04155859576179499
BedSet_10_39.obj,BedSet_10,M,0.9997585137810892,6.735377641110654e-06,46.005467033979734,0.0217262178569994,0.7723786999380651,0.9998174133090749,0.9999948953853908,80.22959612350307,3.384270058902421,0.5620797265091846,0.999995990869615,0.002731552908382707,0.010298448224269476,0.041558595014519216
BedSet_10_40.obj,BedSet_10,CA,0.4972981656502214,0.5023664846818314,69.43539283997029,0.011423464422180198,0.7852174551875694,0.6546331905353473,0.5347991668078214,45.48921400769769,1.9676563324292227,0.19811554026112646,0.7807036612004686,0.0045849056461508475,0.033822499601191144,0.0392772606828005
BedSet_10_41.obj,BedSet_10,M,0.9997585341882157,6.715094131748682e-06,46.005467033979734,0.021726217856998506,0.7723591878781412,0.9998090298189066,0.9999946647705638,80.22961234839315,3.3842707991223477,0.5620795381219734,0.9999958097473808,0.0027315525099943653,0.010298448382668246,0.04155859536556109
BedSet_10_42.obj,BedSet_10,M,0.992076610974801,0.007823035826632213,71.67644898576893,0.01388876377236491,0.9662093254132804,0.999999548004471,0.9999997681758342,25.889921830212913,3.281652315756879,0.5466292278682489,0.9999998179280809,1.6908189976146843e-09,2.6225147432801664e-09,6.707879276254074e-09
BedSet_10_43.obj,BedSet_10,M,0.9684277215042767,0.03133336711621707,70.001350305769,0.014078631546677368,0.7332491600610205,0.7522719858388868,0.8017700293789155,37.30537457062066,3.200980120633828,0.40053950024388646,0.9007958517985862,0.0060730103979979525,0.046035558238939935,0.04027215507564069
BedSet_10_44.obj,BedSet_10,M,0.9997584967456049,6.75240309302559e-06,46.005467033979734,0.021726217856999405,0.7724054006972532,0.9998178723720573,0.9999949080138872,80.22959442946365,3.3842699869612076,0.5620797191856969,0.9999960007878941,0.0027315520097508984,0.010298448462703858,0.041558595014519216
BedSet_10_45.obj,BedSet_10,M,0.9997584976436714,6.751518561981023e-06,46.005467033979734,0.021726217856998516,0.772405400576214,0.9998169406703533,0.9999948823842923,80.22959616262946,3.384270067205394,0.5620796505403328,0.9999959806586991,0.0027315528259353647,0.010298448309424663,0.041558595435270816
BedSet_10_46.obj,BedSet_10,OB,0.519597621897042,0.4700242134006219,9.999998549743768,0.08164965712556416,0.9992251479733673,0.9700883984221943,0.9584387179275574,22.465389446804814,3.35117069948524,0.023662506185037784,0.9737251676194482,1.4287354105806363e-09,2.3802134190277132e-09,6.707879276254074e-09
BedSet_10_47.obj,BedSet_10,OB,0.9550546818709094,0.03596214400222625,6.761875140100466,0.1432226927508678,0.9997894028511395,1.0,1.0,3.3747527303946585,0.6521229079453674,0.0,1.0,1.7034872818191258e-09,2.456750310597312e-09,6.707879276254074e-09
BedSet_11_01.obj,BedSet_11,OB,0.3834474098032569,0.6110722266631378,11.031750210889498,0.07060709747526983,0.9923014750810869,0.9776365346965437,0.9690033030237545,0.0072159515120195465,1.8184946647642,0.16034701137370705,0.9801220679738116,1.131743481802382e-06,3.0729607301476443e-06,9.777465076333698e-06
BedSet_11_02.obj,BedSet_11,OB,0.9712727052582939,0.027761738446092407,32.18186434635127,0.030622098642532795,0.9999999999999923,0.9999999999999993,0.9999999999999999,0.002763000448701923,0.7101452831830591,1.5700924586837752e-16,0.9999999999999999,0.0,0.0,0.0
BedSet_11_03.obj,BedSet_11,OB,0.8107497175291171,0.18828468158352216,32.18112125355684,0.028483014913883227,0.9999999999999977,1.0,1.0,0.0022517348456754173,0.3936999999890137,0.0,1.0,0.0,0.0,0.0
BedSet_11_04.obj,BedSet_11,M,0.9962484294099887,0.0026953661570284855,30.76989447637728,0.03242145488120966,0.9999999999999857,1.0,1.0,0.0026946553446779878,0.8845699651517651,0.0,1.0,1.712041798048929e-09,2.463339554079617e-09,5.82376771756872e-09
BedSet_11_05.obj,BedSet_11,M,0.9981938113150575,0.0010499557281664204,36.36404610806336,0.02746452478592465,0.9999999999999749,1.0,1.0,0.0027431224376743306,0.9184665552806822,0.0,1.0,0.0,0.0,0.0
BedSet_11_06.obj,BedSet_11,M,0.9962484294099887,0.0026953661570284855,30.76989447637728,0.03242145488120966,0.9999999999999857,1.0,1.0,0.0026946553446779878,0.8845699651517651,0.0,1.0,0.0,0.0,0.0
BedSet_11_07.obj,BedSet_11,M,0.9981938113150575,0.0010499557281664204,36.36404610806336,0.02746452478592465,0.9999999999999749,1.0,1.0,0.0027431224376743306,0.9184665552806822,0.0,1.0,0.0,0.0,0.0
BedSet_11_08.obj,BedSet_11,M,0.9936345640865808,0.005741301651411431,38.095089630242626,0.026167582371915778,0.999749450357659,1.0,1.0,6.823461896354368,0.8604695939409628,0.0,1.0,8.321380567754327e-10,1.8040323178950448e-09,4.743186923619966e-09
BedSet_11_09.obj,BedSet_11,M,0.9936345640872034,0.00574130165078876,38.095089630242626,0.02616758237192293,0.9997494503576473,1.0,1.0,6.823461896377649,0.8604695939473107,0.0,1.0,6.657104454203461e-10,1.647549295922053e-09,4.743186923619966e-09
BedSet_11_10.obj,BedSet_11,M,0.9936345640872034,0.005741301650788968,38.095089630242626,0.02616758237192293,0.9997494503576465,1.0,1.0,6.823461896377649,0.8604695939473107,0.0,1.0,6.657104454203461e-10,1.647549295922053e-09,4.743186923619966e-09
BedSet_11_11.obj,BedSet_11,M,0.994313398300283,0.005032238213401242,38.095089630242626,0.026167582371922935,0.9997494503576473,0.9567265360291907,0.995570729923238,10.216547611356567,1.2652338128501464,0.7326130305728281,0.9965394422595577,4.6274994376780156e-10,1.4073990094241955e-09,4.743186923619966e-09
BedSet_11_12.obj,BedSet_11,M,0.993634564087204,0.005741301650788399,38.095089630242626,0.026167582371922935,0.9997494503576473,1.0,1.0,6.823461896377672,0.8604695939473164,0.0,1.0,6.657104454203461e-10,1.647549295922053e-09,4.743186923619966e-09
BedSet_11_13.obj,BedSet_11,M,0.993634564087204,0.005741301650788349,38.095089630242626,0.026167582371922935,0.9997494503576473,1.0,1.0,6.823461896377671,0.8604695939473164,0.0,1.0,6.657104454203461e-10,1.6475492959220535e-09,4.743186923619966e-09
BedSet_11_14.obj,BedSet_11,M,0.9936345640878266,0.005741301650165701,38.095089630242626,0.02616758237193009,0.9997494503576337,1.0,1.0,6.823461896400951,0.8604695939536644,0.0,1.0,7.833925379862069e-10,1.8257279318045418e-09,4.743186923619966e-09
BedSet_11_15.obj,BedSet_11,M,0.993634564087204,0.005741301650788201,38.095089630242626,0.026167582371922935,0.9997494503576473,1.0,1.0,6.823461896377671,0.8604695939473164,0.0,1.0,6.657104454203461e-10,1.6475492959220535e-09,4.743186923619966e-09
BedSet_11_16.obj,BedSet_11,M,0.9936345640870796,0.005741301650912681,38.095089630242626,0.02616758237192151,0.9997494503576496,1.0,1.0,6.823461896373017,0.8604695939460479,0.0,1.0,3.3285522271017304e-10,1.2116112992755001e-09,4.743186923619966e-09
BedSet_11_17.obj,BedSet_11,M,0.9936345640871415,0.005741301650850873,38.095089630242626,0.02616758237192222,0.9997494503576485,0.9999999999999999,1.0,6.823461896375334,0.8604695939466793,0.0,1.0,8.321380567754327e-10,1.8040323178950448e-09,4.743186923619966e-09
BedSet_11_18.obj,BedSet_11,M,0.9936345640872659,0.00574130165072628,38.095089630242626,0.026167582371923646,0.999749450357646,1.0,1.0,6.823461896379986,0.8604695939479478,0.0,1.0,1.6642761135508652e-10,8.727537568451896e-10,0.0
BedSet_11_19.obj,BedSet_11,M,0.9936345640873278,0.005741301650664208,38.095089630242626,0.02616758237192436,0.9997494503576444,1.0,1.0,6.8234618963823035,0.8604695939485791,0.0,1.0,0.0,0.0,0.0
BedSet_11_20.obj,BedSet_11,M,0.9936345640874527,0.005741301650539182,38.095089630242626,0.026167582371925794,0.9997494503576421,1.0,1.0,6.8234618963869735,0.8604695939498533,0.0,1.0,5.824966397428028e-10,1.5567877534747554e-09,4.743186923619966e-09
BedSet_11_21.obj,BedSet_11,M,0.9998932380828571,2.2294290402544856e-05,77.09582507727477,0.012968499765928693,0.7706434085152426,1.0,1.0,6.494503060854544,0.9726423963611683,0.0,1.0,1.265652436574683e-09,2.135003955744531e-09,4.743186923619966e-09
BedSet_11_22.obj,BedSet_11,M,0.9998944354161118,2.202488341448918e-05,77.55864696129171,0.012891138593980245,0.7710084946627679,1.0,1.0,6.4584792724046745,0.9727941438419238,0.0,1.0,1.6223986628481567e-09,2.3243835905620285e-09,4.743186923619966e-09
BedSet_11_23.obj,BedSet_11,M,0.9998858907221839,2.3828665342253974e-05,74.63703981321463,0.013395559946523045,0.7712575959265016,1.0,1.0,6.711154842727998,0.9717297671388442,0.0,1.0,1.2545352319341682e-09,2.3785676781190918e-09,6.707879276254074e-09
BedSet_11_24.obj,BedSet_11,M,0.9998796038368236,3.1660990932451246e-05,73.86101010032975,0.013536248486077556,0.7709324854598495,1.0,1.0,6.777189071053625,0.9714516029535802,0.0,1.0,0.006473724629037611,0.023191233846310874,0.08955317074659302
BedSet_11_25.obj,BedSet_11,M,0.9998920348830804,2.2525728080012623e-05,76.69156711842477,0.01303683382762047,0.7709913273318357,1.0,1.0,6.530494897930817,0.9724907834732364,0.0,1.0,5.315877936334977e-10,1.5478134847008238e-09,4.743186923619966e-09
BedSet_11_26.obj,BedSet_11,OB,0.3665960751982387,0.6321844190495516,18.348664785527966,0.042518777055658256,0.9990203983538702,0.8518150633624731,0.8913416562422545,2.4449042907917926,0.7198648288748111,0.3814451457408797,0.9245720183025006,0.027158850364981866,0.08400735050931815,0.3040867239846962
BedSet_11_27.obj,BedSet_11,M,0.9963365457958011,0.003621403313020422,113.27325373528971,0.008809514075279723,0.9655539257552156,1.0,1.0,2.7374510289036516,0.8787162973627503,0.0,1.0,1.6042961665752066e-09,2.431512792775556e-09,6.707879276254074e-09
BedSet_11_28.obj,BedSet_11,M,0.9939684025924264,0.005484505307730985,38.09518963014576,0.02616751411299248,0.9997494510151781,0.9999999999999741,0.9999999999999974,6.82146436096092,0.8598601805445946,2.112343365827712e-15,0.9999999999999978,1.5129442316411472e-09,2.256789236686679e-09,4.743186923619966e-09
BedSet_11_29.obj,BedSet_11,M,0.9936345993332598,0.005741269860000695,38.09518963014576,0.02616751411299248,0.9997494510151764,1.0,1.0,6.823445235702383,0.8604699346351758,0.0,1.0,2.23249552139276e-09,2.4632347686901057e-09,4.743186923619966e-09
BedSet_11_30.obj,BedSet_11,M,0.9936345993338824,0.005741269859378034,38.09518963014576,0.026167514112999626,0.999749451015163,1.0,1.0,6.823445235725665,0.8604699346415238,0.0,1.0,1.0330339550188368e-09,2.0159174343670497e-09,4.743186923619966e-09
BedSet_11_31.obj,BedSet_11,M,0.9936345993326373,0.005741269860623264,38.09518963014576,0.026167514112985325,0.9997494510151878,1.0,1.0,6.8234452356791016,0.8604699346288279,0.0,1.0,1.698744400439183e-09,2.324422249940492e-09,4.743186923619966e-09
BedSet_11_32.obj,BedSet_11,M,0.9936345993332598,0.00574126986000064,38.09518963014576,0.02616751411299248,0.9997494510151764,1.0,1.0,6.823445235702383,0.8604699346351758,0.0,1.0,2.23249552139276e-09,2.4632347686901057e-09,4.743186923619966e-09
BedSet_11_33.obj,BedSet_11,M,0.9936345993332598,0.005741269860000695,38.09518963014576,0.02616751411299248,0.9997494510151754,1.0,1.0,6.823445235702383,0.8604699346351758,0.0,1.0,2.23249552139276e-09,2.4632347686901057e-09,4.743186923619966e-09
BedSet_11_34.obj,BedSet_11,M,0.9943134291682145,0.005032210897624323,38.09518963014576,0.026167514112992483,0.9997494510151743,0.9567265459613703,0.9955707425280051,10.216522710253852,1.2652341686479032,0.732613048877423,0.9965394520557944,1.320481671035457e-09,2.200240123944507e-09,4.743186923619966e-09
BedSet_11_35.obj,BedSet_11,M,0.9936345993332605,0.005741269859999817,38.09518963014576,0.026167514112992483,0.9997494510151762,1.0,1.0,6.823445235702404,0.8604699346351815,0.0,1.0,1.1994615663739232e-09,2.117019479151634e-09,4.743186923619966e-09
BedSet_11_36.obj,BedSet_11,M,0.9936345993332605,0.005741269860000344,38.09518963014576,0.026167514112992483,0.9997494510151743,1.0,1.0,6.823445235702403,0.8604699346351815,0.0,1.0,1.1994615663739232e-09,2.117019479151634e-09,4.743186923619966e-09
BedSet_11_37.obj,BedSet_11,M,0.993634599333883,0.005741269859377631,38.09518963014576,0.026167514112999637,0.999749451015163,1.0,1.0,6.823445235725686,0.8604699346415294,0.0,1.0,1.9828541043601303e-09,2.4363405908619568e-09,4.743186923619966e-09
BedSet_11_38.obj,BedSet_11,M,0.9936345993332605,0.005741269860000259,38.09518963014576,0.026167514112992483,0.9997494510151752,0.9999999999999999,1.0,6.823445235702404,0.8604699346351815,0.0,1.0,1.1994615663739232e-09,2.117019479151634e-09,4.743186923619966e-09
BedSet_11_39.obj,BedSet_11,M,0.993634599333136,0.005741269860124678,38.09518963014576,0.026167514112991057,0.9997494510151776,0.9999999999999999,1.0,6.823445235697749,0.8604699346339131,0.0,1.0,1.0330339550188368e-09,2.01591743436705e-09,4.743186923619966e-09
BedSet_11_40.obj,BedSet_11,M,0.993634599333198,0.005741269860062581,38.09518963014576,0.026167514112991768,0.9997494510151765,1.0,1.0,6.823445235700069,0.8604699346345444,0.0,1.0,1.0330339550188368e-09,2.01591743436705e-09,4.743186923619966e-09
BedSet_11_41.obj,BedSet_11,M,0.9936345993333224,0.005741269859938057,38.09518963014576,0.026167514112993197,0.9997494510151743,1.0,1.0,6.823445235704719,0.8604699346358129,0.0,1.0,1.0330339550188368e-09,2.01591743436705e-09,4.743186923619966e-09
BedSet_11_42.obj,BedSet_11,M,0.9936345993333843,0.0057412698598763605,38.09518963014576,0.02616751411299391,0.9997494510151728,1.0,1.0,6.823445235707036,0.8604699346364443,0.0,1.0,4.992828340652595e-10,1.4556470936782787e-09,4.743186923619966e-09
BedSet_11_43.obj,BedSet_11,M,0.9936345993335092,0.005741269859751254,38.09518963014576,0.02616751411299534,0.9997494510151703,1.0,1.0,6.823445235711707,0.8604699346377185,0.0,1.0,1.5323167890840965e-09,2.269642994398932e-09,4.743186923619966e-09
BedSet_11_44.obj,BedSet_11,M,0.9997968351896869,4.239878086927231e-05,55.902107244763755,0.01788223427295043,0.7703016590001135,1.0,1.0,8.910452117674323,0.9624540365601973,0.0,1.0,7.574538376154008e-10,1.782105697187536e-09,4.743186923619966e-09
BedSet_11_45.obj,BedSet_11,M,0.9997999674935829,4.1810529905773735e-05,56.36247046496714,0.017736270044017798,0.7704903189474545,1.0,1.0,8.842781239937876,0.9627391812531247,0.0,1.0,8.139203486108765e-10,1.8316664310839747e-09,4.743186923619966e-09
BedSet_11_46.obj,BedSet_11,M,0.9997771729587788,4.6623552225761833e-05,53.42497250644775,0.01871075770155935,0.7706005022092776,1.0,1.0,9.323397905532701,0.9607140074163756,0.0,1.0,1.7487996219729572e-09,2.668199039067781e-09,6.707879276254074e-09
BedSet_11_47.obj,BedSet_11,M,0.99976302152211,6.24009787618109e-05,52.66451359959084,0.01898073113274602,0.770343854415818,0.9999999999999999,1.0,9.451332951149393,0.9601749276784751,0.0,1.0,0.006467202344686316,0.023167866555137417,0.0894629383146558
BedSet_11_48.obj,BedSet_11,M,0.9997936673499577,4.312737764573319e-05,55.495315594474626,0.01801322081736091,0.7704577207182616,1.0,1.0,8.978342444688861,0.9621679671744149,0.0,1.0,5.08198598959282e-10,1.467042989554661e-09,4.743186923619966e-09
BedSet_11_49.obj,BedSet_11,M,0.9996075551697006,9.34653370425791e-05,51.26600040124604,0.019498535681083187,0.9849359857162541,0.9516902172753412,0.9954434358875327,5.712908426523515,1.6420788391012857,0.7213606376340501,0.9965966446770932,0.033061204828599755,0.08482025931788657,0.2500000000000007
BedSet_11_50.obj,BedSet_11,M,0.9941968443419281,0.005718885134378673,79.99926263299736,0.012458072216705592,0.9655516224178651,1.0,1.0,3.392144583151235,0.8497098766133447,0.0,0.9999999999999998,1.1908444946518439e-09,2.098498095099074e-09,4.743186923619966e-09
BedSet_11_51.obj,BedSet_11,CA,0.6730526583202485,0.3252834678187425,17.585648586385197,0.044686507583969096,0.28434519864778324,0.4684128068487927,0.4210825564977595,30.05791191072533,2.586449988090593,0.399081583085056,0.7703640810603886,0.00046974645341770583,0.006849134297168932,0.0005175035406049885
BedSet_11_52.obj,BedSet_11,M,0.9941968443419281,0.0057188842157805285,79.99926264473501,0.012458072214877998,0.9655523816130507,1.0,0.9999999999999999,3.392144583151234,0.8497098766133446,1.2262814116578437e-15,1.0,7.575413228199688e-10,1.7541646209943213e-09,4.743186923619966e-09
BedSet_11_53.obj,BedSet_11,SL,0.17975485154617618,0.8032806271512211,12.09042314173202,0.0611392046483082,0.7254885980597436,0.776665865075679,0.49953828098469744,649.407143485528,0.01945647640267727,0.021621704852140176,0.7837197985099853,1.3010168971849867e-09,2.473681234525684e-09,8.215440741506101e-09
BedSet_12_01.obj,BedSet_12,OB,0.5279303354791022,0.4665891790766685,11.03175161198236,0.07405734353783028,0.9923014530526036,0.9849468840011201,0.9740143698172684,0.00732220599035895,1.8450915387758369,0.1309323170636003,0.9838851165434225,2.097740872325448e-06,4.98393742183144e-06,1.3876506218927822e-05
BedSet_12_02.obj,BedSet_12,OB,0.9634874807133504,0.0352852816086508,28.545368884876027,0.03438904476319358,0.9999999999999909,0.9999999999999994,0.9999999999999999,0.0029309311923450595,0.6791448208225288,1.5700924586837752e-16,0.9999999999999998,0.0,0.0,0.0
BedSet_12_03.obj,BedSet_12,OB,0.7594620499123064,0.23931078041981158,28.546159870436,0.031436383467268555,0.9999999999999957,1.0,1.0,0.002342237981061226,0.34187959967199044,0.0,1.0,0.0,0.0,0.0
BedSet_12_04.obj,BedSet_12,M,0.9962484303628786,0.0026953654724025445,30.769898384450645,0.03242145078368787,0.9999999999999872,1.0,1.0,0.002582255189745658,0.8845699789660706,0.0,1.0,0.0,0.0,0.0
BedSet_12_05.obj,BedSet_12,M,0.9981938117736947,0.0010499554616145437,36.36405072698235,0.027464521306937884,0.9999999999999786,1.0,1.0,0.002628700605264873,0.9184665652112948,0.0,1.0,0.0,0.0,0.0
BedSet_12_06.obj,BedSet_12,M,0.9962484303628786,0.0026953654724026265,30.769898384451825,0.03242145078368663,0.9999999999999872,1.0,1.0,0.002582255189745658,0.8845699789660706,0.0,1.0,1.712041798048929e-09,2.463339554079617e-09,5.82376771756872e-09
BedSet_12_07.obj,BedSet_12,M,0.9981938117736947,0.0010499554616145437,36.36405072698235,0.027464521306937884,0.9999999999999786,1.0,1.0,0.002628700605264873,0.9184665652112948,0.0,1.0,0.0,0.0,0.0
BedSet_12_08.obj,BedSet_12,M,0.996248370602123,0.0026953639363343405,30.769894436590526,0.032421442184665375,0.9999903294698087,1.0,1.0,2.344357511932859,0.8845699858796384,0.0,1.0,0.0,0.0,0.0
BedSet_12_09.obj,BedSet_12,OB,0.4821358865093312,0.5152218739388508,19.455008979847612,0.041684470183319555,0.9999966014219267,0.9999999999999988,0.9999999999999992,2.7042938686579205,0.16304244602783532,2.220446049250313e-16,0.9999999999999994,0.0,0.0,0.0
BedSet_12_10.obj,BedSet_12,OB,0.9213905018011119,0.07596711222532826,19.45446990121336,0.049433007871126866,0.9999912772423181,1.0,1.0,3.6320484652996363,0.5620441811959144,0.0,1.0,0.0,0.0,0.0
BedSet_12_11.obj,BedSet_12,OB,0.8049023445565777,0.18961699660751044,11.0317543028337,0.08238231211888107,0.9923004063122116,0.9917212177016488,0.9785415767050021,7.791062844767078,1.8394300755274282,0.025216092095612864,0.9881378942189654,2.3430651099537083e-06,5.720102977880798e-06,1.6166261596324874e-05
BedSet_13_01.obj,BedSet_13,OB,0.8049023959316468,0.18961700871032788,11.03175581523311,0.08238231304932431,0.9923008745972343,0.9917212177016487,0.978541576526033,0.0077910628756406005,1.982786272179706,0.06404975425814377,0.988137894576035,2.3432799764858368e-06,5.7200150463033894e-06,1.6166259739700472e-05
BedSet_13_02.obj,BedSet_13,OB,0.921390701061021,0.075967128653976,19.454478692709973,0.04943300897540222,0.9999999999999919,1.0,1.0,0.0036320484982460943,0.5620442015892183,0.0,1.0,0.0,0.0,0.0
BedSet_13_03.obj,BedSet_13,OB,0.4821359907760388,0.5152219853607317,19.45501777183155,0.04168447096856203,0.9999999999999984,0.9999999999999984,0.9999999999999992,0.00270429388692265,0.16304245043257376,1.5700924586837752e-16,0.9999999999999993,0.0,0.0,0.0
BedSet_13_04.obj,BedSet_13,M,0.9962484322687678,0.0026953641031743207,30.76990620260123,0.03242144258661147,0.9999999999999903,1.0,1.0,0.0023443575256591478,0.884570006596384,0.0,1.0,0.0,0.0,0.0
BedSet_13_05.obj,BedSet_13,M,0.9981938126914354,0.0010499549280608273,36.36405996530242,0.027464514348680805,0.9999999999999837,1.0,1.0,0.0023865240138192315,0.9184665850827352,0.0,1.0,0.0,0.0,0.0
BedSet_13_06.obj,BedSet_13,M,0.9997416889999369,0.00019414737479661715,124.84051530977095,0.008008928812908786,0.9999999999998431,1.0,1.0,0.0024879476284027837,0.968364337144911,0.0,1.0,0.0,0.0,0.0
BedSet_13_07.obj,BedSet_13,M,0.9987645431964134,0.0009285437203086156,57.0810953598051,0.017505440252998966,0.999999999999658,1.0,1.0,0.005341043336379738,0.9320888813670931,0.0,1.0,0.0,0.0,0.0
BedSet_13_08.obj,BedSet_13,M,0.9985705010298301,0.0010744160034420424,53.068288277630465,0.018826853707815807,0.9999999999996309,1.0,1.0,0.005730188402754583,0.9271374098346056,0.0,1.0,0.0,0.0,0.0
BedSet_13_09.obj,BedSet_13,M,0.9962484322687678,0.0026953641031743207,30.76990620260123,0.03242144258661147,0.9999999999999903,1.0,1.0,0.0023443575256591478,0.884570006596384,0.0,1.0,0.0,0.0,0.0
BedSet_13_10.obj,BedSet_13,M,0.9981938126914354,0.0010499549280608273,36.36405996530242,0.027464514348680805,0.9999999999999837,1.0,1.0,0.0023865240138192315,0.9184665850827352,0.0,1.0,0.0,0.0,0.0
BedSet_13_11.obj,BedSet_13,M,0.9997416889999369,0.00019414737479661715,124.84051530977095,0.008008928812908786,0.9999999999998431,1.0,1.0,0.0024879476284027837,0.968364337144911,0.0,1.0,0.0,0.0,0.0
BedSet_14_01.obj,BedSet_14,SL,0.17986730642166598,0.8037831605857038,12.090541275313706,0.061139241171751145,0.7766658650209074,0.7766658650756942,0.49953828098470243,0.6494073190305352,0.01945660262814606,0.021624987379159046,0.7837197985099926,1.3782352019687514e-09,2.3107034278823242e-09,6.707879276254074e-09
BedSet_14_02.obj,BedSet_14,M,0.9941969780856518,0.005718884985109802,79.99937989365215,0.012458072442347746,0.9656110153985304,0.9999999999999994,1.0,0.0033921446118890795,0.8497099054079089,1.5700924586837752e-16,0.9999999999999998,1.7138876916797404e-09,2.4378901260684727e-09,6.707879276254074e-09
BedSet_14_03.obj,BedSet_14,CA,0.67305353259704,0.3252838903529719,17.585657098122667,0.04468650855049179,0.28434653092442275,0.46841280684879305,0.42108255649775916,0.03005791219277988,2.5864507647460266,0.4003460545838083,0.7703640810603883,0.0004697465122544752,0.006849134293131822,0.0005175035405875544
BedSet_14_04.obj,BedSet_14,M,0.9941969780856516,0.0057188859037082,79.99937988192097,0.012458072444174325,0.9656102561572167,1.0,1.0,0.0033921446118890795,0.8497099054079089,0.0,1.0,1.2820629756194906e-09,2.315645762413991e-09,6.707879276254074e-09
BedSet_14_05.obj,BedSet_14,M,0.9996076427713747,9.346534523351306e-05,51.26603865823622,0.01949853596480016,0.9850146246024362,0.9516902172753411,0.9954434358875328,0.005712908467279366,1.6420789328179348,0.7220841131905196,0.9965966446770934,0.03306120537499604,0.08482025910491232,0.2500000000000007
BedSet_14_06.obj,BedSet_14,M,0.9997945046669189,4.3127413764521684e-05,55.49545637391025,0.01801322164048525,0.7725822546854759,1.0,1.0,0.0089783426460139,0.9621680534747594,0.0,1.0,2.9523103772852463e-09,2.902595613765309e-09,6.707879276254074e-09
BedSet_14_07.obj,BedSet_14,M,0.9997639512440342,6.240103679101356e-05,52.66464719790346,0.018980732046666733,0.7725822546241903,0.9999999999999999,1.0,0.009451333174245286,0.9601750183370513,0.0,0.9999999999999999,0.0064672029969721516,0.023167866373053785,0.08946293831465223
BedSet_14_08.obj,BedSet_14,M,0.9997780771966459,4.6623594394003354e-05,53.42510809254565,0.018710758590051703,0.7728096873022182,1.0,1.0,0.009323398122629742,0.9607140968979903,0.0,1.0,1.522933577991054e-09,2.6051745969546107e-09,6.707879276254074e-09
BedSet_14_09.obj,BedSet_14,M,0.9998007792490735,4.181056385254267e-05,56.362613444182905,0.017736270842026315,0.7725822547775276,1.0,1.0,0.008842781435229317,0.9627392663009079,0.0,1.0,1.2038947036850105e-09,2.7671102085080444e-09,8.215440741506101e-09
BedSet_14_10.obj,BedSet_14,M,0.9997976596538634,4.239881583282699e-05,55.90224899480501,0.01788223508379591,0.7724084821368862,1.0,1.0,0.008910452315966202,0.9624541222334407,0.0,1.0,6.251445723303599e-10,1.8327114600374122e-09,6.413175423358947e-09
BedSet_14_11.obj,BedSet_14,M,0.99363520431618,0.005741273355371236,38.095242804679025,0.026167515068776494,0.9999999999997513,1.0,1.0,0.006823445351993806,0.860469993292696,0.0,1.0,1.1507160475846977e-09,2.143905805334435e-09,4.743186923619966e-09
BedSet_14_12.obj,BedSet_14,M,0.9936352043160555,0.005741273355496029,38.095242804679025,0.026167515068775064,0.9999999999997514,1.0,1.0,0.006823445351989146,0.860469993291426,0.0,1.0,7.489242510978895e-10,1.7295664718960213e-09,4.743186923619966e-09
BedSet_14_13.obj,BedSet_14,M,0.9936352043159937,0.005741273355557713,38.095242804679025,0.026167515068774353,0.9999999999997513,1.0,1.0,0.00682344535198684,0.8604699932907968,0.0,1.0,1.934108585570905e-09,2.4752151124862493e-09,5.13612539414678e-09
BedSet_14_14.obj,BedSet_14,M,0.9936352043158692,0.0057412733556822465,38.095242804679025,0.02616751506877292,0.9999999999997514,1.0,1.0,0.00682344535198218,0.8604699932895268,0.0,1.0,4.1606902838771633e-10,1.341782299178366e-09,4.743186923619966e-09
BedSet_14_15.obj,BedSet_14,M,0.993635204315807,0.005741273355744571,38.095242804679025,0.02616751506877221,0.9999999999997511,1.0,1.0,0.0068234453519798515,0.8604699932888917,0.0,1.0,1.3171436589397842e-09,2.230472904103323e-09,4.743186923619966e-09
BedSet_14_16.obj,BedSet_14,M,0.9936352043159316,0.005741273355620292,38.095242804679025,0.02616751506877364,0.9999999999997508,1.0,1.0,0.006823445351984509,0.8604699932901618,0.0,1.0,1.36588917772901e-09,2.2009596880422784e-09,4.743186923619966e-09
BedSet_14_17.obj,BedSet_14,M,0.9936352043165537,0.005741273354997991,38.095242804679025,0.026167515068780785,0.9999999999997504,1.0,1.0,0.00682344535200778,0.8604699932965062,0.0,1.0,1.8021492611041362e-09,2.495000056033435e-09,6.707879276254074e-09
BedSet_14_18.obj,BedSet_14,M,0.9936352043159321,0.005741273355619367,38.095242804679025,0.026167515068773645,0.9999999999997514,1.0,1.0,0.006823445351984531,0.8604699932901676,0.0,1.0,7.489242510978895e-10,1.7295664718960215e-09,4.743186923619966e-09
BedSet_14_19.obj,BedSet_14,M,0.9936352043159316,0.005741273355620049,38.095242804679025,0.02616751506877364,0.9999999999997519,0.9999999999999999,1.0,0.006823445351984509,0.8604699932901618,0.0,1.0,1.8508947798933617e-09,2.4590558661137677e-09,5.13612539414678e-09
BedSet_14_20.obj,BedSet_14,M,0.9943140152975058,0.005032213864018805,38.095242804679025,0.026167515068773645,0.9999999999997514,0.9567265459613702,0.9955707425280053,0.010216522884042133,1.265234297781583,0.7333285642652684,0.9965394520557946,4.6274994376780156e-10,1.4073990094241957e-09,4.743186923619966e-09
BedSet_14_21.obj,BedSet_14,M,0.993635204315931,0.005741273355620519,38.095242804679025,0.026167515068773628,0.9999999999997513,1.0,1.0,0.006823445351984487,0.860469993290156,0.0,1.0,1.8021492611041358e-09,2.495000056033435e-09,6.707879276254074e-09
BedSet_14_22.obj,BedSet_14,M,0.9936352043159316,0.005741273355620106,38.095242804679025,0.02616751506877364,0.9999999999997522,1.0,1.0,0.006823445351984509,0.8604699932901618,0.0,1.0,1.8508947798933617e-09,2.4590558661137673e-09,5.13612539414678e-09
BedSet_14_23.obj,BedSet_14,M,0.9936352043153087,0.005741273356242859,38.095242804679025,0.02616751506876648,0.9999999999997516,0.9999999999999999,1.0,0.006823445351961218,0.8604699932838116,0.0,1.0,1.655912704736459e-09,2.594363188375408e-09,6.707879276254074e-09
BedSet_14_24.obj,BedSet_14,M,0.9936352043165537,0.005741273354997731,38.095242804679025,0.026167515068780785,0.9999999999997504,1.0,1.0,0.006823445352007779,0.8604699932965062,0.0,1.0,1.8021492611041358e-09,2.495000056033435e-09,6.707879276254074e-09
BedSet_14_25.obj,BedSet_14,M,0.993635204315931,0.005741273355620788,38.095242804679025,0.026167515068773628,0.9999999999997502,1.0,1.0,0.0068234453519844885,0.860469993290156,0.0,1.0,1.8021492611041358e-09,2.495000056033435e-09,6.707879276254074e-09
BedSet_14_26.obj,BedSet_14,M,0.9939690172569862,0.005484508699318379,38.095242804679025,0.02616751506877364,0.9999999999997519,0.999999999999974,0.9999999999999974,0.0068214644771755414,0.8598602391410001,2.220446049250313e-15,0.9999999999999979,8.152352524971817e-10,1.789470500568397e-09,4.743186923619966e-09
BedSet_14_27.obj,BedSet_14,M,0.9963366304085733,0.0036214036205640568,113.27344050485426,0.008809514203242294,0.965606336331305,1.0,1.0,0.00273745104761901,0.8787163213931245,0.0,1.0,1.5596464600219602e-09,2.4199533577701177e-09,6.707879276254074e-09
BedSet_14_28.obj,BedSet_14,OB,0.3665961071640455,0.6321844741736734,18.34866971988767,0.042518777541828034,0.9990211218867682,0.851815063362473,0.8913416562422541,0.002444904300744427,0.7198648464572172,0.3814857100157297,0.9245720183025005,0.02715885037146433,0.0840073505072225,0.30408672398469627
BedSet_14_29.obj,BedSet_14,M,0.9998924732874518,2.252573795655146e-05,76.69176165126044,0.013036834258732085,0.7725299399854991,1.0,1.0,0.0065304950044426146,0.9724908469181908,0.0,1.0,1.1898096822851177e-09,2.238817124681915e-09,6.413175423358947e-09
BedSet_14_30.obj,BedSet_14,M,0.9998800764808962,3.166100589862933e-05,73.86119745328557,0.013536248950851735,0.7725299400549679,1.0,1.0,0.006777189185764534,0.9714516687248572,0.0,0.9999999999999998,0.00647372372449627,0.023191234098821217,0.08955317074663556
BedSet_14_31.obj,BedSet_14,M,0.9998863540727686,2.382867638452097e-05,74.63722923296316,0.013395560401923141,0.7728407513910177,1.0,1.0,0.006711154955214402,0.9717298322879214,0.0,1.0,1.40197465323985e-09,2.2356383210738226e-09,4.743186923619966e-09
BedSet_14_32.obj,BedSet_14,M,0.9998948640738766,2.202489285633746e-05,77.55884369352881,0.012891139015509704,0.7725299400163712,1.0,1.0,0.006458479376580285,0.9727942066068063,0.0,1.0,2.2045446613168897e-09,2.8746673631034607e-09,6.707879276254074e-09
BedSet_14_33.obj,BedSet_14,M,0.9998936716020214,2.229430006856303e-05,77.09602056786852,0.012968500192385045,0.7721722041199421,1.0,1.0,0.006494503166195529,0.9726424594662924,0.0,1.0,1.0067090762715195e-09,2.018744647225111e-09,4.743186923619966e-09
BedSet_14_34.obj,BedSet_14,M,0.993635169073452,0.005741305146198191,38.095142804636296,0.026167583327711946,0.9999999999997519,1.0,1.0,0.006823462012669643,0.8604696526049509,0.0,1.0,1.0330339550188368e-09,2.01591743436705e-09,4.743186923619966e-09
BedSet_14_35.obj,BedSet_14,M,0.9936351690733274,0.005741305146322879,38.095142804636296,0.026167583327710516,0.9999999999997514,1.0,1.0,0.006823462012664983,0.8604696526036809,0.0,1.0,4.1606902838771633e-10,1.3417822991783663e-09,4.743186923619966e-09
BedSet_14_36.obj,BedSet_14,M,0.9936351690732657,0.005741305146384489,38.095142804636296,0.026167583327709805,0.9999999999997514,1.0,1.0,0.0068234620126626745,0.8604696526030516,0.0,1.0,8.666063436637502e-10,1.8949085544215277e-09,4.743186923619966e-09
BedSet_14_37.obj,BedSet_14,M,0.9936351690731411,0.005741305146509172,38.095142804636296,0.026167583327708372,0.9999999999997514,1.0,1.0,0.00682346201265802,0.8604696526017815,0.0,1.0,1.0817794738080623e-09,1.9901847714356677e-09,4.743186923619966e-09
BedSet_14_38.obj,BedSet_14,M,0.9936351690730788,0.005741305146571382,38.095142804636296,0.026167583327707654,0.9999999999997511,0.9999999999999999,1.0,0.006823462012655689,0.8604696526011466,0.0,1.0,4.1606902838771633e-10,1.341782299178366e-09,4.743186923619966e-09
BedSet_14_39.obj,BedSet_14,M,0.9936351690732035,0.00574130514644696,38.095142804636296,0.02616758332770909,0.999999999999752,0.9999999999999999,1.0,0.006823462012660347,0.8604696526024166,0.0,1.0,1.2885891951379686e-09,2.4163633729857e-09,6.707879276254074e-09
BedSet_14_40.obj,BedSet_14,M,0.9936351690738257,0.0057413051458247285,38.095142804636296,0.026167583327716237,0.9999999999997511,1.0,1.0,0.006823462012683615,0.8604696526087611,0.0,1.0,1.0330339550188368e-09,2.01591743436705e-09,4.743186923619966e-09
BedSet_14_41.obj,BedSet_14,M,0.993635169073204,0.005741305146446477,38.095142804636296,0.02616758332770909,0.9999999999997525,1.0,1.0,0.006823462012660367,0.8604696526024224,0.0,1.0,9.153518624529759e-10,1.8718482717362553e-09,4.743186923619966e-09
BedSet_14_42.obj,BedSet_14,M,0.9936351690732035,0.005741305146446863,38.095142804636296,0.02616758332770909,0.999999999999753,1.0,1.0,0.0068234620126603465,0.8604696526024166,0.0,1.0,1.2885891951379686e-09,2.4163633729857e-09,6.707879276254074e-09
BedSet_14_43.obj,BedSet_14,M,0.9943139844327382,0.005032241179828331,38.095142804636296,0.02616758332770909,0.9999999999997525,0.956726536029191,0.995570729923238,0.010216547785145703,1.2652339419841043,0.7333285442136535,0.9965394422595579,8.098124015936526e-10,1.78473960791187e-09,4.743186923619966e-09
BedSet_14_44.obj,BedSet_14,M,0.9936351690732029,0.005741305146447574,38.095142804636296,0.02616758332770908,0.9999999999997522,1.0,1.0,0.006823462012660327,0.8604696526024108,0.0,1.0,1.11624776069638e-09,2.068760939814357e-09,4.743186923619966e-09
BedSet_14_45.obj,BedSet_14,M,0.9936351690732035,0.005741305146446793,38.095142804636296,0.02616758332770909,0.9999999999997514,1.0,1.0,0.006823462012660347,0.8604696526024166,0.0,1.0,1.2885891951379686e-09,2.4163633729857e-09,6.707879276254074e-09
BedSet_14_46.obj,BedSet_14,M,0.9936351690725805,0.005741305147069624,38.095142804636296,0.02616758332770193,0.9999999999997528,0.9999999999999999,1.0,0.006823462012637055,0.8604696525960664,0.0,1.0,5.824966397428028e-10,1.5567877534747554e-09,4.743186923619966e-09
BedSet_14_47.obj,BedSet_14,M,0.9936351690738257,0.005741305145824592,38.095142804636296,0.026167583327716237,0.9999999999997511,1.0,1.0,0.006823462012683615,0.8604696526087611,0.0,1.0,1.0330339550188368e-09,2.01591743436705e-09,4.743186923619966e-09
BedSet_14_48.obj,BedSet_14,M,0.9936351690732029,0.005741305146447401,38.095142804636296,0.02616758332770908,0.9999999999997513,1.0,1.0,0.006823462012660327,0.8604696526024108,0.0,1.0,1.11624776069638e-09,2.068760939814357e-09,4.743186923619966e-09
BedSet_14_49.obj,BedSet_14,M,0.9939689833957406,0.005484539492358923,38.095142804636296,0.02616758332770909,0.999999999999753,0.9999999999999427,0.9999999999999943,0.0068214811288700985,0.8598598970495767,3.9968028886505635e-15,0.9999999999999953,1.339288320954531e-09,2.363980689480322e-09,6.707879276254074e-09
BedSet_14_50.obj,BedSet_14,M,0.9963365796053998,0.0036214488894091347,113.25820172017616,0.00881069935736972,0.9656023340872087,1.0,1.0,0.0027374556702045813,0.8787161165876604,0.0,1.0,1.4673598056934026e-09,2.476999502357099e-09,6.707879276254074e-09
BedSet_14_51.obj,BedSet_14,CA,0.7374286472676264,0.2617330395019844,21.681096058865688,0.03887776555411841,0.30433765710321586,0.49855215978955375,0.6171234790684074,0.026219444277885,2.7046612624393154,0.4042603438656002,0.8023571495147417,0.04050772219630058,0.19126937828352145,0.005720627381984821
BedSet_14_52.obj,BedSet_14,CA,0.7374456387332583,0.26171633879595824,21.680930933394237,0.03887802549022099,0.30433905138653433,0.49854920259940366,0.6171209621068112,0.027038944582452956,2.752270348506058,0.39750760442780964,0.8023567393488887,0.05750672606312549,0.22376994400075725,0.5
BedSet_14_53.obj,BedSet_14,CA,0.674446698239329,0.3243647824340107,17.635065099899844,0.044609060562020325,0.29809809339779747,0.503376278966003,0.5395606256954413,0.030901402424462054,2.6266992795958632,0.394378227705021,0.7885875583166485,0.0566634978962471,0.22455749351190113,0.9934762544640918
BedSet_15_01.obj,BedSet_15,OB,0.9550548434566405,0.035962150086662495,6.76187607313874,0.14322269558132078,0.9997921393238011,1.0,1.0,0.003374752758838572,0.6521229299308964,0.0,1.0,6.413906516772034e-10,1.703424049313833e-09,4.743186923619966e-09
BedSet_15_02.obj,BedSet_15,OB,0.5195976672660524,0.47002425444109974,9.999999998593209,0.08164965809146388,0.9992255834238857,0.9700883984221943,0.958438717927556,0.022465389543764237,3.351171451585938,0.023662761108411284,0.9737251676194483,2.141526280797856e-09,2.743063070203441e-09,6.707879276254074e-09
BedSet_15_03.obj,BedSet_15,M,0.9997600899129434,6.751529315040649e-06,46.0056003605847,0.021726219224963456,0.7765033835246835,0.9998169406703507,0.9999948823842925,0.08022959863584185,3.384272779676509,0.5665855780027981,0.9999959806586993,0.0027315521866764694,0.010298448478902213,0.04155859543466674
BedSet_15_04.obj,BedSet_15,M,0.9997600890148756,6.7524138473448134e-06,46.0056003605847,0.021726219224964347,0.7765033836464958,0.9998178723720574,0.9999949080138871,0.08022959690267498,3.384272699432157,0.5665855832466042,0.9999960007878937,0.0027315526750342966,0.010298448286368191,0.041558595015289315
BedSet_15_05.obj,BedSet_15,M,0.9684281189047429,0.031333379974063255,70.00145172930326,0.014078631833856936,0.7332757891489988,0.7522719858388862,0.8017700293789156,0.03730537493648884,3.200981313577325,0.4026132039989051,0.900795851798586,0.006073010367653171,0.04603555824294772,0.04027215507561336
BedSet_15_06.obj,BedSet_15,M,0.9920767742565063,0.00782303711419261,71.67655283631942,0.013888764051850808,0.9662702481189313,0.9999995480044713,0.9999997681758342,0.02588992206936214,3.281653164524488,0.5495393547952145,0.9999998179280811,1.8687523455695765e-09,2.750930467638183e-09,6.707879276254074e-09
BedSet_15_07.obj,BedSet_15,M,0.9997601264575461,6.715104826506976e-06,46.0056003605847,0.021726219224963445,0.7764569256459206,0.9998090298189077,0.9999946647705639,0.08022961482160562,3.384273511594554,0.5665855466320374,0.9999958097473808,0.0027315528243657627,0.01029844829932939,0.041558595365832916
BedSet_15_08.obj,BedSet_15,CA,0.49729930598261013,0.5023676366361575,69.43559406790672,0.01142346480036297,0.7852692532447462,0.6546331905353476,0.534799166807822,0.04548921463412176,1.967657226605573,0.19857862451717628,0.7807036612004689,0.004584905645836453,0.03382249960121913,0.0392772606827964
BedSet_15_09.obj,BedSet_15,M,0.9997601060503867,6.7353883684389385e-06,46.0056003605847,0.02172621922496434,0.7764765412271065,0.9998174133090727,0.9999948953853905,0.08022959859671454,3.384272771373485,0.5665855808565119,0.9999959908696148,0.0027315518745699655,0.010298448498609681,0.041558595015289315
BedSet_15_10.obj,BedSet_15,M,0.9997600899766713,6.784817520919948e-06,46.0056003605847,0.021726219224964646,0.77645152706888,0.9998168100616185,0.9999948805869429,0.08022958979366054,3.384272374131527,0.566585862218572,0.9999959792470606,0.0027327799961513115,0.010303078321993451,0.041558595761536685
BedSet_15_11.obj,BedSet_15,M,0.9997600899129417,6.751529316545565e-06,46.0056003605847,0.021726219224963365,0.7765033835198405,0.999816940670685,0.9999948823843015,0.08022959863582665,3.3842727796758125,0.5665855780028484,0.9999959806587063,0.002731552120288478,0.01029844849180919,0.04155859540534819
BedSet_15_12.obj,BedSet_15,M,0.9997600899766448,6.784817547414064e-06,46.0056003605847,0.02172621922496434,0.776451527085025,0.9998168100638584,0.9999948805870041,0.08022958979361697,3.384272374129535,0.5665858622185374,0.9999959792471087,0.0027327803935892803,0.010303078152861824,0.041558595760812625
BedSet_15_13.obj,BedSet_15,M,0.9997600899129793,6.7515292790423005e-06,46.0056003605847,0.021726219224964646,0.7765033835579741,0.9998169406697196,0.9999948823842756,0.08022959863603726,3.384272779685461,0.5665855780026797,0.9999959806586861,0.00273155250495084,0.01029844839486029,0.0415585954333923
BedSet_15_14.obj,BedSet_15,M,0.9997600899766214,6.784817570828074e-06,46.0056003605847,0.021726219224961367,0.776451526897684,0.9998168100641736,0.9999948805870112,0.08022958979311416,3.384272374106486,0.5665858622187947,0.9999959792471145,0.002732779830780011,0.010303078408397852,0.04155859576145242
BedSet_15_15.obj,BedSet_15,CA,0.49720263068542897,0.502464314235569,69.43663119712872,0.011423357449461904,0.785255694591956,0.6546626315358246,0.5348540164688469,0.046867710915375956,2.004299534244876,0.19759667739527487,0.7807173156806424,0.004608114406513871,0.034406787342907925,0.03917955641531659
BedSet_15_16.obj,BedSet_15,M,0.9997601265247097,6.74838613170318e-06,46.0056003605847,0.021726219224963452,0.7764050691473259,0.9998088953114733,0.9999946628648105,0.0802296054134377,3.3842730800788674,0.5665858325619921,0.999995808250604,0.002732780730739332,0.01030307812605523,0.041558595751882955
BedSet_15_17.obj,BedSet_15,M,0.9997600899129292,6.751529329220639e-06,46.0056003605847,0.021726219224961367,0.7765033833867692,0.9998169406722744,0.9999948823843442,0.08022959863549087,3.384272779660416,0.5665855780030251,0.9999959806587396,0.002731551704228445,0.010298448649737514,0.04155859571382698
BedSet_15_18.obj,BedSet_15,M,0.9994743233247105,4.2572623303779533e-07,30.732872422087926,0.03250405341531075,0.7764969522589773,0.9999913306964066,0.9999994690253877,0.03961135309952921,3.3460875965439323,0.5666416584860215,0.9999995829749159,0.0023656739252548705,0.009633643780231906,0.04156896254938587
BedSet_15_19.obj,BedSet_15,M,0.9997600982054474,6.743357813535293e-06,46.0056003605847,0.021726219224963452,0.7765033835254732,0.9998085516833087,0.9999946516183238,0.0802296141586532,3.384273491587461,0.566585534167724,0.9999957994177657,0.002731551892273843,0.010298448545826507,0.04155859536455821
BedSet_15_20.obj,BedSet_15,M,0.9994644405324926,5.614907512035782e-07,30.558769252502923,0.03268884080296814,0.7764676619168195,1.0,1.0,0.010214414632956277,0.9368232177294004,0.0,1.0,0.0023816858153686924,0.009626954435007894,0.04057684004333968
BedSet_15_21.obj,BedSet_15,M,0.9997601265247543,6.748386087104579e-06,46.0056003605847,0.02172621922496434,0.7764050691391304,0.9998088953132126,0.9999946628648588,0.08022960541359238,3.384273080085947,0.5665858325619556,0.9999958082506418,0.0027327805088207067,0.01030307812257377,0.041558595761537385
BedSet_15_22.obj,BedSet_15,M,0.9997601061141158,6.768676535919373e-06,46.0056003605847,0.02172621922496434,0.7764246632297415,0.9998172824887895,0.9999948935823022,0.08022958972875062,3.3842723646454616,0.5665858651204368,0.9999959894534692,0.002732779461254524,0.010303078400346695,0.041558595760812625
BedSet_15_23.obj,BedSet_15,M,0.9997601749437921,6.700014319616457e-06,46.005600360596844,0.021726221352412086,0.7764874004658661,0.9998091488900563,0.9999946709025679,0.08022996670369233,3.384289631603654,0.5665857868177114,0.9999958145633654,0.0027327801387660292,0.010303078326901418,0.04155859576145242
BedSet_15_24.obj,BedSet_15,M,0.999714004040961,2.359762742138849e-07,41.66609052461308,0.023986519198530502,0.7764969522590391,0.9999900528660421,0.9999996020235685,0.02946082739409188,3.3763665529900524,0.5666440953565213,0.9999996874306852,0.0023656736895559362,0.00963364383817288,0.04156896231552735
BedSet_15_25.obj,BedSet_15,M,0.9997601748752107,6.666735855741193e-06,46.005600360596844,0.021726221352412086,0.7765392461985663,0.9998092853939748,0.9999946728624458,0.08022997639686119,3.3842900761888206,0.5665855001352218,0.9999958161026511,0.0027315525329579225,0.010298448430119438,0.0415585957151017
BedSet_15_26.obj,BedSet_15,M,0.9994743253656194,4.2196553557220195e-07,30.732872422087926,0.03250405341531075,0.7764969522590012,0.9999905984173076,0.9999994405461263,0.03961142447553824,3.3460941644561157,0.5666415154511062,0.9999995606073779,0.0023656751207541834,0.009633650580791787,0.0415690201315061
BedSet_15_27.obj,BedSet_15,M,0.999760089912953,6.75152930552227e-06,46.0056003605847,0.02172621922496434,0.776503383574095,0.9998169406719606,0.9999948823843369,0.0802295986359939,3.3842727796834793,0.5665855780027318,0.9999959806587342,0.0027315520036567966,0.010298448464177662,0.041558595014014606
BedSet_15_28.obj,BedSet_15,M,0.9998942378356763,1.326418444476798e-05,71.50139987594586,0.013983005321683934,0.7746083690166408,0.9999993784478671,0.9999990415988089,0.026005415651116238,3.4123470214255067,0.5664866976791212,0.9999992473344372,0.0011399289716850325,0.0067919022719521455,6.707879276254074e-09
BedSet_15_29.obj,BedSet_15,M,0.999714004274328,2.316619587706759e-07,41.66609052461308,0.023986519198530502,0.776496952259061,0.9999899622109034,0.9999996000325122,0.02946050849688955,3.3763267996657156,0.5666458046332339,0.9999996858668795,0.0023656746992249296,0.009633650655609205,0.04156901989764722
BedSet_15_30.obj,BedSet_15,M,0.9997600890782984,6.785702627848904e-06,46.0056003605847,0.021726219224964347,0.7764515271574303,0.9998177420451541,0.9999949062244257,0.08022958810384431,3.3842722958745526,0.5665858673191496,0.9999959993824501,0.0027327797377182748,0.010303078327090539,0.04155859576145297
BedSet_15_31.obj,BedSet_15,M,0.999760089976634,6.784817558354216e-06,46.0056003605847,0.021726219224963365,0.7764515270307579,0.9998168100625844,0.9999948805869686,0.08022958979344985,3.384272374121877,0.5665858622185641,0.999995979247081,0.00273277973531154,0.010303078386095399,0.04155859575425094
BedSet_15_32.obj,BedSet_15,M,0.9997600982724243,6.776639485897372e-06,46.0056003605847,0.021726219224963452,0.7764515270363909,0.9998084176647709,0.9999946497259392,0.08022960481567086,3.38427306306262,0.5665858199466349,0.9999957979314887,0.002732779336789181,0.010303078485331208,0.041558595751800056
BedSet_15_33.obj,BedSet_15,M,0.999760089912953,6.751529305408049e-06,46.0056003605847,0.02172621922496435,0.7765033835742922,0.9998169406719538,0.9999948823843366,0.08022959863599578,3.3842727796835628,0.5665855780027722,0.9999959806587341,0.002731552965067714,0.010298448209357484,0.041558595015289315
BedSet_15_34.obj,BedSet_15,M,0.9997601264575974,6.715104775281646e-06,46.0056003605847,0.02172621922496434,0.7764569256282229,0.9998090298202694,0.9999946647706016,0.08022961482176115,3.38427351160167,0.5665855466319609,0.9999958097474102,0.0027315525842882336,0.01029844831044721,0.041558595015289315
BedSet_15_35.obj,BedSet_15,M,0.9997601264575524,6.715104820093955e-06,46.0056003605847,0.021726219224963452,0.7764569256364012,0.9998090298185268,0.9999946647705532,0.08022961482160611,3.384273511594577,0.5665855466319994,0.9999958097473726,0.002731552868615981,0.010298448297304757,0.0415585954333923
BedSet_15_36.obj,BedSet_15,M,0.996053422119705,0.003893776384578603,100.98257788993855,0.009880166635961227,0.9668887630069929,0.9999988082396174,0.9999998990222368,0.002692461295362135,0.8746883620948851,2.220446049250313e-16,0.9999999206922596,6.599866378600452e-06,2.8734243474833458e-05,6.29102657801843e-05
BedSet_15_37.obj,BedSet_15,M,0.9920830352435335,0.007816855300039316,71.67655283631942,0.013888764051850808,0.9664582790838028,0.9999997730212885,0.9999998479286876,0.025889922068659938,3.2816527623764458,0.5495482164503318,0.9999998805646276,1.7575134977794648e-09,2.668378175954318e-09,6.707879276254074e-09
BedSet_15_38.obj,BedSet_15,M,0.9998942378356779,1.3264052829838413e-05,71.50139987594586,0.013983005321683934,0.7746078374862655,0.9999993778286358,0.9999990392263192,0.026005415651295893,3.41234702142402,0.5664863008640486,0.9999992454713923,0.0011399287879031415,0.006791902302770547,6.707879276254074e-09
BedSet_15_39.obj,BedSet_15,M,0.9961114215893335,0.0038365526584507228,101.73265566548169,0.009807646707722025,0.9668742978083266,0.9999976168145751,0.9999997995453099,0.002673842363126568,0.8755530063811294,7.850462293418876e-16,0.9999998425632918,1.2293757045047773e-05,4.8676766546381464e-05,0.00014171603058198536
BedSet_15_40.obj,BedSet_15,M,0.9997600899766356,6.784817556702188e-06,46.0056003605847,0.021726219224963456,0.7764515270355932,0.9998168100622493,0.9999948805869595,0.0802295897934651,3.384272374122575,0.5665858622185737,0.9999959792470736,0.00273277983859603,0.01030307836340694,0.04155859575652241
BedSet_15_41.obj,BedSet_15,M,0.9997600899766452,6.7848175470109115e-06,46.0056003605847,0.02172621922496435,0.7764515270852239,0.9998168100638525,0.999994880587004,0.08022958979361881,3.3842723741296195,0.5665858622185393,0.9999959792471085,0.0027327801347098494,0.010303078221710407,0.04155859576072668
BedSet_15_42.obj,BedSet_15,M,0.999760126524703,6.748386138415346e-06,46.0056003605847,0.021726219224963445,0.7764050691568513,0.9998088953118527,0.9999946628648205,0.08022960541343713,3.3842730800788448,0.5665858325619537,0.9999958082506122,0.002732780769594278,0.010303078106025597,0.04155859575652241
BedSet_15_43.obj,BedSet_15,OB,0.7905410985161139,0.20263095281238744,6.76187607313874,0.10839496804747123,0.9996467723140905,0.9940591030888036,0.9926511603330548,0.016013673667085396,2.5351729771738816,0.36497871467603804,0.9951643335896396,0.019990438114209967,0.1337882575745487,0.0021666379834918608
BedSet_15_44.obj,BedSet_15,CA,0.7348601036159224,0.002268540615516163,1.592662579025693,0.46950043140843783,0.6403806970823238,0.8791395448201303,0.7149955490800066,0.7622939661144083,2.0383541650419432,0.11412141884074352,0.8799652397439244,0.0009022049437247551,0.020254836689540694,0.001758051487977834
BedSet_15_45.obj,BedSet_15,CA,0.7348600804621784,0.002268130790455085,1.592662579025693,0.46950043140843783,0.6403788592310395,0.8791422501507711,0.7149970607931042,0.7622945948048154,2.03834990924091,0.11413575895626134,0.8799682522295671,0.0009055953391779544,0.020242117524313666,0.0017840963591697354
BedSet_15_46.obj,BedSet_15,CA,0.7348533331303844,0.0022659644918151425,1.5927086683199172,0.4694928346631596,0.640329359714655,0.8790740042806784,0.7149688973160748,0.7622958264944761,2.0383491983882522,0.11435133376397517,0.8799451678001677,0.0033704611462536367,0.053637254674234074,0.001766157482734306
BedSet_15_47.obj,BedSet_15,CA,0.7348533275020362,0.002266008507308205,1.5927086683199172,0.4694928346631596,0.6403275206394106,0.87907859172107,0.7149729424363761,0.7622964713641998,2.0383470591011217,0.11428705840353395,0.8799497011372545,0.0008997418870513146,0.020247223744052377,0.0017784787348668455
BedSet_16_01.obj,BedSet_16,OB,0.7374515927222715,0.2624878080871703,132.72999135094588,0.006669851585872586,0.9921355152397264,0.9886957092814879,0.9936531613315326,0.0019711722196752938,0.5829176449494204,0.6239128597295609,0.9950533080929962,8.079688832439695e-10,1.943855834012526e-09,4.743186923619966e-09
BedSet_16_02.obj,BedSet_16,OB,0.4142806568283179,0.054964981741838635,1.8292682906369988,0.39689720326981864,0.4741495252104595,0.7795016390231612,0.5029405920597089,0.5823838366440376,0.27664129546464283,0.050683794495567015,0.787705341315946,0.023271282927893756,0.149570050784797,6.707879276254074e-09
BedSet_16_03.obj,BedSet_16,OB,0.41425080570811335,0.054993959436415565,1.8292682906369988,0.3968864152813939,0.4741210132257069,0.7794571712391605,0.5029585359063562,0.5823802644843352,0.2766774097866157,0.0506763253806532,0.7876849312130245,0.0232712828916871,0.1495700511784754,6.707879276254074e-09
BedSet_16_04.obj,BedSet_16,OB,0.4142508057278067,0.05499395941759064,1.8292682906369988,0.39688641528204166,0.4741210132220445,0.7794571712286475,0.5029585359005255,0.5823802644864965,0.276677409756232,0.05067632536837316,0.7876849312079833,0.023271283373566407,0.14957005116453853,6.707879276254074e-09
BedSet_16_05.obj,BedSet_16,OB,0.526576378694823,0.47330117412112305,90.38018489597482,0.009115074378554296,0.9998903235878283,0.9995835636942885,0.99973477795714,0.004714103622921539,0.1847935070608737,0.00022545033145241603,0.9997917684109401,4.743186923619966e-10,1.4229560770859899e-09,4.743186923619966e-09
BedSet_16_06.obj,BedSet_16,OB,0.5527407898105925,0.44713580994231633,90.40306006775779,0.00912136076789864,0.9992176072456751,0.7602675035941973,0.8099135118981695,0.004719848181884704,0.18653820805069174,0.0005742843624040627,0.8790313041589048,1.2999095154956254e-09,2.1960789439979463e-09,4.743186923619966e-09
BedSet_16_07.obj,BedSet_16,OB,0.526576378694823,0.47330117412112305,90.38018489597482,0.009115074378554296,0.9998903235878283,0.9995835636942885,0.99973477795714,0.004714103622921539,0.1847935070608737,0.00022545033145241603,0.9997917684109401,4.743186923619966e-10,1.4229560770859899e-09,4.743186923619966e-09
BedSet_16_08.obj,BedSet_16,OB,0.5527407898105925,0.44713580994231633,90.40306006775779,0.00912136076789864,0.9992176072456751,0.7602675035941973,0.8099135118981695,0.004719848181884704,0.18653820805069174,0.0005742843624040627,0.8790313041589048,1.2999095154956254e-09,2.1960789439979463e-09,4.743186923619966e-09
BedSet_16_09.obj,BedSet_16,OB,0.9413172728855114,0.05354951402241877,19.150158521861787,0.051074689138156396,0.9999999999999826,0.9511936957271557,0.9870687509445405,0.0020944360493438206,0.657894653257743,1.1102230246251565e-16,0.9899966470745504,4.497980873902213e-10,1.4205145202349972e-09,4.743186923619966e-09
BedSet_16_10.obj,BedSet_16,OB,0.9695080163497243,0.028852432526202298,24.696619932434537,0.03985611451249824,0.9999999999999971,0.9999999999999993,0.9999999999999999,0.0021512135435836064,0.702678980180956,1.5700924586837752e-16,1.0,0.0,0.0,0.0
BedSet_16_11.obj,BedSet_16,OB,0.7710326209345266,0.2103100359782247,7.321079130643142,0.12228773832728243,0.9999999999999923,0.9999999999999998,1.0,0.004985446437959674,0.3527174501806792,1.5700924586837752e-16,0.9999999999999999,0.0,0.0,0.0
BedSet_16_12.obj,BedSet_16,OB,0.7122999098543378,0.26425692846041154,6.531183839899104,0.13371589002058334,0.999999999999991,1.0,1.0,0.0053778960693114004,0.30176397967248675,0.0,1.0,0.0,0.0,0.0
BedSet_16_13.obj,BedSet_16,OB,0.6286407098951285,0.34109918182043986,5.748635347801052,0.146933285291773,0.9999999999999905,1.0,1.0,0.005832776144444007,0.24270488866747103,0.0,1.0,0.0,0.0,0.0
BedSet_16_14.obj,BedSet_16,OB,0.7578549214463822,0.241789338337644,53.01924237677334,0.01692069278278558,0.9999999999999988,1.0,1.0,0.001693352465093623,0.34040855477422177,0.0,1.0,0.0,0.0,0.0
BedSet_16_15.obj,BedSet_16,OB,0.4471928833999175,0.5499425492919087,22.232216316903433,0.036825725451941835,0.9999999999981223,0.6206023279794758,0.6104023223500193,0.004778483112336349,0.8967741484696959,0.5154381914689216,0.7969515267297942,1.4555175192745914e-06,8.482625372821571e-06,4.743186923619966e-09
BedSet_16_16.obj,BedSet_16,OB,0.4471928833999175,0.5499425492919089,22.232216316903433,0.036825725451941835,0.9999999999980909,0.6206023279794757,0.6104023223500189,0.004778483112336349,0.896774148469696,0.5154381914689566,0.796951526729794,1.4551467779263506e-06,8.482688871931462e-06,4.743186923619966e-09
BedSet_16_17.obj,BedSet_16,OB,0.9818135052115559,0.01796592311809762,43.33142438711696,0.022579252905830335,0.865666216358595,0.995469410867183,0.9988330034854326,0.0030697589875957813,1.0668453558501327,0.7398192750660899,0.9990847019810494,0.007074138566606493,0.047299691814549516,6.707879276254074e-09
BedSet_16_18.obj,BedSet_16,OB,0.982370240837655,0.01743279166468502,53.0023819294088,0.018536723594549862,0.9926790102437713,0.9960590952389278,0.9990392071755059,33.652063847070686,2.284669434668758,0.6141505478862229,0.9992497238363274,9.060019966465103e-10,1.864536726733975e-09,4.743186923619966e-09
BedSet_16_19.obj,BedSet_16,OB,0.9817241847826872,0.018078924245791526,53.00238193073574,0.01853672359408595,0.9926790102457796,0.9859626718548627,0.9966581017668212,33.65152498592731,2.284624981895562,0.6243216623230777,0.9973876494121674,1.9092867354595098e-09,2.5939583555862814e-09,6.707879276254074e-09
BedSet_16_20.obj,BedSet_16,M,0.9984505279417109,0.0006196102752325667,31.998094637293836,0.031212809403075067,0.9999393851898242,0.9999999999999973,0.9999999999999999,3.7508934061519152,0.9248122796446301,1.5700924586837752e-16,1.0,9.486373847239932e-10,1.8972747694479863e-09,4.743186923619966e-09
BedSet_16_21.obj,BedSet_16,M,0.9984505279417111,0.000619707654938705,31.999770544903626,0.03121117630201718,0.9999393820153017,0.9999999999999971,0.9999999999999999,3.7508934061519734,0.9248122796446292,1.5700924586837752e-16,0.9999999999999998,9.486373847239932e-10,1.8972747694479863e-09,4.743186923619966e-09
BedSet_16_22.obj,BedSet_16,OB,0.9767189425429401,0.023133747106798632,69.99593240170495,0.014113478215403708,0.9230922224128533,0.894196861930394,0.9760885706083217,8.478882259026628,1.7179211547086857,0.7495601885030372,0.9817406574810947,7.1067886033984965e-06,2.851708765380871e-05,2.221451077928274e-05
BedSet_16_23.obj,BedSet_16,M,0.997500132103686,0.002409562963300395,100.79415522537171,0.009908528452110188,0.9918268913294495,1.0,1.0,2.357598329549751,0.9054825704954368,0.0,1.0,1.0163971979185642e-09,1.9462524590696346e-09,4.743186923619966e-09
BedSet_16_24.obj,BedSet_16,M,0.994237694388635,0.005626194904210691,61.00285708151742,0.016335165325862308,0.9148132619182415,0.9999723430180695,0.9998188971596674,8.499521959505236,1.6738923566238437,0.7698075826184063,0.9998591062951704,4.992828340652595e-10,1.4556470936782787e-09,4.743186923619966e-09
BedSet_16_25.obj,BedSet_16,M,0.9942377386893487,0.00562615033843912,61.00285708151742,0.016335167619813955,0.9148305455695983,0.9999761913054028,0.9998193098936092,8.49953548921984,1.673895956055494,0.769807615756912,0.999859430196524,4.992828340652595e-10,1.4556470936782787e-09,4.743186923619966e-09
BedSet_16_26.obj,BedSet_16,M,0.9979357083681404,0.001999776793198181,100.8047139974027,0.009907490176223553,0.9668700823316284,0.9995782277564919,0.9946789621691403,5.908241762672325,1.8655228146161942,0.5787519002186216,0.9974419069000038,1.1233863766468342e-09,2.016540260110959e-09,4.743186923619966e-09
BedSet_16_27.obj,BedSet_16,M,0.9975000273592302,0.002409667707756198,100.79415522537171,0.009908527942653025,0.9918268921291437,1.0,1.0,2.357595995331612,0.9054806839094797,0.0,1.0,1.0163971979185642e-09,1.9462524590696346e-09,4.743186923619966e-09
BedSet_16_28.obj,BedSet_16,OB,0.5178993399602042,0.47534428879548923,11.660900195091909,0.07018813709537255,0.9969238023977256,0.9924310041366486,0.989756283738872,10.275559700720919,2.4614764499387647,0.16772855759950253,0.9933033143640705,0.00026997884985423916,0.000512540378312028,0.0015910701190380368
BedSet_16_29.obj,BedSet_16,M,0.9971144775581768,0.0028042596736351484,81.33142900299363,0.012277011094358345,0.9971354111502199,0.9999999999999999,1.0,3.8822445251949405,0.8988357223913069,0.0,1.0,2.106672709624121e-09,2.6742694861492394e-09,6.707879276254074e-09
BedSet_16_30.obj,BedSet_16,M,0.9971142915532379,0.0028044456785741427,81.33142900299363,0.01227700997447951,0.9971354153427686,1.0,1.0,3.8822381957180188,0.8988326265954454,0.0,1.0,1.1077650940444484e-09,2.0559362824767787e-09,4.743186923619966e-09
BedSet_16_31.obj,BedSet_16,M,0.9971141055424366,0.0028046316893753703,81.33142900299363,0.012277008854565686,0.9971354195350433,1.0,1.0,3.882231866266258,0.8988295308118913,0.0,1.0,3.053267137281868e-09,2.521479744973048e-09,6.707879276254074e-09
BedSet_16_32.obj,BedSet_16,M,0.9979174928299415,0.0020213606278274227,100.79415522537171,0.009908528452110188,0.9668733895680326,0.9995727175363952,0.994654212495854,5.908198344406041,1.865505013216276,0.5758475547573679,0.9974191005251835,3.6986949202553574e-07,1.1504116757226927e-06,3.198511565699751e-06
BedSet_16_33.obj,BedSet_16,M,0.9971144775579556,0.00280425967385634,81.33142900299363,0.012277011094357013,0.9971354111502255,1.0,1.0,3.8822445251874114,0.898835722387624,0.0,1.0,2.376700854475598e-09,2.5734864340049244e-09,6.707879276254074e-09
BedSet_16_34.obj,BedSet_16,M,0.997114291553238,0.0028044456785739575,81.33142900299363,0.012277009974479511,0.9971354153427678,1.0,1.0,3.8822381957180245,0.8988326265954486,0.0,1.0,1.7843313768507182e-09,2.3830526593040493e-09,4.743186923619966e-09
BedSet_16_35.obj,BedSet_16,M,0.9971144775579556,0.002804259673856392,81.33142900299363,0.012277011094357013,0.997135411150225,0.9999999999999999,1.0,3.8822445251874105,0.898835722387624,0.0,1.0,2.376700854475598e-09,2.5734864340049244e-09,6.707879276254074e-09
BedSet_16_36.obj,BedSet_16,M,0.997114291553238,0.0028044456785739575,81.33142900299363,0.012277009974479511,0.9971354153427678,1.0,1.0,3.8822381957180245,0.8988326265954486,0.0,1.0,1.7843313768507182e-09,2.3830526593040493e-09,4.743186923619966e-09
BedSet_16_37.obj,BedSet_16,M,0.9971141055425253,0.0028046316892868335,81.33142900299363,0.01227700885456622,0.9971354195350414,1.0,1.0,3.882231866269277,0.8988295308133677,0.0,1.0,1.1077650940444484e-09,2.0559362824767787e-09,4.743186923619966e-09
BedSet_16_38.obj,BedSet_16,M,0.9971144775579776,0.002804259673834493,81.33142900299363,0.012277011094357146,0.9971354111502245,1.0,1.0,3.88224452518816,0.8988357223879907,0.0,1.0,1.2268373578404549e-09,2.3048626800509678e-09,6.707879276254074e-09
BedSet_16_39.obj,BedSet_16,M,0.9971141055425253,0.0028046316892867437,81.33142900299363,0.01227700885456622,0.9971354195350408,1.0,1.0,3.882231866269277,0.8988295308133677,0.0,1.0,1.1077650940444484e-09,2.0559362824767787e-09,4.743186923619966e-09
BedSet_16_40.obj,BedSet_16,M,0.997114291553238,0.0028044456785739575,81.33142900299363,0.012277009974479511,0.9971354153427684,1.0,1.0,3.8822381957180245,0.8988326265954486,0.0,1.0,1.7843313768507182e-09,2.3830526593040493e-09,4.743186923619966e-09
BedSet_16_41.obj,BedSet_16,M,0.997114291553238,0.0028044456785739575,81.33142900299363,0.012277009974479511,0.9971354153427678,1.0,1.0,3.8822381957180245,0.8988326265954486,0.0,1.0,1.7843313768507182e-09,2.3830526593040493e-09,4.743186923619966e-09
BedSet_16_42.obj,BedSet_16,M,0.9971144775579779,0.002804259673834187,81.33142900299363,0.012277011094357148,0.9971354111502242,0.9999999999999999,1.0,3.8822445251881668,0.8988357223879939,0.0,1.0,1.8017691061580267e-09,2.509613260080735e-09,6.707879276254074e-09
BedSet_16_43.obj,BedSet_16,OB,0.9639512888877744,0.03543593983000259,68.00305786219087,0.014570899389797063,0.9999689898110667,0.9999984521785222,0.9999997381712233,3.2310282634048253,0.7616657962656648,6.661338147750939e-16,0.999999794360223,2.3751795034688194e-09,2.515044537257028e-09,5.430829247041893e-09
BedSet_16_44.obj,BedSet_16,OB,0.7499813350603409,0.08999440822988239,2.499972253455543,0.33686382590979497,0.9992246413583107,0.9999999999999999,1.0,33.258044817884056,0.3333332224687675,0.0,1.0,1.2648498462986577e-09,2.097516178155673e-09,4.743186923619966e-09
BedSet_16_45.obj,BedSet_16,M,0.9993277048870863,0.00042272900418507855,65.99847864654,0.015143163237795194,0.9964864368945681,0.9965295525761433,0.9968707634385026,3.6768842650503735,1.2728086675132169,0.6981092486545994,0.9976238321438101,1.3213056626063696e-09,2.2210790866902798e-09,4.743186923619966e-09
BedSet_16_46.obj,BedSet_16,M,0.9984043667839739,0.0015148957347254231,100.79415522537171,0.009912908688819243,0.9918173477194814,1.0,1.0,2.3800957918551915,0.9236657024568288,0.0,0.9999999999999999,1.1279114273427861e-09,2.0862098073227002e-09,4.743186923619966e-09
BedSet_16_47.obj,BedSet_16,M,0.997114291553238,0.0028044456785739575,81.33142900299363,0.012277009974479511,0.9971354153427681,1.0,1.0,3.8822381957180245,0.8988326265954486,0.0,1.0,1.7843313768507182e-09,2.3830526593040493e-09,4.743186923619966e-09
BedSet_16_48.obj,BedSet_16,OB,0.9540625126313074,0.044168585404553616,49.297099934723846,0.019975952674174388,0.9652614970174244,0.899378486980041,0.9673216779389243,5.448211617024698,0.6774095870919421,0.5911065620472082,0.9757004582107038,1.7321924888451764e-09,2.4958735851058544e-09,6.707879276254074e-09
BedSet_16_49.obj,BedSet_16,OB,0.9540623956699453,0.044168702367567286,49.29709993472453,0.01997595267417411,0.9652614970174244,0.8993782924432038,0.9673216273093509,5.4482116170246995,0.6774095870919421,0.5911065620472082,0.9757004213542116,1.76475835320127e-09,2.586961724059652e-09,6.707879276254074e-09
BedSet_16_50.obj,BedSet_16,OB,0.9540624541197973,0.04416864200596879,49.29709993469505,0.019975952674185702,0.9652611285917362,0.8993799288780165,0.967322142794184,5.448211645726598,0.677408436457417,0.5911069474728995,0.9757007912861042,1.71721547959986e-09,2.6461539661349276e-09,6.707879276254074e-09
BedSet_16_51.obj,BedSet_16,OB,0.9540623371582297,0.04416875896918788,49.29709993469573,0.019975952674185424,0.9652611285917362,0.8993797343502888,0.967322092167165,5.448211645726598,0.6774084364574171,0.5911069474728989,0.975700754431432,8.912846079178973e-10,2.0270627151522257e-09,5.234360011778493e-09
BedSet_17_01.obj,BedSet_17,OB,0.2379072023757019,0.7371620815672223,6.022787137345561,0.11764273786476083,0.9771075912606758,0.9966116186573407,0.9852264972800493,0.017335293905977694,2.5362191254433752,0.33798679150580735,0.9914588098991762,8.077593954293227e-06,1.6939667310011768e-05,4.1856191050450085e-05
BedSet_17_02.obj,BedSet_17,OB,0.42177647084201425,0.5643295706844793,8.056489882921625,0.09805684436451592,0.996582142488436,0.9993001038846994,0.9776278960557728,0.023241849912132066,3.399548273058073,0.03254053290259483,0.9878836473024936,1.0221907208567242e-05,1.8127873373800054e-05,5.010119055583999e-05
BedSet_17_03.obj,BedSet_17,M,0.9986801561548095,0.0008303330754476343,39.830253372343094,0.02507904825397284,0.9374995468342635,0.9999999999999858,0.9999999999999949,0.0043149216952741,1.194301616196095,0.7404704504762718,0.9999999999999959,1.8021592313858046e-09,2.3283272364835006e-09,4.743186923619966e-09
BedSet_17_04.obj,BedSet_17,M,0.9998187584584166,0.0001284401993963148,98.30302753555536,0.010171200536229384,0.5656108597218382,0.9999999999999999,1.0,0.0029337817875120897,0.96730914156851,0.0,0.9999999999999998,5.928983654524958e-10,1.5686616277239938e-09,4.743186923619966e-09
BedSet_17_05.obj,BedSet_17,M,0.9998722289780564,8.463639573335022e-05,98.3030521680787,0.010171571586490347,0.5739644970422109,1.0,1.0,0.002940232852479816,0.9716355326950717,0.0,1.0,7.90531153936661e-10,1.7676813985337244e-09,4.743186923619966e-09
BedSet_17_06.obj,BedSet_17,M,0.9869603433189053,0.0072442537117223755,13.135849992424797,0.07542058189272192,0.9999999999998925,0.9999999999999997,1.0,0.008138184137429115,0.7950238625701287,1.5700924586837752e-16,0.9999999999999999,0.0,0.0,0.0
BedSet_17_07.obj,BedSet_17,M,0.9869603433189061,0.007244253711721421,13.135849992424797,0.07542058189272195,0.9999999999998921,1.0,1.0,0.008138184137429148,0.7950238625701355,0.0,1.0,0.0,0.0,0.0
BedSet_17_08.obj,BedSet_17,M,0.9972911974885929,0.0026535208273790523,134.49599967883768,0.007424910899710901,0.9999999999998626,1.0,1.0,0.0033671409031907026,0.9010572736720153,0.0,1.0,0.0,0.0,0.0
BedSet_17_09.obj,BedSet_17,OB,0.9095322178661323,0.08951512071887939,32.39893331333724,0.02954426877501316,0.9999999999999903,0.9999999999999989,0.9999999999999998,0.0030146720959355173,0.537540638583128,0.0,0.9999999999999997,0.0,0.0,0.0
BedSet_17_10.obj,BedSet_17,M,0.9843753654056665,0.015271823367369684,53.23886662531871,0.0186349900305311,0.9999999999999857,1.0,1.0,0.0026515720872846795,0.7777800874989192,0.0,1.0,0.0,0.0,0.0
BedSet_17_11.obj,BedSet_17,M,0.9843195010269835,0.015327687746052754,53.238866625326395,0.01863447772131597,0.9999999999999857,1.0,1.0,0.002651045975937428,0.7774273494830768,0.0,1.0,0.0,0.0,0.0
BedSet_17_12.obj,BedSet_17,M,0.9972911974885929,0.002653520827381724,134.49599968203938,0.007424910899534158,0.999999999999869,1.0,1.0,0.003367140903190702,0.9010572736720153,0.0,1.0,0.0,0.0,0.0
BedSet_17_13.obj,BedSet_17,M,0.9961375993462034,0.0021457781409989357,24.135849986087745,0.04131704938643681,0.9999999999999409,0.9999999999999993,1.0,0.004646198285171394,0.8829763787387728,0.0,1.0,0.0,0.0,0.0
BedSet_17_14.obj,BedSet_17,M,0.996137599346203,0.002145778140999218,24.135849986087745,0.0413170493864368,0.999999999999941,1.0,1.0,0.004646198285171384,0.8829763787387689,0.0,1.0,0.0,0.0,0.0
BedSet_17_15.obj,BedSet_17,M,0.9974788669549347,0.0014006294694813798,29.873999982697285,0.033413139843301715,0.9999999999999528,0.9999999999999989,1.0,0.0037964315136579615,0.9043794224152553,1.5700924586837752e-16,1.0,0.0,0.0,0.0
BedSet_17_16.obj,BedSet_17,M,0.9974788669550547,0.0014006294693612537,29.873999982697285,0.03341313984330372,0.9999999999999499,0.999999999999998,0.9999999999999999,0.003796431513662285,0.9043794224174243,1.5700924586837752e-16,1.0,0.0,0.0,0.0
BedSet_17_17.obj,BedSet_17,OB,0.9303196584895089,0.06882245596051419,34.14171426535998,0.028308286766541648,0.9999999999999911,0.9999999999999996,1.0,0.0031543886511681118,0.5823156076969881,1.5700924586837752e-16,1.0,0.0,0.0,0.0
BedSet_17_18.obj,BedSet_17,OB,0.9777412851180763,0.00951157648423557,8.857142851860196,0.11097750263574117,0.9999999999997309,0.9999999999999998,1.0,0.01337366931167059,0.7403508770976187,0.0,1.0,0.0,0.0,0.0
BedSet_17_19.obj,BedSet_17,OB,0.9777412851180785,0.009511576484233482,8.857142851860196,0.11097750263574127,0.9999999999997276,1.0,1.0,0.013373669311670673,0.7403508770976293,0.0,1.0,0.0,0.0,0.0
BedSet_17_20.obj,BedSet_17,OB,0.9777412851180785,0.009511576484233482,8.857142851860196,0.11097750263574127,0.9999999999997276,1.0,1.0,0.013373669311670673,0.7403508770976293,0.0,1.0,0.0,0.0,0.0
BedSet_17_21.obj,BedSet_17,OB,0.9777412851180785,0.009511576484233482,8.857142851860196,0.11097750263574127,0.9999999999997276,1.0,1.0,0.013373669311670673,0.7403508770976293,0.0,1.0,0.0,0.0,0.0
BedSet_17_22.obj,BedSet_17,OB,0.9777412851180785,0.009511576484233482,8.857142851860196,0.11097750263574127,0.9999999999997276,1.0,1.0,0.013373669311670673,0.7403508770976293,0.0,1.0,0.0,0.0,0.0
BedSet_17_23.obj,BedSet_17,OB,0.9777412851180763,0.00951157648423557,8.857142851860196,0.11097750263574117,0.9999999999997309,0.9999999999999998,1.0,0.01337366931167059,0.7403508770976187,0.0,1.0,0.0,0.0,0.0
BedSet_17_24.obj,BedSet_17,OB,0.9777412851180763,0.00951157648423557,8.857142851860196,0.11097750263574117,0.9999999999997309,0.9999999999999998,1.0,0.01337366931167059,0.7403508770976187,0.0,1.0,0.0,0.0,0.0
BedSet_17_25.obj,BedSet_17,OB,0.9777412851180763,0.00951157648423557,8.857142851860196,0.11097750263574117,0.9999999999997309,0.9999999999999998,1.0,0.01337366931167059,0.7403508770976187,0.0,1.0,0.0,0.0,0.0
BedSet_17_26.obj,BedSet_17,M,0.9974788669549346,0.0016632474950885048,34.14171426535998,0.02924032319776341,0.9999999999999476,0.9999999999999991,1.0,0.003796431513657962,0.9043794224152558,0.0,0.9999999999999998,0.0,0.0,0.0
BedSet_17_27.obj,BedSet_17,M,0.9993032440347951,0.00025079323456950035,45.499787019322056,0.0219645209302339,0.9999512624468749,1.0,1.0,2.789438998676694,0.9465243732682015,0.0,1.0,0.0,0.0,0.0
BedSet_17_28.obj,BedSet_17,OB,0.9540622896148073,0.044169076098253435,49.302261282939114,0.019973861107500008,0.9652550206311004,0.8993787376611265,0.9673217879763759,5.696750014701923,0.6774090100849451,0.5911067296085954,0.9757005356526973,1.19533505173969e-09,2.2173663898441588e-09,5.234360011778493e-09
BedSet_17_29.obj,BedSet_17,OB,0.36172844237424395,0.631513195301964,11.60517926527454,0.06713422364656073,0.9993997954616273,0.9999644303034365,0.9950770932072525,10.886361421530546,2.5389075893073314,0.27580459329897566,0.9972817408064532,0.00046063649857921177,0.0005970545941107098,0.001738196256895103
BedSet_17_30.obj,BedSet_17,M,0.9978748191687693,0.0020653234898781576,94.66436054623563,0.010551981818597017,0.9975228214558687,1.0,1.0,3.5126300346161985,0.9124577867210417,0.0,1.0,1.1498634966351433e-09,2.0326906897739616e-09,4.743186923619966e-09
BedSet_17_31.obj,BedSet_17,M,0.9978749561512341,0.0020651865074134347,94.66436054623563,0.01055198252963818,0.997522817336424,1.0,1.0,3.512634990195662,0.9124604847951888,0.0,1.0,1.0656666914537536e-09,2.078069297187597e-09,4.743186923619966e-09
BedSet_17_32.obj,BedSet_17,M,0.9978746821819406,0.0020654604767068115,94.66436054623563,0.010551981107533344,0.9975228255750467,1.0,1.0,3.5126250790525693,0.9124550886555158,0.0,1.0,1.3531325656125395e-09,2.2330593669590392e-09,4.743186923619966e-09
BedSet_17_33.obj,BedSet_17,OB,0.7499795933409921,0.08999419922870155,2.499972182339677,0.3368638226819921,0.9991137137814612,1.0,1.0,34.77522157725253,0.33333321741363525,0.0,0.9999999999999999,0.0,0.0,0.0
BedSet_17_34.obj,BedSet_17,M,0.9984042763111799,0.0015149803611539904,100.79404474735783,0.009912918559278292,0.9918110278564283,0.9999999999999999,1.0,2.4886718170458764,0.9236637023894105,0.0,1.0,7.326458503744555e-10,1.7924472349265022e-09,4.743186923619966e-09
BedSet_17_35.obj,BedSet_17,M,0.9978748191687182,0.0020653234899297127,94.66436054623563,0.01055198181859675,0.9975228214558703,1.0,1.0,3.512630034614346,0.9124577867200334,0.0,1.0,1.149863496635143e-09,2.0326906897739616e-09,4.743186923619966e-09
BedSet_17_36.obj,BedSet_17,M,0.9993276984535958,0.0004227290014621446,65.99847614336085,0.01514316322909,0.9964802239636897,0.9965295525758157,0.9968707634382932,3.84461763102446,1.2728086653808255,0.6981091372058021,0.9976238321436588,9.941581618702135e-10,1.9831914062374858e-09,4.743186923619966e-09
BedSet_17_37.obj,BedSet_17,M,0.997874819168599,0.0020653234900485954,94.66436054623563,0.01055198181859613,0.9975228214558737,1.0,1.0,3.512630034610035,0.9124577867176855,0.0,1.0,7.782008172949678e-10,1.8667931363309253e-09,4.743186923619966e-09
BedSet_17_38.obj,BedSet_17,OB,0.9710668083177924,0.028439988539403507,78.00356473084838,0.012730630002338417,0.9999690943412867,0.9999998374926239,0.9999999759308772,2.9909850264669013,0.7889979546507485,2.220446049250313e-16,0.9999999810961556,6.952260921521889e-10,1.8710024124413976e-09,5.234360011778493e-09
BedSet_17_39.obj,BedSet_17,M,0.9979175348084123,0.0020213129663874006,100.79404474709509,0.009908538717075858,0.9668636558047684,0.999572524846771,0.9946550598186914,6.177726809093924,1.8655073303351137,0.5758456925667458,0.9974190538261516,5.00297308604919e-06,1.116259518293094e-05,3.070431458596882e-05
BedSet_17_40.obj,BedSet_17,M,0.9978749561513534,0.0020651865072940736,94.66436054623563,0.0105519825296388,0.9975228173364207,1.0,1.0,3.5126349901999743,0.9124604847975367,0.0,1.0,9.640321569650554e-10,1.9603334700699716e-09,4.743186923619966e-09
BedSet_17_41.obj,BedSet_17,M,0.997874956151217,0.0020651865074303305,94.66436054623563,0.010551982529638093,0.9975228173364246,1.0,1.0,3.512634990195042,0.9124604847948518,0.0,1.0,1.1673012259424518e-09,2.184760292743682e-09,4.743186923619966e-09
BedSet_17_42.obj,BedSet_17,M,0.9978748191687693,0.0020653234898781576,94.66436054623563,0.010551981818597017,0.9975228214558681,1.0,1.0,3.5126300346161985,0.9124577867210417,0.0,1.0,1.1498634966351433e-09,2.0326906897739616e-09,4.743186923619966e-09
BedSet_17_43.obj,BedSet_17,M,0.9978746821817872,0.0020654604768601524,94.66436054623563,0.010551981107532546,0.9975228255750511,1.0,1.0,3.5126250790470173,0.9124550886524938,0.0,1.0,9.640321569650554e-10,1.9603334700699716e-09,4.743186923619966e-09
BedSet_17_44.obj,BedSet_17,M,0.9978749561511828,0.002065186507464392,94.66436054623563,0.010551982529637917,0.9975228173364259,1.0,1.0,3.51263499019381,0.9124604847941805,0.0,1.0,9.640321569650554e-10,1.9603334700699716e-09,4.743186923619966e-09
BedSet_17_45.obj,BedSet_17,M,0.9978748191687693,0.0020653234898781576,94.66436054623563,0.010551981818597017,0.9975228214558687,1.0,1.0,3.5126300346161985,0.9124577867210417,0.0,1.0,1.1498634966351433e-09,2.0326906897739616e-09,4.743186923619966e-09
BedSet_17_46.obj,BedSet_17,M,0.9978746821817701,0.002065460476877252,94.66436054623563,0.010551981107532457,0.9975228255750519,1.0,1.0,3.512625079046399,0.9124550886521567,0.0,1.0,1.5738393638972444e-09,2.527015650144969e-09,6.707879276254074e-09
BedSet_17_47.obj,BedSet_17,M,0.9978749561511828,0.002065186507464577,94.66436054623563,0.010551982529637917,0.9975228173364262,1.0,1.0,3.51263499019381,0.9124604847941805,0.0,1.0,9.640321569650554e-10,1.9603334700699716e-09,4.743186923619966e-09
BedSet_17_48.obj,BedSet_17,M,0.9978748191687693,0.0020653234898781576,94.66436054623563,0.010551981818597017,0.9975228214558695,1.0,1.0,3.5126300346161985,0.9124577867210417,0.0,1.0,1.1498634966351433e-09,2.0326906897739616e-09,4.743186923619966e-09
BedSet_17_49.obj,BedSet_17,OB,0.9540624065761655,0.04416895913570495,49.302261289369305,0.019973861104895973,0.9652550206310939,0.8993789322005955,0.9673218386065738,5.696750014701925,0.677409010084945,0.5911067296085948,0.9757005725096576,1.910597544470351e-09,2.958422314455575e-09,6.707879276254074e-09
BedSet_17_50.obj,BedSet_17,OB,0.954062241956204,0.04416912207860565,49.302261282993086,0.0199738611074788,0.9652550206309092,0.8993795383889382,0.9673219963710814,5.696750014696569,0.6774090100845963,0.5911067296088351,0.9757006873565608,1.4556167632043958e-09,2.6394769938367558e-09,6.707879276254074e-09
BedSet_17_51.obj,BedSet_17,OB,0.9540623589177551,0.0441690051158643,49.302261289423285,0.019973861104874768,0.9652550206309024,0.899379732915352,0.9673220469977906,5.69675001469657,0.6774090100845963,0.5911067296088364,0.9757007242109993,5.902900250090607e-10,1.592449014847116e-09,4.743186923619966e-09
BedSet_18_01.obj,BedSet_18,M,0.996649685788954,0.0031701922423588206,74.51035921737896,0.013397324234573512,0.9999999999999762,1.0,1.0,0.002317822538409325,0.890570206569757,0.0,1.0,0.0,0.0,0.0
BedSet_18_02.obj,BedSet_18,OB,0.7763420897853103,0.221854631987526,17.40683522732213,0.05177010663576615,0.988148141127999,0.9922542861344377,0.9889461169900654,0.00371629638201975,1.2247721052250273,0.1821797130349772,0.9939910314341803,2.023542709033036e-05,0.000135282133359025,6.707879276254074e-09
BedSet_18_03.obj,BedSet_18,M,0.9850617402249646,0.014671583815909928,59.99895456266915,0.016541583409688882,0.9999999999999215,0.9999999999999998,1.0,0.004612757143583583,0.7821782946426394,0.0,0.9999999999999999,0.10714285965478576,0.16940773020605146,0.5
BedSet_18_04.obj,BedSet_18,M,0.9969061915802454,0.0029275448088174256,74.51099148177744,0.013397201816915182,0.9999999999999762,1.0,1.0,0.0023177967885203874,0.8905499610231395,0.0,1.0,0.0,0.0,0.0
BedSet_18_05.obj,BedSet_18,M,0.9957092444082095,0.00314524151383915,28.386949881044426,0.03512417852087043,0.9999999999993885,1.0,1.0,0.009912554232047139,0.8723461041969022,0.0,1.0,0.0,0.0,0.0
BedSet_18_06.obj,BedSet_18,M,0.9957092444082095,0.003145241513839229,28.386949881044426,0.03512417852087043,0.9999999999993797,0.9999999999999998,1.0,0.009912554232047132,0.8723461041969012,0.0,1.0,2.576650548146519e-09,3.099886948211402e-09,6.707879276254074e-09
BedSet_18_07.obj,BedSet_18,M,0.9957086836900556,0.0031458022319931353,28.386949881044426,0.03512416791533689,0.9999999999993846,1.0,1.0,0.009912512893567559,0.8723382959227302,0.0,1.0,2.2172326523107686e-09,2.516503618460874e-09,5.234360011778493e-09
BedSet_18_08.obj,BedSet_18,M,0.9972520847723934,0.0014595540503487634,29.999477304628183,0.033282589851129286,0.9999999999998826,0.9999999999999998,1.0,0.004956007109211574,0.9147958635530757,0.0,1.0,9.877164219513052e-10,2.0533439534404984e-09,4.743186923619966e-09
BedSet_18_09.obj,BedSet_18,M,0.979219659141244,0.02023743866759638,58.06423865722715,0.01709259494532973,0.9999999999999151,0.9999999999999994,1.0,0.004612757143583581,0.7821782946426394,1.5700924586837752e-16,1.0,1.9706527145747343e-09,2.561629427729623e-09,6.707879276254074e-09
BedSet_18_10.obj,BedSet_18,M,0.9972133858878683,0.0009264695567528043,26.332875974857117,0.03789950798162828,0.9999999999998648,0.8698829014828693,0.9895039380532558,0.008395346521668826,1.3072484911395605,0.682103827920532,0.9918643560628598,5.100200993139749e-10,1.4693536552325192e-09,4.743186923619966e-09
BedSet_18_11.obj,BedSet_18,M,0.9970218203294733,0.0011620409902967,26.332875974857114,0.037899507981628285,0.9999999999998666,0.9159020469832139,0.9934938756088154,0.008397984773664217,1.3079120973752894,0.6815654645745425,0.9949366799291972,6.098340936893057e-10,1.6380971222977714e-09,4.743186923619966e-09
BedSet_18_12.obj,BedSet_18,OB,0.9828279615461344,0.007886918611428559,10.332483984789608,0.09554711757949588,0.9999999999996619,0.8541802029225283,0.970382542041742,0.01990515344125168,1.1735494513589755,0.5148709459312001,0.9776865668962749,4.927183671801708e-10,1.5023270722519185e-09,4.743186923619966e-09
BedSet_18_13.obj,BedSet_18,OB,0.9828646238115589,0.008265471338524151,10.333137323311698,0.09554122955834302,0.9999884082892118,0.8330983355553664,0.9635706191047343,0.01979683460613268,1.1623466853527362,0.6289408262350475,0.9726965981386867,0.015161720974884562,0.0856963472503341,0.00019847671125679457
BedSet_19_01.obj,BedSet_19,M,0.9947341909989476,0.005059928322977693,80.99999988812183,0.012321289682353099,0.9984567901231466,0.9655843614936193,0.9971709697493738,0.004848563287251389,1.2925212464877112,0.6396405789556582,0.9977871654424807,3.079035301046172e-09,2.6574532795238884e-09,6.707879276254074e-09
BedSet_19_02.obj,BedSet_19,M,0.9947341909989472,0.0050599283229780575,80.99999988812183,0.012321289682353099,0.9984567901231466,0.9655843614936175,0.9971709697493737,0.0048485632872513895,1.292521246487711,0.6396405789554739,0.9977871654424804,3.079035301046172e-09,2.6574532795238884e-09,6.707879276254074e-09
BedSet_19_03.obj,BedSet_19,M,0.9947341909986547,0.005059928323270393,80.99999988812183,0.0123212896823518,0.9984567901231463,0.9655843614935747,0.9971709697492935,0.004848563287243575,1.2925212464845992,0.6396405789526781,0.9977871654424179,1.929141609186111e-09,2.4907674404631354e-09,5.4308292470419e-09
BedSet_19_04.obj,BedSet_19,M,0.9947341909986547,0.005059928323270392,80.99999988812183,0.0123212896823518,0.9984567901231457,0.9655843614935711,0.9971709697492931,0.004848563287243572,1.2925212464845985,0.6396405789528742,0.9977871654424177,2.150367535498047e-09,2.441952068685654e-09,4.743186923619966e-09
BedSet_19_05.obj,BedSet_19,M,0.9947341909986547,0.005059928323270509,80.99999988812183,0.0123212896823518,0.998456790123147,0.9655843614935719,0.9971709697492934,0.004848563287243573,1.2925212464845992,0.6396405789528733,0.9977871654424177,1.2555494797817557e-09,2.092582466302926e-09,4.743186923619966e-09
BedSet_19_06.obj,BedSet_19,M,0.994734190998772,0.005059928323153227,80.99999988812183,0.012321289682352316,0.9984567901231465,0.9655843614935911,0.9971709697493256,0.0048485632872467,1.292521246485844,0.6396405789539336,0.997787165442443,2.150367535498047e-09,2.441952068685654e-09,4.743186923619966e-09
BedSet_19_07.obj,BedSet_19,M,0.994734190998889,0.005059928323036281,80.99999988812183,0.012321289682352838,0.9984567901231468,0.9655843614936089,0.9971709697493578,0.004848563287249825,1.292521246487088,0.6396405789548976,0.9977871654424679,1.7318510422374618e-09,2.367023542939574e-09,4.743186923619966e-09
BedSet_19_08.obj,BedSet_19,M,0.9947341909988364,0.005059928323088811,80.99999988812183,0.012321289682352604,0.9984567901231468,0.9655843614936027,0.9971709697493433,0.00484856328724842,1.2925212464865286,0.6396405789543704,0.9977871654424567,6.975274887676421e-10,1.6798686454606083e-09,4.743186923619966e-09
BedSet_19_09.obj,BedSet_19,M,0.9947341909988481,0.005059928323077079,80.99999988812183,0.012321289682352654,0.9984567901231473,0.965584361493603,0.9971709697493466,0.004848563287248731,1.2925212464866533,0.6396405789547773,0.9977871654424595,1.7318510422374616e-09,2.367023542939574e-09,4.743186923619966e-09
BedSet_19_10.obj,BedSet_19,M,0.9947341909987718,0.005059928323153454,80.99999988812183,0.012321289682352316,0.998456790123147,0.965584361493589,0.9971709697493253,0.004848563287246698,1.2925212464858438,0.6396405789539389,0.9977871654424428,2.150367535498047e-09,2.441952068685654e-09,4.743186923619966e-09
BedSet_19_11.obj,BedSet_19,M,0.9947341909989182,0.005059928323006878,80.99999988812183,0.012321289682352967,0.9984567901231471,0.9655843614936162,0.9971709697493659,0.004848563287250605,1.2925212464873992,0.6396405789551812,0.9977871654424745,2.347658102446696e-09,2.52964684945028e-09,5.4308292470419e-09
BedSet_19_12.obj,BedSet_19,M,0.9947341909989476,0.005059928322977577,80.99999988812183,0.012321289682353097,0.9984567901231475,0.9655843614936194,0.9971709697493739,0.004848563287251389,1.292521246487711,0.6396405789556582,0.9977871654424807,1.674065973042341e-09,2.266696042815041e-09,4.743186923619966e-09
BedSet_19_13.obj,BedSet_19,M,0.9947341909989473,0.005059928322977826,80.99999988812183,0.012321289682353099,0.9984567901231477,0.9655843614936178,0.9971709697493738,0.00484856328725139,1.2925212464877114,0.6396405789556574,0.9977871654424806,1.87135653999099e-09,2.4003820192377248e-09,4.743186923619966e-09
BedSet_19_14.obj,BedSet_19,M,0.9947341909989476,0.005059928322977577,80.99999988812183,0.012321289682353097,0.9984567901231469,0.9655843614936194,0.9971709697493739,0.004848563287251389,1.292521246487711,0.6396405789556582,0.9977871654424807,1.674065973042341e-09,2.266696042815041e-09,4.743186923619966e-09
BedSet_19_15.obj,BedSet_19,M,0.9947341909992402,0.005059928322685005,80.99999988812183,0.012321289682354398,0.9984567901231485,0.9655843614936629,0.9971709697494544,0.004848563287259199,1.2925212464908218,0.6396405789585579,0.9977871654425434,2.0686471069396394e-09,2.5115552134946883e-09,5.4308292470419e-09
BedSet_19_16.obj,BedSet_19,M,0.9828732366639307,0.004930371814326461,8.499999993932434,0.11605177062988957,0.9632352941124842,0.9593917599046394,0.9838390841035094,0.02478882724364337,1.0557923294282794,0.7414402975786297,0.9876986146189544,2.8246434222103484e-09,2.6673704627271517e-09,6.707879276254074e-09
BedSet_19_17.obj,BedSet_19,M,0.9979975196675305,0.0019094652281377272,99.49999985964513,0.010037080226586365,0.9999999999999463,0.9999999999999999,1.0,0.0026605088314586313,0.9043075294416317,0.0,1.0,2.875671715176239e-09,2.7347737970835825e-09,6.707879276254074e-09
BedSet_19_18.obj,BedSet_19,OB,0.9753846153798124,0.015000000001136,9.999999989523868,0.09826615860182404,0.9999999999991406,1.0,1.0,0.019174274282410253,0.7241379308957793,0.0,1.0,1.3531325656125395e-09,2.2330593669590392e-09,4.743186923619966e-09
BedSet_19_19.obj,BedSet_19,OB,0.9753846153798122,0.014999999999874607,9.999999988867938,0.09826615860820735,0.9999999999991401,1.0,1.0,0.019174274282410256,0.7241379308957793,0.0,1.0,2.1559940561908933e-09,2.3617731568456264e-09,4.743186923619966e-09
BedSet_19_20.obj,BedSet_19,OB,0.9753846153798122,0.01499999999899761,9.999999988411897,0.09826615861264543,0.9999999999991417,1.0,1.0,0.019174274282410256,0.7241379308957793,0.0,1.0,1.9876004458281144e-09,2.505140172220089e-09,5.529063864673607e-09
BedSet_19_21.obj,BedSet_19,M,0.9955069268197462,0.003993842825498375,42.999999885674406,0.023193180347826074,0.9999999999983348,0.9999999999999999,1.0,0.01208812943912926,0.8695652172897194,0.0,1.0,7.90531153936661e-10,1.7676813985337242e-09,4.743186923619966e-09
BedSet_19_22.obj,BedSet_19,M,0.995506926819578,0.003993842825666518,42.999999885674406,0.023193180347823972,0.9999999999983322,1.0,1.0,0.012088129439114508,0.8695652172874379,0.0,1.0,0.0,0.0,0.0
BedSet_19_23.obj,BedSet_19,M,0.9955069268196598,0.0039938428255847135,42.999999885674406,0.023193180347824995,0.9999999999983455,1.0,1.0,0.012088129439121678,0.8695652172885479,0.0,1.0,3.952655769683305e-10,1.3109476113472952e-09,4.743186923619966e-09
BedSet_19_24.obj,BedSet_19,M,0.9955069268197431,0.003993842825501402,42.999999885674406,0.023193180347826036,0.9999999999983338,1.0,1.0,0.012088129439128995,0.8695652172896783,0.0,1.0,7.90531153936661e-10,1.7676813985337242e-09,4.743186923619966e-09
BedSet_19_25.obj,BedSet_19,M,0.9955069268196598,0.0039938428255847135,42.999999885674406,0.023193180347824995,0.9999999999983455,0.9999999999999999,1.0,0.012088129439121681,0.8695652172885479,0.0,1.0,0.0,0.0,0.0
BedSet_19_26.obj,BedSet_19,M,0.9955069268197432,0.003993842825501398,42.999999885674406,0.023193180347826036,0.9999999999983338,0.9999999999999999,1.0,0.012088129439128991,0.8695652172896783,0.0,1.0,7.90531153936661e-10,1.7676813985337242e-09,4.743186923619966e-09
BedSet_19_27.obj,BedSet_19,M,0.9992698746142415,0.000395668167274393,52.999999947268805,0.01885860233947268,0.9999999999998889,0.9360284361018302,0.9978122535203123,0.003411373952227645,0.9509202453652872,8.881784197001252e-16,0.998286167238371,1.8232927495978273e-09,2.7784868164468894e-09,6.707879276254074e-09
BedSet_19_28.obj,BedSet_19,M,0.9994313185109569,0.0004434467816010339,100.99999985919351,0.009898564515178256,0.999999999999869,1.0,1.0,0.0026992358887412402,0.9611658419821595,0.0,1.0,1.1302268394852744e-09,2.0849563159469283e-09,4.743186923619966e-09
BedSet_19_29.obj,BedSet_19,M,0.9979975196675305,0.0019094652281377274,99.49999985964513,0.010037080226586365,0.9999999999999463,0.9999999999999999,1.0,0.0026605088314586313,0.9043075294416317,0.0,1.0,2.1723316988167614e-09,2.7257657592338305e-09,6.707879276254074e-09
BedSet_19_30.obj,BedSet_19,M,0.9961362588326553,0.0036788412757627407,79.49999988774637,0.01255282319248711,0.9999999999999307,1.0,1.0,0.003289446620642089,0.8811915955664495,0.0,1.0,5.174385734858145e-10,1.4787038913195061e-09,4.743186923619966e-09
BedSet_19_31.obj,BedSet_19,M,0.9931778247961304,0.006592455133006048,79.49999988774762,0.012552823192486913,0.9999999999999383,0.977439047930843,0.9981576722727317,0.004935265710669047,1.2906756451369337,0.7278701496078164,0.9985561770353684,9.77976685282467e-10,1.918928823140899e-09,4.743186923619966e-09
BedSet_19_32.obj,BedSet_19,M,0.9966176088418339,0.0008352070123559064,20.249999985543486,0.04926272749518172,0.9845679012323941,0.9116613524099169,0.989594370906506,0.01131271732257803,1.3323158546441962,0.7600733835237984,0.9919426262065839,1.2240342170911804e-09,2.435991891484675e-09,6.707879276254074e-09
BedSet_19_33.obj,BedSet_19,M,0.9818742816395084,0.006053474246002531,8.499999993932434,0.11605177062988957,0.9632352941124842,0.9793094217412444,0.9874503971583178,0.024791703134456475,1.0559706362526409,0.7379457576040843,0.9904349252225715,0.035294119589149374,0.14927738199582788,0.4000000016430867
BedSet_19_34.obj,BedSet_19,M,0.9966176088418339,0.000835207012355906,20.249999985543486,0.04926272749518172,0.9845679012323968,0.911661352409917,0.989594370906506,0.01131271732257803,1.3323158546441962,0.7600733835237998,0.9919426262065839,9.947429048524844e-10,2.2885721178590622e-09,6.707879276254074e-09
BedSet_19_35.obj,BedSet_19,M,0.9939079304700714,0.005877157756059902,80.99999988812183,0.012321289682353097,0.9999999999999323,1.0,1.0,0.00323249232631205,0.883499803887602,0.0,1.0,1.0647970644861148e-09,1.97907521939951e-09,4.743186923619966e-09
BedSet_20_01.obj,BedSet_20,OB,0.2951838035648425,0.6934658830612066,9.196693022098277,0.08299057364649641,0.9999999999999998,1.0,1.0,0.0014783096270397094,0.08723227656513653,0.0,1.0,0.10714285762199138,0.16940773149170352,0.5
BedSet_20_02.obj,BedSet_20,OB,0.924325595535036,0.07512068357664083,41.49999997019103,0.023104410093205904,0.9999999999999961,0.9999999999999998,1.0,0.0025006364852189268,0.5439933759374929,0.0,1.0,2.0408202985973805e-09,2.6615716419124654e-09,6.707879276254074e-09
BedSet_20_03.obj,BedSet_20,OB,0.93424898649483,0.0651753133974806,41.49999997019103,0.023104410093205904,0.999999999999993,0.9949913082771742,0.9982026933133589,0.0037509445501037308,0.9714400342091175,0.5346376845407511,0.9985984749331716,1.369739068502783e-09,2.3415626409210426e-09,6.707879276254074e-09
BedSet_20_04.obj,BedSet_20,CA,0.8114609485590593,0.16129729125657385,1.0603297838834955,0.5657470494689781,0.360769627843301,0.5802205735560552,0.38385638801456423,907.6265813440389,5.021973693574945,0.1234441005056095,0.7516091332115609,0.004422078945452947,0.010425413267096267,0.013257288265230488
BedSet_20_05.obj,BedSet_20,CA,0.8114609485590593,0.16129729125657385,1.0603297838834955,0.5657470494689781,0.3607696278432994,0.5802205735560547,0.38385638801456434,907.6265813440389,5.021973693574945,0.1234441005056095,0.7516091332115609,0.004422078945452947,0.010425413267096267,0.013257288265230488
BedSet_20_06.obj,BedSet_20,CA,0.8114609485590593,0.16129729125657385,1.0603297838834955,0.5657470494689781,0.3607696278432994,0.5802205735560547,0.38385638801456434,907.6265813440389,5.021973693574945,0.1234441005056095,0.7516091332115609,0.004422078923150783,0.010425413276556002,0.01325728826523002
BedSet_20_07.obj,BedSet_20,CA,0.47827737316371466,0.5105248829439886,5.864406541820075,0.13626799292513014,0.7722260532909088,0.8970760969453598,0.9298404696589537,2.8239967632624454,0.8638575145805288,0.6838416508923376,0.9491834971600678,1.0600402824763614e-09,2.0698900778154476e-09,4.743186923619966e-09
BedSet_20_08.obj,BedSet_20,OB,0.5227210632950556,0.44154447858052065,5.288133802733467,0.15363279833106805,0.9999997134022609,0.901850023362826,0.9348593994876301,2.754071523250129,0.7409069679698796,0.4045517516583887,0.952573519926636,8.692518255529687e-10,1.9349329968380614e-09,4.743186923619966e-09
Cabinet_01_01.obj,Cabinet_01,OB,0.7735041314287455,0.22587070353815603,39.99471995083845,0.022571147519914726,0.9999999999999664,1.0,1.0,0.003931227177127839,0.35509083355227905,0.0,1.0,6.324249231493289e-10,1.6123735120104226e-09,4.743186923619966e-09
Cabinet_01_02.obj,Cabinet_01,OB,0.7735041314287455,0.22587070353830116,39.99471995547891,0.022571147517297205,0.9999999999999664,1.0,1.0,0.003931227177127839,0.35509083355227894,0.0,1.0,3.238850624698801e-09,2.7400920394774578e-09,6.707879276254074e-09
Cabinet_01_03.obj,Cabinet_01,OB,0.7735041314287455,0.22587070353815605,39.99471995083913,0.022571147519914344,0.999999999999979,1.0,1.0,0.003931227177127839,0.355090833552279,0.0,1.0,2.606425701549472e-09,2.8644533842547753e-09,6.707879276254074e-09
Cabinet_01_04.obj,Cabinet_01,OB,0.7735041314287455,0.225870703538156,39.99471995083898,0.022571147519914427,0.9999999999999762,1.0,1.0,0.003931227177127839,0.35509083355227905,0.0,1.0,4.84238546030083e-09,2.5589840387153066e-09,6.707879276254074e-09
Cabinet_01_05.obj,Cabinet_01,M,0.9934265683723631,0.005948266594625517,39.99471995362293,0.024913789075681387,0.9999999999998795,1.0,1.0,0.005367020096543967,0.8500074934750528,0.0,1.0,6.324249231493289e-10,1.6123735120104226e-09,4.743186923619966e-09
Cabinet_01_06.obj,Cabinet_01,M,0.9626237586123436,0.03728730445609761,106.03736541483349,0.009258791542329415,0.9999999999999921,1.0,1.0,0.0018338991592959594,0.6759832341707102,0.0,1.0,1.7120417980489289e-09,2.4633395540796165e-09,5.82376771756872e-09
Cabinet_01_07.obj,Cabinet_01,M,0.9626237586123435,0.037287303507428766,106.03679988176346,0.009258840918620887,0.999999999999992,0.9999999999999994,0.9999999999999999,0.001833899159295959,0.6759832341707103,1.5700924586837752e-16,0.9999999999999998,1.7120417980489289e-09,2.4633395540796165e-09,5.82376771756872e-09
Cabinet_01_08.obj,Cabinet_01,OB,0.7735041314287455,0.22587070353830116,39.99471995547943,0.022571147517296906,0.9999999999999796,1.0,1.0,0.003931227177127839,0.355090833552279,0.0,1.0,3.238850624698801e-09,2.7400920394774578e-09,6.707879276254074e-09
Cabinet_01_09.obj,Cabinet_01,OB,0.7735041314287455,0.22587070353824165,39.99471995357703,0.022571147518369982,0.9999999999999796,1.0,1.0,0.003931227177127839,0.355090833552279,0.0,1.0,6.324249231493289e-10,1.6123735120104226e-09,4.743186923619966e-09
Cabinet_01_10.obj,Cabinet_01,M,0.9934265683723631,0.005948266594640034,39.99471995408719,0.02491378907539237,0.9999999999998795,1.0,1.0,0.005367020096543967,0.8500074934750528,0.0,1.0,0.0,0.0,0.0
Cabinet_01_11.obj,Cabinet_01,OB,0.7735041314287455,0.22587070353830108,39.99471995547891,0.022571147517297205,0.9999999999999664,1.0,1.0,0.003931227177127839,0.355090833552279,0.0,1.0,3.238850624698801e-09,2.7400920394774578e-09,6.707879276254074e-09
Cabinet_01_12.obj,Cabinet_01,OB,0.848620022136302,0.15136946258933598,308.38247894049465,0.0030220314776744743,0.9999999999999886,1.0,1.0,0.0016251670301206467,0.43980623700436355,0.0,1.0,0.0,0.0,0.0
Cabinet_01_13.obj,Cabinet_01,OB,0.9512364000738103,0.048660372651670745,124.47118383582962,0.007873986810212811,0.9999999999999913,0.9755510077266917,0.9937921550678384,0.0027907709885653144,1.0769632160545797,0.5810993348378599,0.9951599795626295,0.03834808315893337,0.09144542749249068,0.25000000000000355
Cabinet_01_14.obj,Cabinet_01,M,0.8824569753148307,0.11754302468494157,41897616159.8868,0.0,1.0,1.0,1.0,0.003554795645975431,0.48937463501499445,0.0,1.0,0.0,0.0,0.0
Cabinet_01_15.obj,Cabinet_01,M,0.8824576845731628,0.11754231542660953,41897742566.229996,0.0,1.0,1.0,1.0,0.0035547876592790365,0.48937578225668354,0.0,1.0,0.0,0.0,0.0
Cabinet_01_16.obj,Cabinet_01,OB,0.9512366753106464,0.04866009741482523,124.47118383582962,0.007873987518823386,0.9999999999999913,0.9755510146427512,0.9937921699349642,0.002790772062529596,1.076963807331252,0.5810997455062628,0.995159991069541,0.0383480825958701,0.09144542772861335,0.25000000000000017
Cabinet_01_17.obj,Cabinet_01,M,0.8824577275865788,0.11754227241319341,41897616159.8868,0.0,1.0,0.9999999999999999,1.0,0.0035547985502386325,0.48937585183204296,0.0,1.0,3.794549538895973e-09,1.8972747694479868e-09,4.743186923619966e-09
Cabinet_01_18.obj,Cabinet_01,M,0.8824584368403716,0.1175415631594006,41897742566.229996,0.0,1.0,1.0,1.0,0.003554790563529188,0.4893769990719355,0.0,1.0,0.0,0.0,0.0
Cabinet_02_01.obj,Cabinet_02,OB,0.5099999999828654,0.48000000000285037,9.999999981333342,0.08164965808770495,0.9999999999992015,0.9999999999999996,0.9999999999999998,0.020933075100620382,0.1764705881930761,1.5700924586837752e-16,0.9999999999999997,0.0,0.0,0.0
Cabinet_02_02.obj,Cabinet_02,OB,0.5100000000077762,0.47559999997978825,8.33333332099031,0.09783620167584865,0.9999999999993296,0.9999999999999992,0.9999999999999994,0.02093307510083948,0.1764705882053898,1.5700924586837752e-16,0.9999999999999994,0.0,0.0,0.0
Cabinet_02_03.obj,Cabinet_02,M,0.9982001836546832,0.0017171717171764142,109.9999998731064,0.009082364511463653,0.9999999999999682,1.0,1.0,0.0020689667251663673,0.9186046511437984,0.0,1.0,0.0,0.0,0.0
Cabinet_02_04.obj,Cabinet_02,M,0.9982001836546832,0.0017171717171764142,109.9999998731064,0.009082364511463653,0.9999999999999682,1.0,1.0,0.0020689667251663673,0.9186046511437984,0.0,1.0,0.0,0.0,0.0
Cabinet_02_05.obj,Cabinet_02,OB,0.834530307383392,0.1648233262229246,39.333320917250816,0.023543362842071706,0.9999999999999735,0.9999999999999999,1.0,0.004287498658420397,0.42168674697081565,0.0,1.0,0.0,0.0,0.0
Cabinet_02_06.obj,Cabinet_02,OB,0.834530307383392,0.16482332622277124,39.33332091258525,0.02354336284486278,0.9999999999999867,1.0,1.0,0.004287498658420397,0.42168674697081565,0.0,1.0,0.0,0.0,0.0
Cabinet_02_07.obj,Cabinet_02,OB,0.5099999999828654,0.48000000000285037,9.999999981333342,0.08164965808770495,0.9999999999991952,0.9999999999999996,0.9999999999999998,0.020933075100620382,0.1764705881930761,1.5700924586837752e-16,0.9999999999999997,0.0,0.0,0.0
Cabinet_02_08.obj,Cabinet_02,OB,0.5100000000077761,0.47559999997980396,8.333333320994806,0.09783620167579639,0.9999999999993279,0.9999999999999998,1.0,0.02093307510083948,0.1764705882053898,1.5700924586837752e-16,0.9999999999999999,0.0,0.0,0.0
Cabinet_02_09.obj,Cabinet_02,M,0.9982001836546832,0.0017171717171764142,109.9999998731064,0.009082364511463653,0.999999999999964,1.0,1.0,0.0020689667251663673,0.9186046511437984,0.0,1.0,0.0,0.0,0.0
Cabinet_02_10.obj,Cabinet_02,M,0.9982001836546832,0.0017171717171764142,109.9999998731064,0.009082364511463653,0.999999999999964,1.0,1.0,0.0020689667251663673,0.9186046511437984,0.0,1.0,0.0,0.0,0.0
Cabinet_02_11.obj,Cabinet_02,OB,0.9028473300178149,0.09655984954944666,39.33333329268629,0.02354335543873606,0.9999999999999702,0.9966086997692593,0.9984756489566046,0.0064309804667786455,0.8755466941636812,0.5910586498921387,0.9988059998994196,0.023648649433366663,0.07316353970482767,0.24999999999999994
Cabinet_02_12.obj,Cabinet_02,OB,0.9028473300178148,0.09655984954926959,39.33333328680749,0.023543355442252924,0.9999999999999736,0.9966086997692601,0.9984756489566013,0.006430980466778566,0.8755466941636559,0.5910586498915318,0.9988059998994174,0.023648651024797348,0.07316353919042957,0.2499999999999998
Cabinet_02_13.obj,Cabinet_02,OB,0.9028473300178148,0.09655984954930615,39.33333328802112,0.023543355441526897,0.9999999999999736,0.9966086997692601,0.9984756489566021,0.006430980466778583,0.875546694163661,0.591058649892081,0.9988059998994178,0.023648650677761857,0.07316353930260187,0.25000000000000006
Cabinet_02_14.obj,Cabinet_02,OB,0.917387810069134,0.0825887609921649,206.66666543539083,0.004651776415038626,0.9999999999998307,0.9917575758722441,0.9971978761434561,0.00669329887960974,0.9807044642841618,0.5538735673249477,0.9978066941939617,0.04545454643601533,0.09642365151731445,0.25000000000000006
Cabinet_02_15.obj,Cabinet_02,OB,0.9173878100707903,0.08258876099050862,206.66666543539083,0.0046517764150421585,0.999999999999829,0.9917575758722711,0.9971978761434893,0.006693298879624675,0.980704464287106,0.5538735673259101,0.9978066941939876,0.04545454623274627,0.09642365161313637,0.25000000000000017
Cabinet_02_16.obj,Cabinet_02,OB,0.9173878100707903,0.08258876099050863,206.66666543539083,0.0046517764150421585,0.9999999999998296,0.9917575758722711,0.9971978761434893,0.006693298879624675,0.980704464287106,0.5538735673259101,0.9978066941939876,0.04545454623274627,0.09642365161313637,0.25000000000000017
Cabinet_02_17.obj,Cabinet_02,OB,0.917387810069134,0.08258876099216488,206.66666543539083,0.004651776415038626,0.9999999999998307,0.9917575758722437,0.9971978761434561,0.00669329887960974,0.9807044642841618,0.5538735673249477,0.9978066941939616,0.04545454643601533,0.09642365151731445,0.25000000000000006
Cabinet_03_01.obj,Cabinet_03,M,0.9519609682865797,0.04686620379068615,29.199999988232477,0.03343378559424462,0.9999999999999962,1.0,1.0,0.0023476425036664836,0.6404494381869809,0.0,1.0,0.0,0.0,0.0
Cabinet_03_02.obj,Cabinet_03,M,0.9484935365423178,0.050248981439626084,28.19999998865096,0.0345609275935339,0.999999999999996,0.9999999999999993,0.9999999999999999,0.002415493443077351,0.6300578034529122,1.5700924586837752e-16,0.9999999999999999,0.0,0.0,0.0
Cabinet_03_03.obj,Cabinet_03,M,0.9484935365423178,0.050248981439626084,28.19999998865096,0.0345609275935339,0.999999999999996,0.9999999999999993,0.9999999999999999,0.002415493443077351,0.6300578034529122,1.5700924586837752e-16,0.9999999999999999,0.0,0.0,0.0
Cabinet_03_04.obj,Cabinet_03,M,0.9446366782006376,0.0540116782006955,27.199999989068335,0.03576450074953044,0.999999999999991,1.0,1.0,0.0024873831288816303,0.6190476190323174,0.0,1.0,0.0,0.0,0.0
Cabinet_03_05.obj,Cabinet_03,M,0.9446366782006376,0.055241673875393166,90.66666654055881,0.010735600059081219,0.9999999999999859,1.0,1.0,0.0024873831288816303,0.6190476190323175,0.0,1.0,0.0,0.0,0.0
Cabinet_03_06.obj,Cabinet_03,M,0.9446366782006376,0.05524167387539314,90.66666654055881,0.010735600059081219,0.9999999999999859,1.0,1.0,0.0024873831288816303,0.6190476190323175,0.0,1.0,0.0,0.0,0.0
Cabinet_03_07.obj,Cabinet_03,M,0.9446366782006376,0.05524167387539319,90.66666654055881,0.010735600059081219,0.999999999999978,1.0,1.0,0.0024873831288816303,0.6190476190323174,0.0,1.0,0.0,0.0,0.0
Cabinet_03_08.obj,Cabinet_03,M,0.9446366782006376,0.05524167387539315,90.66666654055881,0.010735600059081219,0.9999999999999819,0.9999999999999999,1.0,0.0024873831288816303,0.6190476190323175,0.0,1.0,0.0,0.0,0.0
Cabinet_03_09.obj,Cabinet_03,M,0.9446366782006375,0.055241673875393256,90.66666654055872,0.01073560005908123,0.9999999999999885,0.9999999999999997,1.0,0.0024873831288816325,0.6190476190323172,0.0,1.0,0.0,0.0,0.0
Cabinet_03_10.obj,Cabinet_03,M,0.9446366782006375,0.055241673875393256,90.66666654055872,0.01073560005908123,0.999999999999985,0.9999999999999997,1.0,0.0024873831288816325,0.6190476190323172,0.0,1.0,0.0,0.0,0.0
Cabinet_03_11.obj,Cabinet_03,M,0.9446366782006375,0.055241673875393256,90.66666654055872,0.01073560005908123,0.9999999999999868,0.9999999999999997,1.0,0.0024873831288816325,0.6190476190323172,0.0,1.0,0.0,0.0,0.0
Cabinet_03_12.obj,Cabinet_03,M,0.9446366782006375,0.055241673875393256,90.66666654055872,0.01073560005908123,0.9999999999999885,0.9999999999999997,1.0,0.0024873831288816325,0.6190476190323172,0.0,1.0,0.0,0.0,0.0
Cabinet_03_13.obj,Cabinet_03,M,0.9519609682865797,0.04686620379068615,29.199999988232477,0.03343378559424462,0.9999999999999962,1.0,1.0,0.0023476425036664836,0.6404494381869809,0.0,1.0,0.0,0.0,0.0
Cabinet_03_14.obj,Cabinet_03,M,0.9484935365423178,0.050248981439626084,28.19999998865096,0.0345609275935339,0.999999999999996,0.9999999999999993,0.9999999999999999,0.002415493443077351,0.6300578034529122,1.5700924586837752e-16,0.9999999999999999,0.0,0.0,0.0
Cabinet_03_15.obj,Cabinet_03,M,0.9484935365423178,0.050248981439626084,28.19999998865096,0.0345609275935339,0.999999999999996,0.9999999999999993,0.9999999999999999,0.002415493443077351,0.6300578034529122,1.5700924586837752e-16,0.9999999999999999,0.0,0.0,0.0
Cabinet_03_16.obj,Cabinet_03,M,0.9446366782006376,0.0540116782006955,27.199999989068335,0.03576450074953044,0.999999999999991,1.0,1.0,0.0024873831288816303,0.6190476190323174,0.0,1.0,0.0,0.0,0.0
Cabinet_03_17.obj,Cabinet_03,M,0.9446366782006376,0.055241673875393166,90.66666654055881,0.010735600059081219,0.9999999999999859,1.0,1.0,0.0024873831288816303,0.6190476190323175,0.0,1.0,0.0,0.0,0.0
Cabinet_03_18.obj,Cabinet_03,M,0.9446366782006376,0.05524167387539314,90.66666654055881,0.010735600059081219,0.9999999999999859,1.0,1.0,0.0024873831288816303,0.6190476190323175,0.0,1.0,0.0,0.0,0.0
Cabinet_03_19.obj,Cabinet_03,M,0.9446366782006376,0.05524167387539319,90.66666654055881,0.010735600059081219,0.999999999999978,1.0,1.0,0.0024873831288816303,0.6190476190323174,0.0,1.0,0.0,0.0,0.0
Cabinet_03_20.obj,Cabinet_03,M,0.9446366782006376,0.05524167387539315,90.66666654055881,0.010735600059081219,0.9999999999999819,0.9999999999999999,1.0,0.0024873831288816303,0.6190476190323175,0.0,1.0,0.0,0.0,0.0
Cabinet_03_21.obj,Cabinet_03,M,0.9446366782006375,0.055241673875393256,90.66666654055872,0.01073560005908123,0.9999999999999885,0.9999999999999997,1.0,0.0024873831288816325,0.6190476190323172,0.0,1.0,0.0,0.0,0.0
Cabinet_03_22.obj,Cabinet_03,M,0.9446366782006375,0.055241673875393256,90.66666654055872,0.01073560005908123,0.999999999999985,0.9999999999999997,1.0,0.0024873831288816325,0.6190476190323172,0.0,1.0,0.0,0.0,0.0
Cabinet_03_23.obj,Cabinet_03,M,0.9446366782006375,0.055241673875393256,90.66666654055872,0.01073560005908123,0.9999999999999868,0.9999999999999997,1.0,0.0024873831288816325,0.6190476190323172,0.0,1.0,0.0,0.0,0.0
Cabinet_03_24.obj,Cabinet_03,M,0.9446366782006375,0.055241673875393256,90.66666654055872,0.01073560005908123,0.9999999999999885,0.9999999999999997,1.0,0.0024873831288816325,0.6190476190323172,0.0,1.0,0.0,0.0,0.0
Cabinet_04_01.obj,Cabinet_04,OB,0.84861992120508,0.15136956352055744,308.3824789285673,0.00302203134542976,0.9999999999999888,0.9999999999999998,1.0,0.0016106154904510248,0.43980610256108127,0.0,1.0,0.0,0.0,0.0
Cabinet_04_02.obj,Cabinet_04,OB,0.8888602906899814,0.11051454469374955,39.994733284328255,0.023713230365992707,0.9999999999999846,1.0,1.0,0.004312516660396518,0.49995174517558094,0.0,1.0,0.0,0.0,0.0
Cabinet_04_03.obj,Cabinet_04,M,0.9934265727550092,0.005948262628822396,39.994733287548954,0.024913780829246772,0.9999999999998826,1.0,1.0,0.005318963335089463,0.8500075397270664,0.0,1.0,3.948001556800287e-09,2.9001656353954296e-09,6.707879276254074e-09
Cabinet_04_04.obj,Cabinet_04,OB,0.8888602906899815,0.11051454469383575,39.994733287087286,0.02371323036435777,0.9999999999999712,1.0,1.0,0.004312516660396518,0.49995174517558116,0.0,1.0,2.3444667211982577e-09,2.5499635871531423e-09,5.82376771756872e-09
Cabinet_04_05.obj,Cabinet_04,OB,0.8888602906899815,0.1105145446938933,39.99473328892716,0.023713230363267505,0.9999999999999781,1.0,1.0,0.004312516660396518,0.499951745175581,0.0,1.0,1.2648498462986577e-09,2.097516178155673e-09,4.743186923619966e-09
Cabinet_04_06.obj,Cabinet_04,M,0.9808685781265591,0.01904248399319341,106.03679987061628,0.009341343489399141,0.9999999999999913,0.9999999999999992,0.9999999999999999,0.0019053146196225744,0.7569807739091684,1.5700924586837752e-16,0.9999999999999998,6.324249231493289e-10,1.6123735120104226e-09,4.743186923619966e-09
Cabinet_04_07.obj,Cabinet_04,M,0.9808685781265591,0.019042483993193478,106.03679987061489,0.009341343489399263,0.9999999999999916,0.9999999999999992,0.9999999999999999,0.0019053146196225744,0.7569807739091684,1.5700924586837752e-16,0.9999999999999998,3.424083596097858e-09,2.5047772916674863e-09,6.707879276254074e-09
Cabinet_04_08.obj,Cabinet_04,M,0.9934265727550092,0.005948262628822396,39.994733287548954,0.024913780829246772,0.9999999999998826,1.0,1.0,0.005318963335089463,0.8500075397270664,0.0,1.0,3.948001556800287e-09,2.9001656353954296e-09,6.707879276254074e-09
Cabinet_04_09.obj,Cabinet_04,OB,0.8888602906899815,0.11051454469374954,39.99473328432773,0.023713230365993012,0.9999999999999715,1.0,1.0,0.004312516660396518,0.49995174517558094,0.0,1.0,0.0,0.0,0.0
Cabinet_04_10.obj,Cabinet_04,OB,0.8888602906899815,0.11051454469374951,39.99473328432814,0.023713230365992773,0.9999999999999711,1.0,1.0,0.004312516660396518,0.499951745175581,0.0,1.0,0.0,0.0,0.0
Cabinet_04_11.obj,Cabinet_04,OB,0.8888602906899815,0.11051454469389325,39.99473328892716,0.023713230363267505,0.9999999999999715,1.0,1.0,0.004312516660396518,0.4999517451755811,0.0,1.0,1.712041798048929e-09,2.463339554079617e-09,5.82376771756872e-09
Cabinet_04_12.obj,Cabinet_04,OB,0.8888602906899815,0.11051454469374956,39.994733284328255,0.023713230365992707,0.9999999999999715,1.0,1.0,0.004312516660396518,0.49995174517558094,0.0,1.0,6.324249231493289e-10,1.6123735120104226e-09,4.743186923619966e-09
Cabinet_05_01.obj,Cabinet_05,OB,0.9236645513603512,0.07562609952101719,37.54654528238467,0.02566333735726658,0.9999999999999952,1.0,1.0,0.0023998661721091165,0.5670435629349596,0.0,1.0,0.0,0.0,0.0
Cabinet_05_02.obj,Cabinet_05,OB,0.7902831973710167,0.20891108101512695,35.229582205681126,0.025799189918756463,0.9999999999999977,1.0,1.0,0.0019241564661985854,0.37179059408900844,0.0,1.0,0.0,0.0,0.0
Cabinet_05_03.obj,Cabinet_05,OB,0.7902831973710167,0.20933443301363835,51.139716091169454,0.01777588390027592,0.999999999999997,1.0,1.0,0.001924156466198585,0.37179059408900844,0.0,1.0,0.0,0.0,0.0
Cabinet_05_04.obj,Cabinet_05,OB,0.9359646951361936,0.06397800910452443,132.11093309025654,0.007337895584236891,0.9999999999999823,1.0,1.0,0.002238790586915439,0.5961029797778414,0.0,1.0,0.0,0.0,0.0
Cabinet_05_05.obj,Cabinet_05,OB,0.9359646951361936,0.06397800910452443,132.11093309025654,0.007337895584236891,0.9999999999999823,1.0,1.0,0.002238790586915439,0.5961029797778414,0.0,1.0,0.0,0.0,0.0
Cabinet_05_06.obj,Cabinet_05,OB,0.18863475390221562,0.8112242473725669,84.21557272846238,0.008822418908121013,0.9999999999999974,1.0,1.0,0.001475895803956697,0.05221171837960402,0.0,1.0,0.0,0.0,0.0
Cabinet_05_07.obj,Cabinet_05,OB,0.9236645513603512,0.0759491030224835,50.875888260219426,0.018942454072417958,0.9999999999999933,1.0,1.0,0.0023998661721091165,0.5670435629349596,0.0,1.0,0.0,0.0,0.0
Cabinet_06_01.obj,Cabinet_06,M,0.9850925320028824,0.012709518296795251,19.99999997565695,0.04955294307986914,0.9976633333320345,0.9998999999999639,0.9936981996857988,0.021788080868070346,1.4802542671630794,6.278361799532975e-10,0.9973965047211697,1.337334713927194e-09,2.5495503911409886e-09,6.707879276254074e-09
Cabinet_06_02.obj,Cabinet_06,M,0.9850925320024105,0.012709518297267052,19.99999997565695,0.04955294307990632,0.9976633333370255,0.9999000000002035,0.9936981996954424,0.021788080868119498,1.4802542671694516,1.2398619363114663e-09,0.997396504724338,1.2946748025669184e-09,2.493549649532937e-09,6.707879276254074e-09
Cabinet_06_03.obj,Cabinet_06,CA,0.43528423845546554,2.541614826304623e-05,1.035714284838527,0.5638472868248205,0.441401811292271,0.730090330184646,0.6016527081239917,3.1228107074632794,3.519576708259764,0.06352684675084432,0.8061342551565694,0.004442409413898535,0.01939541817390925,0.019334549842151008
Cabinet_06_05.obj,Cabinet_06,OB,0.4374818922632695,0.5607255122053543,22.569446050180744,0.035419246949224666,0.9802756624253669,0.9999979879293835,0.9985952172552308,0.012142376647669172,1.017418384529926,1.891352331268055e-07,0.9994184581824693,1.4572881660762623e-08,3.719936020762893e-08,1.1647906226789877e-07
Cabinet_06_06.obj,Cabinet_06,M,0.9780626673790874,0.02186923711609972,117.9999998564695,0.008382594949102566,0.9999471392795758,0.9999996125905779,0.9995824477454917,0.003609152081924022,1.448772446483145,2.7947006865767164e-10,0.9998270741016534,1.6945626960319799e-09,2.491290001819836e-09,6.707879276254074e-09
Cabinet_06_07.obj,Cabinet_06,M,0.9780626673790874,0.021869237116099706,117.9999998564695,0.008382594949102566,0.9999471392795751,0.9999996125905779,0.9995824477454917,0.003609152081924022,1.448772446483145,2.7947006865767164e-10,0.9998270741016534,1.6945626960319799e-09,2.491290001819836e-09,6.707879276254074e-09
Cabinet_06_08.obj,Cabinet_06,OB,0.9720843634430151,0.02757540279941042,51.111110971619446,0.01929109582415994,0.999454804148622,0.9999910006187142,0.9978925023564509,0.018216353583496894,1.4170402126115622,4.3667122698968906e-10,0.9991278072772547,1.320951464983278e-09,2.7079800278268637e-09,6.707879276254074e-09
Cabinet_06_09.obj,Cabinet_06,M,0.9995471641318451,0.0003863625062488904,114.49999986065151,0.008731210597376703,0.9979411935959571,0.9999825327510874,0.9987906649799073,0.004181200276557193,1.6821764062638964,9.305081179451528e-10,0.9994993278310232,0.06692198886269433,0.21436801424696272,0.5871974928707018
Cabinet_06_10.obj,Cabinet_06,M,0.9995471641318451,0.00038636250624870784,114.49999986065151,0.008731210597376703,0.997941193595957,0.9999825327510872,0.9987906649799074,0.004181200276557193,1.6821764062638966,9.305056715193775e-10,0.9994993278310232,0.01771653612440244,0.06966668631964607,0.12500000003875011
Cabinet_06_11.obj,Cabinet_06,OB,0.39453298807831944,0.6053598213199021,80.95238063886117,0.009710242928705298,0.9629160461984559,0.8805150234710412,0.9158042905813407,0.008050851799543608,0.7221292867754204,0.5581713287878362,0.9399438324742179,0.02092237392468885,0.07461344770106078,0.2662260171954088
Cabinet_06_12.obj,Cabinet_06,OB,0.391517442234386,0.6083754364060249,80.95238063889998,0.009710242928702423,0.9629160461978387,0.9536649979673694,0.969930617863245,0.00805085430532999,0.7221300655325864,0.47293090523449177,0.9771967842791711,0.03330406786052672,0.09340302655543102,0.3040867239846963
Cabinet_06_13.obj,Cabinet_06,OB,0.39353761970568596,0.6063553983706715,81.11111079705324,0.009698488114540016,0.9619855116617324,0.9517781990243289,0.9686570037321479,0.008042029160968193,0.7210970532294956,0.6567021966289911,0.9762657543947671,0.021945679050377673,0.0766061904130448,0.3040867239846937
Cabinet_06_14.obj,Cabinet_06,OB,0.3930417753733563,0.6068491350486445,81.1111107972589,0.0096984881145248,0.9619863041892793,0.9516365657829862,0.9685607262001565,0.008042030810106772,0.7210976684684738,0.5888938829772467,0.976195525464784,0.012295082770322305,0.05406108981027118,6.707879276254074e-09
Cabinet_06_15.obj,Cabinet_06,M,0.9851260674184565,0.012683574325576409,19.99999997565695,0.04955294307990632,0.9976633333319266,0.9998999999999592,0.9936981996857648,0.021788080868188543,1.4802542671732069,6.278647362804721e-10,0.9973965047211557,0.06658248997458337,0.2133030622178792,0.5728253722153824
Cabinet_06_16.obj,Cabinet_06,M,0.9851260674170749,0.01268357432695817,19.99999997565695,0.049552943079882894,0.9976633333330878,0.9999000000000147,0.9936981996833831,0.021788080868099274,1.4802542671660228,1.2057173325231817e-10,0.9973965047218488,0.06658248981068589,0.21330306167129873,0.5728253722161881
Cabinet_06_17.obj,Cabinet_06,M,0.9851260674169613,0.012683574327071727,19.99999997565695,0.04955294307986914,0.9976633333320345,0.999899999999964,0.9936981996857989,0.021788080868069867,1.4802542671630385,6.278361799532975e-10,0.9973965047211699,0.06658248966394731,0.21330306231490523,0.5728253722161423
Cabinet_07_01.obj,Cabinet_07,OB,0.06297599999192546,0.9369067354931366,92.34570365493838,0.007780413096376771,0.9999999999997201,1.0,1.0,0.006748285818610749,0.01626016259840475,0.0,1.0,0.0,0.0,0.0
Cabinet_07_02.obj,Cabinet_07,OB,0.04632568359564669,0.9535624842482314,94.56200054275477,0.0075656253747369675,0.9999999999997362,1.0,1.0,0.006561574353287032,0.011857707509620983,0.0,1.0,2.3444667211982577e-09,2.5499635871531428e-09,5.82376771756872e-09
Cabinet_07_03.obj,Cabinet_07,OB,0.04632568359564567,0.9535624842482324,94.56200054275477,0.0075656253747369675,0.9999999999997357,1.0,1.0,0.006561574353287035,0.011857707509620613,0.0,1.0,0.0,0.0,0.0
Cabinet_07_04.obj,Cabinet_07,OB,0.04632568360677753,0.9535624842371019,94.56200054330662,0.007565625374714369,0.9999999999997362,1.0,1.0,0.0065615743532676605,0.011857707512538222,0.0,1.0,0.0,0.0,0.0
Cabinet_07_05.obj,Cabinet_07,OB,0.04632568359564611,0.953562484248232,94.56200054275473,0.007565625374736969,0.9999999999997359,1.0,1.0,0.006561574353287035,0.011857707509620613,0.0,1.0,0.0,0.0,0.0
Cabinet_07_06.obj,Cabinet_07,OB,0.06297599999192546,0.9369067354931366,92.34570365493838,0.007780413096376771,0.9999999999997201,1.0,1.0,0.006748285818610749,0.01626016259840475,0.0,1.0,0.0,0.0,0.0
Cabinet_07_07.obj,Cabinet_07,OB,0.04632568359564669,0.9535624842482314,94.56200054275477,0.0075656253747369675,0.9999999999997362,1.0,1.0,0.006561574353287032,0.011857707509620983,0.0,1.0,2.3444667211982577e-09,2.5499635871531428e-09,5.82376771756872e-09
Cabinet_07_08.obj,Cabinet_07,OB,0.04632568359564567,0.9535624842482324,94.56200054275477,0.0075656253747369675,0.9999999999997359,1.0,1.0,0.006561574353287035,0.011857707509620613,0.0,1.0,0.0,0.0,0.0
Cabinet_07_09.obj,Cabinet_07,OB,0.04632568360677753,0.9535624842371019,94.56200054330662,0.007565625374714369,0.9999999999997362,1.0,1.0,0.0065615743532676605,0.011857707512538222,0.0,1.0,0.0,0.0,0.0
Cabinet_07_10.obj,Cabinet_07,OB,0.04632568359564611,0.953562484248232,94.56200054275473,0.007565625374736969,0.9999999999997359,1.0,1.0,0.0065615743532870365,0.011857707509620523,0.0,1.0,0.0,0.0,0.0
Cabinet_07_11.obj,Cabinet_07,OB,0.6713862631342717,0.32601728264838403,19.62499999036372,0.04416385931041107,0.9999999999999937,1.0,1.0,0.003360482411722859,0.2712550607196663,0.0,1.0,0.0,0.0,0.0
Cabinet_07_12.obj,Cabinet_07,OB,0.6415270396403838,0.35587650614200256,19.624999989345593,0.04367673815967867,0.9999999999999939,1.0,1.0,0.0033069289071609416,0.2509960159306121,0.0,1.0,0.0,0.0,0.0
Cabinet_07_13.obj,Cabinet_07,OB,0.9304756977713565,0.06902073100372566,44.56249997577732,0.021693663900881052,0.9999999999999981,0.9999999999999996,1.0,0.0018424842523864714,0.5826859045414099,1.5700924586837752e-16,1.0,0.0,0.0,0.0
Cabinet_07_14.obj,Cabinet_07,OB,0.9304756977713565,0.06902073100372566,44.56249997577732,0.021693663900881052,0.9999999999999981,0.9999999999999997,1.0,0.0018424842523864714,0.5826859045414099,1.5700924586837752e-16,1.0,0.0,0.0,0.0
Cabinet_07_15.obj,Cabinet_07,OB,0.5555555555579734,0.4412252904757439,17.624999991297454,0.04715600957686101,0.9999999999999875,1.0,1.0,0.0035320815136102614,0.19999999999434548,0.0,1.0,0.0,0.0,0.0
Cabinet_07_16.obj,Cabinet_07,OB,0.5555555555579735,0.4412252904757439,17.62499999129766,0.047156009576860454,0.9999999999999931,1.0,1.0,0.0035320815136102614,0.19999999999434548,0.0,1.0,0.0,0.0,0.0
Cabinet_07_17.obj,Cabinet_07,OB,0.5555555555579735,0.4412252904757439,17.62499999129766,0.047156009576860454,0.9999999999999931,1.0,1.0,0.0035320815136102614,0.19999999999434548,0.0,1.0,0.0,0.0,0.0
Cabinet_07_18.obj,Cabinet_07,OB,0.5555555555579734,0.44122529047574394,17.624999991297557,0.04715600957686073,0.9999999999999932,1.0,1.0,0.0035320815136102614,0.19999999999434548,0.0,1.0,0.0,0.0,0.0
Cabinet_07_19.obj,Cabinet_07,OB,0.5555555555579734,0.44122529047574394,17.62499999129761,0.04715600957686059,0.9999999999999932,1.0,1.0,0.0035320815136102614,0.19999999999434548,0.0,1.0,0.0,0.0,0.0
Cabinet_07_20.obj,Cabinet_07,OB,0.9272471279872763,0.07064504774428924,21.781249994388983,0.04428341540399395,0.9999999999999986,1.0,1.0,0.001875794702146093,0.5751412429289404,0.0,1.0,0.0,0.0,0.0
Cabinet_07_21.obj,Cabinet_07,OB,0.8363060379704812,0.1636841533785453,319.29738303312297,0.0029032432066902814,0.9999999999999867,1.0,1.0,0.0016956877542383445,0.4239019407497801,0.0,1.0,0.0,0.0,0.0
Cabinet_08_01.obj,Cabinet_08,M,0.9773727018097189,0.022569125251428672,131.11111092981176,0.007542050899511395,0.9999999999999852,0.9999999999999986,0.9999999999999999,0.0019061440722754656,0.7384898710721838,2.220446049250313e-16,1.0,0.0,0.0,0.0
Cabinet_08_02.obj,Cabinet_08,M,0.9773727018097189,0.022569125251428672,131.11111092981176,0.007542050899511395,0.9999999999999852,0.9999999999999986,0.9999999999999999,0.0019061440722754656,0.7384898710721838,2.220446049250313e-16,1.0,0.0,0.0,0.0
Cabinet_08_03.obj,Cabinet_08,OB,0.8643865894187723,0.135264759559132,53.5555554817295,0.017519171236752985,0.999999999999988,1.0,1.0,0.0039235641820961715,0.46171341924005055,0.0,1.0,0.0,0.0,0.0
Cabinet_08_04.obj,Cabinet_08,OB,0.8704298737974984,0.12922147518040591,53.555555481729286,0.017565958735748843,0.9999999999999707,1.0,1.0,0.003947506602734356,0.4706331044830203,0.0,1.0,0.0,0.0,0.0
Cabinet_08_05.obj,Cabinet_08,OB,0.87560475887185,0.12170503262598227,19.279999990163027,0.04885562222426377,0.9999999999999895,1.0,1.0,0.003968697205663271,0.4785276073443208,0.0,1.0,0.0,0.0,0.0
Cabinet_08_06.obj,Cabinet_08,OB,0.8202896263744051,0.17969799709114265,284.24999907807796,0.0032389895687236834,0.9999999999999902,0.9999999999999998,1.0,0.0015982647177958094,0.4045707226604695,0.0,1.0,0.0,0.0,0.0
Cabinet_09_01.obj,Cabinet_09,OB,0.9228392255891331,0.07705874400574285,98.9999998788481,0.009732041963730868,0.9999999999999926,1.0,1.0,0.0019039674713080992,0.5652167726313096,0.0,1.0,0.0,0.0,0.0
Cabinet_09_02.obj,Cabinet_09,OB,0.9228392255891331,0.07705874400574285,98.9999998788481,0.009732041963730868,0.9999999999999926,1.0,1.0,0.0019039674713080992,0.5652167726313096,0.0,1.0,0.0,0.0,0.0
Cabinet_09_03.obj,Cabinet_09,OB,0.7933876784368566,0.20633911618082804,60.49999992593936,0.015045671857644138,1.000000000000003,1.0,1.0,0.0027369527667137896,0.3749992187405963,0.0,1.0,1.712041798048929e-09,2.463339554079617e-09,5.82376771756872e-09
Cabinet_09_04.obj,Cabinet_09,OB,0.6508264462817369,0.3491480059922648,197.84445128985865,0.004351491130814346,0.999999999999994,1.0,1.0,0.0015292189226609552,0.257142857139449,0.0,1.0,0.0,0.0,0.0
Cabinet_09_05.obj,Cabinet_09,OB,0.08656092434112886,0.9121860409646955,28.24999996539803,0.025581857413773893,0.9999999999999771,1.0,1.0,0.0043593389328330815,0.022630785016080218,0.0,1.0,0.0,0.0,0.0
Cabinet_09_06.obj,Cabinet_09,OB,0.08656092434112886,0.9121860409646955,28.24999996539803,0.025581857413773893,0.9999999999999771,1.0,1.0,0.0043593389328330815,0.022630785016080218,0.0,1.0,0.0,0.0,0.0
Cabinet_09_07.obj,Cabinet_09,OB,0.08656092434112926,0.9121860409646951,28.2499999653978,0.0255818574137741,0.9999999999999769,1.0,1.0,0.0043593389328330815,0.022630785016080218,0.0,1.0,0.0,0.0,0.0
Cabinet_09_08.obj,Cabinet_09,OB,0.08656092434112926,0.9121860409646951,28.2499999653978,0.0255818574137741,0.9999999999999769,1.0,1.0,0.0043593389328330815,0.022630785016080218,0.0,1.0,0.0,0.0,0.0
Cabinet_09_09.obj,Cabinet_09,OB,0.08656092434112926,0.9121860409647313,28.249999965806225,0.02558185741340449,0.9999999999999838,1.0,1.0,0.0043593389328330815,0.022630785016080218,0.0,1.0,0.0,0.0,0.0
Cabinet_09_10.obj,Cabinet_09,OB,0.052389067269662755,0.9463578980361617,28.249999965397993,0.02535658628712552,0.9999999999999774,1.0,1.0,0.004320211018960959,0.013452005872199845,0.0,0.9999999999999999,0.0,0.0,0.0
Cabinet_09_11.obj,Cabinet_09,OB,0.08656092434112886,0.9121860409646954,28.249999965397993,0.025581857413773924,0.9999999999999769,1.0,1.0,0.004359338932833081,0.022630785016079964,0.0,1.0,0.0,0.0,0.0
Cabinet_09_12.obj,Cabinet_09,OB,0.9228392255891333,0.07675265279056548,49.499999970243316,0.019461319274022577,0.9999999999999969,0.9999999999999999,1.0,0.0019039674713080997,0.5652167726313096,0.0,0.9999999999999998,0.0,0.0,0.0
Cabinet_09_13.obj,Cabinet_09,OB,0.4987861226378756,0.5010696560092277,83.26935812318219,0.009801050705219477,0.9999999999999091,1.0,1.0,0.004991750887397606,0.170984455948788,0.0,1.0,0.0,0.0,0.0
Cabinet_09_14.obj,Cabinet_09,OB,0.055944647785797164,0.9439191992740972,85.70111801537377,0.00836843004960491,0.999999999999937,1.0,1.0,0.004201517322182664,0.014391625967221221,0.0,1.0,0.0,0.0,0.0
Cabinet_09_15.obj,Cabinet_09,OB,0.055944647785797164,0.9439191992740972,85.70111801537377,0.00836843004960491,0.999999999999937,0.9999999999999999,1.0,0.004201517322182663,0.014391625967221397,0.0,1.0,0.0,0.0,0.0
Cabinet_09_16.obj,Cabinet_09,OB,0.6442352494257165,0.35562052922138676,83.26935812318219,0.01031334424869079,0.9999999999998915,1.0,1.0,0.005340398654673694,0.2527716134561694,0.0,1.0,0.0,0.0,0.0
Cabinet_09_17.obj,Cabinet_09,OB,0.6442352494257165,0.35562052922138676,83.26935812318219,0.01031334424869079,0.9999999999998919,1.0,1.0,0.005340398654673694,0.2527716134561694,0.0,1.0,0.0,0.0,0.0
Cabinet_09_18.obj,Cabinet_09,OB,0.4987861226378756,0.5010696560092277,83.26935812318219,0.009801050705219477,0.999999999999909,1.0,1.0,0.004991750887397606,0.170984455948788,0.0,1.0,0.0,0.0,0.0
Cabinet_09_19.obj,Cabinet_09,OB,0.7718988854424731,0.22806821750618825,174.34982398239083,0.005175539241532187,0.9999999999999691,1.0,1.0,0.00275574348398183,0.35354691025831164,0.0,1.0,0.0,0.0,0.0
Cabinet_10_01.obj,Cabinet_10,OB,0.922839506172761,0.07705846342212176,98.99999988854131,0.009732043231360175,0.9999999999999966,1.0,1.0,0.0017142352184036916,0.5652173912945834,0.0,1.0,0.0,0.0,0.0
Cabinet_10_02.obj,Cabinet_10,OB,0.922839506172761,0.07705846342212176,98.99999988854131,0.009732043231360175,0.9999999999999966,1.0,1.0,0.0017142352184036916,0.5652173912945834,0.0,1.0,0.0,0.0,0.0
Cabinet_10_03.obj,Cabinet_10,OB,0.17355371901291247,0.825353459457906,30.24999996603656,0.02445351430500529,0.9999999999999968,1.0,1.0,0.0037549914307635937,0.04761904761868938,0.0,1.0,0.0,0.0,0.0
Cabinet_10_04.obj,Cabinet_10,OB,0.05239251311794053,0.9463544521879694,28.249999968204314,0.02535660870464886,0.9999999999999833,1.0,1.0,0.0038896996435306666,0.013452914797753054,0.0,1.0,0.0,0.0,0.0
Cabinet_10_05.obj,Cabinet_10,OB,0.052392513117941276,0.9463544521879688,28.249999968204374,0.025356608704648807,0.9999999999999836,1.0,1.0,0.0038896996435306675,0.013452914797753224,0.0,1.0,0.0,0.0,0.0
Cabinet_10_06.obj,Cabinet_10,OB,0.9169031132859552,0.08304583097336456,139.95154880074475,0.006865598475557145,0.9999999999999934,1.0,1.0,0.0017176297435891443,0.55247524751499,0.0,1.0,0.0,0.0,0.0
Cabinet_10_07.obj,Cabinet_10,OB,0.9169031132859552,0.08304583097336456,139.95154880074475,0.006865598475557145,0.9999999999999934,1.0,1.0,0.0017176297435891443,0.55247524751499,0.0,1.0,0.0,0.0,0.0
Cabinet_11_01.obj,Cabinet_11,OB,0.4177091218255602,0.5549484015105499,5.875019998061895,0.13391085960787782,0.999999638847561,0.9999999945199487,0.9999999945379765,0.009180945862295037,0.517189212680197,0.6282631895095886,0.9999999957101375,0.007865805873523856,0.017238142180926435,0.039918586680378135
Cabinet_11_02.obj,Cabinet_11,OB,0.3792248624722163,0.5906882683550071,5.875019997612678,0.1339108596179334,0.9999996388475622,0.8651167036582563,0.9030459126261722,0.011023667214003328,0.718866936183614,0.6087374080473734,0.9318159840022066,0.007462431321650136,0.01687972286728037,0.037323349909813286
Cabinet_11_03.obj,Cabinet_11,OB,0.4177091231649227,0.5549483928879494,5.875019997747402,0.1339108596149176,0.9999996388475564,0.9999999999999966,0.9999999999999981,0.007344756674010428,0.13549548170682252,0.0,0.9999999999999983,2.4900681742594145e-09,3.0998130503409903e-09,7.009391569304473e-09
Cabinet_11_04.obj,Cabinet_11,OB,0.41770912048629816,0.5549484101301312,5.875019998061883,0.13391085960787813,0.9999996388475588,1.0,1.0,0.007344756705658893,0.13549547798168332,0.0,1.0,0.015731609916521748,0.021692518043913568,0.06122453873741858
Cabinet_11_05.obj,Cabinet_11,OB,0.41379945605108753,0.5580797277968901,5.875019997612678,0.1339108596179334,0.9999996388475616,0.9999999940475214,0.9999999939372181,0.009188793551276584,0.518401336090775,0.6282534699440112,0.9999999952383037,0.00487871666345914,0.012277824256406843,0.026832942086380415
Cabinet_11_06.obj,Cabinet_11,OB,0.4137994549957625,0.5580797374560149,5.875019997612626,0.1339108596179345,0.9999996388475582,0.9999999999999998,1.0,0.007351034859667592,0.1347565164683678,0.0,1.0,0.009757429332617003,0.01593380870846615,0.037566120419793424
Cabinet_11_07.obj,Cabinet_11,OB,0.4173036234688507,0.5550203022234018,5.875019997612704,0.13391085961793278,0.9999996388475647,0.8727060030366378,0.9091861272798671,0.011021272126858408,0.7182885712106519,0.6020116715550032,0.9357031124966174,0.004599932512070752,0.011975531664185805,0.026832937154390564
Cabinet_11_08.obj,Cabinet_11,OB,0.9448389082502163,0.05491968179486242,37.37481776274483,0.026422200065879503,0.9999999999999584,0.9916291042096821,0.9983153721135885,0.003535591249550018,1.4354164170164034,0.6310349824699871,0.9986845394203069,0.08602646950438093,0.1974868904483748,0.42881640466611926
Cabinet_12_01.obj,Cabinet_12,OB,0.15972782405013003,0.8224945166880977,7.500024996910856,0.09781570961001494,0.9999999999999887,1.0,0.9999999999999999,0.005389219512586193,0.0434799243816547,1.1102230246251565e-16,1.0,0.0,0.0,0.0
Cabinet_12_02.obj,Cabinet_12,OB,0.9550497071998401,0.04415118181107899,35.37499998611316,0.02764329055840388,0.999999999999998,1.0,1.0,0.00180688326653492,0.6501448103983056,0.0,1.0,0.0,0.0,0.0
Cabinet_12_03.obj,Cabinet_12,OB,0.9550497071998401,0.04415118181107899,35.37499998611316,0.02764329055840388,0.9999999999999981,1.0,1.0,0.00180688326653492,0.6501448103983056,0.0,1.0,0.0,0.0,0.0
Cabinet_12_04.obj,Cabinet_12,OB,0.15972782405013083,0.8224945166880966,7.500024996910786,0.09781570961001584,0.9999999999999846,1.0,0.9999999999999999,0.005389219512586191,0.04347992438165499,1.1102230246251565e-16,1.0,0.0,0.0,0.0
Cabinet_12_05.obj,Cabinet_12,OB,0.5775028166554123,0.404719524084193,7.500024997201363,0.11110013879307706,0.9999999999999841,1.0,1.0,0.006260202724744126,0.21212280378098314,0.0,1.0,0.0,0.0,0.0
Cabinet_12_06.obj,Cabinet_12,OB,0.5775028166554123,0.4047195240841927,7.500024997201363,0.11110013879307706,0.9999999999999841,1.0,1.0,0.006260202724744126,0.21212280378098303,0.0,1.0,0.0,0.0,0.0
Cabinet_12_07.obj,Cabinet_12,OB,0.5775028166554124,0.4047195240841926,7.500024997201363,0.11110013879307706,0.9999999999999841,1.0,1.0,0.006260202724744126,0.21212280378098314,0.0,1.0,0.0,0.0,0.0
Cabinet_13_01.obj,Cabinet_13,M,0.9790786452553581,0.020848230564295543,113.99999984584755,0.008679333379038407,0.9999999999999909,0.9462268380209904,0.9896319840907635,0.0027952959389761947,1.1541096835550138,0.7022159610447796,0.991955520880857,0.09739725608644992,0.1358958300777814,0.3040867239846965
Cabinet_13_02.obj,Cabinet_13,OB,0.805455994895468,0.1938265306144574,37.33333329169144,0.024500320762488773,0.9999999999999708,1.0,1.0,0.0045263716895907686,0.3878562577248323,0.0,1.0,1.2648498462986577e-09,2.097516178155673e-09,4.743186923619966e-09
Cabinet_13_03.obj,Cabinet_13,OB,0.805455994895468,0.19382653061428276,37.33333328714586,0.024500320765470054,0.9999999999999706,1.0,1.0,0.0045263716895907686,0.3878562577248323,0.0,1.0,2.529699692597315e-09,2.366317385281628e-09,4.743186923619966e-09
Cabinet_13_04.obj,Cabinet_13,OB,0.805455994895468,0.1938265306144574,37.33333329169176,0.02450032076248856,0.9999999999999706,1.0,1.0,0.0045263716895907686,0.38785625772483234,0.0,1.0,1.2648498462986577e-09,2.097516178155673e-09,4.743186923619966e-09
Cabinet_13_05.obj,Cabinet_13,OB,0.8839440172303629,0.11605459418009816,838.5799922543144,0.0011280377453610619,0.9999999999999684,0.887895742336686,0.9506329250024772,0.0024328516102851104,0.9269501177695402,0.5245338422344807,0.9633804524636412,0.08108979518345662,0.13447220767914767,0.3040867239847082
Cabinet_13_06.obj,Cabinet_13,OB,0.805455994895468,0.1938265306143177,37.33333328805463,0.024500320764874024,0.9999999999999706,1.0,1.0,0.0045263716895907686,0.3878562577248322,0.0,1.0,2.5296996925973154e-09,2.3663173852816285e-09,4.743186923619966e-09
Cabinet_13_07.obj,Cabinet_13,OB,0.805455994895468,0.1938265306141779,37.3333332844175,0.02450032076725949,0.9999999999999569,1.0,1.0,0.0045263716895907686,0.3878562577248323,0.0,1.0,1.2648498462986577e-09,2.097516178155673e-09,4.743186923619966e-09
Cabinet_13_08.obj,Cabinet_13,M,0.9790786452553581,0.020848230564295543,113.99999984584755,0.008679333379038407,0.9999999999999909,0.9462268380209904,0.9896319840907635,0.0027952959389761947,1.1541096835550138,0.7022159610447796,0.991955520880857,0.09739725608644992,0.1358958300777814,0.3040867239846965
Cabinet_13_09.obj,Cabinet_13,OB,0.805455994895468,0.19382653061428276,37.333333287146125,0.024500320765469884,0.9999999999999845,1.0,1.0,0.0045263716895907686,0.3878562577248322,0.0,1.0,3.794549538895973e-09,1.8972747694479863e-09,4.743186923619966e-09
Cabinet_14_01.obj,Cabinet_14,M,0.973946805910725,0.025972000281410324,110.97842187126604,0.008895274072900543,0.9999999999999916,0.9999999999999996,1.0,0.0018440521291686687,0.722044728421233,1.5700924586837752e-16,1.0,0.0,0.0,0.0
Cabinet_14_02.obj,Cabinet_14,M,0.973946805910725,0.025987856758799287,123.71413030209388,0.00797961480679465,0.9999999999999934,1.0,1.0,0.0018440521291686698,0.7220447284212328,0.0,1.0,0.0,0.0,0.0
Cabinet_14_03.obj,Cabinet_14,OB,0.7572477015466339,0.2420187705467361,36.92254930612018,0.024287784489007522,0.99999999999996,1.0,1.0,0.0043796329018299975,0.3398548591090482,0.0,1.0,1.7120417980489289e-09,2.4633395540796165e-09,5.82376771756872e-09
Cabinet_14_04.obj,Cabinet_14,OB,0.7572477015466339,0.2420187705467361,36.92254930612018,0.024287784489007522,0.99999999999996,1.0,1.0,0.0043796329018299975,0.3398548591090483,0.0,1.0,1.7120417980489289e-09,2.4633395540796165e-09,5.82376771756872e-09
Cabinet_14_05.obj,Cabinet_14,OB,0.7572477015466339,0.24201877054673607,36.92254930612018,0.024287784489007522,0.9999999999999739,1.0,1.0,0.0043796329018299975,0.3398548591090482,0.0,1.0,0.0,0.0,0.0
Cabinet_14_06.obj,Cabinet_14,OB,0.7572477015466339,0.2420187705467361,36.92254930612018,0.024287784489007522,0.9999999999999739,1.0,1.0,0.0043796329018299975,0.3398548591090482,0.0,1.0,0.0,0.0,0.0
Cabinet_14_07.obj,Cabinet_14,OB,0.7572477015466339,0.24201877054673607,36.92254930612018,0.024287784489007522,0.9999999999999739,1.0,1.0,0.0043796329018299975,0.3398548591090482,0.0,1.0,0.0,0.0,0.0
Cabinet_14_08.obj,Cabinet_14,OB,0.7578192927165851,0.24161145562492803,41.91291313338418,0.021402291426902236,0.9999999999999704,1.0,1.0,0.004376175240844641,0.34037603477591816,0.0,1.0,0.0,0.0,0.0
Cabinet_14_09.obj,Cabinet_14,OB,0.8868240618676424,0.1131364341954297,159.10352800246184,0.005957040850583646,0.9999999999999937,1.0,1.0,0.0016437407739323087,0.49653964488341756,0.0,1.0,0.0,0.0,0.0
Cabinet_15_01.obj,Cabinet_15,OB,0.9313173377590213,0.06859647218358395,85.85999989531533,0.011276915846734296,0.9999999999999892,0.9999999999999999,1.0,0.0023559827719730583,0.5898538687405758,0.0,1.0,4.366108751004333e-10,1.4094607277283378e-09,4.743186923619966e-09
Cabinet_15_02.obj,Cabinet_15,OB,0.9313173377590495,0.06859647218355588,85.85999989531533,0.011276915846730254,0.9999999999999891,0.9999999999999292,0.9999999999999782,0.002355982771970282,0.589853868738702,1.5700924586837752e-16,0.9999999999999827,6.661199197917222e-10,1.6799098640562125e-09,4.743186923619966e-09
Cabinet_15_03.obj,Cabinet_15,OB,0.9313173377590214,0.06859647218358397,85.85999989531533,0.011276915846734294,0.9999999999999891,1.0,1.0,0.0023559827719730575,0.5898538687405749,0.0,1.0,6.81964212958126e-10,1.7268965693057013e-09,4.743186923619966e-09
Cabinet_15_04.obj,Cabinet_15,CA,0.03461267976545598,0.3459845186893669,1.7742782129634889,0.3702384724856851,0.3504412241841416,0.7762679755928888,0.5000038273244065,0.5769224620488658,0.0007360409802759964,0.001221007288441959,0.7830619842112486,0.01686464598746176,0.12657008125734406,0.00028211516674143234
Cabinet_15_05.obj,Cabinet_15,CA,0.03461317301321846,0.34598405090279255,1.7742782129634889,0.3702621037232881,0.3504855605440634,0.7763600384494744,0.5000212980361094,0.5769313715610604,0.0006094181258069878,0.0009186815933437696,0.7831083103886539,0.016842758851211025,0.12657306332878115,0.00023859521721287917
Cabinet_15_06.obj,Cabinet_15,CA,0.0346131729928998,0.3459840509231327,1.7742782129634889,0.37026210371605767,0.3504855605329854,0.7763600384425836,0.5000212980081513,0.5769313715508215,0.0006094181046089997,0.0009186815995514039,0.7831083103851849,0.02571560973927278,0.1565709474692215,0.0002820360983252546
Cabinet_15_09.obj,Cabinet_15,OB,0.8494664393207944,0.15037541663243334,75.31999990429536,0.012389089118431219,0.9999999999999906,0.7838060741855555,0.881545086761102,0.0036589024673278083,0.891988344562499,0.5598126197568798,0.9186317710268188,0.0010490048343167239,0.002412147939976969,0.007115642707649097
Cabinet_15_10.obj,Cabinet_15,M,0.999340645632971,4.02253469363885e-14,38.94399998122074,0.025660982359279008,0.9999999999999669,1.0,1.0,0.002548271256009373,0.9499299018382166,0.0,1.0,0.0,0.0,0.0
Cabinet_15_11.obj,Cabinet_15,M,0.9993406456329643,4.6939360409990975e-14,38.94399998122074,0.02566098235927892,0.9999999999999654,0.9999999999999999,1.0,0.00254827125600905,0.949929901837968,0.0,1.0,0.0,0.0,0.0
Cabinet_15_12.obj,Cabinet_15,M,0.999340645632971,4.02564128036155e-14,38.943999981221644,0.02566098235927841,0.9999999999999667,0.9999999999999997,1.0,0.0025482712560093734,0.9499299018382166,0.0,1.0,0.0,0.0,0.0
Cabinet_15_13.obj,Cabinet_15,M,0.9993406456329643,4.69713000047337e-14,38.943999981221644,0.025660982359278328,0.9999999999999675,1.0,1.0,0.0025482712560090486,0.949929901837968,0.0,1.0,0.0,0.0,0.0
Cabinet_15_14.obj,Cabinet_15,M,0.9876543209865447,5.020263820917936e-13,8.999999995658518,0.10976425998068721,0.9999999999998549,0.9999999999999998,1.0,0.010178814704818743,0.7999999999196895,0.0,1.0,0.0,0.0,0.0
Cabinet_15_15.obj,Cabinet_15,OB,0.935886067090513,0.06410601760905182,355.4399983269141,0.002727332071780465,0.9999999999999707,0.9999999999999989,0.9999999999999999,0.002285114651808697,0.5959051724000419,2.220446049250313e-16,0.9999999999999999,0.0,0.0,0.0
Cabinet_15_16.obj,Cabinet_15,OB,0.8555044911194026,0.14330133112107557,28.937799984523895,0.032285014622215544,0.9999999999999958,1.0,1.0,0.0025486668532104136,0.4491434180024767,0.0,1.0,0.0,0.0,0.0
Cabinet_15_17.obj,Cabinet_15,OB,0.935886067090513,0.06410601760905187,355.4399983269964,0.002727332071779834,0.9999999999999565,0.9999999999999999,1.0,0.002285114651808697,0.5959051724000419,0.0,1.0,0.0,0.0,0.0
Cabinet_15_18.obj,Cabinet_15,M,0.9876543209865446,5.027352971554139e-13,8.999999995658726,0.1097642599806847,0.9999999999998531,0.9999999999999977,0.9999999999999999,0.010178814704818743,0.7999999999196895,2.220446049250313e-16,0.9999999999999997,0.0,0.0,0.0
Cabinet_15_19.obj,Cabinet_15,OB,0.42563013259649823,0.5743619521030667,355.4399983270786,0.002242225169761424,0.9999999999999862,0.9999999999999999,1.0,0.0016290847422819165,0.13773930968438175,0.0,1.0,0.0,0.0,0.0
Cabinet_15_20.obj,Cabinet_15,OB,0.42563013259649823,0.5743619521030667,355.4399983270786,0.002242225169761424,0.9999999999999862,0.9999999999999999,1.0,0.0016290847422819165,0.13773930968438175,0.0,1.0,0.0,0.0,0.0
Cabinet_16_01.obj,Cabinet_16,OB,0.7559878066496398,0.239883227688501,15.562499996511907,0.057516014315875115,0.9999999999999982,0.9999999999999999,1.0,0.002005390757817987,0.3387096774138572,0.0,1.0,0.0,0.0,0.0
Cabinet_16_02.obj,Cabinet_16,OB,0.7559878066496398,0.239883227688501,15.562499996511907,0.057516014315875115,0.9999999999999992,0.9999999999999999,1.0,0.002005390757817987,0.3387096774138572,0.0,1.0,0.0,0.0,0.0
Cabinet_16_03.obj,Cabinet_16,OB,0.6787147741537269,0.3158487120107646,13.5624999969781,0.06401331615323744,0.9999999999999989,1.0,1.0,0.0021941334173746353,0.27647058823119103,0.0,1.0,0.0,0.0,0.0
Cabinet_16_04.obj,Cabinet_16,OB,0.678714774153727,0.31992609738728317,27.124999987392346,0.032055954418889705,0.9999999999999978,1.0,1.0,0.0021941334173746353,0.276470588231191,0.0,1.0,0.0,0.0,0.0
Cabinet_16_05.obj,Cabinet_16,OB,0.6787147741537269,0.3158487120107646,13.562499996978083,0.06401331615323753,0.9999999999999988,1.0,1.0,0.0021941334173746353,0.2764705882311909,0.0,0.9999999999999999,0.0,0.0,0.0
Cabinet_16_06.obj,Cabinet_16,OB,0.678714774153727,0.31992609738728317,27.124999987392336,0.03205595441888971,0.9999999999999978,1.0,1.0,0.0021941334173746353,0.27647058823119103,0.0,1.0,0.0,0.0,0.0
Cabinet_16_07.obj,Cabinet_16,OB,0.7559878066496398,0.239883227688501,15.562499996511907,0.057516014315875115,0.9999999999999982,0.9999999999999999,1.0,0.002005390757817987,0.3387096774138572,0.0,1.0,0.0,0.0,0.0
Cabinet_16_08.obj,Cabinet_16,OB,0.7559878066496398,0.239883227688501,15.562499996511907,0.057516014315875115,0.9999999999999992,0.9999999999999999,1.0,0.002005390757817987,0.3387096774138572,0.0,1.0,0.0,0.0,0.0
Cabinet_16_09.obj,Cabinet_16,OB,0.6787147741537269,0.3158487120107646,13.5624999969781,0.06401331615323744,0.9999999999999989,1.0,1.0,0.0021941334173746353,0.27647058823119103,0.0,1.0,0.0,0.0,0.0
Cabinet_16_10.obj,Cabinet_16,OB,0.678714774153727,0.31992609738728317,27.124999987392346,0.032055954418889705,0.9999999999999978,1.0,1.0,0.0021941334173746353,0.276470588231191,0.0,1.0,0.0,0.0,0.0
Cabinet_16_11.obj,Cabinet_16,OB,0.6787147741537269,0.3158487120107646,13.562499996978083,0.06401331615323753,0.9999999999999988,1.0,1.0,0.0021941334173746353,0.2764705882311909,0.0,0.9999999999999999,0.0,0.0,0.0
Cabinet_16_12.obj,Cabinet_16,OB,0.678714774153727,0.31992609738728317,27.124999987392336,0.03205595441888971,0.9999999999999978,1.0,1.0,0.0021941334173746353,0.27647058823119103,0.0,1.0,0.0,0.0,0.0
Cabinet_17_01.obj,Cabinet_17,OB,0.8361317508058792,0.16369809777509736,109.24999981592681,0.008810615433090134,0.9999999999999857,0.9999999999999999,1.0,0.002409184248938022,0.5607162986439311,0.0,1.0,6.036783357334502e-10,1.580800953659143e-09,4.743186923619966e-09
Cabinet_17_02.obj,Cabinet_17,OB,0.9207777178491793,0.07788175044133157,27.312499987884262,0.035221961399850635,0.999999999999997,0.9999999999999991,0.9999999999999999,0.002409195288619459,0.5607142857002863,2.220446049250313e-16,0.9999999999999999,0.0,0.0,0.0
Cabinet_17_03.obj,Cabinet_17,OB,0.9207777178491795,0.07913849891889214,109.24999981593527,0.008810615433089454,0.9999999999999952,1.0,1.0,0.0024091952886194576,0.5607142857002865,0.0,1.0,0.0,0.0,0.0
Cabinet_17_04.obj,Cabinet_17,OB,0.920777717849445,0.07913849891862322,109.22815419073589,0.008812377418894976,0.9998000400668737,1.0,1.0,0.0024091952571106356,0.5607142914455141,0.0,1.0,1.2648498462986575e-09,2.0975161781556726e-09,4.743186923619966e-09
Cabinet_17_05.obj,Cabinet_17,OB,0.9207777178491793,0.0791384989188882,109.24999981335367,0.008810615433297633,0.9999999999999856,1.0,1.0,0.0024091952886194576,0.5607142857002865,0.0,1.0,0.0,0.0,0.0
Cabinet_17_06.obj,Cabinet_17,OB,0.8361317508058792,0.16369809777508934,109.24999981334626,0.00881061543329823,0.9999999999999857,1.0,1.0,0.0024091842489380217,0.5607162986439311,0.0,1.0,2.587192867429072e-10,1.077134285237678e-09,2.6087528079909677e-09
Cabinet_17_07.obj,Cabinet_17,OB,0.8361317508058792,0.16369809777508937,109.24999981335465,0.008810615433297555,0.9999999999999879,0.9999999999999999,1.0,0.0024091842489380217,0.5607162986439311,0.0,1.0,1.293596433714536e-10,7.725561801904321e-10,0.0
Cabinet_17_08.obj,Cabinet_17,OB,0.933398161326439,0.06542756866013189,29.31249998704078,0.03298120902728508,0.9999999999999966,0.840215490019493,0.9403802800953671,0.003417645159396435,1.0056932025209233,0.5709136254760596,0.9562893724721762,0.09739725549996524,0.13589583049811801,0.3040867239846965
Cabinet_17_09.obj,Cabinet_17,OB,0.933398161326439,0.06542756866013189,29.312499987040795,0.03298120902728507,0.9999999999999966,0.840215490019493,0.9403802800953671,0.003417645159396435,1.0056932025209233,0.5709136254760596,0.9562893724721762,0.0973972563177561,0.13589582991200302,0.3040867239846965
Cabinet_17_10.obj,Cabinet_17,OB,0.9207777178491794,0.07788175044133147,27.312499987884262,0.035221961399850635,0.999999999999997,0.9999999999999997,1.0,0.002409195288619459,0.5607142857002863,1.5700924586837752e-16,1.0,0.0,0.0,0.0
Cabinet_17_11.obj,Cabinet_17,OB,0.8361317508058792,0.16369809777509736,109.24999981592681,0.008810615433090134,0.9999999999999857,0.9999999999999999,1.0,0.002409184248938022,0.5607162986439311,0.0,1.0,6.036783357334502e-10,1.580800953659143e-09,4.743186923619966e-09
Cabinet_17_12.obj,Cabinet_17,OB,0.9207777178491793,0.07788175044133157,27.312499987884262,0.035221961399850635,0.999999999999997,0.9999999999999991,0.9999999999999999,0.002409195288619459,0.5607142857002863,2.220446049250313e-16,0.9999999999999999,0.0,0.0,0.0
Cabinet_17_13.obj,Cabinet_17,OB,0.9207777178491795,0.07913849891889214,109.24999981593527,0.008810615433089454,0.9999999999999952,1.0,1.0,0.0024091952886194576,0.5607142857002865,0.0,1.0,0.0,0.0,0.0
Cabinet_17_14.obj,Cabinet_17,OB,0.920777717849445,0.07913849891862322,109.22815419073589,0.008812377418894976,0.9998000400668737,1.0,1.0,0.0024091952571106356,0.5607142914455141,0.0,1.0,1.2648498462986575e-09,2.0975161781556726e-09,4.743186923619966e-09
Cabinet_17_15.obj,Cabinet_17,OB,0.9207777178491793,0.0791384989188882,109.24999981335367,0.008810615433297633,0.9999999999999856,1.0,1.0,0.0024091952886194576,0.5607142857002865,0.0,1.0,0.0,0.0,0.0
Cabinet_17_16.obj,Cabinet_17,OB,0.8361317508058792,0.16369809777508934,109.24999981334626,0.00881061543329823,0.9999999999999857,1.0,1.0,0.0024091842489380217,0.5607162986439311,0.0,1.0,2.587192867429072e-10,1.077134285237678e-09,2.6087528079909677e-09
Cabinet_17_17.obj,Cabinet_17,OB,0.8361317508058792,0.16369809777508937,109.24999981335465,0.008810615433297555,0.9999999999999879,0.9999999999999999,1.0,0.0024091842489380217,0.5607162986439311,0.0,1.0,1.293596433714536e-10,7.725561801904321e-10,0.0
Cabinet_17_18.obj,Cabinet_17,OB,0.933398161326439,0.06542756866013189,29.31249998704078,0.03298120902728508,0.9999999999999966,0.840215490019493,0.9403802800953671,0.003417645159396435,1.0056932025209233,0.5709136254760596,0.9562893724721762,0.09739725549996524,0.13589583049811801,0.3040867239846965
Cabinet_17_19.obj,Cabinet_17,OB,0.933398161326439,0.06542756866013189,29.312499987040795,0.03298120902728507,0.9999999999999966,0.840215490019493,0.9403802800953671,0.003417645159396435,1.0056932025209233,0.5709136254760596,0.9562893724721762,0.0973972563177561,0.13589582991200302,0.3040867239846965
Cabinet_17_20.obj,Cabinet_17,OB,0.9207777178491794,0.07788175044133147,27.312499987884262,0.035221961399850635,0.999999999999997,0.9999999999999997,1.0,0.002409195288619459,0.5607142857002863,1.5700924586837752e-16,1.0,0.0,0.0,0.0
Cabinet_18_01.obj,Cabinet_18,OB,2.7509380918349296e-10,0.9999999981785938,508605863.1999549,0.0,1.0,1.0,1.0,0.19661590082458222,6.877348505099465e-11,0.0,1.0,0.0,0.0,0.0
Cabinet_18_02.obj,Cabinet_18,OB,2.3577552482644893e-10,0.999999998217912,508605863.1999549,0.0,1.0,1.0,1.0,0.19661590082264957,5.894391162027797e-11,0.0,1.0,0.0,0.0,0.0
Cabinet_18_03.obj,Cabinet_18,OB,0.8845544938015975,0.1153822314049418,125.71428550204239,0.007531454751377875,0.9999999999999912,1.0,1.0,0.0020011796532591513,0.49279050041423983,0.0,1.0,1.7120417980489289e-09,2.463339554079617e-09,5.82376771756872e-09
Cabinet_18_04.obj,Cabinet_18,OB,0.948605049070138,0.05133167613640131,125.71428550204239,0.007757456633093313,0.9999999999999868,1.0,1.0,0.0021856329885977335,0.6303844372255624,0.0,1.0,1.2648498462986577e-09,2.097516178155673e-09,4.743186923619966e-09
Cabinet_18_05.obj,Cabinet_18,OB,0.948605049069956,0.051331676136583196,125.71428550204239,0.007757456633092643,0.9999999999999867,1.0,1.0,0.0021856329885970188,0.6303844372250292,0.0,1.0,0.0,0.0,0.0
Cabinet_18_06.obj,Cabinet_18,OB,0.8956314590900846,0.09716187473025466,12.499999973752868,0.07567702695227453,0.9999999999985388,0.999999999999868,0.9999999999999496,0.023593908110638967,0.49999999987908395,0.0,0.9999999999999605,2.0036152786282374e-09,2.381614609479489e-09,4.743186923619966e-09
Cabinet_18_07.obj,Cabinet_18,OB,0.8996819150638355,0.09315030558001838,12.499999975472903,0.07567702694192077,0.9999999999985408,0.9635004922877906,0.9852895875299872,0.035336884365899296,0.932280814901675,0.6773862506764917,0.9886476500716999,0.047586016777686396,0.10647074840382445,0.3040867239846963
Cabinet_18_08.obj,Cabinet_18,OB,0.8996819150638157,0.09315030557806576,12.49999997375175,0.07567702695228125,0.9999999999985401,0.9635004922879087,0.9852895875299684,0.0353368843658834,0.9322808149007509,0.6773862506775149,0.9886476500716864,0.04758601636539169,0.10647074858809535,0.3040867239846963
Cabinet_18_09.obj,Cabinet_18,OB,0.8672959183671781,0.1305484693878129,21.53846153065461,0.04358271036631887,0.9999999999999972,1.0,1.0,0.0024705662944401133,0.4659685863758188,0.0,1.0,0.0,0.0,0.0
Cabinet_18_10.obj,Cabinet_18,OB,0.9147900030073858,0.0851348190714611,115.33333315287986,0.008322872097841888,0.9999999999999896,1.0,1.0,0.0021113116878703517,0.548098433993594,0.0,1.0,0.0,0.0,0.0
Cabinet_18_11.obj,Cabinet_18,OB,0.91458198208551,0.08534412689546339,116.33333315328741,0.008250543006415279,0.9999999999999917,0.9999999999999997,0.9999999999999999,0.0020925860853140657,0.5476718403433968,1.5700924586837752e-16,0.9999999999999999,0.0,0.0,0.0
Cabinet_18_12.obj,Cabinet_18,OB,0.9145819820855099,0.0853441268954634,116.33333315328741,0.008250543006415279,0.9999999999999917,0.9999999999999998,1.0,0.0020925860853140657,0.5476718403433968,0.0,1.0,0.0,0.0,0.0
Cabinet_18_13.obj,Cabinet_18,OB,0.86142042730031,0.13845969417644316,91.33333317761179,0.010260443571805214,0.9999999999999875,1.0,1.0,0.0025099902246693,0.45744680849926567,0.0,1.0,1.712041798048929e-09,2.463339554079617e-09,5.82376771756872e-09
Cabinet_18_14.obj,Cabinet_18,OB,0.25480312660273663,0.7449746850702313,67.08715578358506,0.011282640789451627,0.99999999999998,1.0,1.0,0.004329157451709139,0.07339449541130291,0.0,1.0,0.0,0.0,0.0
Cabinet_18_15.obj,Cabinet_18,OB,0.25480312660273685,0.7449746850702311,67.08715578358299,0.011282640789451974,0.9999999999999493,1.0,1.0,0.00432915745170914,0.07339449541130312,0.0,1.0,0.0,0.0,0.0
Cabinet_18_16.obj,Cabinet_18,OB,0.25480312660273663,0.7449746850702313,67.08715578358299,0.011282640789451974,0.9999999999999493,1.0,1.0,0.004329157451709139,0.07339449541130291,0.0,1.0,0.0,0.0,0.0
Cabinet_18_17.obj,Cabinet_18,OB,0.25480312660273663,0.7449746850702313,67.08715578358402,0.0112826407894518,0.9999999999999489,1.0,1.0,0.00432915745170914,0.073394495411303,0.0,0.9999999999999999,0.0,0.0,0.0
Cabinet_18_18.obj,Cabinet_18,OB,0.38361754008582705,0.6163742498008775,348.9999982522198,0.002253727508712009,0.9999999999999889,1.0,1.0,0.0015148576636885133,0.12038523274295028,0.0,1.0,0.0,0.0,0.0
Cabinet_18_19.obj,Cabinet_18,OB,2.7509380918349296e-10,0.9999999981785938,508605863.1999549,0.0,1.0,1.0,1.0,0.19661590082458222,6.877348505099465e-11,0.0,1.0,0.0,0.0,0.0
Cabinet_18_20.obj,Cabinet_18,OB,2.3577552482644893e-10,0.999999998217912,508605863.1999549,0.0,1.0,1.0,1.0,0.19661590082264957,5.894391162027797e-11,0.0,1.0,0.0,0.0,0.0
Cabinet_18_21.obj,Cabinet_18,OB,0.8845544938015975,0.1153822314049418,125.71428550204239,0.007531454751377875,0.9999999999999912,1.0,1.0,0.0020011796532591513,0.49279050041423983,0.0,1.0,1.7120417980489289e-09,2.463339554079617e-09,5.82376771756872e-09
Cabinet_18_22.obj,Cabinet_18,OB,0.948605049070138,0.05133167613640131,125.71428550204239,0.007757456633093313,0.9999999999999868,1.0,1.0,0.0021856329885977335,0.6303844372255624,0.0,1.0,1.2648498462986577e-09,2.097516178155673e-09,4.743186923619966e-09
Cabinet_18_23.obj,Cabinet_18,OB,0.948605049069956,0.051331676136583196,125.71428550204239,0.007757456633092643,0.9999999999999867,1.0,1.0,0.0021856329885970188,0.6303844372250292,0.0,1.0,0.0,0.0,0.0
Cabinet_18_24.obj,Cabinet_18,OB,0.8956314590900846,0.09716187473025466,12.499999973752868,0.07567702695227453,0.9999999999985388,0.999999999999868,0.9999999999999496,0.023593908110638967,0.49999999987908395,0.0,0.9999999999999605,2.0036152786282374e-09,2.381614609479489e-09,4.743186923619966e-09
Cabinet_18_25.obj,Cabinet_18,OB,0.8996819150638355,0.09315030558001838,12.499999975472903,0.07567702694192077,0.9999999999985408,0.9635004922877906,0.9852895875299872,0.035336884365899296,0.932280814901675,0.6773862506764917,0.9886476500716999,0.047586016777686396,0.10647074840382445,0.3040867239846963
Cabinet_18_26.obj,Cabinet_18,OB,0.8996819150638157,0.09315030557806576,12.49999997375175,0.07567702695228125,0.9999999999985401,0.9635004922879087,0.9852895875299684,0.0353368843658834,0.9322808149007509,0.6773862506775149,0.9886476500716864,0.04758601636539169,0.10647074858809535,0.3040867239846963
Cabinet_18_27.obj,Cabinet_18,OB,0.8672959183671781,0.1305484693878129,21.53846153065461,0.04358271036631887,0.9999999999999972,1.0,1.0,0.0024705662944401133,0.4659685863758188,0.0,1.0,0.0,0.0,0.0
Cabinet_18_28.obj,Cabinet_18,OB,0.9147900030073858,0.0851348190714611,115.33333315287986,0.008322872097841888,0.9999999999999896,1.0,1.0,0.0021113116878703517,0.548098433993594,0.0,1.0,0.0,0.0,0.0
Cabinet_18_29.obj,Cabinet_18,OB,0.91458198208551,0.08534412689546339,116.33333315328741,0.008250543006415279,0.9999999999999917,0.9999999999999997,0.9999999999999999,0.0020925860853140657,0.5476718403433968,1.5700924586837752e-16,0.9999999999999999,0.0,0.0,0.0
Cabinet_18_30.obj,Cabinet_18,OB,0.9145819820855099,0.0853441268954634,116.33333315328741,0.008250543006415279,0.9999999999999917,0.9999999999999998,1.0,0.0020925860853140657,0.5476718403433968,0.0,1.0,0.0,0.0,0.0
Cabinet_18_31.obj,Cabinet_18,OB,0.86142042730031,0.13845969417644316,91.33333317761179,0.010260443571805214,0.9999999999999875,1.0,1.0,0.0025099902246693,0.45744680849926567,0.0,1.0,1.712041798048929e-09,2.463339554079617e-09,5.82376771756872e-09
Cabinet_18_32.obj,Cabinet_18,OB,0.25480312660273663,0.7449746850702313,67.08715578358506,0.011282640789451627,0.99999999999998,1.0,1.0,0.004329157451709139,0.07339449541130291,0.0,1.0,0.0,0.0,0.0
Cabinet_18_33.obj,Cabinet_18,OB,0.25480312660273685,0.7449746850702311,67.08715578358299,0.011282640789451974,0.9999999999999493,1.0,1.0,0.00432915745170914,0.07339449541130312,0.0,1.0,0.0,0.0,0.0
Cabinet_18_34.obj,Cabinet_18,OB,0.25480312660273663,0.7449746850702313,67.08715578358299,0.011282640789451974,0.9999999999999493,1.0,1.0,0.004329157451709139,0.07339449541130291,0.0,1.0,0.0,0.0,0.0
Cabinet_18_35.obj,Cabinet_18,OB,0.25480312660273663,0.7449746850702313,67.08715578358402,0.0112826407894518,0.9999999999999489,1.0,1.0,0.00432915745170914,0.073394495411303,0.0,0.9999999999999999,0.0,0.0,0.0
Cabinet_18_36.obj,Cabinet_18,OB,0.38361754008582705,0.6163742498008775,348.9999982522198,0.002253727508712009,0.9999999999999889,1.0,1.0,0.0015148576636885133,0.12038523274295028,0.0,1.0,0.0,0.0,0.0
Cabinet_19_01.obj,Cabinet_19,OB,0.5075407817765746,0.48968913512060686,18.999999988663948,0.04304200558042016,0.9999999999999977,1.0,1.0,0.00379033906254255,0.17525773195102626,0.0,1.0,3.6860425764490726e-09,2.7223257527668306e-09,6.707879276254074e-09
Cabinet_19_02.obj,Cabinet_19,OB,0.5075407817765746,0.48968913512060663,18.99999998866368,0.043042005580420754,0.9999999999999909,1.0,1.0,0.00379033906254255,0.1752577319510263,0.0,1.0,0.0,0.0,0.0
Cabinet_19_03.obj,Cabinet_19,OB,0.5075407817765746,0.4896891351206067,18.99999998866368,0.043042005580420754,0.9999999999999876,1.0,1.0,0.00379033906254255,0.1752577319510262,0.0,1.0,1.2648498462986577e-09,2.097516178155673e-09,4.743186923619966e-09
Cabinet_19_04.obj,Cabinet_19,OB,0.9708733679512119,0.02635654894573173,18.999999987848597,0.051811752713639574,0.9999999999999626,1.0,1.0,0.005509880857454103,0.7084302942081926,0.0,1.0,0.0,0.0,0.0
Cabinet_19_05.obj,Cabinet_19,OB,0.5075407817765746,0.4896891351206067,18.99999998866373,0.04304200558042064,0.9999999999999909,1.0,1.0,0.00379033906254255,0.1752577319510262,0.0,1.0,0.0,0.0,0.0
Cabinet_19_06.obj,Cabinet_19,OB,0.8760366967863386,0.12392514891899302,161.89307970484577,0.005826238748484183,0.9999999999999932,1.0,1.0,0.0016796460128805438,0.4791977891588265,0.0,1.0,0.0,0.0,0.0
Cabinet_19_07.obj,Cabinet_19,OB,0.9305819498723309,0.06909534224997192,55.66666663335218,0.01736862793736162,0.9999999999999959,1.0,1.0,0.0017424781472480332,0.5829383886146419,0.0,1.0,1.712041798048929e-09,2.463339554079617e-09,5.82376771756872e-09
Cabinet_19_08.obj,Cabinet_19,OB,0.9305819498723309,0.06909534224997192,55.66666663335218,0.01736862793736162,0.9999999999999959,1.0,1.0,0.0017424781472480336,0.5829383886146418,0.0,1.0,1.712041798048929e-09,2.463339554079617e-09,5.82376771756872e-09
Cabinet_19_09.obj,Cabinet_19,OB,0.9708733679512119,0.02635654894573173,18.999999987848597,0.051811752713639574,0.9999999999999626,1.0,1.0,0.005509880857454103,0.7084302942081926,0.0,1.0,0.0,0.0,0.0
Cabinet_20_01.obj,Cabinet_20,OB,0.5925772940446232,0.4064043216588705,31.336042875613835,0.026889733837045675,0.9999999999999863,1.0,1.0,0.0032087562610113225,0.2207800775768597,0.0,1.0,6.324249231493289e-10,1.6123735120104226e-09,4.743186923619966e-09
Cabinet_20_02.obj,Cabinet_20,OB,0.5045249426645623,0.4944566730389298,31.33604287558831,0.02608665760134433,0.9999999999999919,1.0,1.0,0.003085213451662146,0.1737778785596221,0.0,1.0,6.324249231493289e-10,1.6123735120104226e-09,4.743186923619966e-09
Cabinet_20_03.obj,Cabinet_20,OB,0.5915685708042674,0.40671195862931764,24.000105650074328,0.034727659164454486,0.9999999999999942,0.7159893912672567,0.7619766191098019,0.0044601740529762466,0.7495282225220875,0.40522708024762866,0.8558495091357227,0.08691150413529247,0.13119342773709045,0.3040867239846965
Cabinet_20_04.obj,Cabinet_20,OB,0.591568571532605,0.406712129096353,24.00130053370406,0.034725932363395565,1.0000000000000013,0.7159893845350814,0.7619766209507346,0.004460174106828383,0.7495282488031244,0.40522705149382054,0.8558495097326849,0.08691150518438952,0.13119342704209683,0.30408672398469644
Cabinet_20_05.obj,Cabinet_20,OB,0.5925772940446232,0.4064040342031218,31.331621254421208,0.026893525860098348,0.9999999999999912,1.0,1.0,0.0032087562610113225,0.22078007757685972,0.0,1.0,6.324249231493289e-10,1.6123735120104226e-09,4.743186923619966e-09
Cabinet_20_06.obj,Cabinet_20,SL,0.00030305430120751073,0.768007308381492,2.6666621483735025,0.25630770276617815,0.7569775173262047,0.7855710142013089,0.5004294121366442,0.30724112517643587,0.2842879748791603,0.04721947790471257,0.7877323601387372,0.0015187422931391963,0.007777647474447293,7.167599741701788e-05
Cabinet_20_07.obj,Cabinet_20,SL,0.000298358688335936,0.7680164870520573,2.6666790816452943,0.2563069424471994,0.7569881319090408,0.7784860369224519,0.5004846835344926,0.3072377316609328,0.284286022112565,0.0471888012366299,0.7841720171348739,0.001514251042252769,0.007783069529027277,6.304875956564712e-05
Cabinet_20_08.obj,Cabinet_20,SL,0.00030328482753165254,0.7680075772997293,2.6666621483734123,0.25630770276618214,0.7569773848109139,0.786582015989496,0.5004192655889965,0.3072406823610931,0.28428249791229065,0.047217500363620046,0.7882390835324752,0.0015155843876811744,0.007778249239895543,6.21892048486968e-05
Cabinet_20_09.obj,Cabinet_20,SL,0.0002985975942932679,0.7680158031067531,2.6666790816452943,0.2563069424471954,0.7569881804721267,0.778085940329351,0.5004948372088702,0.3072381748287949,0.2842915034364888,0.04718754772810065,0.7839704860810264,0.0015167079161888684,0.00778260484194751,7.278369201137082e-05
Cabinet_20_10.obj,Cabinet_20,OB,0.7775156304707972,0.22247936153103232,426.7828007753986,0.0021216574727746544,0.9999999999999857,0.9999999999998035,0.9999999999999039,0.0023653024345909987,0.3617821321134583,1.5700924586837752e-16,0.999999999998082,2.3359003820577133e-09,2.603694891627721e-09,6.707879276254074e-09
Cabinet_20_11.obj,Cabinet_20,OB,0.8916985420175823,0.1080873837453016,68.34673885950606,0.01392287155841108,0.9999999999999979,0.9999999999999994,0.9999999999999999,0.0018220368310520928,0.5120573796611726,1.5700924586837752e-16,1.0,2.646728999327076e-09,2.438876210356316e-09,4.743186923619966e-09
Cabinet_20_12.obj,Cabinet_20,OB,0.8916985420175823,0.1080873595779578,68.34288127412974,0.013923657276728087,0.9999999999999966,0.9999999999999994,0.9999999999999998,0.0018220368310520923,0.5120573796611727,3.510833468576701e-16,0.9999999999999996,1.581062307873322e-09,2.235959758751358e-09,4.743186923619966e-09
Chair_001_01.obj,Chair_001,M,0.987164226103591,0.008880962944703889,13.151211081750162,0.07362921979281434,0.22394531541034723,0.9976763493209662,0.9979022617239826,0.04585374101363925,3.6027846435259816,0.18309527151749,0.9986019952230205,0.0008086622480379846,0.0014848006766632698,0.004674942385921464
Chair_001_02.obj,Chair_001,M,0.9967008824410079,0.002534066137308307,32.622430564440805,0.030584885181280014,0.9830980062306095,0.9994539042653389,0.9955258324695012,0.021176822521482723,3.5072644305293523,0.06769929764411345,0.9975190497476241,0.0012733844516179236,0.0015984093839052356,0.0047566792844463465
Chair_001_03.obj,Chair_001,M,0.9951485505873554,0.0037549899187010113,27.027078340416452,0.03688045950132947,0.9739858174788713,0.997829685026189,0.9944918618797118,0.030123678390788347,3.799664772506159,0.10518828563294938,0.9969124276630966,0.0007873443290860683,0.0011323942419420316,0.003211491412327759
Chair_001_04.obj,Chair_001,M,0.9871642261035914,0.008880962944703735,13.15121108175018,0.07362921979281424,0.22394531541034635,0.9976763493209642,0.9979022617239822,0.045853741013639246,3.602784643525982,0.18309527151721633,0.9986019952230205,0.0008086622448035387,0.001484800678423603,0.004674942385892171
Chair_001_05.obj,Chair_001,M,0.9967008824410076,0.002534066137308216,32.622430564440805,0.030584885181280014,0.9830980062306093,0.9994539042653395,0.9955258324695011,0.021176822521482706,3.507264430529351,0.06769929764406797,0.9975190497476241,0.001273384525070279,0.0015984093253935065,0.00475667928444611
Chair_001_06.obj,Chair_001,M,0.9951485505873554,0.0037549899187010764,27.027078340416452,0.03688045950132947,0.9739858174788707,0.9978296850261892,0.9944918618797117,0.030123678390788344,3.799664772506159,0.10518828563290815,0.9969124276630968,0.0007873443311358394,0.001132394240515376,0.0032114914123400184
Chair_001_07.obj,Chair_001,M,0.9945018796929015,0.004383178122372056,26.190132068139388,0.03804190872621526,0.9803720315068866,0.9998273644822395,0.9943793978744304,0.026865461088187513,3.4458821370309876,0.07775602687851968,0.9968936070483425,0.0009170459383409784,0.0012225886082242246,0.0037712783532716228
Chair_001_08.obj,Chair_001,M,0.993327155237074,0.00514064752978257,23.741033889443916,0.03979240843210092,0.23924579712291608,0.8607685833741758,0.9433419780905616,0.03966089478972486,4.004643639670959,0.26431024590545266,0.969293758097404,0.0009036417806202098,0.001192379782934315,0.00338655564950742
Chair_001_09.obj,Chair_001,M,0.993327155237074,0.005140647529782651,23.741033889444015,0.03979240843210075,0.2392457971229111,0.8607685833741762,0.9433419780905616,0.03966089478972486,4.004643639670959,0.26431024590514657,0.969293758097404,0.0009036417437769895,0.0011923798108924963,0.0033865556494904613
Chair_001_10.obj,Chair_001,M,0.9937737882676858,0.004751762925353393,16.37684506428445,0.060700069352858085,0.6236614101977465,0.9997644699244727,0.9939392631845341,0.027977719654792055,3.3617726542106374,0.0689442232488174,0.9966568129804287,0.0011664384884703676,0.0015076809098172827,0.004511106137495767
Chair_001_11.obj,Chair_001,M,0.9824361731483301,0.016188243487018122,13.065783518291877,0.07558322541691284,0.5259754373513045,0.9998635344794092,0.9942311162281616,0.026690318882048727,3.21160687828076,0.06416367243570517,0.9968045581309602,0.0012913287351728655,0.0016322728594302597,0.004850099566560255
Chair_001_12.obj,Chair_001,M,0.9824360866653331,0.01618833077054653,13.067512957939574,0.07557324626942787,0.5260851431513365,0.9998653958386945,0.9942272970784948,0.02761065426127593,3.2718064125518023,0.07283878727611509,0.9968107605707218,0.0011262830080107508,0.0014058361012648146,0.0038693719191406333
Chair_001_13.obj,Chair_001,M,0.9824362085066671,0.016188220601731064,13.066924703583926,0.07557662995954598,0.5261003040557201,0.9998750696094992,0.9942078281024767,0.026690256882996945,3.211629565488765,0.0706067939055702,0.9968085949446325,0.0010798301424080378,0.0014265001017423435,0.003988438674717558
Chair_001_14.obj,Chair_001,M,0.9824360754945254,0.01618830735950137,13.067521341444348,0.07557319898452283,0.5260622697521992,0.9998806252085491,0.9942253704972829,0.02761058924367638,3.2718045475677577,0.07097745561242802,0.9968139102253395,0.0014014796519398627,0.0016964174688645945,0.005209187234040375
Chair_001_15.obj,Chair_001,M,0.9824361549726424,0.01618827480797062,13.066844503960047,0.07557709117237782,0.526136856451912,0.999866187498114,0.9942333399733357,0.026690304306544864,3.2116326693039414,0.063904648936697,0.9968077119029899,0.0014895471250729057,0.0017159775990137586,0.005064244336003994
Chair_001_16.obj,Chair_001,M,0.9923837918088234,0.005859241817001785,21.556659508046554,0.04578221998000205,0.5449371617951089,0.8298878647672039,0.923921125687037,0.0434145335798108,3.9616966671626312,0.22159405896588277,0.9601598595802148,0.0010524027254610688,0.001387483513970279,0.0038766087070495987
Chair_001_17.obj,Chair_001,M,0.9923837918088235,0.005859241817001605,21.556659508046497,0.045782219980002176,0.5449371617951042,0.8298878647672021,0.9239211256870365,0.043414533579810795,3.961696667162631,0.22159405896594214,0.9601598595802145,0.0010524026351828193,0.00138748358277994,0.003876608707036098
Chair_001_18.obj,Chair_001,M,0.9945018820777206,0.004383194522567472,26.184414413204227,0.03805020013078955,0.9802308688302092,0.9998297170150967,0.9944060206431217,0.025074360377383975,3.319027520965212,0.06217038619996462,0.9969155086821169,0.001334849448429019,0.0016006667742164947,0.004374735824523219
Chair_001_19.obj,Chair_001,M,0.9827796727869306,0.01574586759030075,19.99723037687957,0.049473992684701644,0.8121800020050866,0.9998104386512172,0.9942321043020355,0.02761068692106256,3.271776257662259,0.07579731818271969,0.9967993541554347,0.0012576948992434017,0.0016080951798622888,0.004928207766974777
Chair_001_20.obj,Chair_001,M,0.9827797679148074,0.015745771765685066,19.997230376879372,0.04947412551126519,0.8122375151822162,0.9998688927743763,0.9942510941545857,0.029451301622686495,3.3889043303985424,0.09036576169276957,0.9968181340114947,0.0013415216011816186,0.0016434495685194474,0.004894746793490874
Chair_001_21.obj,Chair_001,M,0.9827799156752931,0.01574561855247521,19.996404308560248,0.04947616464492692,0.8122327151652369,0.9998505783790288,0.994218047823429,0.026690255008795842,3.2116102244851383,0.07140037977499385,0.996810254574092,0.0014133139897810933,0.0016555798239234149,0.004902076690071158
Chair_001_22.obj,Chair_001,M,0.9827799522021752,0.015745590508619716,19.996129429916117,0.04947687335301921,0.8122647930141133,0.9998498648427202,0.9942067343089408,0.025769824505143642,3.150271765770834,0.06358563014990595,0.9968197631892178,0.0014149511078750004,0.0017286135722996408,0.005197744776579348
Chair_001_23.obj,Chair_001,M,0.9827800285683745,0.015745514700898185,19.996840949246327,0.049475111565453464,0.8123093161634839,0.9998658578051226,0.9941967634242653,0.027610547811611017,3.2717414736792287,0.0795981992765479,0.9968107805777733,0.0014862111000061653,0.0016855772446743315,0.00492746518260436
Chair_001_24.obj,Chair_001,M,0.28933282961167284,0.7044357080292964,16.48916252700089,0.045911198192772534,0.9154154224092985,0.5808427209589844,0.44932026052331386,0.033942675285366444,3.754937011108275,0.10391256561184188,0.7569893997044778,0.0009472044722947559,0.001497463986626054,0.0046200459049221595
Chair_001_25.obj,Chair_001,M,0.28976577448670127,0.7040062304033535,16.48953744857752,0.045910220842760495,0.9153936297067355,0.5805614110827861,0.44847685844537943,0.03352360156961878,3.7300288634969068,0.10418018512535097,0.7568055507331929,0.0010133660528804382,0.001542584630007179,0.004631346351415093
Chair_001_26.obj,Chair_001,M,0.779604064155128,0.21941254590464104,27.91023812789978,0.027516222955942353,0.44639137654822736,0.5332121765533634,0.4748043315117094,0.018993904433337584,2.9999455799992747,0.07234074254979336,0.799292762883475,0.001118236166961222,0.0013445300235427327,0.003918373954064656
Chair_001_27.obj,Chair_001,M,0.7796043467360507,0.21941225784862697,27.911293833269838,0.027514936683934923,0.4464239291871629,0.5332106648535876,0.4748048613770509,0.018993880563057147,2.9999434881593228,0.07238442499684963,0.7992903673693864,0.0014068390397032136,0.0015795720813243234,0.004768015590645189
Chair_002_01.obj,Chair_002,SL,0.4664965939541327,0.5254695128901165,7.135189233706773,0.12506922222636374,0.45738567919065276,0.8688998679857235,0.8815492068159677,30.392407145615593,2.240554053100478,0.44974439662115234,0.9211035629073157,0.0005355982367673585,0.004439605205428192,0.0008169283542459728
Chair_002_02.obj,Chair_002,M,0.9979849161460865,0.0005587626127073528,10.113706739473514,0.09761105400285833,0.13134883804378164,0.9523105101119503,0.9933954458201735,4.634000949154143,1.3651826969253642,0.7521198984390064,0.9949169543261615,0.0623769129570584,0.12278869940385528,0.30408674384565465
Chair_002_03.obj,Chair_002,M,0.9979849266565147,0.0005587500667312506,10.156195113636628,0.09716985489668059,0.1289150478677971,0.9523118614215298,0.9933965319932065,4.634003510091648,1.365184013066004,0.7521666278183781,0.9949177972783053,0.062379375720203974,0.12278789397689373,0.30408711646840103
Chair_002_04.obj,Chair_002,M,0.9953215756662518,0.0009359678251778608,7.643868795737559,0.12828510254003514,0.21248761246837108,0.9995732493264537,0.9990059812680797,6.0436386508123885,1.2350689949885187,0.7273835192226117,0.999223522002932,0.08109093727516606,0.1344715470897054,0.3040869459438984
Chair_002_05.obj,Chair_002,M,0.9953214676332272,0.0009360813942445698,7.6590545546782085,0.1279769712232743,0.2086891932672594,0.9995724942772582,0.9990047352942525,6.043631468652385,1.235067004544549,0.7273676342108374,0.999222553784947,0.08109049311965205,0.13447084670278295,0.30408637630842295
Chair_002_06.obj,Chair_002,OB,0.5488074808972909,0.4500879904984202,11.30567760156466,0.06452253026496603,0.43113483557743,0.9439273638038507,0.9621004121381115,5.9703687040673294,0.9925170261213175,0.6720417298067094,0.9717973098191829,1.9650373212194293e-05,6.337820528579914e-05,0.00013904745602100026
Chair_002_07.obj,Chair_002,M,0.9405125646632422,0.04986303276420652,11.62504255388046,0.08436920687280786,0.675285558011237,0.9503919464317153,0.963041826106525,26.335039276400177,1.7072485487524407,0.5607920935249311,0.9727280179291707,9.424478469456001e-06,3.7584683386433866e-05,2.4156364502371114e-05
Chair_002_08.obj,Chair_002,M,0.9405119870134673,0.04986358977491381,12.755668858998668,0.07693639327531666,0.7415797479416247,0.9503922675755113,0.9630422750284771,26.335021199889674,1.707670855880323,0.5746197198136224,0.9727281492201025,7.18293677158145e-06,1.1067294103808689e-05,3.612822813636018e-05
Chair_002_09.obj,Chair_002,M,0.9802118291980885,0.016674979559830935,14.745960850616907,0.06660034219824375,0.6468871212364529,0.9092487938412872,0.9817044142185004,7.497508965328423,1.1565967251829878,0.6567427274806223,0.9859463886919451,0.08109215500985534,0.13447246583675357,0.3040901449194615
Chair_002_10.obj,Chair_002,M,0.9802118227069554,0.016674908581266277,14.543384572262951,0.06752026640525177,0.6369044075925436,0.9092502489118962,0.9817050229697797,7.497502333725331,1.1565957306620285,0.6568697337960994,0.9859468027256211,0.08109171049107006,0.13447181731705232,0.30408973945881485
Chair_011_01.obj,Chair_011,CA,0.5070438785674198,0.4901495807917462,6.688359712146882,0.11374519342628343,0.20348751408461768,0.7880468194526878,0.6118348468769226,0.008009961245574786,1.0031329421732484,0.3211738665672757,0.8140213070352379,0.012825170266616049,0.09021043316399525,5.347672622874958e-05
Chair_011_02.obj,Chair_011,SL,0.6775483217497251,0.3113369472030252,2.330523688190159,0.32852707813336807,0.3481315727786277,0.9601754948297596,0.9741070830617437,0.0339312600827831,2.774714496579001,0.40575369502939845,0.9802724392644137,0.0035762380242809876,0.03600854695196255,1.0499849666798381e-05
Chair_011_03.obj,Chair_011,SL,0.6774937593982003,0.3116120131493156,2.330516280997619,0.32852777799282473,0.3481328873151218,0.9789726256665939,0.9864032306611413,0.03319368885460577,2.7421142800082507,0.40464013548814437,0.9894959911687606,0.004138496163261334,0.03703848755770727,6.932616986459938e-08
Chair_011_04.obj,Chair_011,SL,0.3272287176185662,0.6687453820639362,10.563330286728316,0.07499049819265079,0.9212279172296975,0.9999999999906538,0.999999999934722,0.0172772024618439,2.1637149558653563,0.549585880859526,0.9999999999487306,0.27774584145201064,0.19657030354738333,0.49510489177614997
Chair_011_05.obj,Chair_011,SL,0.1967939299211699,0.7825302469945785,6.215585848973123,0.12881600057643058,0.8635742259512902,0.7749625733525713,0.8213155028863307,0.023338287015181997,2.5262731379913697,0.46058963342350867,0.884919033231692,0.001570250976276508,0.02109232904750375,2.364163926981627e-06
Chair_011_06.obj,Chair_011,M,0.9755868610385015,0.0009956601765682565,4.583427013755612,0.20847905174750425,0.7764587472790404,0.9812430874200354,0.9949037616563651,0.0532171916808002,2.795165297577366,0.5633271249779848,0.996021418290998,0.013035531201697275,0.059722014222701125,0.039808509180786045
Chair_011_07.obj,Chair_011,M,0.9907574598663454,0.003177585253498934,7.166031255134405,0.11731512813241382,0.10607253801761186,0.904081678589331,0.9510840877141937,0.00966045540995719,1.2174635787728183,0.2858957077786704,0.9733161913182036,1.023810239762632e-06,1.9147209302468004e-06,4.910530299346416e-06
Chair_011_08.obj,Chair_011,M,0.9907575059894087,0.0031774121104827663,6.050917655626611,0.11627463855743175,0.09389257333721894,0.9040808262471025,0.9510839687654071,0.011270510288190443,1.3769230160352672,0.47965646886729707,0.9733155339567539,3.4218131842910566e-06,3.2249328851628366e-06,9.074048429219458e-06
Chair_011_09.obj,Chair_011,M,0.9907574894544248,0.0031775209333542863,6.5612182794981155,0.12821814220351657,0.09752301691566723,0.9040809034642594,0.9510836594307062,0.009660447946072586,1.2174643618701162,0.4738237324567131,0.9733157722421671,1.1682479529740008e-06,1.9073948673517023e-06,5.157874643179416e-06
Chair_011_10.obj,Chair_011,M,0.9907574964684394,0.003177539101370138,5.527863593856116,0.12706855876950882,0.08602797764293976,0.9040815419465834,0.9510849333916208,0.009660441469856647,1.2174632773230218,0.4743062964202259,0.9733166383928741,1.6321306957432905e-06,2.3771499791194687e-06,6.5649160193905315e-06
Chair_011_11.obj,Chair_011,CA,0.5973157538569034,0.2578826494401105,2.3050654524074807,0.36317643011705003,0.8042275442017994,0.9692556204322622,0.9836684157789664,0.037580434887149294,3.79734215910105,0.32713585607040535,0.9874165388144313,0.0029533420843931477,0.03978333521404678,4.333302666908371e-06
Chair_015_01.obj,Chair_015,CA,0.8267788678590664,0.15460524745998758,4.140831080901881,0.21422406115773923,0.37619988344094096,0.760992184022198,0.6667904768082157,0.026940823844062302,2.0957457895487903,0.24900509650262337,0.8443387801323304,0.015594000290978106,0.023550755534337414,0.03982584555008003
Chair_015_02.obj,Chair_015,M,0.9733274681582585,0.018993441133391516,7.076022522806856,0.13175861752184598,0.18676945388795213,0.7961449862591793,0.9475113327388538,0.012886665124834138,1.3482776031192074,0.7199466039872054,0.9612935696661972,0.023056037876928576,0.03521736546983356,0.07770031507228575
Chair_015_03.obj,Chair_015,M,0.9733128508580601,0.019072398742778884,7.087570287739436,0.13154775639220584,0.1870804492416691,0.7965596546312459,0.9476069188682714,0.011719340901597075,1.330245799533752,0.7227073735531601,0.9613826179332173,0.017173920070242033,0.023230994878791145,0.06859850720121438
Chair_015_04.obj,Chair_015,SL,0.05132471192143439,0.9409961731065695,6.205893493211235,0.1156853543737365,0.4250487389051571,0.6245284946386345,0.2380845326205313,0.03278611704997895,1.3046774519030415,0.13336545931249819,0.7416787152683899,0.04568066409698949,0.05468486530065864,0.1396807278987965
Chair_015_05.obj,Chair_015,M,0.9930009500202196,0.0024572545255084053,6.001902180122548,0.12757132356503564,0.0735267970052334,0.9006460938546641,0.945815286781787,0.007726237707771479,1.3268727149491462,0.5748110615934935,0.9632210955399607,0.01917931630435918,0.08567333461360675,0.030485537048389296
Chair_015_06.obj,Chair_015,M,0.9930380495155209,0.002369656659612186,6.001288241927452,0.1275706704096245,0.07352203299808201,0.9086711327431318,0.9436539249553794,0.007724846043716902,1.3263764265787923,0.5563525228914855,0.9628486341169937,0.027599165421825254,0.07319008734095551,0.11681910150884028
Chair_015_07.obj,Chair_015,M,0.989877956169893,0.005631938788142621,11.502148696163788,0.08479971289222467,0.20084158631275043,0.8110863818189361,0.9476804948431611,0.009765858874885472,1.791198109529342,0.6555209254987192,0.9644532239599067,0.030303253522466028,0.05635858366283526,0.1694367372666211
Chair_015_08.obj,Chair_015,M,0.9890784198538435,0.007764887810652748,16.638344748070036,0.05706453303864079,0.1649134288220154,0.7686595879831319,0.9636910783160922,0.00489034542602754,1.4236993599423047,0.6424259132057997,0.9733735141361418,0.020167999339698418,0.031123239716770612,0.08180278977507754
Chair_015_09.obj,Chair_015,M,0.990206852224124,0.00528906272492351,11.49989404096008,0.08481491641397708,0.20078863945106679,0.8128778377130154,0.9473927044261131,0.009762012354311735,1.7903733832668631,0.6540982446502536,0.9643004985111685,0.03475117561309069,0.06536292360042809,0.18660646153441296
Chair_015_10.obj,Chair_015,M,0.9897327452769643,0.007117508987534613,16.63476071921412,0.0570768375362261,0.16493125922333368,0.7710720150791477,0.9639057495932304,0.004887727703918945,1.4225825643265055,0.6604750887951883,0.973546407364014,0.020631024101154898,0.03164846824908594,0.08515615190163406
Chair_018_01.obj,Chair_018,SL,0.46225621659643157,0.5200158022636223,5.702328603781587,0.1431452784024683,0.8823290403550171,0.9881910614089184,0.9241178471276772,0.03372982656761763,1.873561680842537,0.07793761521893153,0.9553415924759006,0.07599463851734102,0.06829240747923196,0.1977516279811093
Chair_018_02.obj,Chair_018,M,0.9940011767253999,0.00047103931712189697,5.272000847035297,0.1811438069335859,0.20041990845234095,0.7475750674669576,0.9418207972850184,0.024110258348149758,2.3423654464135986,0.47108386140733643,0.958828434665471,0.09401693691905624,0.06619697634878341,0.16763616345385687
Chair_018_03.obj,Chair_018,M,0.9940011933566113,0.00047100110594298445,5.272001377014451,0.18114379032606936,0.20042001149722646,0.7475750452504264,0.9418208192774059,0.024110257181581017,2.3423655847064992,0.47108767431047416,0.9588284597229313,0.09401657021589409,0.06619772958882572,0.16763604479823555
Chair_018_04.obj,Chair_018,M,0.9940010782854447,0.0004711476916948345,5.272001377014451,0.18114379032606936,0.2004214203964366,0.7475674922170314,0.9418183020331193,0.024110212957802035,2.3423605105397085,0.4710936248263925,0.9588267070485892,0.09401320457915184,0.06619657318094073,0.1676298139984194
Chair_018_05.obj,Chair_018,M,0.9939906847442245,0.0004886020003545248,5.272000847035297,0.1811438069335859,0.20042250826066568,0.7488858369334342,0.9417476234274346,0.02711640204699768,2.482212794022354,0.4161320350794659,0.9589787621542059,0.09400226573473258,0.06622552389287432,0.16735796966932884
Chair_018_06.obj,Chair_018,M,0.9924948158520325,0.006994514230850175,31.984161946294197,0.031126359983035062,0.811737401303847,1.0,1.0,0.004681366509131036,0.8340376827307228,0.0,1.0,0.1600709837272754,0.10879541789548039,0.2608285957603011
Chair_018_07.obj,Chair_018,M,0.9924948158520325,0.006994514230850175,31.984161946294197,0.031126359983035062,0.811737401303847,1.0,1.0,0.004681366509131036,0.8340376827307228,0.0,1.0,0.1600709837272754,0.10879541789548039,0.2608285957603011
Chair_018_08.obj,Chair_018,M,0.9813415051377293,0.017409691752880305,17.797146920258832,0.055558074585885936,0.7092215202771012,1.0,1.0,0.0070027161895361584,0.7472897327265631,0.0,1.0,0.16085535768591097,0.10980559070750921,0.26928422712778555
Chair_018_09.obj,Chair_018,M,0.9813415051377293,0.017409691752880305,17.797146920258832,0.055558074585885936,0.7092215202770976,0.9999999999999998,1.0,0.0070027161895361584,0.7472897327265631,0.0,1.0,0.16085535768591097,0.10980559070750925,0.26928422712778555
Chair_019_01.obj,Chair_019,OB,0.8936432431177443,0.06307044592013632,3.2289212446123083,0.2746993820146123,0.8468418202374044,0.9885171588263874,0.9477817600565701,0.01671961516975578,2.73777057988908,0.13659350489005703,0.9718100104425055,0.05184450989004859,0.03636218061055266,0.10462346238188674
Chair_019_02.obj,Chair_019,OB,0.8936425669364352,0.06307084715136958,3.228893042913763,0.27470126960755714,0.8468430374901107,0.9885177899857635,0.9477867317870048,0.016719681937468117,2.7377867222314944,0.13660087092217085,0.9718121102258009,0.05184661953817776,0.036364793074825284,0.10465423313283535
Chair_019_03.obj,Chair_019,OB,0.9434007375805981,0.055520209209823354,27.924284052292233,0.03468067022417125,0.9895337646279541,0.997344112339033,0.9963203691467154,0.006357532489382696,3.106686394497312,0.15050153154496385,0.9977803881777046,0.003032695847258842,0.015084713830065972,0.01042143381275018
Chair_019_04.obj,Chair_019,OB,0.8124882327541757,0.14722081021777464,3.2094233798399783,0.26406405255961996,0.8788695008437767,0.7618314586789424,0.8127425967865024,0.014377437747652938,2.691817727007348,0.2462048295290792,0.8816193059176273,0.02893289204255608,0.045860788348486885,0.13389018174774361
Chair_019_05.obj,Chair_019,OB,0.8483670931925028,0.1082801437907948,3.20944734864789,0.26406221798702867,0.878876052512223,0.7810706937641777,0.8311168612627704,0.013262952090904266,2.5302794037977043,0.2515383795366712,0.8913282138215501,0.02290156853895506,0.034178845209871356,0.09664861235457355
Chair_019_06.obj,Chair_019,OB,0.23022647475280514,0.7076601340073602,3.397693464538457,0.2073178576265253,0.9438750681477338,0.8534331001794836,0.8443573332485953,0.011738318153641358,2.244447255269702,0.13610621269218923,0.9023045780906435,0.04578306197152802,0.03617141492632981,0.10109822751154784
Chair_019_07.obj,Chair_019,OB,0.24924241335629946,0.6862301440943714,3.3976975966332654,0.20731773252445976,0.9438755848068713,0.9379729980364071,0.9147094115313534,0.011741407316302318,2.2451877812022887,0.1391211801978643,0.9461016491567309,0.05360408279455333,0.04538509375610533,0.11730658169096661
Chair_019_08.obj,Chair_019,OB,0.8414178044079383,0.15764646044969172,28.54511459391533,0.032241774586609796,0.9862348016402218,0.97458957377233,0.9865723942713138,0.005073389929913982,2.712655154425342,0.34773008710331926,0.9899544766186876,0.0020291880662929034,0.011367854328212697,8.215440741506101e-09
Chair_019_09.obj,Chair_019,M,0.9336624972277012,0.0019573104240648252,2.7714707719308227,0.3213947386546362,0.7364511551975124,0.968218753017878,0.918326812956142,0.09774159551133944,1.2016192707407014,0.18886105529715208,0.9523916804239562,0.0551508277932583,0.036613218371400774,0.13117372928914262
Chair_019_10.obj,Chair_019,M,0.9336625099371314,0.001957297738735478,2.7714707719308227,0.3213947386546362,0.7364511579179045,0.9682187529974531,0.9183268130407409,0.09774159567419366,1.2016192730472883,0.1888610550925087,0.952391680503247,0.05515102493789607,0.0366133166052985,0.13117372928914367
Chair_019_11.obj,Chair_019,M,0.9336624977626928,0.0019603106050273687,2.7714707719308227,0.3213922410347782,0.7363653069182345,0.9682187565584489,0.9183268112463668,0.09774159217097105,1.2016192228337002,0.18886104507334125,0.9523916790421855,0.05513830544904884,0.036614091250862804,0.13113823069566788
Chair_019_12.obj,Chair_019,M,0.9336625104733378,0.001960297917269026,2.7714707719308227,0.3213922410347782,0.7363652080193295,0.9682187565380242,0.9183268113268835,0.09774159232597146,1.2016192250289242,0.18886104487655325,0.9523916791169845,0.05513850161251626,0.03661419600403635,0.13113804717528943
Chair_019_13.obj,Chair_019,M,0.9977819879850014,0.0012727727693513107,28.666301742082563,0.03477917802807164,0.946569110632163,0.9982361185795835,0.9998390587019734,0.007025367435302292,2.1647933371306087,0.7244863440466532,0.9998736216820946,0.017696156143487428,0.0379177413221983,0.11823247932955397
Chair_019_14.obj,Chair_019,M,0.9977420096648566,0.0013246731670778346,28.670106161688437,0.03477456853791775,0.9465898325761353,0.9814426190969288,0.9982255901791607,0.007025375856826829,2.164789909492909,0.7134717198720189,0.9986098325429423,0.017213444229753336,0.03820735672287571,0.1191719639627145
Chair_023_01.obj,Chair_023,SL,0.06265191604268704,0.900365078731655,2.848212813763659,0.25210379975298447,0.3153937296376741,0.8153972379316244,0.6580411266507192,0.07314568332045122,2.468371880192803,0.11271811308845293,0.826676713178408,0.015597393423125536,0.03588967596385858,0.07600848013992195
Chair_023_02.obj,Chair_023,CA,0.6127653347478528,0.3820720203749827,2.584162167225655,0.2676569462269092,0.1334638748036244,0.5703721698146079,0.36628724818811187,0.05518291247100945,2.6152980319474617,0.304516968673189,0.7511531146327033,0.019271324057034047,0.039928623146625514,0.0893901394477312
Chair_023_03.obj,Chair_023,CA,0.6155116334251208,0.379307605963982,2.584158732705292,0.2676572442617854,0.1334636447426675,0.5706171305153579,0.3672279784305402,0.05518265611276496,2.6152866973553257,0.3044184279008254,0.7513242199295669,0.019634986653569237,0.04011244884473807,0.09066040007496383
Chair_023_04.obj,Chair_023,SL,0.14406064232220528,0.8462388883390024,8.17086420474984,0.09133928331874232,0.5674051474625278,0.8375203807976075,0.7210312213318126,0.04648118522683332,2.227771679177137,0.12815019013270795,0.8502709892938943,0.012714321101209172,0.029861051375568458,0.06184195849809057
Chair_023_05.obj,Chair_023,CA,0.4305140895418016,0.035317438827221354,1.117537228244712,0.5450156358592149,0.4484123085307723,0.7180520891232355,0.7341478249794942,0.06560774110226421,2.7005623528269798,0.08287470899217912,0.8578534786769844,1.3006737364624807e-05,5.425213465975258e-05,9.782133715024254e-05
Chair_023_06.obj,Chair_023,M,0.9895770381438985,0.005873227433573328,1.0931224376265642,0.5592371908492229,0.028896182408348736,0.8718057449875899,0.9037312950355039,0.05734489243196172,3.6665045559817533,0.36382137282844007,0.9484258095615814,9.423376643449256e-06,3.913175561408953e-05,6.764456178586006e-05
Chair_023_07.obj,Chair_023,M,0.9895776491625149,0.005876478297393319,1.0933082887941525,0.5592024101452387,0.028902868686520703,0.8720411410586091,0.903808508232742,0.05734120678237672,3.6662648571077954,0.3650978683082372,0.9484729142274682,9.458717102543872e-06,3.8843355278992424e-05,6.944418165516176e-05
Chair_023_08.obj,Chair_023,M,0.9895892645790005,0.005859972811457174,1.0931207051439846,0.5592385548137182,0.028896248439244945,0.8717867781551586,0.9037287613103804,0.057344903596859315,3.666501771239001,0.3624238782687047,0.9484242351971832,9.06308424496808e-06,3.811017415846383e-05,6.764808414448894e-05
Chair_023_09.obj,Chair_023,M,0.9895750419363606,0.00586923636522279,1.0929355117423674,0.5592732097821546,0.028889597259860476,0.8713516100632992,0.9036536355460943,0.05734865371492989,3.6667403010345225,0.3651686648023311,0.9483696425693404,8.818977471645167e-06,3.864884027485579e-05,5.903606646515951e-05
Chair_023_10.obj,Chair_023,CA,0.3326261460355566,0.5203858277170742,1.2690683666433813,0.5057379901693598,0.33953413116026265,0.8087596933368533,0.59310483250658,0.07884103418345001,0.5673304413351077,0.028434599255069803,0.8052439898998252,0.017049761995395887,0.03227671985805893,0.08002079587117013
Chair_026_01.obj,Chair_026,SL,0.7611462155459634,0.2298513249389545,5.144127664920655,0.17092026981837585,0.3658951232590321,0.8983228690403383,0.8415782355474674,0.048855185067983684,1.1402574014798945,0.2710780855037963,0.9065436454440541,0.011824487281557399,0.06821157638652402,0.022469772396923878
Chair_026_02.obj,Chair_026,SL,0.3597933212517233,0.6209210186908077,5.489915847885692,0.13276689329463084,0.47574657634439016,0.9409523271766964,0.8339204497991549,0.0570259504974061,0.8000891368542996,0.07242853003548302,0.9049983190037356,0.007122577141559494,0.05957252185620869,0.004854447118509667
Chair_026_03.obj,Chair_026,SL,0.41322610056197695,0.5792848862842979,7.587083469643149,0.09932595868105326,0.5245029191454348,0.9540630349973251,0.8818533257204303,0.05095377685820254,0.7586416957897858,0.20108004581984615,0.9281661254861026,0.007317220208159237,0.07209827535352807,0.00035676607368545157
Chair_026_04.obj,Chair_026,M,0.9982477595084823,0.00013832504920022624,6.1014448878907785,0.1594926860915249,0.0352803838932611,0.9742660427386294,0.9856713143945427,0.012988555200894153,2.855182018224925,0.44050757765402776,0.9920345213213048,0.0003192485567683284,0.004265019262122599,6.641408680167841e-05
Chair_026_05.obj,Chair_026,M,0.9978187781683024,0.00024311794750303306,6.110512905881534,0.1592537229169277,0.035269728470704365,0.9921083216565789,0.9864315907005734,0.012988323077755784,2.8550613488929186,0.4469616826870597,0.9927055767757058,0.007819822759228852,0.0788143611949479,6.732120840525409e-05
Chair_026_06.obj,Chair_026,M,0.8348954680929267,0.16450244884204643,5.8498610057954465,0.14670709823983644,0.15789676091950577,0.754384618939282,0.8071665365245693,0.016458797196446433,2.792543359744155,0.10736097431528069,0.8865432759083365,0.005454653073913176,0.06614067072793688,5.580614270584108e-05
Chair_026_07.obj,Chair_026,SL,0.3243834840445775,0.6748601440674764,25.7609651703553,0.02873819647455153,0.8615334030604044,0.9328190556771293,0.8267581658588187,0.02593109672982327,2.0462086290917827,0.05213161683912413,0.9079400764490919,0.014043807844345852,0.10572920624893846,0.005524664424623809
Chair_026_08.obj,Chair_026,SL,0.32372938107367094,0.54811917978917,1.7634931840995125,0.37291069738422333,0.42091351504876073,0.9310482349727839,0.8140331844884237,0.048671324666226944,0.8157504163078455,0.06466982052703275,0.8954259465233475,0.009276315892875813,0.06442531536891158,0.006832740450355518
Chair_027_01.obj,Chair_027,SL,0.14385302721621884,0.8356743307336004,4.166396165332343,0.20694109613072,0.32759942889897603,0.8448986105731909,0.8192249728593772,0.01407465108188794,1.2825726290426211,0.6197571726445458,0.88810172086842,0.006251775440686601,0.049749670922220324,0.0009117150222451416
Chair_027_02.obj,Chair_027,M,0.9918369824984443,0.006598414020027922,11.366674907422345,0.08714083780276215,0.24434418519814424,0.638191616363871,0.8737119330588742,0.04401824623381859,4.239931902061567,0.14598274517030282,0.9194401690218144,0.0013682515574804533,0.019640861560387697,0.00036113122905482155
Chair_027_03.obj,Chair_027,M,0.9918136611041217,0.006626509176221639,11.366674907422345,0.08714083780276215,0.24434418659117407,0.639204283719393,0.873951451799198,0.04457525154342162,4.268144485689319,0.14529884066355675,0.9195868827301911,5.580220681354402e-05,0.0002152688310464631,0.00016326169545546258
Chair_027_04.obj,Chair_027,SL,0.009747206298242399,0.9864285475118019,12.651398649171439,0.056486023957023054,0.8501053528308642,0.8421475766452134,0.65736342439334,0.3008073344985563,0.5763427521124498,0.014659629769062352,0.8311997977195336,0.05247974570075378,0.13111854681378687,0.4320237822904047
Chair_027_05.obj,Chair_027,M,0.9556410264080302,0.03868764557043217,5.700999089663582,0.13773106426176576,0.24559080191854155,0.7075900890233339,0.6600935497415107,0.19058954543649098,3.711573811319075,0.03740450551716737,0.8450049607881531,0.0007459779641331235,0.018594316694862032,0.0007176808917194197
Chair_027_06.obj,Chair_027,M,0.9556410264080305,0.0386876455704319,5.700999089663582,0.13773106426176576,0.24559080191854113,0.7075900890233339,0.6600935497415106,0.190589545436491,3.7115738113190746,0.037404505517168944,0.8450049607881528,0.0007259075222462431,0.018521237250514116,0.0007287638815820111
Chair_027_07.obj,Chair_027,M,0.9934964055634536,0.002295616266705655,10.805599734705336,0.09107774581658401,0.363185455660483,0.7684107359984037,0.9263803606370202,0.05672561399710994,3.3528548616229292,0.34695070746447987,0.9484692849393519,0.0014404844182860908,0.023315247807572118,0.0006816590077123052
Chair_027_08.obj,Chair_027,M,0.9935093850147052,0.0022916521419496425,10.805599734705336,0.09107774581658401,0.36318545566048344,0.768242908962992,0.9263462978281244,0.0567256139956467,3.352854861515615,0.3469506222527823,0.9484459161242504,0.0010042092512077272,0.020863468019771316,0.0006664713757231342
Chair_027_09.obj,Chair_027,M,0.769598346005165,0.227841342212196,4.128623312602966,0.2127998742911443,0.23858446557137258,0.8890471682983089,0.794314380432533,0.07062715000143806,2.608633395260281,0.09636801997455499,0.8934039909175179,0.003990066539751587,0.03360900232382336,0.000179206389450248
Chair_027_10.obj,Chair_027,M,0.7691359819408844,0.2282995005933275,9.164011573812754,0.09632771077302274,0.49473090654563096,0.8890478776321217,0.7943179067609039,0.07062721972684952,2.6086342541924354,0.09630500320104132,0.8934047149523309,0.003150799370008465,0.02920010411707278,0.0001655478793011565
Chair_027_11.obj,Chair_027,M,0.7283206817022256,0.2686621950310886,12.744861625886518,0.06807448955263885,0.7432108487843899,0.8890903385179834,0.7904703912266436,0.07456502919102274,2.537756492392084,0.0951243612442045,0.8920768708652941,0.003435403531953647,0.030816341789641283,0.00017491251590198996
Chair_027_12.obj,Chair_027,M,0.7691359819927226,0.2282995005424417,9.164011573812754,0.09632771077302274,0.494730906545631,0.8890480729372056,0.7943180146248933,0.07062721972676854,2.608634254188786,0.09630499975275164,0.8934047823720028,0.003189855675986709,0.02942354762660619,0.00016506017630751394
Chair_028_01.obj,Chair_028,M,0.9538462634428024,0.021106822836542315,5.090376709827083,0.18700167541609294,0.40822685277382953,0.723461974494489,0.6996189237262198,0.06628261361021655,3.474530055575822,0.21664121854333995,0.862917121558132,0.004566361035514872,0.03839257679480326,0.0002324986473691169
Chair_028_02.obj,Chair_028,M,0.9922353057446139,0.006329366919348922,9.267775992075089,0.10624669556065244,0.16377557941048385,0.652816821539453,0.8806303098766249,0.03369315133272089,3.642945388374142,0.19096124667193637,0.9222006027104372,0.0012793299687668873,0.023008999215263344,0.00023490171297248938
Chair_028_03.obj,Chair_028,M,0.9922353057446137,0.006329366919348948,9.267775992075089,0.10624669556065244,0.16377557941048385,0.6528168215394535,0.880630309876625,0.033693151332720904,3.6429453883741423,0.19096124667193184,0.9222006027104372,0.0010851848404314238,0.022559055010896858,0.000225300867300746
Chair_028_04.obj,Chair_028,M,0.9566954787743145,0.03938467822578437,1.6934866050550763,0.3980269884537173,0.04256487592102211,0.6960928126500772,0.7361638620869102,0.04648057313591023,3.427130476759955,0.07546983112813262,0.8682613554296479,0.0005642291105940252,0.005181022882437899,0.00033746479697093303
Chair_028_05.obj,Chair_028,M,0.9630514124226845,0.032956121355547145,1.7451044862655634,0.38795003630573416,0.041967574322988775,0.6840423090729464,0.7462307624436121,0.04896079426591443,3.522805203618073,0.08129155194856212,0.8710898204644139,0.0011099230093847981,0.027626360340455132,0.0002570406018359265
Chair_028_06.obj,Chair_028,SL,0.09403864395362388,0.8954075222402769,9.582356655808548,0.07452638037666241,0.6426774352406903,0.8507118040087011,0.6701796464019689,0.07258982616111526,0.6434272588011423,0.021644698468710886,0.8356886196176896,0.009774478051381732,0.05147576296100707,0.009092507612069254
Chair_028_07.obj,Chair_028,M,0.9905731844883062,0.0017630924685498631,8.70715465043073,0.11248974488671454,0.26764722963328846,0.8626102872900591,0.9458124903667414,0.04140283202554958,2.8148296703935607,0.4521207857611516,0.9615213554618017,0.00551159557111021,0.039980037807113886,0.0002519237497953207
Chair_028_08.obj,Chair_028,M,0.9905731844883066,0.001763092468550086,8.70715465043073,0.11248974488671454,0.2676472296332885,0.8626102872900591,0.9458124903667415,0.041402832025549556,2.814829670393561,0.4521207857611358,0.9615213554618021,0.005217282705578951,0.03849713432102285,0.00025162527747257183
Chair_029_01.obj,Chair_029,SL,0.12885513837877594,0.838943109461059,2.8058120601269003,0.26084853104852623,0.36282454811912085,0.951618972535053,0.8608231426350198,0.09015673206595456,0.6936177143064659,0.06615572189811862,0.922571860237857,0.011316389140573486,0.017390966174910462,0.036571788857494736
Chair_029_02.obj,Chair_029,SL,0.01714674622902984,0.9804307332026364,9.434715819905668,0.07483397226540395,0.3822578449797716,0.8890392461997179,0.7315158530676884,0.06335051140004828,1.9615026166582057,0.025267088653708542,0.8632468705821958,0.13953627815264527,0.1234559117853336,0.30248970823827015
Chair_029_03.obj,Chair_029,M,0.9425100992173002,0.041987484448869364,3.270540475405916,0.27611744718043746,0.31548299605328295,0.9889056507650698,0.9798736974347548,0.057167563715942935,1.9617363936753327,0.4750532403739893,0.9864135588307309,0.020502270727878243,0.07170932412227862,0.23686398437279416
Chair_029_04.obj,Chair_029,M,0.9918978524268567,0.0027235458603641124,6.1882566086402235,0.1558158635278309,0.20969154870126516,0.9935722801010035,0.9835472996020944,0.046835829222936776,2.8112305494325143,0.3241042926388713,0.9903051209326277,0.00013613887567211027,0.0005524439064950985,0.0007937475089448083
Chair_029_05.obj,Chair_029,M,0.9341540313663567,0.04973378159289525,1.9714996667921842,0.3421125847118315,0.09416407936491417,0.6454429508117867,0.7041208932684646,0.056751580652992316,2.6637536487144433,0.35268923614021797,0.8520522520787986,0.003430133990018805,0.05294127558435173,0.00029732761156146137
Chair_029_06.obj,Chair_029,M,0.9425100992173002,0.041987484448869364,3.270540475405916,0.27611744718043746,0.31548299605328345,0.9889056507650698,0.9798736974347548,0.057167563715942935,1.9617363936753327,0.4750532403739893,0.9864135588307309,0.020502271085940306,0.07170932401990582,0.23686398437279413
Chair_029_07.obj,Chair_029,M,0.9918978524268567,0.0027235458603641124,6.1882566086402235,0.1558158635278309,0.2096915487012659,0.9935722801010032,0.9835472996020944,0.046835829222936776,2.8112305494325143,0.32410429263887125,0.9903051209326277,0.00013613875972302863,0.0005524439350672162,0.0007937475089609227
Chair_029_08.obj,Chair_029,M,0.9341540313663567,0.04973378159289525,1.9714996667921842,0.3421125847118315,0.0941640793649143,0.6454429508117867,0.7041208932684646,0.056751580652992316,2.6637536487144438,0.3526892361402179,0.8520522520787986,0.0034301341118801836,0.052941275576406814,0.00029732761158380954
Chair_029_09.obj,Chair_029,M,0.9909078999146645,0.005110248766755532,6.728909023234089,0.14423530647928634,0.2992507208724207,0.9643568618340984,0.9525315393064882,0.050370373960344966,2.6127165311160376,0.372072293683905,0.9734918432053369,0.0013587102876387322,0.02440271985414247,0.00015242295589304352
Chair_029_10.obj,Chair_029,M,0.9722447647461478,0.014328481623155184,2.267438908205505,0.34809141048884357,0.09862613931636648,0.6174664607527585,0.7060668031670956,0.0588008980997942,2.4659430658896397,0.3056835742361279,0.8520880618746097,0.001689326069458551,0.03213372208154304,7.174614231926594e-05
Chair_029_11.obj,Chair_029,M,0.9945697272384607,0.00029335781142155967,3.7093643659205093,0.24638786246716343,0.0776426378646429,0.9840901742632214,0.9786734922945397,0.040465575775434436,2.8317921842279925,0.388311086317513,0.9870741107786247,0.0005635664479756204,0.009190979758746423,4.9791393716830966e-05
Chair_029_12.obj,Chair_029,M,0.9909078999146645,0.005110248766755532,6.728909023234089,0.14423530647928634,0.2992507208724207,0.9643568618340984,0.9525315393064882,0.050370373960344966,2.612716531116037,0.372072293683905,0.9734918432053369,0.001358710256648988,0.024402719855867918,0.0001524229559563018
Chair_029_13.obj,Chair_029,M,0.9722447647461478,0.014328481623155184,2.267438908205505,0.34809141048884357,0.0986261393163664,0.6174664607527587,0.7060668031670957,0.0588008980997942,2.4659430658896397,0.3056835742361279,0.8520880618746097,0.0016893261309144866,0.03213372207830798,7.174614231926594e-05
Chair_029_14.obj,Chair_029,M,0.9945697272384607,0.00029335781142155967,3.7093643659205093,0.24638786246716343,0.0776426378646423,0.9840901742632215,0.9786734922945397,0.04046557577543444,2.831792184227993,0.38831108631751293,0.9870741107786245,0.0005635665143091485,0.00919097975506513,4.9791393942763554e-05
Chair_032_01.obj,Chair_032,CA,0.8915093175186036,0.07955693496494808,2.9007986074449392,0.30401021693591457,0.5343594431945126,0.9603218324931787,0.9130481142905417,0.04885859171653025,3.073572702570511,0.2584145225010031,0.9481687105383294,0.008572586609330688,0.010887029414854336,0.02059841952084834
Chair_032_02.obj,Chair_032,M,0.9972411217932121,0.0015805824797758027,26.19359958289126,0.03625575374814374,0.17445571020645065,0.9523318456802696,0.9672668286782997,0.020364791426644647,3.398463516125063,0.10234442691785822,0.9805289601036393,0.00047425692208480586,0.0034529823096724126,2.8574340454232963e-05
Chair_032_03.obj,Chair_032,M,0.9972411217932128,0.001580582479775187,26.19359958289126,0.03625575374814374,0.17445571020645048,0.9523318456802743,0.9672668286783003,0.020364791426644633,3.3984635161250627,0.10234442691785317,0.9805289601036395,0.00037996969332077093,0.003094654393596667,2.9248489058708622e-05
Chair_032_04.obj,Chair_032,SL,0.3139297084710515,0.6856359700231898,13.463854487396501,0.05341843968547628,0.432942803711318,0.8621386967065312,0.8105765658932521,0.062093724866254384,3.6470205446401844,0.033963119734962396,0.8871603223731019,0.026733344704531377,0.07946621985275625,0.15211144334994847
Chair_032_05.obj,Chair_032,M,0.988532638150963,0.006179158214159761,7.960089196523373,0.12310458999991053,0.2410791716225155,0.9616290898581921,0.9828774080639614,0.015276650993884519,2.291536901511335,0.4127623702513592,0.988903265590974,0.001210393573848729,0.005371453778229761,0.0005120133251741599
Chair_032_06.obj,Chair_032,M,0.988532638150963,0.006179158214159763,7.960089196523373,0.12310458999991053,0.24107917162251566,0.9616290898581917,0.9828774080639607,0.015276650993884519,2.291536901511335,0.4127623702513255,0.9889032655909736,0.0012022213097828817,0.005338015087285646,0.0003606933234203717
Chair_032_07.obj,Chair_032,M,0.9029223513740666,0.011600557339428495,5.3141244921828585,0.17864814034077697,0.4179419103243854,0.8328814588316862,0.8931843938492108,0.018315365919845904,1.6740553901831239,0.5306894419501847,0.9326911416819671,0.03360112921535914,0.08732674240586975,0.22978689787939766
Chair_032_08.obj,Chair_032,M,0.9007092397340558,0.012962993244660706,5.3141244921828585,0.17864814034077697,0.4179419103243854,0.8349592833067452,0.9008826985733072,0.018330875127268352,1.675838765416506,0.5353979857489859,0.9373146610288859,0.024861526548452816,0.07314642659244203,0.22620870849862637
Chair_032_09.obj,Chair_032,OB,0.9370411348832083,0.043310162360170656,7.628426813318372,0.12669169315479767,0.8719886773818422,0.9998925348353754,0.9995034371265141,0.01206140991690591,0.9525658488928869,0.7338668557538701,0.9996119833206278,0.0013498081545270436,0.0030206554309343808,0.008353748231351934
Chair_032_10.obj,Chair_032,M,0.9809039811069978,0.014177473086199967,10.442872736876895,0.09453800373239266,0.6067436366644605,0.9999999999999999,1.0,0.00392488812269009,0.7269507739720527,0.0,1.0,1.4491571728950734e-06,3.810336718660261e-06,1.2829101896733593e-05
Chair_053_01.obj,Chair_053,CA,0.09834972486967627,0.8328458421739638,1.7389599984532953,0.39900113677309773,0.3171910786481909,0.9314039751789955,0.8629973900547538,0.029306519448622097,2.1968207666413195,0.14500146653873297,0.9171188476552907,0.002132533802837489,0.04193951166947827,0.000113964560941608
Chair_053_02.obj,Chair_053,CA,0.655528057878795,0.32695079407448724,4.110061219575169,0.1852250174904741,0.39228739046267697,0.5387792185850299,0.2372487917847993,0.03119731266125291,2.5162141915238116,0.21881787562274568,0.7316311045673519,0.005173839698099497,0.06312883061822522,0.00035999955305717244
Chair_053_03.obj,Chair_053,CA,0.6555280578787944,0.3269507940744877,4.1100612195751705,0.1852250174904741,0.3922873904626767,0.5387792185850299,0.23724879178479885,0.03119731266125292,2.516214191523811,0.21881787562294816,0.7316311045673519,0.00032304019918452567,0.010956328749012116,0.00019834947749440687
Chair_053_04.obj,Chair_053,SL,0.041319540223182086,0.9480758115781274,3.9385846827957085,0.18518895147436784,0.32771128818002926,0.8765841177337911,0.7090573455659601,0.08639520363276326,1.9152926114870559,0.031632339809007336,0.8537713485500813,2.55019216916503e-05,0.00010039747658877542,8.992183879112469e-05
Chair_053_05.obj,Chair_053,M,0.9892521562226917,0.007936048016829232,9.398325540790518,0.10107809968328488,0.1806658858214451,0.9754229282823299,0.9552383264819314,0.03743935182065674,2.2567154753256973,0.42254156705195156,0.9756398754996869,5.213333900287431e-05,0.00039274887861785057,6.09519349399017e-05
Chair_053_06.obj,Chair_053,M,0.9857829736855086,0.0024403059839721796,5.586923222982532,0.16717549080298633,0.2481229639932515,0.9492771720240458,0.9678258394141488,0.057643857370928815,3.3064391001943156,0.2731373488931929,0.9794477547040181,0.02508489469965395,0.15024266858998558,0.0015132776969418575
Chair_053_07.obj,Chair_053,M,0.9892682277257476,0.007924695643588421,9.374174547129826,0.10133584663598996,0.18027991724127393,0.9726194796353881,0.9548000059190477,0.035737137029138916,2.34289425999035,0.417906754318243,0.9753130531213128,0.00016696822440853015,0.002309747947482275,8.78043127417938e-05
Chair_053_08.obj,Chair_053,M,0.9857735232037834,0.0026988921177722876,5.586985555790563,0.16717367872997432,0.24812340782022918,0.947641867580136,0.967606217913573,0.059504550526777625,3.3642104470966028,0.2701096230631716,0.9792874028990278,0.0001134144871241787,0.0007849413601440611,0.0003117876442194628
Chair_053_09.obj,Chair_053,M,0.9606944705729971,0.036397575708314735,10.179892954484846,0.09559658297730084,0.51311651348821,0.9076680999842204,0.857140469401475,0.019187228931312177,2.3520075905544946,0.2555366975636821,0.9261846463224883,0.005561437131724575,0.06633671655915344,3.781265876320462e-05
Chair_053_10.obj,Chair_053,M,0.9821498216152692,0.003518063558468556,5.944009274940013,0.15910347979137465,0.2710770681327763,0.9687743414144717,0.9471825117521601,0.04510538155187452,2.20071352914931,0.4053893346061658,0.9705029579888496,0.004220827962374899,0.051231002864941456,3.748507926528348e-05
Chair_053_11.obj,Chair_053,M,0.9675978335425987,0.015150469901689603,2.133832325622338,0.3799988044209825,0.07428087426458735,0.6525636162685605,0.7720928952610818,0.049048581344827466,2.5110591082078773,0.3856241567984253,0.880247396909271,0.007080905664627898,0.07781169472167995,3.1594353273727115e-05
Chair_053_12.obj,Chair_053,M,0.9878970963198508,0.00074206796895252,2.649181914718893,0.31930223058638807,0.10177968042218119,0.9479183974775055,0.9513403896399089,0.05956903719378243,2.9385610872890275,0.41696418405212804,0.9715540917234866,1.4946404841037672e-05,7.21221412799079e-05,5.380336547352606e-05
Chair_053_13.obj,Chair_053,M,0.9821498216152692,0.003518063558468556,5.944009274940013,0.15910347979137465,0.2710770681327771,0.9687743414144716,0.9471825117521601,0.04510538155187452,2.20071352914931,0.4053893346061658,0.9705029579888496,0.004220828082585549,0.05123100285503859,3.7485079323964265e-05
Chair_053_14.obj,Chair_053,M,0.9675978335425987,0.015150469901689603,2.133832325622338,0.3799988044209825,0.07428087426458738,0.6525636162685607,0.7720928952610818,0.04904858134482746,2.511059108207877,0.38562415679842527,0.8802473969092711,0.007079887805328202,0.0778052217342858,3.159435286477216e-05
Chair_053_15.obj,Chair_053,M,0.9878970963198508,0.00074206796895252,2.649181914718893,0.31930223058638807,0.10177968042218132,0.9479183974775055,0.9513403896399089,0.05956903719378242,2.9385610872890267,0.4169641840521281,0.9715540917234868,1.494652516225943e-05,7.212211635165837e-05,5.380336526411148e-05
Chair_053_16.obj,Chair_053,CA,0.1839132436728236,0.582283438750962,1.346873103376715,0.4713482301032625,0.5280521629699657,0.9054641595574617,0.8102508302327571,0.03239642080777575,2.1069712881211284,0.11724895352543772,0.8960560688164834,0.0029363125446584407,0.04814889829700256,0.00020177229364342828
Chair_055_01.obj,Chair_055,SL,0.32439079651358005,0.6726653633837176,3.5829479160603013,0.2155980422145609,0.25368227228307766,0.9862540103849725,0.9782324523807884,0.030363084042735695,2.6305850162558198,0.13391282803442836,0.9849051796515843,0.0004445475313723164,0.0022949521879874644,0.0017747847178104547
Chair_055_02.obj,Chair_055,SL,0.03001408545398624,0.9654825005028763,9.117669806200475,0.07753071391954854,0.7420227518759449,0.8557549314951207,0.8849594644450067,0.0219036717468304,2.460392411088807,0.20301297755085898,0.9212974382120156,0.006205520756775931,0.034812095704818205,0.01798284641284388
Chair_055_03.obj,Chair_055,M,0.9972036199072821,0.00030854317325556836,17.216624778741703,0.05783231606433759,0.7531617342706121,0.9998915894076852,0.9981873905081479,0.019681785268980817,2.6506650308756345,0.47799630374780444,0.9989531422482609,1.0218787392116072e-05,6.300521951629435e-05,6.707879276254074e-09
Chair_055_04.obj,Chair_055,M,0.9972091825143553,0.0002977993487742068,17.216624778741703,0.05783231606433759,0.753161734270612,0.99988904245262,0.9981585015698315,0.01968124446641172,2.6505818140996733,0.4785773532708988,0.9989427836583205,1.3978500342806506e-06,7.776092546497058e-06,6.707879276254074e-09
Chair_055_05.obj,Chair_055,M,0.9971340782084244,0.0002945563493702906,16.90646563084579,0.0580920195360608,0.30963993869848877,0.9982262644006904,0.9903642761037796,0.01975578449168707,2.6301526710849936,0.33598739419199436,0.9953169317223979,1.3566161175758704e-09,2.3314124778702153e-09,6.707879276254074e-09
Chair_055_06.obj,Chair_055,M,0.9971340761510292,0.00029453603835997863,16.90646563084579,0.0580920195360608,0.3096401100753801,0.9982279136507979,0.9903639104570371,0.01975576598814007,2.630150292817476,0.3360640971599903,0.9953169256759997,1.6672223015566456e-09,2.513012950172883e-09,6.707879276254074e-09
Chair_064_01.obj,Chair_064,SL,0.7173348803548878,0.23459725775887996,2.8591740252086653,0.28806433833337997,0.5058645139622103,0.8783529148672827,0.6909061792368025,0.03905429546081003,0.2631339120779435,0.06049190820773195,0.8492777613571955,0.0535337375748226,0.04504872824134068,0.1754806275827928
Chair_064_02.obj,Chair_064,SL,0.48381863711491657,0.48137571788146466,4.372270673518303,0.17187496054957466,0.5881516849044127,0.8347677825250954,0.6084384144666366,0.02851814166086218,0.1413361893821844,0.0418254879156254,0.8165478110481214,0.04461780894625722,0.040470267731686355,0.13088966565548174
Chair_064_03.obj,Chair_064,M,0.9326178090635887,0.06648061762184784,7.328101815379581,0.13149549622386247,0.11989611350088192,0.5415179501448593,0.7204172316133832,0.005375399412243567,1.1834382894311593,0.6197240880689862,0.8528466714497509,1.6621621203734244e-05,2.1054127177874526e-05,4.574987388083901e-05
Chair_064_04.obj,Chair_064,M,0.9326178090635887,0.06648061762184784,7.328101815379583,0.13149549622386247,0.11989611350088261,0.541517950144859,0.720417231613383,0.005375399412243567,1.1834382894311588,0.6197240880688153,0.852846671449751,1.607502726041089e-05,2.1443586433201236e-05,4.571070093191642e-05
Chair_064_05.obj,Chair_064,M,0.9986097538380372,1.1875329337951741e-07,14.20254070410741,0.0696306181591186,0.2185169829938351,0.9999957644878108,0.9999993609636387,0.008774146611686068,1.4727964243846168,0.7772956113817925,0.9999994981043614,1.380794940524067e-05,2.332947891228428e-05,4.940816758579484e-05
Chair_064_06.obj,Chair_064,M,0.9986097538380372,1.1875329337971489e-07,14.20254070410741,0.0696306181591186,0.2185169829938352,0.999995764487811,0.9999993609636387,0.00877414661168578,1.4727964243845493,0.7772956113822043,0.9999994981043615,1.3805167453194298e-05,2.3331378248048833e-05,4.940816688000821e-05
Chair_064_07.obj,Chair_064,M,0.996129363307012,0.0035020329154106466,13.169925799449327,0.05416490564742488,0.02809803927317109,0.9100052954540157,0.9877662636446083,0.006053284532649361,1.1754713550702622,0.7355641586582163,0.9908799646683746,5.701082997258159e-06,1.2124280136995562e-05,3.536545713978687e-05
Chair_064_08.obj,Chair_064,M,0.9961293780339806,0.0035020172147527686,13.169925799449302,0.05416490564742498,0.02809803927317104,0.9100044202207898,0.9877661939831062,0.006053284731659288,1.1754714218139133,0.7355640584425972,0.9908799115010868,2.303546196690106e-06,7.722977845857322e-06,2.5698232615369916e-05
Chair_066_01.obj,Chair_066,M,0.9837540831030374,0.011316926731992744,14.415152681866074,0.06828323943630725,0.6233160416731669,0.8197591048647906,0.8692917385482226,0.040719102199759646,2.7249440631642616,0.3481693683562366,0.9178813092710862,0.026134821766828287,0.017456367223349346,0.04363165879586692
Chair_066_02.obj,Chair_066,M,0.9964550511020414,0.00037866379469331,8.136337046220563,0.11358066045042316,0.032753860236800526,0.7190614794111275,0.9598629062729057,0.03842911341221337,4.585872013175864,0.29433875923624864,0.9743771604185598,0.03004015119076965,0.021922662606954642,0.07624546087488791
Chair_066_03.obj,Chair_066,M,0.9991011301276329,0.0001545925239802112,10.183480324960037,0.09476371953792992,0.03379797286784887,0.9307314110010222,0.9934767512870306,0.030131140026169807,1.252863016905827,0.5105063801206674,0.9949217137978679,0.036572174358353644,0.03687092566423828,0.08337427461165563
Chair_066_04.obj,Chair_066,M,0.9991011381293722,0.00015457958776588602,10.491998935134774,0.09386682208072374,0.05695257960182375,0.9307146954238827,0.9934763768682973,0.031072777879188697,1.284895470162627,0.5059754630759993,0.9949214227004437,0.03657879218242704,0.03686742572098678,0.08337376691595656
Chair_066_05.obj,Chair_066,M,0.9991011387881427,0.00015458874210715572,15.230578288103011,0.06512999452840809,0.1106450798100771,0.930686339262155,0.9934752826306888,0.030131162987580694,1.2538358155688745,0.5126046270174941,0.9949205710551332,0.03657445237853192,0.036866887460100174,0.08337750670172761
Chair_066_06.obj,Chair_066,M,0.9991011325072906,0.00015459717433774828,30.314901850796417,0.03280960190259609,0.24300725480870355,0.9307003523264405,0.9934768012190518,0.031072723765270857,1.2848093731023542,0.5082129029477853,0.9949217409521686,0.036577656080974096,0.036871162006139005,0.08337923318590922
Chair_066_07.obj,Chair_066,M,0.9991011335322519,0.00015459681403569162,30.314901850796417,0.03280960190259609,0.24300718660447598,0.9307319057484633,0.9934782690546973,0.03107272315568639,1.2848093834340877,0.5082123703510529,0.9949228813440801,0.03653095164014504,0.03687552735720176,0.08337812104984198
Chair_066_08.obj,Chair_066,M,0.9991011380941219,0.00015459465180579074,15.230578288103011,0.06512999452840809,0.11064379941722643,0.9307172216719443,0.9934766756258275,0.030131159977140567,1.2538354549853092,0.512796647657281,0.9949216570195584,0.036528516949710606,0.03687258534762403,0.08337746210476903
Chair_066_09.obj,Chair_066,M,0.9991011314001208,0.0001545964871949611,10.491998935134774,0.09386682208072374,0.05695220252242051,0.9307149763485243,0.9934778562267769,0.03107274326270593,1.2848929554767212,0.5060594955437918,0.9949225617386521,0.03653222917397678,0.03686922266764787,0.0833741889638162
Chair_066_10.obj,Chair_066,M,0.9991011283725384,0.0001545968512831525,10.18368538487271,0.09476182849948182,0.03379865396007247,0.9307323686537735,0.9934769481792799,0.030131140160734125,1.2528635727137665,0.5107185483501113,0.9949218655489597,0.03652914176241323,0.03687478471030378,0.0833814676727306
Chair_066_11.obj,Chair_066,M,0.9964550523232057,0.000378704192380613,8.13633704622057,0.11358066045042306,0.03275357588285382,0.7190614138410445,0.9598628701273529,0.03842911136105414,4.585894608516364,0.29431179016925985,0.9743771752494838,0.030017313551678994,0.02180060487916198,0.07608143877411158
Chair_066_12.obj,Chair_066,SL,0.0924935938198476,0.9023449451994245,16.923076916568046,0.04222337336316451,0.8787154498207,0.8274299060537771,0.647322122301222,0.07008767791309849,1.5627986160879221,0.046876861950930146,0.8271023808059833,0.041274045837160475,0.029382518696077966,0.07192061832702988
Chair_066_13.obj,Chair_066,CA,0.8784287487370338,0.018454977894246515,1.2124294736203984,0.520466952898935,0.4045863842894148,0.5772954786741421,0.668305795827326,0.025927584853422857,2.1474843716975998,0.5551922295743805,0.8316992974471187,0.0028317959103013003,0.048801911555762086,0.00012715601716792955
Chair_066_14.obj,Chair_066,M,0.9872784174891631,0.01133565700431122,3.864582570859056,0.20345579754319257,0.03717355828500018,0.8074745200553667,0.9075462225177353,0.03408150003545247,2.772461589788184,0.5847786576261259,0.9495422955210333,0.016974667981980808,0.09649280068370118,0.00308667638859863
Chair_066_15.obj,Chair_066,M,0.9872717535584918,0.011340213248896131,3.864582570859056,0.20345579754319257,0.03717311254776618,0.8071356184815874,0.9074867597422608,0.032661454746445204,2.707388303735754,0.5941507544742572,0.949498935779101,0.01759638096165317,0.10537924858054956,0.006716150490627371
Chair_066_16.obj,Chair_066,M,0.987301173958,0.011313153827778017,4.494477683334385,0.20511939913286992,0.057204150776351013,0.8082917155856866,0.9076840151133777,0.04118183966083162,3.080097121566845,0.5411301783936586,0.9496456808083935,0.014971603154870951,0.08605493750426982,0.0023425895047791767
Chair_066_17.obj,Chair_066,M,0.9872989276924534,0.011319470811207051,20.217602204865134,0.04831998163463811,0.3779185897455292,0.8085347691786421,0.9077218068319826,0.04260179254091145,3.1381195715176116,0.5324969458276348,0.9496757496435572,0.014785231023822638,0.08831728329884571,0.0024245863977687223
Chair_066_18.obj,Chair_066,M,0.9873036224181766,0.011312778647146849,4.4944776833343845,0.20511939913286995,0.05720391019982598,0.808595430300581,0.9077332284023376,0.032661388771494514,2.708067266730059,0.5935888535738657,0.9496835744880906,0.013666048658034655,0.08579206019648962,0.0034339335499115396
Chair_066_19.obj,Chair_066,SL,0.00011479998396147576,0.46725175122894563,1.1162327039294109,0.5506242029881867,0.4105940189238738,0.776603026426069,0.49999177718320875,0.14364830865678405,0.3535304781163577,0.060564337163412196,0.7832306822234931,0.0009625302977425816,0.006053401146450109,0.00024222836609692186
Chair_066_20.obj,Chair_066,SL,0.00011491928637031058,0.4672511010565302,1.1162495144097344,0.5506210704215307,0.4105894348055787,0.7766182760986943,0.5000036940301831,0.1542888937435465,0.45640880997513567,0.065157654722083,0.783238352673777,0.0009590164149018201,0.0060537742251294034,0.00018205752278482754
Chair_066_21.obj,Chair_066,SL,0.00011463387023186286,0.4672530500067956,1.3098541371326498,0.493755702117682,0.497519439179253,0.776581952192607,0.5000017365926297,0.1489684933898637,0.408222679873279,0.07521963143130979,0.783220064281248,0.0009678081996817538,0.006054246421826479,0.0002043072899593687
Chair_066_22.obj,Chair_066,SL,0.00011304129386974709,0.46725249434622307,1.6040717266808489,0.40336794351891986,0.7541478724286789,0.7768001729873986,0.5000123371338847,0.13832864850718896,0.2886639380093906,0.047130805132989,0.7833301130382444,0.0009003529317595851,0.006054714635024147,8.933137216636258e-06
Chair_066_23.obj,Chair_066,SL,0.00011397688700308305,0.46725693054817086,1.3098561162725146,0.49375539005940106,0.4975117742264706,0.7764628493797325,0.5000036950323603,0.1489689109570826,0.4082294433097305,0.06741103916623666,0.7831600044040368,0.000961370240320116,0.0060514843721212325,0.00027389829504345284
Chair_076_01.obj,Chair_076,OB,0.7699371718518561,0.19346180869996865,3.0967412748208996,0.2801891946911561,0.643311999007335,0.9970342006381588,0.9693103682670324,0.00830778949589252,1.2476188961304793,0.32077097202181326,0.9807370900794984,0.05222836327030915,0.078653380740851,0.21112882380631492
Chair_076_02.obj,Chair_076,OB,0.3600385525137068,0.5748214229815721,3.851351299304039,0.2021877967491293,0.9086293605345316,0.9978573807548724,0.9728687563762022,0.005178916642529069,1.3318086121824364,0.33498502165958094,0.9826602444390414,0.05610028717174098,0.08040468866370218,0.24493415240105837
Chair_076_03.obj,Chair_076,OB,0.7431561806065046,0.2098092156892855,3.987199999840498,0.21260406397786094,0.9755208923325714,0.9957731364036493,0.9726302580632795,0.008740120150384325,1.721282434529288,0.28875769792311073,0.9836614203576962,0.04189910451546825,0.04811348698875659,0.13236251925427303
Chair_076_04.obj,Chair_076,OB,0.7488380089353887,0.20516787392688698,4.032053439838716,0.2108965754110845,0.9755186826551367,0.9957695509241911,0.9726173796321698,0.008678073627190851,1.7278414119996859,0.28798379068285146,0.9836699579909373,0.04189691679056502,0.04805731848515594,0.13229335385492474
Chair_076_05.obj,Chair_076,OB,0.748838020342734,0.20516856763265376,4.032053439838718,0.21089657541108445,0.9755108616602439,0.9957695190645464,0.972617348288168,0.008678074907607894,1.7278417588054693,0.2879723259186724,0.9836699394856435,0.04189390741821128,0.04805309727246158,0.13224583879651883
Chair_076_06.obj,Chair_076,OB,0.5435707090083985,0.4381239268184025,6.392075057736311,0.12334199471246712,0.9755254715483449,0.9954858592182338,0.9720509781290116,0.007227915934614059,1.4753872770268686,0.31250229596689544,0.9830437979432045,0.04104450037254839,0.04890826668597975,0.14754030484224429
Chair_076_07.obj,Chair_076,SL,0.29666226192603595,0.06147325633308815,1.19999999976,0.5076730825152632,0.7764567906341164,0.8547356447515914,0.7355809546808068,0.11434909048708877,1.286541508117686,0.15516078858721571,0.8580921348637193,0.07576089302560714,0.0927976325021368,0.2490426945356351
Chair_076_08.obj,Chair_076,SL,0.2897115047720739,0.03635150754464221,1.19999999976,0.5076730825152632,0.7764749943841138,0.8641766833199661,0.7747621698067744,0.11550127185542791,1.3444494711465724,0.1897853700444325,0.8717400550358578,0.06849106822815156,0.08990166873089528,0.24908856146386663
Chair_076_09.obj,Chair_076,SL,0.2966583358088171,0.0614772199500876,1.19999999976,0.5076730825152632,0.7764590232868951,0.8547358349143648,0.7355870038462712,0.11434884148077216,1.2865377016556054,0.15517614589502687,0.8580937479782353,0.07766050934437896,0.09466697845974145,0.2510558583863658
Chair_076_10.obj,Chair_076,SL,0.28970951510520304,0.03635351919643335,1.19999999976,0.507674338614086,0.7764811802308698,0.8641785243492919,0.7747712008777803,0.11550130908073918,1.344450194421667,0.18979226571824523,0.8717427504828862,0.06849128995416928,0.08990170462896337,0.24908698640680285
Chair_085_01.obj,Chair_085,CA,0.5381601288169937,0.446865756234386,3.069224403144048,0.2589412827799443,0.4510179971889763,0.8256542132948791,0.6886206144236452,0.12934846742202585,3.761906322857669,0.02810851288055697,0.8499566471525891,0.0004910421603282548,0.006863666589309554,6.707879276254074e-09
Chair_085_02.obj,Chair_085,SL,0.42070921331272265,0.5735291512836828,8.678619429285101,0.08161188757619281,0.6735786856932986,0.7876707268264485,0.4988274828317123,0.11122250853747362,0.6163641956922178,0.025312808148616146,0.7877235336389333,5.837610839454573e-05,0.0011525430827983082,4.065147845725429e-05
Chair_085_03.obj,Chair_085,CA,0.5531015988840252,0.4412825314769638,1.1338645442456696,0.5516444736556737,0.091548073603659,0.6860229098519789,0.7259765841743837,0.03488035669802183,2.564055218968362,0.4063531667362606,0.853831329751956,0.0004663088467864506,0.004796174574419789,0.00027458295065916597
Chair_085_04.obj,Chair_085,CA,0.5528471634270005,0.4415220289439387,1.1338645442456694,0.5516445204873947,0.09154755523696617,0.68787359059814,0.7277980706560265,0.027129102559076485,2.2519147858225677,0.4507444044255151,0.8548621008519345,0.0005407024490800021,0.005933223684655166,0.00017635666061419132
Chair_095_01.obj,Chair_095,M,0.9504016207813495,0.04439062217516954,12.824851711700243,0.07517935326307039,0.8054948389897434,0.946144506727254,0.9356291156101378,0.021098113589335953,2.592904694315841,0.10792213173241581,0.9548704555408185,0.045003554241341816,0.043227611326185994,0.1291095352454443
Chair_095_02.obj,Chair_095,SL,0.11296494573096663,0.8858550711639991,3.4348274364307616,0.21867526978396085,0.12234414257009167,0.655197309807848,0.45617611079685594,0.06683148956000563,2.0912116919052064,0.040141090454950096,0.7630153736958174,0.05732441723911076,0.04074792743170282,0.12551119221858256
Chair_095_03.obj,Chair_095,SL,0.11296495252725308,0.8858550627372214,3.4348274364307616,0.21867526978396085,0.12234417550477496,0.6551972771560617,0.4561760030406905,0.06683148757690797,2.0912116193310384,0.04014090230230526,0.763015370588483,0.057337255746308165,0.040881546828162856,0.12624572323990957
Chair_095_04.obj,Chair_095,M,0.9994776214185985,0.0004799066731585105,113.98730595323266,0.008767008099790159,0.9197393480005768,0.9667235698165669,0.9562543142011981,0.02204629995063129,4.606108906443413,0.20434611897562108,0.9783230282671779,0.05640605459149511,0.04135155177384146,0.10126951451596239
Chair_138_01.obj,Chair_138,SL,0.16582615198051304,0.8309296976151499,3.8587531996262845,0.19291586579769293,0.4410803543208743,0.7438107602101317,0.7797784534970877,0.007007580407111156,1.4878342872361006,0.694355978261655,0.8641699413484911,0.012828260712318428,0.07025410469284481,0.04028046950636591
Chair_138_02.obj,Chair_138,OB,0.1364457867680685,0.8526720595087741,4.530925599493701,0.15484196683819773,0.9749353875994548,0.8119521083563569,0.8510720352468774,0.003862619202775509,0.8656870480825928,0.4404760731169008,0.9010326108429958,0.005676931012776639,0.03971605082291402,0.00040405434381733354
Chair_138_03.obj,Chair_138,M,0.9900746586027859,0.004242080679623043,12.504724133619058,0.07911234608016908,0.8192298853563044,0.820352213339647,0.9716149788702553,0.025009390408711845,2.702883389096146,0.6221719562344371,0.9784357905865385,1.511979677309137e-09,2.3760980506524167e-09,6.707879276254074e-09
Chair_138_04.obj,Chair_138,M,0.9900406193210426,0.004311783659518902,12.50472413361906,0.07911234608016907,0.8192098237547741,0.8202063021315777,0.9716122792091338,0.005002333598337279,0.8154050553660924,0.031178218572788467,0.9784337872343803,1.9376502986596468e-09,2.489271205789591e-09,6.707879276254074e-09
Chair_138_05.obj,Chair_138,M,0.9883585989801026,0.006053351910776531,12.504724133619058,0.0785096451663769,0.615103657165939,0.8002574514728055,0.9614457059060263,0.027285247210961327,2.835242984918354,0.5915108503737093,0.9711274804428818,1.2004571097077432e-09,2.249060600191598e-09,6.707879276254074e-09
Chair_138_06.obj,Chair_138,M,0.9884851152656673,0.0058428663481528125,12.50472413361906,0.0785096451663769,0.6151460010775771,0.801158947926075,0.9614378073980141,0.027272643893910507,2.8337720029548943,0.6052634414505788,0.9711211093857829,1.994906048875611e-09,2.708051041678775e-09,6.707879276254074e-09
Chair_171_01.obj,Chair_171,M,0.9919022917282737,0.006997921248935529,27.184042537474454,0.036707548236792856,0.7616968415447156,1.0,1.0,0.004034900273364141,0.8971100429919789,0.0,1.0,1.871297883538847e-05,0.0001596897807213268,6.707879276254074e-09
Chair_171_02.obj,Chair_171,M,0.9919022917282737,0.0069979212489355205,27.184042537474454,0.036707548236792856,0.7616968415447154,1.0,1.0,0.004034900273364141,0.8971100429919789,0.0,1.0,1.8712839959985256e-05,0.0001596897969919663,6.707879276254074e-09
Chair_171_03.obj,Chair_171,M,0.9919022917282737,0.0069979212489355205,27.184042537474454,0.036707548236792856,0.7616968415447154,1.0,1.0,0.004034900273364141,0.8971100429919789,0.0,1.0,1.8712914908762835e-05,0.00015968978821038097,6.707879276254074e-09
Chair_171_04.obj,Chair_171,M,0.997456568078917,0.00026176227475219725,25.37464979734003,0.03933210808445226,0.7991124236252873,0.9178389383189406,0.9839394932604071,0.024369519205394815,2.9836615885342495,0.444742954886114,0.9877396313601999,1.9588153850464757e-05,0.00010259411713400986,7.184302104594854e-05
Chair_171_05.obj,Chair_171,M,0.997456567933848,0.0002617663967201475,25.37457054613822,0.03933223073853157,0.7991134025288482,0.9178387363725816,0.9839394709477761,0.024369519004259346,2.9836615702181932,0.444838924597121,0.987739614487502,2.6328368206377466e-05,0.00010381726104687835,7.580538382096391e-05
Chair_171_06.obj,Chair_171,OB,0.159947602385488,0.8383679851257191,15.981566661339478,0.04605842671181763,0.9983867830185985,0.9999999943506278,0.9999999962368963,0.004351070472089238,0.9670702738043866,0.7853730551261666,0.9999999970444651,1.7714550266780506e-05,2.8576682091312972e-05,8.751769989208814e-05
Chair_171_07.obj,Chair_171,M,0.9960194502983439,2.9636671046760136e-05,10.645785894297168,0.09311586079290247,0.7320079141902307,0.86865427633313,0.9754742700431871,0.05434203218926297,4.418019716129775,0.19273126356197925,0.9824879826852098,6.865516103415727e-05,0.0008603881994347821,1.3098065713726662e-05
Chair_171_08.obj,Chair_171,M,0.9960194232289158,2.9662515766918837e-05,10.645785894297168,0.09311585877053387,0.7320060416904656,0.8686602422971882,0.9754763111626203,0.05434246171364872,4.418056325654025,0.19269871180004622,0.9824895232623017,8.632255185517225e-05,0.0008847180023493232,0.00016156530063778836
Chair_171_09.obj,Chair_171,M,0.9851461057013943,0.013810090748006225,22.1999999889,0.04459488939643664,0.9791453842174302,0.9991925096846892,0.9866426410112373,0.028004160711345028,3.0616076911034145,0.2225922471620366,0.9919160964572975,2.5316574380550548e-05,0.0001117357114676017,8.404846892205772e-05
Chair_171_10.obj,Chair_171,M,0.982791334496754,0.015999388888333937,20.649999989675,0.04786812689011169,0.9789254200488067,0.999131899030631,0.9857596053391319,0.03198800917834664,3.1444995958886595,0.2949977319263795,0.9913862845922345,2.533061866254591e-05,0.00011173296202424462,8.404846892205772e-05
Chair_171_11.obj,Chair_171,M,0.9861432925811626,0.012879194924747428,22.9999999885,0.043073049224467155,0.9792422342615358,0.9992053520725925,0.9870536780413385,0.02907391474269195,3.1971759045475467,0.22174495464858493,0.9921625113458166,6.148797058213344e-05,0.00021556601387682077,9.390526011726025e-05
Chair_171_12.obj,Chair_171,M,0.9828073553934175,0.01597901910343888,20.649999989675,0.04786812689011169,0.978920272607685,0.9991318990314754,0.9857596053457862,0.029855475234648255,3.0268827522902826,0.22259224712223816,0.9913862845971613,2.701488327614216e-05,2.9089817370610667e-05,9.380007158143872e-05
Chair_244_01.obj,Chair_244,SL,0.790259087711617,0.1714855715295771,3.2619040117441176,0.26077489478569976,0.6559462168240344,0.9750709262492686,0.9242359387697203,0.015263249806456705,1.4690043921036005,0.17997165219753242,0.9538617742433232,0.13567437501517762,0.12862687161161807,0.3788203426353743
Chair_244_02.obj,Chair_244,OB,0.25855736879704677,0.7114478816522227,4.497140016271938,0.16931035340178438,0.918078196691252,0.9915605063638913,0.9658526927935319,0.010742223030657192,1.281248588612742,0.23071414290126763,0.9790750581604504,0.16758232181019828,0.1670573179644619,0.449295036075809
Chair_244_03.obj,Chair_244,M,0.8610350022987355,0.1380052798732976,9.1549260592688,0.09144780652336867,0.3502949982682671,0.9825559621371334,0.9193099783328436,0.011526077206277062,1.884255259561754,0.39920051288900904,0.9581672804660872,1.1179142108914974e-05,1.7594889505091753e-05,3.826171538671045e-05
Chair_244_04.obj,Chair_244,M,0.6698344214730806,0.3292714106197474,23.40822139956032,0.031028828056564026,0.8482914308036128,0.8122210975862536,0.7989538251650362,0.017083015865535744,2.5742658638624207,0.09613853772308281,0.883561121039275,0.02052202559317247,0.04861717127201489,0.1506409873409191
Chair_244_05.obj,Chair_244,M,0.9827569220014089,0.012068105415177508,11.120498239792479,0.08841996988928805,0.9961969134396758,0.9927986645673833,0.9915234095894938,0.01945696073596727,1.809548239405346,0.49253420118598434,0.9958334117388649,0.041050564132665154,0.04727945664741341,0.124698888529534
Chair_244_06.obj,Chair_244,M,0.3491405140718972,0.6499206722564072,23.362407672318227,0.03108962390602109,0.8468064583323146,0.627071879551612,0.5219684817847184,0.017083017464310856,2.5742656962845842,0.09617487936157967,0.7762078770601509,0.001385262494158129,0.019037895150123763,0.0003383771711274211
Chair_244_07.obj,Chair_244,M,0.9823485500033176,0.01249313889726069,11.120485700083407,0.08842006628623077,0.9961969560490848,0.959531096949732,0.9839970794789608,0.0194378924905928,1.8072169708068235,0.5244409623147893,0.9900205716893212,0.07340056281019183,0.09471759476609203,0.3040867239846963
Chair_244_08.obj,Chair_244,M,0.7306699167578256,0.2685792234071573,29.942340412790493,0.025666019316092928,0.9430901349885021,0.9559543178290186,0.9411353929772119,0.010070388305268288,2.095856567104065,0.3984496172147948,0.9629478939303304,1.135207224829987e-05,1.8939957049597164e-05,3.5567005046891636e-05
Chair_244_09.obj,Chair_244,M,0.9994603701661533,4.955163589938471e-13,30.439818167981898,0.03281630998333976,0.7500173646693973,1.0,1.0,0.0028946601872093186,0.9384844555164495,0.0,1.0,1.537865258778328e-09,2.3612238941816242e-09,4.743186923619966e-09
Chair_244_10.obj,Chair_244,M,0.9989130605689451,2.808429073242038e-09,21.778609595870627,0.04581861571127389,0.7814143860432393,0.9999977403695509,0.9999998636819305,0.020249681094156608,2.851696856677711,0.6282633062369205,0.9999998929360566,3.128263781336893e-07,1.219631285189572e-06,1.5579690367907468e-06
Chair_267_01.obj,Chair_267,CA,0.11343630323301451,0.784320389853894,2.1998281595330753,0.33045947570706685,0.4769622060171702,0.9032691812937752,0.8286230913502896,0.023096591478057045,1.7744425684373066,0.22513736956208424,0.8956401025495919,0.006814568978799704,0.06762085583575256,0.00026917467849581407
Chair_267_02.obj,Chair_267,SL,0.3714478621452525,0.6045191982831961,3.2415612979314727,0.23624659881203572,0.43191568214132675,0.7926583163334909,0.7801650011827779,0.02088492431550237,1.465178402567324,0.39828008453716046,0.8681648660096997,0.013701656474398626,0.09359764169226056,7.617278574249098e-05
Chair_267_03.obj,Chair_267,SL,0.367488423240671,0.6082996887882575,3.2467766764160313,0.23602832590404735,0.4339163457308196,0.7903259032106602,0.7773696141117318,0.024845370860971983,1.6895841807601666,0.34061674217750904,0.8668699848642956,0.012435034919782052,0.08479056177830571,9.229336296235233e-05
Chair_267_04.obj,Chair_267,SL,0.015564651183122093,0.9690873378708823,9.369082544458916,0.07759427632056358,0.6483130986948594,0.7524997927832795,0.6359866471971974,0.010043630343562841,0.8272794829906749,0.27217925517018954,0.8224558478702679,2.6731034104645143e-06,2.1498690165661115e-05,6.707879276254074e-09
Chair_267_05.obj,Chair_267,M,0.9978789610600831,2.4178878040778517e-08,5.804526066204342,0.1669014319400546,0.09178659965851887,0.7097729404048955,0.9705560325069973,0.008891854687803244,1.6040628745906549,0.7852504316519789,0.9776704413047996,2.344601481817824e-05,2.5965175287590594e-05,7.153777119460709e-05
Chair_267_06.obj,Chair_267,M,0.997878970566444,2.520115434370128e-08,5.804526066204342,0.1669014319400546,0.09178612120044759,0.7097743798547123,0.9704119600447177,0.007778034543876971,1.4579624936243576,0.7774209562381165,0.9775650916843677,2.976640037376496e-05,3.2049328453253654e-05,9.104136572809458e-05
Chair_267_07.obj,Chair_267,M,0.9978789652879135,3.371791524665301e-08,5.155790783445419,0.1805477695374475,0.048695303024977404,0.7097635880387073,0.9704637882733884,0.01111272479736713,1.860336751956282,0.7694552816354434,0.9776029796392236,3.3410580006872846e-05,3.6995436569036666e-05,0.0001120559997828208
Chair_267_08.obj,Chair_267,M,0.9978789599873946,2.685022951414798e-08,5.15572627800574,0.18054995480972458,0.04869485880966085,0.7097753425934226,0.97068920025272,0.008894265866648106,1.6044769695468208,0.7850252468760622,0.9777678890260234,3.2385084551981935e-05,3.597903514718974e-05,8.645381808102726e-05
Chair_267_09.obj,Chair_267,CA,0.09767393536439942,0.41548245201343975,1.376326722814315,0.48093698586759187,0.5693320378772425,0.8155333175861873,0.7089068468363027,0.016064288015319957,1.5423480100918807,0.21234433562167046,0.8456534321495928,0.01001073367057122,0.08019934821500455,0.0002818842006605504
Sofa_01_01.obj,Sofa_01,OB,0.8974358974086847,1.0601839487549844e-14,2.1213203423406775,0.3922322701911752,0.4999999999995721,1.0,1.0,0.03633525169178843,0.3592455178320729,0.0,1.0,0.0,0.0,0.0
Sofa_01_02.obj,Sofa_01,OB,0.8974358974086847,1.324214434077107e-14,2.1213203423407045,0.39223227019117096,0.4999999999995693,1.0,1.0,0.03633525169178843,0.3592455178320729,0.0,1.0,0.0,0.0,0.0
Sofa_01_03.obj,Sofa_01,OB,0.4751521462016279,0.4399842877053475,5.395760548925132,0.15932879661448168,0.48179740208699456,0.4757347224244569,0.5065779930538984,0.003749332579376404,1.2309312582351524,0.3987597688285988,0.7778598412573707,0.014704759955340947,0.05502546989435298,0.10056825626938715
Sofa_01_04.obj,Sofa_01,CA,0.5237250962254923,0.3854663850131209,2.279494144822652,0.2982719072778325,0.4481825608998061,0.5655151390351272,0.2077098239262828,0.015523114479110253,1.288682006577684,0.4223003008800349,0.7254743866051414,0.0009258136269265185,0.0018704948107259303,0.0034278444540383796
Sofa_01_05.obj,Sofa_01,CA,0.4989040469874842,0.42310992974758277,2.0241986886364844,0.33082790462572226,0.35106276207428233,0.7137102731426246,0.7177725984870418,0.020661783017667447,1.6815943227947452,0.38608622787382213,0.8378798861092339,0.0012703292718764824,0.0023156311651795192,0.005437078732382312
Sofa_01_06.obj,Sofa_01,CA,0.4087550994829959,0.4283920112463815,2.0338052819636796,0.3283948979782309,0.3454718002450286,0.5675746312953177,0.41683667658595147,0.017174841679362823,1.4861391545569598,0.5327567363415674,0.7471291224428634,0.0011754299025723578,0.012300435723987242,0.0018077947322586343
Sofa_01_07.obj,Sofa_01,CA,0.4419502146707434,0.3019129546774501,2.279499537357444,0.29627575997535754,0.3394660635058566,0.663189980173029,0.5807693746908696,0.01387275808890093,1.3597950564527863,0.43706721339060867,0.7931027489094925,0.0028662718925455367,0.0052657741932552295,0.01254642015237199
Sofa_01_08.obj,Sofa_01,OB,0.5898769661558932,0.40545942407374547,20.859616209092554,0.03898592134361471,0.5467428367266257,0.5802219061883077,0.4371834134113647,0.002344853405777757,0.4372357645193878,0.39322931142119544,0.7666052042193906,1.3974748492195988e-10,9.580604878997099e-10,0.0
Sofa_01_09.obj,Sofa_01,OB,0.5115002873922039,0.47184964232324145,1.1422477448855008,0.5263551712116095,0.20245248147821285,0.9999999999999997,0.9999999999999999,0.005075689686989151,0.1772140385934611,1.5700924586837752e-16,1.0,1.5810623078733221e-10,8.51428109824627e-10,0.0
Sofa_01_10.obj,Sofa_01,OB,0.5115030144168337,0.47184753648330435,1.1422492509661957,0.5263549203436433,0.20244956808578782,0.9999999999999998,0.9999999999999999,0.005075682380401766,0.1772152230152632,1.1102230246251565e-16,1.0,6.324249231493289e-10,1.6123735120104226e-09,4.743186923619966e-09
Sofa_01_11.obj,Sofa_01,OB,0.8888903196488592,7.691026278500609e-06,2.121407425625895,0.39221903461804236,0.49999999999957123,0.9999999999999998,1.0,0.036335327510424106,0.3592483216541256,0.0,1.0,1.90851103331234e-09,2.7579878048905123e-09,6.707879276254074e-09
Sofa_01_12.obj,Sofa_01,OB,5.154687473723976e-14,0.9999999997426939,1763451337.600054,0.0,1.0,0.5,7.239653321278183e-12,0.08019578039585905,5.687115696547576e-12,8.042751157312007e-12,0.7071067811865476,0.0,0.0,0.0
Sofa_01_13.obj,Sofa_01,OB,1.2904997717905702e-13,0.9999999997426164,1763451337.5999858,0.0,1.0,0.5,6.572520305780927e-14,0.0801957803958637,5.197498979543581e-14,9.772271103216476e-14,0.7071067811865476,4.187488009422795e-09,2.227726725462475e-09,6.314940805727252e-09
Sofa_01_14.obj,Sofa_01,OB,1.2904997717904705e-13,0.9999999997426164,1763451337.600054,0.0,1.0,0.5,4.0967229608668276e-14,0.0801957803958606,6.410534531019504e-15,6.514370185627865e-14,0.7071067811865476,0.0,0.0,0.0
Sofa_01_15.obj,Sofa_01,OB,0.8538509375703001,0.05003109441744631,2.1213203423648563,0.3922322701873958,0.2499999999997937,0.9999999999827707,0.9999999999893477,0.048903373620393424,0.7237209601102245,0.6282717703576033,0.9999999999916338,9.486373847239932e-10,1.8972747694479863e-09,4.743186923619966e-09
Sofa_02_01.obj,Sofa_02,OB,0.84084563256644,0.15456178420339667,11.666666664946398,0.07833772312880741,0.9942851498317662,0.9478538467165479,0.9688741057238424,0.007758637894515855,1.903752069164844,0.5707231670994545,0.9767708705060905,2.6395051902303816e-05,0.000153308214227571,2.698139687259344e-07
Sofa_02_02.obj,Sofa_02,OB,0.910605706205506,0.08701658312528307,13.824423617912798,0.06898293757513282,0.9856688573859974,0.9795870895630306,0.9886220597712753,0.007504761853769965,1.8729853151371778,0.6166883954823035,0.9914889940549677,0.04471017118315114,0.12333553553620329,0.41648384147392875
Sofa_02_03.obj,Sofa_02,OB,0.8303435114494753,0.16965648855046078,87453885346.99995,0.0,1.0,0.9999999999999998,1.0,0.0015909005555318212,0.3913043478188926,0.0,1.0,0.0,0.0,0.0
Sofa_02_04.obj,Sofa_02,OB,0.8931623931540739,8.694812951056285e-15,2.999999998627947,0.301511344536174,0.9999999999996789,0.9999999999999997,0.9999999999999996,0.022868894063779392,0.49998022958840793,1.1801832636420706e-15,0.9999999999999999,3.54400208041805e-09,2.418131162799315e-09,6.707879276254074e-09
Sofa_02_05.obj,Sofa_02,OB,0.8931623931540825,9.773009459329506e-12,2.9999999987651607,0.3015113445236383,0.9999999999996789,0.999999999999996,0.9999999999999987,0.022869195167666233,0.4999999791170025,1.9229626863835638e-16,0.9999999999999987,2.1313333829075073e-09,2.5229849411519536e-09,5.529063864673607e-09
Sofa_02_06.obj,Sofa_02,OB,0.8931623931540738,8.800685863702325e-15,2.999999998627947,0.301511344536174,0.9999999999996789,0.9999999999999997,0.9999999999999996,0.02286865860060595,0.49996478546138046,1.1801832636420706e-15,0.9999999999999997,3.891004086474839e-09,2.3049192672391236e-09,6.707879276254074e-09
Sofa_02_07.obj,Sofa_02,OB,0.8931623931540826,9.773181502812552e-12,2.9999999987651607,0.3015113445236383,0.9999999999996789,0.999999999999996,0.9999999999999986,0.022869195308226446,0.4999999883364051,3.3306690738754696e-16,0.9999999999999987,2.5625321941456856e-09,2.527196137874499e-09,5.529063864673607e-09
Sofa_02_08.obj,Sofa_02,OB,0.7149224273557989,0.27451055155588927,7.099999998697509,0.1196083259836485,0.9863794326725738,0.6756754668665451,0.6894331577836228,0.024438148849508592,2.392478081390205,0.3836061823003056,0.8265752545711043,1.6375703033219427e-09,2.5495607438126326e-09,6.707879276254074e-09
Sofa_02_09.obj,Sofa_02,OB,0.714922427355799,0.27451055155588916,7.099999998697509,0.1196083259836485,0.9863794326725738,0.6756754668665451,0.6894331577836228,0.024438148849508592,2.392478081390205,0.3836061823003059,0.8265752545711044,1.4570353060451376e-09,2.4613155768246307e-09,6.707879276254074e-09
Sofa_02_10.obj,Sofa_02,OB,0.1708606126763664,0.8130772407013585,6.983102127395132,0.10509803114843995,0.9908748774338649,0.8769174239443078,0.8875371728140835,0.034521488915121364,3.2297131646394335,0.040446449265256965,0.9257181684559428,0.000303712457620036,0.014052792680889572,0.00014698380481251554
Sofa_02_11.obj,Sofa_02,OB,0.17086060144523527,0.8130773786063415,6.9829589607172196,0.1051000907575635,0.9908726590948125,0.8769180042825481,0.8875374708592345,0.034521481894773366,3.229709695883124,0.040448749305350334,0.9257182419665795,0.00029862727245623274,0.01325378005657624,0.0001556151282987412
Sofa_02_12.obj,Sofa_02,OB,0.7989538630167128,0.18438259807891377,3.965789923523064,0.22440196097531018,0.6381033373911745,0.9934838600640482,0.9473428225615564,0.05192581659173212,3.283675671933831,0.1567357610313523,0.967192895558157,0.02652928322016407,0.1523276664328054,0.013007837723128376
Sofa_02_13.obj,Sofa_02,OB,0.7989535102827959,0.18438291375827837,3.965798949449533,0.2244015164025374,0.6381042235082893,0.9934838596942084,0.9473450872038,0.05007123022164594,3.2189604749083744,0.15831675292229008,0.9671934664083092,0.02238896033530346,0.13880745719336407,0.013004916693774597
Sofa_03_01.obj,Sofa_03,OB,0.0,9.8221945056076e-08,1.00000004859601,0.5773502501151475,0.9999999999986342,1.0,1.0,0.051496588155818354,0.0,0.0,1.0,0.0,0.0,0.0
Sofa_03_02.obj,Sofa_03,OB,0.0,9.8221945056076e-08,1.00000004859601,0.5773502501151475,0.9999999999986342,1.0,1.0,0.051496588155818354,0.0,0.0,1.0,0.0,0.0,0.0
Sofa_03_03.obj,Sofa_03,OB,0.0,9.8221945056076e-08,1.00000004859601,0.5773502501151475,0.9999999999986355,1.0,1.0,0.051496588155818354,0.0,0.0,1.0,0.0,0.0,0.0
Sofa_03_04.obj,Sofa_03,OB,0.0,9.8221945056076e-08,1.00000004859601,0.5773502501151475,0.9999999999986342,1.0,1.0,0.051496588155818354,0.0,0.0,1.0,0.0,0.0,0.0
Sofa_03_05.obj,Sofa_03,OB,0.0,9.8221945056076e-08,1.00000004859601,0.5773502501151475,0.9999999999986342,1.0,1.0,0.051496588155818354,0.0,0.0,1.0,0.0,0.0,0.0
Sofa_03_06.obj,Sofa_03,OB,0.0,9.8221945056076e-08,1.00000004859601,0.5773502501151475,0.9999999999986342,1.0,1.0,0.051496588155818354,0.0,0.0,1.0,0.0,0.0,0.0
Sofa_03_07.obj,Sofa_03,CA,0.7064087918422832,0.18913077476265822,5.418515695073172,0.157865562465775,0.5929019582881274,0.5652870356985298,0.6943058794921071,0.051811021599002666,4.998191018927315,0.2214671165331822,0.8335700352853341,0.023073780979057407,0.012336333744995237,0.03936557671015032
Sofa_03_08.obj,Sofa_03,OB,0.5727798880818947,0.3707128086833836,4.941428069080073,0.17674263327349723,0.9841009879656778,0.9999999994161215,0.9999999996859045,0.03193008502375098,2.2469579493706027,0.5853320588965029,0.9999999997533098,0.03987260507215327,0.052426780343765446,0.13452529210135783
Sofa_03_09.obj,Sofa_03,SL,0.4436249121768134,0.5014472684954864,2.961757421420747,0.26126199390865584,0.4604947966663735,0.9876232327154839,0.9766717299322293,0.04592470948618699,2.117263393415398,0.1679332996058837,0.984777615173181,0.014636729424035976,0.019537525252454634,0.0565488843476099
Sofa_03_10.obj,Sofa_03,SL,0.7542787366834307,0.24091495230057994,9.407208551135456,0.0948070399227352,0.7793758690519068,0.998575232333188,0.977114903936829,0.033606348545826926,2.3195938082184657,0.2081432584518469,0.986243546513067,0.03874361487836025,0.035468768460847525,0.1074418115351478
Sofa_03_11.obj,Sofa_03,SL,0.00035176108145339944,0.9800951071548215,4.664680913818116,0.14988588968596836,0.779375810900447,0.9985609826534392,0.9758094172010094,0.05074773836263759,1.746466458949861,0.19561012990714416,0.9851824984892988,0.038833250265307234,0.033533844193714836,0.09884590470566557
Sofa_03_12.obj,Sofa_03,SL,0.00035174044778577533,0.9800951277884891,4.664680557983167,0.14988589527520887,0.7793758645563318,0.9985605858029196,0.9758092180802239,0.05074773828731411,1.7464664519647568,0.1956102352455777,0.9851823365350054,0.03883324683246039,0.03353384905408944,0.0988461961390528
Sofa_03_13.obj,Sofa_03,SL,0.44362492042509405,0.5014472610614421,2.9617573057393938,0.26126200001866084,0.4604948161741827,0.9876232631152934,0.976671773516441,0.04592470920019556,2.1172634005688162,0.16793632355135954,0.9847776432932172,0.014636732599816401,0.019537533476708776,0.05654839773335321
Sofa_03_14.obj,Sofa_03,SL,0.44362494545319137,0.5014472385043093,2.9617573057393938,0.26126200001866084,0.4604948271157732,0.9876232643642517,0.9766717624159781,0.045924708165083115,2.1172632972394188,0.16794025462535517,0.9847776655904011,0.01463673212468391,0.01953753601864117,0.05654831676292772
Sofa_03_15.obj,Sofa_03,SL,0.3486069723034518,0.5497119682306817,1.6107367248989195,0.43594515449618126,0.30980490255829607,0.9862872083167661,0.9758154864809109,0.07272632999854485,2.1020823132085216,0.1705316560636197,0.9840588306395324,0.015114763390296892,0.018786243929166103,0.05244137292279537
Sofa_03_16.obj,Sofa_03,SL,0.3486069697551494,0.5497119715510422,1.452923638050474,0.45909991925992266,0.31728171113705744,0.9862871409170243,0.975815450138972,0.07272633019828242,2.102082422945767,0.17052994360062929,0.9840588078946937,0.01511476116870524,0.01878622940945817,0.052440787349846724
Sofa_03_17.obj,Sofa_03,SL,0.34860696917709433,0.5497119715441885,1.4539770201050999,0.46180042495188867,0.32382709032585555,0.9862871490534387,0.9758153815102634,0.07272633007344007,2.1020823715112895,0.17053014509501926,0.9840587882619429,0.015114762891500055,0.018786227017486706,0.052441780060962354
Sofa_03_18.obj,Sofa_03,SL,0.34860696900693405,0.5497119724777726,1.2265466861893304,0.5101946918078806,0.24052393468947905,0.9862871175580118,0.9758154210535639,0.07272633013593431,2.1020823798845463,0.1705365843108003,0.9840588231931331,0.015114761411794464,0.018786231757376263,0.052442650827436675
Sofa_03_19.obj,Sofa_03,SL,0.34860696810393244,0.5497119720293152,1.0342018512500868,0.5704414486934744,0.23014196580025292,0.9862870794378328,0.9758153178830591,0.07272633030073129,2.1020824393784405,0.17053450414329646,0.9840587376246891,0.015114758917533808,0.018786228286617954,0.052442936211274896
Sofa_03_20.obj,Sofa_03,OB,0.6595659655918756,0.33752549065242476,23.9999999904,0.03464794643328166,0.833333333333332,0.6567222015874083,0.662531774576545,0.0027067795582241027,0.4150480602226029,0.4352624882413952,0.81619897729653,0.0,0.0,0.0
Sofa_04_01.obj,Sofa_04,M,0.9864105686523035,0.00038386102686341464,3.005361926105875,0.3008988908644167,0.18749290939316357,0.8946928443876254,0.9019758307655539,0.06155737815764502,2.153148825247098,0.29448955752627437,0.9463154235827064,0.0640554037607215,0.05751243395385937,0.1471205177298856
Sofa_04_02.obj,Sofa_04,M,0.9864105548691258,0.0003838806394410782,3.0053657619905736,0.30089847160382743,0.18749298253764907,0.894694271438979,0.9019754416173636,0.06155736032447213,2.1531479167918484,0.2944918019864013,0.9463154379341465,0.06405380250772125,0.05751285516143259,0.14712270434792507
Sofa_04_03.obj,Sofa_04,M,0.986410589818914,0.0003838216744185133,3.0053657619905736,0.30089850659466544,0.1874930588245165,0.8946939719698151,0.9019731678844812,0.061557340921117164,2.1531471009312684,0.29448246537387945,0.9463146639387907,0.06405871051067308,0.0575123170433436,0.14712151676034987
Sofa_04_04.obj,Sofa_04,M,0.9864105638280172,0.0003838529242173951,3.0053619261058753,0.30089885587357806,0.18749290060998502,0.8946925944334961,0.9019750476815518,0.06155737074800833,2.1531483332016847,0.29448663134485653,0.9463151814476846,0.06405928366347069,0.05751250724554429,0.14712298872441798
Sofa_04_05.obj,Sofa_04,OB,0.846863455826406,0.14150868409223655,8.344638304098847,0.11077031192110008,0.8969375512738205,0.9971510395003339,0.9722767916379931,0.12465219938520879,6.911811574288316,0.0223725981599126,0.9837044424637602,0.009420462047859372,0.010683651390006009,0.027062602504535134
Sofa_04_06.obj,Sofa_04,OB,0.8614747941295163,0.13529865432519395,16.595118967895985,0.05695543027208689,0.884325918023446,0.9859526985716314,0.9675685720416856,0.02726019617941778,1.6799687420389073,0.2458090316471545,0.977774279660904,0.03586607228295584,0.03750598432971507,0.11290390736514735
Sofa_04_08.obj,Sofa_04,OB,0.7149221782432116,0.2745104559035043,7.0999987010262755,0.1196083233689068,0.9863774541593648,0.6756754668665472,0.6894331577836255,24.438148650633284,2.3924774972976692,0.3834369043448382,0.8265752545711054,1.6242070569214032e-09,2.52384300871177e-09,6.707879276254074e-09
Sofa_04_09.obj,Sofa_04,OB,0.7149221782432118,0.2745104559035041,7.099998701026305,0.11960832336890631,0.986377454159362,0.675675466866547,0.6894331577836252,24.438148650633288,2.3924774972976697,0.3834369043448389,0.8265752545711051,1.2896759304628223e-09,2.3020233551847417e-09,6.707879276254074e-09
Sofa_04_10.obj,Sofa_04,OB,0.7986538353623985,0.1846572709478736,3.965798538801587,0.22440151118830204,0.6381032109098761,0.9927689498599553,0.9470456531373388,50.06982208447963,3.2188608369017717,0.15738408288757386,0.966961787874748,0.01958410175677177,0.12890065362687114,0.013000873268213661
Sofa_04_11.obj,Sofa_04,OB,0.7986497301267889,0.18465895161126178,3.96578951287655,0.22440195576105873,0.6381023247941515,0.9908843049350189,0.9461059847651996,50.07016366460551,3.2188785778710747,0.1356632911283919,0.9662818222635154,0.0237793802279172,0.14378569225706106,0.013007837469755071
Sofa_04_12.obj,Sofa_04,OB,0.17086055177375703,0.8130771422338009,6.982957688838441,0.10510008874563566,0.9908713121880555,0.8769180042825505,0.8875374708592345,34.52148165666521,3.229708582054813,0.034203247870948174,0.9257182419665795,0.0002986272555626161,0.013253780056034434,0.0001556151282445979
Sofa_04_13.obj,Sofa_04,OB,0.17086056300488603,0.8130770043288651,6.983100855464963,0.10509802913655063,0.9908735304967498,0.8769174239443123,0.8875371728140864,34.52148867701307,3.229712050809696,0.0342068953155655,0.9257181684559437,0.0003037124623519565,0.014052792683913105,0.0001469838047551168
Sofa_05_01.obj,Sofa_05,OB,1.54304475854543e-11,0.884110457174542,2.9374999977013805,0.23403220720873635,0.9999999999995105,1.0,1.0,0.025551679891511744,3.857602724658986e-12,0.0,1.0,0.0,0.0,0.0
Sofa_05_02.obj,Sofa_05,CA,0.6984847458441875,0.11237985024242705,3.6001236392268847,0.24374271460211017,0.5277969026940708,0.9045265033599397,0.9178155156781926,0.008949260068635428,1.9387733899746462,0.4960048832753994,0.9466419831546151,0.006529991436196145,0.022091746867063354,0.02223094435325929
Sofa_05_03.obj,Sofa_05,OB,0.906039707300204,0.07429457731591978,4.543175615438285,0.19052502067572455,0.8426487117523518,0.9999995541256689,0.9999997548051284,0.022628952322649627,1.8316975700661577,0.6662438197876362,0.9999998074244539,2.7867122461450556e-05,4.172038926885557e-05,0.0001062292431091628
Sofa_05_04.obj,Sofa_05,CA,0.5872739133504421,0.35523833934281207,8.142856824982706,0.11140084206027227,0.8110117491242482,0.5892069796510099,0.6590880296765822,0.009417115081209113,1.7952036784469025,0.511456866664511,0.8205677959113639,8.671680896777077e-10,1.9685606825387697e-09,4.743186923619966e-09
Sofa_05_05.obj,Sofa_05,M,0.9798333762509266,0.016637837349030248,28.5000131311212,0.03443223250590258,0.39114148233652185,0.47570672394833735,0.8122117160224033,0.00761047040374832,1.5890846930188096,0.5570181771877835,0.8840648082150765,3.789762123840139e-06,6.367337458464297e-06,1.8161104306851772e-05
Sofa_05_06.obj,Sofa_05,SL,0.5781862930982649,0.41290661299110804,3.6318087769996716,0.20397586964891673,0.4236989057738293,0.9999998452513787,0.9999998785875694,0.040620274200073025,2.109786896592918,0.5496198065492052,0.9999999046429225,1.0597389425045986e-09,2.0990662606946346e-09,4.743186923619966e-09
Sofa_05_07.obj,Sofa_05,SL,0.7075194531839518,0.28630447511686796,4.3614888711781035,0.1829788560408006,0.4236988435079124,0.9999998764465258,0.9999998955886109,0.036717080470405596,2.2067995419062116,0.5496196222234836,0.9999999179955087,2.583151315415151e-09,2.7959706811150675e-09,6.707879276254074e-09
Sofa_05_08.obj,Sofa_05,SL,0.7915058863974516,0.2040915144947293,5.165789503979614,0.16323345945624423,0.4236992091247019,1.0,1.0,0.004742944521702953,0.2302369864456888,0.0,1.0,1.5499815754694975e-09,2.485404407824548e-09,6.707879276254074e-09
Sofa_05_09.obj,Sofa_05,SL,0.7401031336429383,0.25440883750014237,1.2728842150591726,0.48702697124859706,0.12384127841354155,0.9999999999999929,0.9999999999999861,0.013937574836820035,1.2396840626512315,0.7555328424984455,0.9999999999999889,1.235154899249543e-09,2.3104403776429135e-09,6.707879276254074e-09
Sofa_05_10.obj,Sofa_05,SL,0.7021100851011771,0.29159961801273465,4.32171082946344,0.1840460962469431,0.4236992091246881,1.0,1.0,0.0052729205608809705,0.14422376171864906,0.0,0.9999999999999999,1.7396311170161541e-09,2.4164748698456076e-09,4.743186923619966e-09
Sofa_05_11.obj,Sofa_05,OB,0.04167762847090115,0.8560673784411965,2.9999999975981786,0.22941573384193284,0.9895833333417405,0.9999999999999997,0.9999999999999998,0.024914494325021158,0.0041911116366850475,0.0,0.9999999999999998,6.542326791199953e-10,1.6355816977999882e-09,4.743186923619966e-09
Sofa_05_12.obj,Sofa_05,OB,4.5994641443623123e-14,0.8744529952893698,2.937499997701449,0.2340322072078804,0.9999999999995097,1.0,1.0,0.02555167989141287,1.143800313379388e-14,0.0,1.0,1.0540415385822148e-09,1.9719311544013567e-09,4.743186923619966e-09
Sofa_05_13.obj,Sofa_05,CA,0.9519485360523493,0.044532273415414825,7.75171199953776,0.12319402745441135,0.5884599073486889,0.9540969520749993,0.975705850830908,0.0653749454836089,3.300631470175713,0.41728263864690834,0.9819521568971759,2.0215098847585313e-09,2.7250250119427465e-09,6.707879276254074e-09
Sofa_06_01.obj,Sofa_06,SL,0.8432605248450439,0.14145935514491545,3.47260704095561,0.2636369563015464,0.5436470100060959,0.9981614579027906,0.9861273892507153,0.025681748444566176,2.444428498044748,0.4063996820723627,0.9926265048985632,2.2474745041796205e-06,4.362915166949282e-06,1.2079150895425364e-05
Sofa_06_02.obj,Sofa_06,SL,0.8432605042624044,0.14145945196259907,3.47260704095561,0.26363672222299245,0.5436418411492179,0.9981629145429937,0.9861264988808179,0.025681743054252595,2.444428253927519,0.4063943628644118,0.9926265366035091,1.4630011008391204e-05,2.803214620686789e-05,6.704289111760473e-05
Sofa_06_03.obj,Sofa_06,SL,0.6805486410222652,0.30117033990436687,3.2482841721705302,0.2446093092772246,0.5892538775722259,0.9993019438781132,0.9781008756052877,0.012548488325949072,1.6653436572178695,0.1334426920193804,0.988352195250211,3.084812981798346e-06,5.866145879455733e-06,1.2929829506402346e-05
Sofa_06_04.obj,Sofa_06,SL,0.8492019568568299,0.12295874960379041,4.599999999384804,0.18342449503002728,0.9491949376651091,1.0,1.0,0.003384592098089527,0.24001715397797313,0.0,1.0,8.824533811385982e-10,1.8457836731962609e-09,4.743186923619966e-09
Sofa_06_05.obj,Sofa_06,SL,0.8492019019303535,0.12295854765739342,4.599999999384804,0.18342449503002728,0.949195428727598,0.9999999999999998,1.0,0.00338459171348693,0.24001701307064843,0.0,1.0,1.7207469519790397e-09,2.5750970196185625e-09,6.707879276254074e-09
Sofa_06_06.obj,Sofa_06,OB,0.8399999999999359,0.14999999999993122,9.999999998577044,0.09245003270326821,0.9999999999999992,1.0,1.0,0.001992947807623337,0.42857142856288916,0.0,1.0,2.9768916443475863e-09,2.477229150902236e-09,5.82376771756872e-09
Sofa_06_07.obj,Sofa_06,SL,0.6805488301346817,0.3011701616141541,3.2482841721705302,0.2446093092772246,0.5892539523032196,0.9993019732752886,0.9781007178101855,0.023528409250895416,2.240961042645396,0.21878299800219872,0.9883524619914191,3.0849071970242663e-06,5.866075013492503e-06,1.2929738547852172e-05
Sofa_06_08.obj,Sofa_06,OB,0.5105613967180457,0.4583147954640872,4.999999999301776,0.16086825121218962,0.9855206909623653,0.9984374978142243,0.965791832473668,0.013276003170318875,1.6265638912151068,0.13089894779970107,0.9825810613987764,2.4918978217063046e-06,4.741291407987017e-06,1.1916730192531268e-05
Sofa_06_09.obj,Sofa_06,OB,0.510561223896411,0.4583149572958504,4.999999999301776,0.16086825121218962,0.9855205100848793,0.9984374527083888,0.9657920148315996,0.013276007103135742,1.6265645402309945,0.1308834033572101,0.9825807703239569,3.503861459663277e-06,5.935157878230945e-06,1.8366353437252403e-05
Sofa_06_10.obj,Sofa_06,OB,0.8426294465358558,0.14967444026119975,8.99999999892013,0.10162764314319775,0.7126623376600709,1.0,1.0,0.0019392163109205173,0.3900559788813491,0.0,1.0,9.729614202297366e-10,1.915276470999665e-09,4.743186923619966e-09
Sofa_06_11.obj,Sofa_06,OB,3.5425874353467497e-09,0.5244121913976743,1.5624999994977622,0.4122944575732859,0.857500000010751,0.9999999960929982,0.9999999975127254,0.020088913916081114,8.031764341704151e-10,0.0,0.9999999980464991,1.5810623078733221e-10,8.514281098246271e-10,0.0
Sofa_06_12.obj,Sofa_06,OB,3.5623440817499766e-09,0.5244121913779176,1.5624999994977908,0.4122944575732796,0.8575000000017101,0.9999995006373288,0.9999996820956915,0.020088913916080746,8.031947763013248e-10,7.850462293418876e-16,0.9999997503186335,4.743186923619966e-10,1.4229560770859899e-09,4.743186923619966e-09
Sofa_06_13.obj,Sofa_06,OB,1.975941658445958e-11,0.5244121915508908,1.5624999994977908,0.4122944575732796,0.8575000000017012,1.0,1.0,0.02008891389994562,9.13538037681014e-15,0.0,1.0,1.7775315431367326e-09,2.5669900460514133e-09,6.707879276254074e-09
Sofa_06_14.obj,Sofa_06,OB,2.7701112433729595e-15,0.5244121915706474,1.5624999994977622,0.4122944575732859,0.8575000000107441,1.0,1.0,0.02008891389994599,9.135380376810307e-15,0.0,1.0,3.5132361771374812e-09,3.728891361801578e-09,8.914453949659704e-09
Sofa_07_01.obj,Sofa_07,OB,4.241706108271762e-11,0.43749999994179023,1.33333333294739,0.46852128561028816,0.9999999999998735,1.0,1.0,0.021179777823649323,1.0604224089608456e-11,1.1102230246251565e-16,1.0,0.0,0.0,0.0
Sofa_07_02.obj,Sofa_07,OB,0.707985829419405,0.2650201483969421,7.5999999987867595,0.10822003815672644,0.9763342211685291,0.6452345371753623,0.6368732780835893,0.037886494273170646,3.350844750854277,0.08550621902386556,0.8067265429676754,0.00010781841372273355,0.0005096793219539772,0.00033326116937491715
Sofa_07_03.obj,Sofa_07,OB,3.875846589422823e-14,0.43749999998416844,1.33333333294739,0.46852128560641404,0.9999999999998732,1.0,1.0,0.021179777823424933,9.63144785603643e-15,0.0,1.0,0.0,0.0,0.0
Sofa_07_04.obj,Sofa_07,OB,0.7079858293145335,0.26502111430408626,7.5999992387683735,0.10822004885224734,0.9763335514550121,0.6452345209866756,0.6368733324473052,0.03788649616071891,3.350844933800616,0.08551010083470996,0.8067265624149742,9.977620273453905e-05,0.0004970380378061321,0.0002681562645174383
Sofa_07_05.obj,Sofa_07,OB,2.500484432117324e-07,0.43749989056415367,1.3333334996181054,0.46852126275503636,0.9999999999998724,1.0,1.0,0.021179776499881127,6.251211839870315e-08,0.0,1.0,0.0,0.0,0.0
Sofa_07_06.obj,Sofa_07,OB,2.500060647157185e-07,0.43749989060653166,1.3333334996181054,0.4685212627511621,0.9999999999998735,1.0,1.0,0.021179776499656744,6.250152395655279e-08,0.0,1.0,0.0,0.0,0.0
Sofa_07_07.obj,Sofa_07,OB,0.8332510666765554,0.1640340952739414,14.69043475578893,0.06285307841994289,0.7840925762939074,0.9999697606413603,0.9961946705889029,0.01952705774312408,3.154758092161427,0.0858779120586771,0.9978132269243822,9.346314928096614e-05,0.0002977238894961894,0.000495704016945284
Sofa_07_08.obj,Sofa_07,OB,0.9585910502197055,0.03494375134978477,7.065981431660202,0.13486310935969265,0.773243972800615,0.9995429714106546,0.991188478606074,0.028932189218136086,3.344732119347087,0.10014069269073361,0.9949870170553824,0.0029913773096003436,0.025147945695308413,0.0004681224692303242
Sofa_07_09.obj,Sofa_07,OB,0.790152801677887,0.2050902027702251,9.750022498613987,0.08800741212929676,0.9959595909503818,0.9982215546635933,0.9921961834291594,0.02282730042375154,3.4263835181128517,0.10201358082208968,0.9953449822334106,1.8707025423395606e-05,5.3498321974611965e-05,8.184493881582177e-05
Sofa_07_10.obj,Sofa_07,OB,0.8231311049941004,0.16352520795711228,5.571423060762145,0.15390101511972834,0.9968105763598895,0.999923207310686,0.9933386567825391,0.0220211952036633,3.339679952855678,0.1061884509608473,0.9961607069119427,1.63847809350963e-05,2.7460236091173038e-05,8.516964135121324e-05
Sofa_07_11.obj,Sofa_07,OB,0.5115039674774139,0.4718459474310475,1.1422503485878406,0.5263545082777832,0.20244875722761227,0.9999999999999997,0.9999999999999999,5.075679883453174,0.1772156021609417,1.5700924586837752e-16,0.9999999999999997,6.324249231493289e-10,1.6123735120104226e-09,4.743186923619966e-09
Sofa_07_12.obj,Sofa_07,OB,0.8888620125999247,3.004367709701877e-06,2.1213337961685648,0.39222949117730904,0.49957056221487145,1.0,1.0,36.33517093866164,0.35924250838847027,0.0,1.0,1.581062307873322e-09,2.2359597587513576e-09,4.743186923619966e-09
Sofa_07_13.obj,Sofa_07,OB,5.0366230740734434e-14,0.9997428116349858,1763451.3376000084,0.0,1.0,0.5,1.609823385706477e-14,80.19576433353474,1.2590316070294614e-14,3.08208389787524e-14,0.7071067811865476,5.136125394146788e-09,7.858769410536431e-10,6.314940805727252e-09
Sofa_07_14.obj,Sofa_07,OB,0.0,0.9997428116350362,1763451.3376000084,0.0,1.0,0.5,1.609823385706477e-14,80.19576433353373,1.7805124000566136e-14,2.5091040356528538e-14,0.7071067811865476,2.8459121541719793e-09,2.323677543502081e-09,4.743186923619966e-09
Sofa_07_15.obj,Sofa_07,OB,0.0,0.9997428116350362,1763451.3376000084,0.0,1.0,0.5,7.230549492476257e-12,80.19576433353373,5.678751171952272e-12,8.03096419405821e-12,0.7071067811865477,1.8972747694479863e-09,2.3236775435020807e-09,4.743186923619966e-09
Sofa_08_01.obj,Sofa_08,OB,0.5303839588437186,0.41145665823539435,3.47469282347651,0.2241472889707529,0.6483813278812963,0.9998748373385369,0.990551483376525,0.09001470367485666,3.4635854203638976,0.036076617115850584,0.9948844026355774,0.001209463548850135,0.01021849733463551,0.005107191967681023
Sofa_08_02.obj,Sofa_08,OB,0.5303839588437183,0.4114566582353947,3.47469282347651,0.2241472889707529,0.6483813278812959,0.9998748373385367,0.990551483376525,0.09001470367485666,3.4635854203638976,0.03607661711613536,0.9948844026355772,0.001209463562898738,0.010218497332984147,0.005107191967682124
Sofa_08_03.obj,Sofa_08,OB,0.5303839588437183,0.4114566582353946,3.47469282347651,0.2241472889707529,0.6483813278812949,0.999874837338537,0.9905514833765252,0.09001470367485666,3.4635854203638976,0.036076617116136744,0.9948844026355774,0.0012094635325681222,0.01021849733658045,0.005107191967673865
Sofa_08_04.obj,Sofa_08,OB,0.5303839588437187,0.4114566582353941,3.47469282347651,0.2241472889707529,0.6483813278812951,0.999874837338537,0.990551483376525,0.09001470367485663,3.4635854203638865,0.0360766171158909,0.9948844026355776,0.0012094635674181672,0.01021849733245575,0.005107191967672212
Sofa_08_05.obj,Sofa_08,OB,0.5303839588437185,0.41145665823539446,3.474692823476512,0.22414728897075284,0.6483813278812925,0.9998748373385365,0.990551483376526,0.09001470367485676,3.4635854203639025,0.03607661711602563,0.9948844026355763,0.0012094635332354122,0.010218497336554423,0.005107191968286753
Sofa_08_06.obj,Sofa_08,OB,0.5303839588437183,0.4114566582353946,3.474692823476512,0.22414728897075284,0.6483813278812932,0.999874837338537,0.9905514833765264,0.0900147036748568,3.4635854203639034,0.03607661711599295,0.994884402635576,0.0012094635655718617,0.010218497332715742,0.005107191967791706
Sofa_08_07.obj,Sofa_08,OB,0.624826574724298,0.3306985655264917,4.880998654823057,0.17402459368955084,0.9849384385095802,0.99600884285457,0.9845673575776821,0.08744506996634512,4.058583514621543,0.028296398091018797,0.9911305914499161,0.0281233101101627,0.027590063193581732,0.06404554074582246
Sofa_08_08.obj,Sofa_08,OB,0.6247780056764036,0.3307344534405772,4.880998654823057,0.17402459368955084,0.9849384212858802,0.9960446752052838,0.9845920649006804,0.08999492314079276,4.115877610987467,0.025266966585317834,0.9911527475050841,0.02819752008342552,0.027636468837660022,0.06405376634150542
Sofa_08_09.obj,Sofa_08,OB,0.7523354989791979,0.23856613764424603,9.941176469302501,0.08950468150233883,0.9991355751025591,1.0,1.0,0.0017910908623153525,0.3307086614127937,0.0,1.0,1.7136643300868003e-09,2.4740491794922697e-09,6.707879276254074e-09
Sofa_08_10.obj,Sofa_08,OB,0.27777500002418803,2.77779169872396e-06,1.000001666491381,0.5773499483662503,0.7037039197619032,0.8333336110893219,0.8845915359427559,0.030786773645280076,0.16070979113632636,0.16514867733797442,0.923563607876692,9.486373847239932e-10,1.8972747694479863e-09,4.743186923619966e-09
Sofa_08_11.obj,Sofa_08,OB,0.2777736111357499,1.3888884378527399e-06,1.0000024997844468,0.5773494672614183,0.7037042438295033,0.8333337499782237,0.8845915880081083,0.0307867597558483,0.1607094443751252,0.16514867733952648,0.9235636397076188,1.8701480288362614e-09,2.500320506177745e-09,5.82376771756872e-09
Sofa_08_12.obj,Sofa_08,OB,0.2777736111357502,4.166661198181815e-06,1.0000024998033907,0.5773497879989272,0.7037040277809269,0.8333337499828529,0.8845915880089662,0.030786759755946667,0.1607094443736963,0.16514867733873284,0.9235636397094933,1.4884458221737934e-09,2.298652452761514e-09,4.743186923619966e-09
Sofa_08_13.obj,Sofa_08,OB,0.2777777777779873,3.7899502279952005e-11,0.9999999998483539,0.5773502691118504,0.7037037037085705,0.8333333333301493,0.8845914113372138,0.030786796733752984,0.7339900112636258,0.7351024960388408,0.9235635339195195,1.0141271298117967e-09,2.0545164904358617e-09,4.743186923619966e-09
Sofa_08_14.obj,Sofa_08,OB,0.9587295620553259,0.03970445953729783,11.26668666515866,0.08467934633385146,0.7264298376429571,0.9999293562448117,0.9957465349312885,0.021174661841765936,3.443465962179134,0.3262667501347981,0.9976736012497144,3.3261881655632594e-05,4.954410350088231e-05,0.00014762239410489987
Sofa_08_15.obj,Sofa_08,OB,0.32802120199367024,0.6152643930941539,3.777779443969672,0.2001977734600269,0.954261266260708,0.9930994592316595,0.9706802745471963,0.05021575829993324,3.36027182549898,0.027527694951339624,0.9833020808728011,0.0014644502149264043,0.03018481091668856,0.00012037554147317371
Sofa_08_16.obj,Sofa_08,OB,0.3280225193205596,0.6152630757744191,3.777779443969672,0.20019777346002776,0.9542619456582291,0.9930990764890333,0.9706719465780853,0.05021591543837204,3.3602581889977183,0.02766052254107133,0.9832990138902088,0.0011357243007964575,0.025128748752342524,0.0007377564959480177
Sofa_08_17.obj,Sofa_08,OB,0.3280216399062556,0.6152639552082728,3.777779443969672,0.20019777346034306,0.9542614999446024,0.9930993305789818,0.9706766857933207,0.05021581989001654,3.3602651666918444,0.02761047351070885,0.9833008870004548,0.0016743670196461109,0.03399744583800263,0.0006112222849320584
Sofa_09_01.obj,Sofa_09,OB,0.9441297736727207,0.05488685660458425,26.489448844524503,0.03495517623281285,0.9873254847099555,0.9892760952188548,0.9949599741298303,0.006086813427537398,1.7611762123104435,0.6620339059039901,0.9960765577283598,0.004957343861192906,0.03823001634297417,2.9757705413630855e-05
Sofa_09_02.obj,Sofa_09,OB,0.9563508028332384,0.04141559438868137,16.426365704509873,0.05925214798394402,0.9210638598743474,0.9631472040680649,0.9888476302982832,0.006962523422032232,1.957060499074784,0.6879896142522468,0.9913639748082682,0.0035876266554446335,0.030448455672080325,2.053897564338707e-05
Sofa_09_03.obj,Sofa_09,OB,0.7784378702333828,0.21056661037147312,7.923460877819157,0.11258383630292995,0.9697402218201212,0.9121626777384804,0.9284956937347373,0.026789062452386072,2.592957578050351,0.06896240198869753,0.9523609002196581,0.010040755550848816,0.07586517137303017,0.00011099450632437685
Sofa_09_04.obj,Sofa_09,OB,0.7772045663888544,0.21514092112379385,9.147795537346953,0.09767041866406938,0.9651953798138903,0.9192400061932505,0.9327383009699883,0.026787272759819906,2.592751673905225,0.06581559269741828,0.9552741544416973,0.03005199313180644,0.16026822693694123,0.04279949775554431
Sofa_09_05.obj,Sofa_09,OB,0.8661726177276454,0.12595443491986227,8.300725770076308,0.11198458441392203,0.9540115409306663,0.9979428646566736,0.9658431239789077,0.039843386950171235,2.6651647455024654,0.07504457504826861,0.9814386348695626,3.070628289350041e-05,3.853062383020053e-05,0.00010788401631298383
Sofa_09_06.obj,Sofa_09,OB,0.830754479021351,0.15906003693023768,8.279065114676808,0.11073582622398952,0.9896883683931057,0.9898044316982939,0.9736697088686398,0.025635782738323502,2.6733809155771264,0.07873501070975847,0.9846619010932475,0.0009031977510079921,0.006599398607961842,0.00013983868504116947
Sofa_09_07.obj,Sofa_09,M,0.9401227850180867,1.3296049785603536e-06,2.8798076914022666,0.3116899836445403,0.7764546212966479,0.9999998483758077,0.9999999348718319,0.10989994359037449,2.5001079171072913,0.5666955613082987,0.9999999488484608,1.4384990273502969e-09,2.5468078836312177e-09,6.707879276254074e-09
Sofa_09_08.obj,Sofa_09,M,0.930556572410426,6.321110987686255e-07,2.6741071420226357,0.33057446608205276,0.7764600479927519,0.9999998516100768,0.9999999374182645,0.10776337117416915,2.44641057717757,0.5666974392739963,0.9999999508484234,1.5342872461378239e-09,2.359603997272476e-09,4.743186923619966e-09
Sofa_09_09.obj,Sofa_09,M,0.9213374489453503,0.0018843795900628148,2.535763149690182,0.3444163594716012,0.776456540873426,0.9723297207555877,0.9876328664891929,0.10618670666040973,2.4068117655923884,0.5666880851106005,0.9904267340737177,0.0045936141507558065,0.047640479384011676,3.833787497152309e-06
Sofa_09_10.obj,Sofa_09,M,0.9471961004878944,0.003648153802154344,3.1197916655663844,0.29194000631579364,0.7764626096950855,0.9999111017439213,0.999961518806967,0.11219544104671138,2.557924523475382,0.5665576649109734,0.9999697786691389,0.006008801038516336,0.01463649420424402,0.04166953525503523
Sofa_09_11.obj,Sofa_09,OB,0.8307927420757787,0.15900835883218292,8.279069765815489,0.11073577393574802,0.9896888059840002,0.9991740227353412,0.9780244357348965,0.023929156778168353,2.570095333949625,0.05914274945321813,0.9879772116255937,3.881421699804191e-05,4.488135842135754e-05,0.00012132122421641936
Sofa_09_12.obj,Sofa_09,OB,0.8661726135781783,0.12595441480179934,8.300638712662082,0.11198574418346,0.9539977161417686,0.9979428630435312,0.9658431118555628,0.03984338717315891,2.6651648350324817,0.07659047930448032,0.9814386269388857,1.2655316018575147e-05,2.4579968542802722e-05,6.50727778169149e-05
Sofa_09_13.obj,Sofa_09,OB,0.3354565249763527,0.6527904778417606,8.19640232397204,0.09395092676303733,0.9932625792002431,0.9995695655653163,0.9827399246876022,0.018796122793676442,2.365728985057483,0.059145783509989856,0.9905317709973284,2.446736953237685e-05,3.9345986672127875e-05,0.00011758838792031421
Sofa_09_14.obj,Sofa_09,OB,0.33545747500270856,0.6527896305060258,8.196418603020511,0.09395077207153635,0.9932616724226342,0.9995694486493155,0.9827356408618104,0.0187961176862623,2.3657332097790613,0.058998158325723964,0.9905304336814693,5.136677480903812e-05,6.378484508429685e-05,0.0001787576935829838
Sofa_10_01.obj,Sofa_10,OB,0.6656885239385864,0.32214238539138934,10.499989863531141,0.0789952939081751,0.8392881192331998,0.6633531428208901,0.6646572262599101,0.0032103784156251453,0.8011414858546382,0.3935086403847276,0.8189562544670994,5.8116333823452555e-08,1.809897099736181e-07,4.880528536166235e-07
Sofa_10_02.obj,Sofa_10,OB,0.4943209876568951,0.47790141474889564,6.0000194587761335,0.13458962872987473,0.9999999999999976,0.9999999999999996,0.9999999999999998,0.003863007880548009,0.16883116882598675,1.5700924586837752e-16,0.9999999999999998,0.0,0.0,0.0
Sofa_10_03.obj,Sofa_10,OB,0.6569809313633165,0.3308361131486684,10.499984998440187,0.07873642065132551,0.8430507517250277,0.6621771241382769,0.6595851817634499,0.0022809504573798748,0.4084269253775206,0.44711077582397396,0.817175854138632,2.964491827262479e-10,1.1481427476955575e-09,3.083071500352971e-09
Sofa_10_04.obj,Sofa_10,OB,0.829510926120023,0.16112389009174,10.333366845687523,0.08909307943940091,0.9999999999999983,0.9999999999999999,1.0,0.00271645303016065,0.415525114145806,1.5700924586837752e-16,1.0,0.0,0.0,0.0
Sofa_10_05.obj,Sofa_10,OB,0.8951471898744214,0.0997507953475356,14.000035721995072,0.06779820634323434,0.9999999999999987,1.0,1.0,0.00213994117760388,0.5107910101953196,0.0,1.0,0.0,0.0,0.0
Sofa_10_06.obj,Sofa_10,OB,5.821019937845242e-16,0.27777777774939066,1.199999999286165,0.5076730824134685,0.9999999999985354,1.0,1.0,0.049575267793511006,4.755421762777386e-15,0.0,1.0,0.0,0.0,0.0
Sofa_10_07.obj,Sofa_10,OB,4.4547537956837403e-11,0.27777777770484324,1.199999999286165,0.5076730824176653,0.999999999998537,1.0,1.0,0.04957526779406291,1.1127863051754919e-11,0.0,1.0,7.782008172949678e-10,1.8667931363309253e-09,4.743186923619966e-09
Sofa_10_08.obj,Sofa_10,OB,9.901482151527316e-11,0.27777777765024586,1.1999999992860568,0.5076730824228305,0.9999999999985385,0.9999998966425273,0.9999999342005825,0.04957526779474265,2.474888805821862e-11,1.5700924586837752e-16,0.9999999483212624,1.1498634966351433e-09,2.0326906897739616e-09,4.743186923619966e-09
Sofa_10_09.obj,Sofa_10,OB,9.022580903660936e-14,0.2777777777492356,1.1999999992861108,0.5076730824134941,0.9999999999985374,0.9999077022022298,0.9999412359731198,0.04957526779351449,2.4657742473662252e-14,1.5700924586837752e-16,0.9999538500362053,3.940325433041612e-09,1.8875637037945322e-09,4.743186923619966e-09
Sofa_10_10.obj,Sofa_10,OB,8.949818154437061e-14,0.2777777777493015,1.199999999286165,0.5076730824134771,0.999999999998538,0.9999918653397052,0.9999948212722877,0.07436290169026855,2.2632456385039184e-14,1.1102230246251565e-16,0.9999959326615743,1.581062307873322e-09,2.235959758751358e-09,4.743186923619966e-09
Sofa_10_11.obj,Sofa_10,OB,0.6013404071018749,0.34968036181785483,4.666666665754422,0.17739371879037488,0.9975081363471603,0.9958537507241979,0.9570014951611923,0.06879790614805788,3.2503378341572233,0.02626414845355857,0.9767656673456867,1.6903377275586341e-09,2.4998039383884013e-09,6.707879276254074e-09
Sofa_10_12.obj,Sofa_10,OB,0.6013403939395513,0.3496803733700675,4.666666665714762,0.17739371879140803,0.9975081357876291,0.995853861690592,0.9570015663726812,0.06879790632695916,3.2503370379950054,0.026263911736103217,0.9767657142930637,1.937726509061364e-09,2.553467324177051e-09,6.707879276254074e-09
Sofa_10_13.obj,Sofa_10,OB,0.6013405279102094,0.34968025585202483,4.666646665742936,0.1773942398083698,0.9975088431233436,0.9958544606131314,0.9570094308035941,0.0687978542441876,3.250323092196316,0.026461429123589824,0.9767689528913364,1.6355164868158872e-09,2.5646514264983006e-09,6.707879276254074e-09
Sofa_10_14.obj,Sofa_10,M,0.9971864488389859,0.00257827312313969,65.21416554746112,0.015310752529495781,0.9999157781831177,1.0,1.0,3.607138481474589,0.8992602365367907,0.0,1.0,2.9768916443475863e-09,2.4772291509022364e-09,5.82376771756872e-09
Sofa_11_01.obj,Sofa_11,CA,0.6058981922270048,0.3214574270610907,1.7212121211736124,0.42906960931374516,0.772919796413868,0.9618349635943371,0.9710876722264471,0.0055745590816702216,1.4396512240640105,0.6278548932391116,0.9781241375848158,4.6770102909005163e-07,3.2599966223051952e-06,6.707879276254074e-09
Sofa_11_02.obj,Sofa_11,OB,7.926677950202506e-11,0.15395251975577015,1.065217390893009,0.5530540191005314,0.999999999999337,1.0,1.0,0.0396519688485064,1.9816688500814518e-11,0.0,1.0,0.0,0.0,0.0
Sofa_11_03.obj,Sofa_11,OB,7.919528054767707e-11,0.15395251975578153,1.0652173908929705,0.5530540191005383,0.999999999999337,1.0,1.0,0.03965196884850708,1.9797882076397326e-11,0.0,1.0,2.5450448943877467e-09,2.474171965182402e-09,4.743186923619966e-09
Sofa_11_04.obj,Sofa_11,OB,7.926695824941095e-11,0.15395251975576996,1.065217390893009,0.5530540191005314,0.999999999999337,0.9999999999999998,1.0,0.039651968848506386,1.9816477192551217e-11,0.0,1.0,0.0,0.0,0.0
Sofa_11_05.obj,Sofa_11,OB,7.91949230529053e-11,0.15395251975578136,1.0652173908929705,0.5530540191005383,0.999999999999337,1.0,1.0,0.039651968848507115,1.9798727308949808e-11,0.0,1.0,2.5450448943877467e-09,2.474171965182402e-09,4.743186923619966e-09
Sofa_11_06.obj,Sofa_11,M,0.913778311724315,3.2031810540543703e-16,2.399999009974158,0.35897902614889204,0.7762291302734996,0.9999999999998227,0.999999999999917,48.531548995591294,1.0819950046416065,0.7832122474397599,0.9999999999999347,8.716359899203751e-10,1.998327232371813e-09,4.743186923619966e-09
Sofa_11_07.obj,Sofa_11,M,0.9131662080889547,0.00012461681945707712,2.414874631601206,0.3573333622803918,0.7858727801463596,0.9992192667146901,0.9968380387499951,164.07141011927447,2.4220495295580853,0.4853763671037414,0.9976073194395838,0.004587486458832556,0.04767089460675762,7.862412368665838e-07
Sofa_11_08.obj,Sofa_11,CA,0.7902207510913505,0.19842491868146792,3.699999809210925,0.22818430662088246,0.7212791909451485,0.9964215175404629,0.9974361483292811,13.326186632126808,2.5491901168802187,0.4982639324344639,0.9979942197656959,0.025816465551453387,0.1550182509405188,0.0002741405129316275
Sofa_12_01.obj,Sofa_12,OB,0.8122547420784448,0.13935466842883687,4.117640480924806,0.21785952973467917,0.9039214479967274,0.7452564113612622,0.8399209470832132,0.003650077303523491,0.9618358184375108,0.6865034882283299,0.8949394483553158,0.006705286541840049,0.03613057546634164,5.224744731152674e-07
Sofa_12_02.obj,Sofa_12,OB,0.9001913476506064,0.059784537949042746,4.374997706707546,0.20856767414478247,0.9953429781775606,0.9461183882200881,0.9614494253769942,0.006318281852288807,1.5224292937382968,0.5207926318172652,0.9729477697375121,9.560624823645245e-10,1.9687060339717555e-09,4.743186923619966e-09
Sofa_12_03.obj,Sofa_12,OB,0.4417672702533872,0.5257812186631292,4.399997998547908,0.18455343402582405,0.9962515384604588,0.8698237441503155,0.91011995360824,0.012666908570807907,1.8438978690266907,0.6386296921517722,0.9362964047775175,0.0012840106775194472,0.02111240417749235,6.707879276254074e-09
Sofa_12_04.obj,Sofa_12,OB,0.7852200382936378,0.16796151837450884,4.399997998547908,0.18455343402582405,0.9962517092180104,0.8715477128648584,0.9072282417396302,0.012703194846901971,1.8517415460223636,0.4976571957971578,0.9354202474296479,1.758838702896873e-06,8.48803774857579e-06,5.87408954569512e-06
Sofa_12_05.obj,Sofa_12,M,0.8465383498251888,0.002108338619370702,1.8013798562334258,0.43664502969013813,0.7776503447088321,0.9871971023742859,0.9903814374622274,0.19488422481385437,2.131796894818931,0.537313657018676,0.9925611645389968,1.9766310324258973e-09,2.6220785949334675e-09,6.707879276254074e-09
Sofa_12_06.obj,Sofa_12,M,0.8467347621903706,7.673272472141274e-07,1.8146624719231623,0.4346588845279313,0.7891580660504245,0.999999972397143,0.9999999742404483,0.1948538319491674,2.131476682451565,0.5666888373964737,0.9999999797684962,2.269586367589006e-09,2.9471454810157636e-09,6.707879276254074e-09
Sofa_12_07.obj,Sofa_12,M,0.8467096024852238,4.014818122945057e-05,1.8065578040764205,0.4358669789229461,0.7821337936252485,0.9999999538397495,0.9999999651055064,0.19521254661900528,2.1362698810201284,0.5666814605403044,0.9999999725939308,2.5009477582029357e-09,2.7149036668399598e-09,6.707879276254074e-09
Sofa_12_08.obj,Sofa_12,M,0.8467055172357602,2.9134096539390376e-05,1.803101333529235,0.43637698360446103,0.7791223259687254,0.999999999999966,0.9999999999999409,0.16489595292402184,1.94190091833336,0.6057865614904082,0.9999999999999538,0.02816901502900725,0.16545549374251922,4.743186923619966e-09
Sofa_13_01.obj,Sofa_13,OB,0.4970510538415085,0.4646366018858559,4.249999866207917,0.18877167697485103,0.9963715829829621,0.8156904838337982,0.8602430625611831,0.028612967040726058,2.442502395912851,0.4812863635120591,0.9063198815547403,0.06517277219602424,0.24673489734596296,0.9999999898977832
Sofa_13_02.obj,Sofa_13,OB,0.49705105384150733,0.4646366018858569,4.249999866208021,0.18877167697484656,0.9963715829829899,0.8156904838337984,0.8602430625611831,0.02861296704072607,2.4425023959128507,0.48128636351199044,0.9063198815547403,0.06517277234210453,0.24673489660447737,0.9999999809456781
Sofa_13_03.obj,Sofa_13,OB,0.8429580980202032,0.13859861921535485,6.303025123127068,0.1506976213865133,0.911363881425268,0.9752929917445108,0.9911642082629167,0.0044905640696609374,1.3530130278664683,0.7772089235318953,0.9931323009478064,0.013680958706409448,0.11613820375148917,2.8416334926952116e-05
Sofa_13_04.obj,Sofa_13,OB,0.9436529109827813,0.020525740659811935,6.303030302535441,0.15212543556029112,0.9979781140968881,0.9982023195447193,0.9993797296609264,0.00925001313087296,2.202562746909159,0.6501371328679579,0.9995132307034481,0.03249476307741782,0.17731003693735822,6.707879276254074e-09
Sofa_13_05.obj,Sofa_13,M,0.8518496969916531,2.1140805355688347e-06,1.8749999989743258,0.42579703622426446,0.7764628888124582,0.9999999999999994,0.9999999999999999,0.039042322307805556,0.30434782597457766,1.9229626863835638e-16,0.9999999999999999,1.0488273304174757e-09,2.0866189714840354e-09,4.743186923619966e-09
Sofa_13_06.obj,Sofa_13,M,0.8518518110721945,4.205775536517723e-12,1.8749999989743737,0.4257970362242634,0.7764573488793444,1.0,1.0,0.03904232230780591,0.30434782597458915,0.0,1.0,1.362150614401709e-09,2.375672487490267e-09,6.707879276254074e-09
Sofa_13_07.obj,Sofa_13,M,0.8518496969916536,2.1140805426511406e-06,1.8749999989743737,0.4257970362242555,0.776462888812459,0.9999999999999998,1.0,0.0390423223078059,0.30434782597458926,0.0,1.0,3.2185132402756532e-09,2.8369845943675734e-09,6.707879276254074e-09
Sofa_13_08.obj,Sofa_13,M,0.8518518110721962,4.205218501235127e-12,1.8749999989743737,0.4257970362242555,0.7764573488792593,1.0,1.0,0.039042322307804515,0.3043478259745429,0.0,1.0,2.7115477818996325e-09,2.9093228387237537e-09,6.707879276254074e-09
Sofa_14_01.obj,Sofa_14,SL,0.6358761012513742,0.33572312614332733,5.666666665942524,0.14655959061939733,0.9976807902236946,0.9935331191233135,0.9690441719292199,0.022429597725357273,2.4576901984914983,0.356873505665227,0.9827395278665615,2.0592849260539723e-09,2.541267048539979e-09,6.707879276254074e-09
Sofa_14_02.obj,Sofa_14,M,0.9137238256222433,0.0001266758380468003,2.409638553230304,0.35790533490067006,0.7825653001827553,0.9986162682210558,0.9966235785176313,0.17020495422412482,2.4745559782350637,0.4548984880196176,0.9975013537456136,0.004527996563417221,0.04732065889242297,6.1504815404043254e-06
Sofa_14_03.obj,Sofa_14,M,0.9137826441108498,5.70192698842037e-06,2.399999999018212,0.3589790792547931,0.7764887279964996,0.9999999999999929,0.9999999999999759,0.10919498146710882,1.9217898607150528,0.6529751856793237,0.999999999999981,2.231303982541251e-09,2.940531269511838e-09,6.707879276254074e-09
Sofa_14_04.obj,Sofa_14,OB,0.6570886155578678,0.331724982449721,9.866666665254229,0.08755029506679733,0.9999999999999997,1.0,1.0,0.0017703328779105681,0.27043369180300897,0.0,1.0,0.10937500044467378,0.1479570070810919,0.33333333333333337
Sofa_14_05.obj,Sofa_14,SL,0.5455294028160667,0.4300629610501701,5.666666665942524,0.14655959061939733,0.9976807902236934,0.9500026014042401,0.9418615213345938,0.02244042683268451,2.4590849682305853,0.3084825276991985,0.9628589425565185,0.007935395898305407,0.07160480236872291,6.707879276254074e-09
Sofa_14_06.obj,Sofa_14,M,0.9137891105554301,2.2839965597665925e-15,2.3999999990182346,0.3589790792547917,0.7764561669153647,0.999999999999941,0.9999999999999555,0.09706225972562124,1.772440034615827,0.680112438445302,0.9999999999999651,1.5059055765618908e-09,2.3999250718414746e-09,4.743186923619966e-09
Sofa_14_07.obj,Sofa_14,M,0.9131770063623854,0.00012461829306237713,2.4148756329438075,0.3573334152266529,0.7861054937780874,0.9992192667149524,0.9968380387500805,0.16407142007952377,2.422053499476305,0.486065535735609,0.9976073194396914,0.004587486641001754,0.04767089458888114,7.862277263741956e-07
Sofa_14_08.obj,Sofa_14,CA,0.7896889011238263,0.19873759805021465,3.699999999808027,0.2281843093030514,0.721279316718908,0.9913641312285189,0.9948466502902794,0.01332627896626241,2.5492391350723804,0.5121427743504536,0.9959773815357189,0.040053516881698746,0.18725524675883856,0.016879641015223074
Sofa_15_01.obj,Sofa_15,SL,2.0167985337509856e-05,0.7946787463051774,2.1220665380308152,0.32170734769564147,0.4396130580452789,0.7071287722684867,0.5000456976434962,0.14515935678259806,0.4999888016988423,0.19238836224268388,0.7653784844814476,5.041902631178864e-06,4.005198554769706e-06,1.3313829202699779e-05
Sofa_15_02.obj,Sofa_15,SL,1.171182382093372e-05,0.7946625558433243,3.1526874007584795,0.2188528921589652,0.7071205420375087,0.707120552737119,0.5000299208797825,0.14516230491270765,0.4999999415658451,0.17862653053288516,0.7653743166799948,2.278485074535861e-09,2.9713444282185403e-09,8.215440741506101e-09
Sofa_15_03.obj,Sofa_15,SL,6.825319291065639e-05,0.7946176240082189,3.152776535139723,0.21884700106651764,0.7071005498332348,0.7071005605321582,0.4999864678070499,0.14516025296148696,0.49999994071838466,0.1786255250649013,0.7653634967640841,4.409248390486073e-10,1.4449820223653918e-09,4.743186923619966e-09
Sofa_15_04.obj,Sofa_15,SL,3.6374779568542865e-05,0.794670007292684,2.1220665380308152,0.3216995173048805,0.4396006292757409,0.707108780176043,0.500002245205052,0.14515730498546284,0.4999888016669816,0.19233264848074322,0.7653676642196231,5.0423775917961296e-06,4.004827453696492e-06,1.3313323118668499e-05
Sofa_15_05.obj,Sofa_15,M,0.841290060559119,0.15777406628904678,24.79513131850587,0.03749238419182886,0.9345527604879313,0.9259760442899001,0.9434967930830824,0.00396145701380375,0.8401071659694577,0.6807549228014423,0.9606091682637607,2.155767660410326e-06,5.250050087767093e-06,1.4124171134559247e-05
Sofa_15_06.obj,Sofa_15,M,0.841290060559119,0.15777401336988567,24.793729315923255,0.03749450128054381,0.9345509810461441,0.9259760442899,0.9434967930830824,0.003961457013803751,0.8401071659694576,0.6807549228009647,0.9606091682637607,2.1556286892857787e-06,5.250068751836168e-06,1.4123801734707611e-05
Sofa_15_07.obj,Sofa_15,OB,0.11498095697539433,0.8349483402791292,4.187398402947135,0.17108257733541604,0.8210439834696664,0.9996827146071904,0.9996774791643335,0.009403351783382998,1.3609842329974875,0.6847753614140863,0.9997478297013147,9.631718034637287e-05,0.0001452928282348139,0.00039896224555553293
Sofa_15_08.obj,Sofa_15,OB,0.17341396746256865,0.7885520352588508,4.768994691724069,0.15079070561987318,0.9967350575693555,0.9907026315922477,0.99405132485301,0.006266857519551257,1.2003535740164597,0.7691237177965475,0.9953605752614302,9.938002229140572e-10,2.0311333103219687e-09,4.743186923619966e-09
Sofa_15_09.obj,Sofa_15,OB,0.3729798837630675,0.60192791169229,5.783668448883572,0.13330599094694096,0.9890336407566226,0.874816889086428,0.8942996819827753,0.009867588979729456,1.3623982283082219,0.28361178274815213,0.9279571388350059,9.200911149322114e-08,1.1810735944729041e-06,6.707879276254074e-09
Sofa_15_10.obj,Sofa_15,OB,0.3926201320927036,0.580310354399291,5.766977497049942,0.13368492353694536,0.9891402173586882,0.9174970781067436,0.929967530143337,0.008772398467818153,1.3313512031479393,0.3313901559221894,0.9507450575565604,0.0021870018110173666,0.025789806530670752,5.6193745603149e-07
Sofa_15_11.obj,Sofa_15,M,0.9971865927163913,0.0025782734951416038,65.21424623904585,0.015310752819550143,0.9999999999999156,1.0,1.0,0.0036071385139706796,0.8992602689419151,0.0,1.0,3.948001556800287e-09,2.900165635395429e-09,6.707879276254074e-09
Sofa_15_12.obj,Sofa_15,M,0.9971864645385705,0.0025784016729624155,65.21424623904585,0.01531075184128306,0.9999999999999158,1.0,1.0,0.0036071343751325003,0.8992580897267608,0.0,1.0,1.7120417980489289e-09,2.4633395540796165e-09,5.82376771756872e-09
Sofa_15_13.obj,Sofa_15,M,0.9971864645385701,0.0025783646162988155,65.20910802216336,0.015311957984445485,0.9999999999999123,0.9999999999999999,1.0,0.003607134375132488,0.8992580897267546,0.0,1.0,2.9768916443475863e-09,2.4772291509022364e-09,5.82376771756872e-09
Sofa_15_14.obj,Sofa_15,OB,0.10308036850059797,0.8645118234588343,5.572980812718386,0.13000363020383499,0.9937370636916014,0.9985441627499726,0.9749561866610171,0.019283727991537835,2.0197288868962544,0.20771032878268672,0.9851660537417336,4.510838349139082e-05,0.00016241467531701907,0.00034880846170120156
Sofa_17_01.obj,Sofa_17,CA,0.08547678946850268,0.7815217609633042,2.181871456239763,0.3563173722137794,0.6979114366094193,0.9149915554096849,0.9405301545055896,0.006546995741046183,1.3420863067358677,0.6870424009965261,0.9564018839794992,0.03332518729557252,0.16457035159537634,0.056012348575305536
Sofa_17_02.obj,Sofa_17,OB,0.6687272292498856,0.2949272087828589,2.662191909003039,0.2803603287090752,0.49818593799599437,0.7909728752406946,0.830106652723572,0.011345143843998628,1.3493024676406338,0.6407508355092781,0.8899306008571704,0.04738026278280605,0.1840251063189364,0.3992579725312124
Sofa_17_03.obj,Sofa_17,OB,0.7578665925378706,0.18971585014972162,3.918816380737293,0.22040965788020547,0.9411183568923908,0.7752267437958145,0.8396422186041506,0.005336653431136684,0.8628032207491998,0.707381068225541,0.8948469472875276,0.05721349854352526,0.2320985121841023,0.99999875177559
Sofa_17_04.obj,Sofa_17,OB,4.498535380523811e-11,0.9583997886040518,5.069749628274012,0.13813851605127028,0.9726683341399708,0.9999428413938948,0.9999636096211493,0.022511007446603427,1.1246427471564523e-11,1.3911054626160788e-15,0.9999714202885474,4.3119881123817873e-10,1.3635703678696545e-09,4.743186923619966e-09
Sofa_17_05.obj,Sofa_17,OB,4.064034873570992e-06,0.9583958936770024,5.069759787250831,0.13813837838070092,0.9726683341399355,0.9999999995263366,0.9999999996984567,0.022510984575430177,1.016010782705657e-06,1.1435297153639112e-14,0.9999999997631683,1.0061305595557502e-09,1.9390633333306335e-09,4.743186923619966e-09
Sofa_17_06.obj,Sofa_17,OB,0.6687272292498859,0.2949272087828583,2.738213516520292,0.2729703812976947,0.5144107419199171,0.7909728752406968,0.8301066527235732,0.011345143843998635,1.349302467640634,0.6407508354812526,0.8899306008571711,0.047380262958448105,0.18402511261914845,0.3992579752123333
Sofa_17_07.obj,Sofa_17,OB,0.7514323453925078,0.1960215460545606,4.130442289966344,0.20948926975527346,0.9982106091158043,0.7933576663672952,0.8561437205588031,0.005341556760797778,0.8650798903512232,0.7026375352379245,0.9039458821968295,0.056249232657088574,0.23025218750628157,0.9999999959682911
Sofa_17_08.obj,Sofa_17,OB,4.495954919686738e-11,0.9583997886040776,4.999987294256789,0.1400283570835023,0.9999999999994298,1.0,1.0,0.022511007446603334,1.1240029458439227e-11,0.0,1.0,1.5564016345899358e-09,2.3997166923675365e-09,5.529063864673607e-09
Sofa_17_09.obj,Sofa_17,OB,4.0640348688901506e-06,0.9583958936770074,4.999997454236711,0.14002821760427783,0.9999999999994293,1.0,1.0,0.022510984575430083,1.0160107815860015e-06,0.0,1.0,5.749317483175716e-10,1.5480511087720496e-09,4.743186923619966e-09
Sofa_17_10.obj,Sofa_17,OB,0.18828832317905517,0.776171520206809,3.605385780005857,0.19768313700461676,0.7147196107966183,0.9756022958506113,0.9812963192835438,0.009131427152989877,1.1567929944204474,0.6260346481114565,0.9860178713300861,0.029336095782133472,0.1405790313234677,0.17694144441450232
Sofa_17_11.obj,Sofa_17,M,0.9940212677405227,0.005978732239319954,920.9720200752574,0.0010825816593996074,0.9999999992286828,0.584203735014424,0.9066415576988514,0.045529819425156826,1.0117768442395505,0.8141509752192164,0.9487845469130364,1.724795244952715e-09,2.2816896403258085e-09,4.743186923619966e-09
Sofa_17_12.obj,Sofa_17,OB,0.18988970161265312,0.7740950404017944,3.558246194922056,0.199663167697985,0.729472804470036,0.9225042223652216,0.9433482963076912,0.009131920687358148,1.1568801628840955,0.6204558495937128,0.9587200038457656,0.029268208006416902,0.14042330281047902,0.17694144097394554
Sofa_17_13.obj,Sofa_17,M,0.9940212677405228,0.005978732239319844,5366268119.300001,0.0,1.0,0.5842037350144857,0.9066415576988799,0.04552981942515723,1.0117768442395643,0.8141509752192488,0.9487845469130475,2.5871928674290724e-09,2.361773156845626e-09,4.743186923619966e-09
Sofa_17_14.obj,Sofa_17,OB,0.277769618823614,4.166601344426041e-06,1.0000023104354274,0.5773497248765118,0.7036561008465169,0.8333337499827786,0.8845915880089473,30.78675817781853,0.16070941142187092,0.16514860675548687,0.9235636397094594,1.330339591386461e-09,2.2314890161749695e-09,4.743186923619966e-09
Sofa_17_15.obj,Sofa_17,OB,0.27776961882361334,1.3888685096209736e-06,1.0000023104164764,0.5773494041390772,0.7036563169602515,0.8333337499821494,0.8845915880089473,30.786758177818548,0.16070941142187084,0.16514860675548693,0.9235636397091103,4.743186923619966e-10,1.4229560770859899e-09,4.743186923619966e-09
Sofa_17_16.obj,Sofa_17,OB,0.27777100769212343,2.777751781096266e-06,1.0000014771235433,0.5773498852438057,0.7036559927949187,0.8333336110893329,0.8845915359428701,20.524514711434207,0.1607097581844042,0.16514860675452187,0.923563607877118,1.6425506205794098e-09,2.7930290275291803e-09,6.707879276254074e-09
Sofa_17_17.obj,Sofa_17,OB,0.7523354444611429,0.23856612035653163,9.941175140453527,0.08950468043148685,0.9991350935611064,1.0,1.0,1.7910908543033555,0.3307086554954259,0.0,1.0,1.3746054308424055e-09,2.3684876975892678e-09,6.707879276254074e-09
Sofa_18_01.obj,Sofa_18,OB,0.8931623931540745,1.8527772090625102e-16,2.9999999986278314,0.3015113445361846,0.9999999999996809,0.9999999999999992,0.9999999999999998,0.022852412697308224,0.49889870926479307,2.482534153247273e-16,0.9999999999999997,8.623976224763575e-10,1.8294216207965657e-09,4.743186923619966e-09
Sofa_18_02.obj,Sofa_18,OB,0.8931623931540744,9.263886045312555e-17,2.9999999986278314,0.3015113445361846,0.9999999999996809,0.999999999999999,0.9999999999999998,0.022514372608018734,0.47672652726626397,3.510833468576701e-16,0.9999999999999996,4.3119881123817873e-10,1.3635703678696543e-09,4.743186923619966e-09
Sofa_18_03.obj,Sofa_18,OB,0.8931623931540744,7.940473753125048e-17,2.9999999986278314,0.3015113445361846,0.9999999999996809,0.9999999999999992,0.9999999999999998,0.02265207363960698,0.48575839191930464,2.482534153247273e-16,0.9999999999999999,0.0,0.0,0.0
Sofa_18_04.obj,Sofa_18,OB,0.8931623931540744,9.263886045312558e-17,2.9999999986278314,0.3015113445361846,0.9999999999996809,0.9999999999999993,0.9999999999999999,0.02228574165076088,0.46173053313581797,1.5700924586837752e-16,0.9999999999999997,0.0,0.0,0.0
Sofa_18_05.obj,Sofa_18,OB,0.7937444612692519,0.19451147059889962,6.999999998719319,0.12352470488002296,0.9911690715789393,0.8930436873484718,0.9199869253404702,0.015187314338130437,1.8245100485729282,0.4392227374165764,0.9438144402893659,1.3044088469821396e-09,2.3184011489589913e-09,6.707879276254074e-09
Sofa_18_06.obj,Sofa_18,OB,0.7937444612692519,0.19451147059889953,6.999999998719319,0.12352470488002296,0.9911690715789397,0.8930436873484723,0.9199869253404702,0.01518731433813044,1.824510048572928,0.4392227374165762,0.9438144402893661,1.472891389109585e-09,2.4580403293134032e-09,6.707879276254074e-09
Sofa_18_07.obj,Sofa_18,OB,0.17086085048776528,0.8130770315149345,6.983019325623345,0.10509944459684183,0.9908696181579604,0.8769220635346908,0.8875347123927355,0.03452150413063998,3.2297143216614597,0.040337192586521194,0.9257191894589826,0.00030674122750893657,0.008818087625608883,0.00034021098085714775
Sofa_18_08.obj,Sofa_18,OB,0.17086036174591288,0.8130774875655382,6.982948703582649,0.1050999589447687,0.9908772842994975,0.8769190588435276,0.8875352134479407,0.034521506085111564,3.229709934634086,0.040445283090394336,0.9257181936314928,0.0006177816946592014,0.018843001734792995,0.0005172781354865792
Sofa_18_09.obj,Sofa_18,OB,0.8002980193313257,0.18321024811785275,3.965779976126029,0.22440237729307447,0.6381036599407658,0.9931960506871589,0.9472275869853118,0.049143397849802775,3.1860699838341495,0.15911909587532272,0.9671029070884336,0.03402562838879256,0.17236958898165505,0.03874602122628285
Sofa_18_10.obj,Sofa_18,OB,0.8002982413129001,0.1832100403647995,3.9658110503301915,0.2244007377222642,0.6381039014235221,0.9931953153647184,0.9472278733376731,0.0500705630050467,3.218914081630882,0.15835371243618665,0.96710199916471,0.025537349106817153,0.14740773565511148,0.013006851689184074
Sofa_19_01.obj,Sofa_19,CA,0.5056684088007041,0.4566617609842332,2.7289835048384994,0.2942165967654761,0.6806889546900907,0.9923306252132125,0.9943337756081406,0.0029109475226209306,0.7715584862991978,0.7669249015371988,0.995586612536896,0.061935546047120045,0.2299173271146002,0.9999999932921207
Sofa_19_02.obj,Sofa_19,OB,0.8931623931561856,1.345523268084024e-14,2.999999998814681,0.30151134454181966,0.9999999999997949,0.9999999999999996,0.9999999999999999,0.019758706277231593,0.49999310270862213,1.5700924586837752e-16,0.9999999999999999,3.484465948520047e-09,2.3630602896380904e-09,6.707879276254074e-09
Sofa_19_03.obj,Sofa_19,OB,0.8931623931561837,1.8770148380026768e-15,2.9999999988144923,0.30151134454183665,0.9999999999997963,0.9999999999999967,0.9999999999999988,0.01975700207688323,0.49986372739771184,2.220446049250313e-16,0.999999999999999,2.706265131225079e-09,2.5122047672283134e-09,5.529063864673607e-09
Sofa_19_04.obj,Sofa_19,OB,0.8931623931561847,1.45616835327155e-14,2.999999998814681,0.30151134454181955,0.9999999999997936,0.9999999999999998,0.9999999999999999,0.01975853064135957,0.49997976921436954,2.220446049250313e-16,1.0,1.5564016345899356e-09,2.3997166923675365e-09,5.529063864673607e-09
Sofa_19_05.obj,Sofa_19,OB,0.893162393156184,7.705639861274143e-16,2.999999998814479,0.3015113445418379,0.9999999999997983,0.9999999999999964,0.9999999999999987,0.01975242355244822,0.4995161461858796,3.510833468576701e-16,0.9999999999999989,1.9876004458281144e-09,2.505140172220089e-09,5.529063864673607e-09
Sofa_19_06.obj,Sofa_19,OB,0.7510966181628663,0.23817612448433242,7.099999998901422,0.1216812480887685,0.9863782896672052,0.6897203176594072,0.7200294601107164,0.020913518844559602,2.368205229149704,0.4087415390017871,0.8387771381558369,0.06896551877730542,0.25339549012814466,1.0
Sofa_19_07.obj,Sofa_19,OB,0.7459529919388321,0.24373906979046223,7.099999998901397,0.12156581378709552,0.9863779202167523,0.6947868842437173,0.7253564532668455,0.021622040056948552,2.4167229382265476,0.3968775048183542,0.8410482361069654,1.5415420674056842e-09,2.498530879620741e-09,6.707879276254074e-09
Sofa_19_08.obj,Sofa_19,OB,0.6771648963212858,0.29597455388711147,3.132981807851092,0.2677719659279939,0.6381053997930326,0.9934795646707866,0.944724192835201,0.05154495608208441,3.0976378908299997,0.15470078549592886,0.9660047931330576,0.029251118580314987,0.15611973306135565,0.051590194414964284
Sofa_19_09.obj,Sofa_19,OB,0.6771649028016848,0.2959745531238603,3.1329767536596966,0.2677726896799002,0.6381020558510816,0.9934783247279642,0.9447205427383265,0.05060781511513521,3.066373516505284,0.15542344926994442,0.9660022885467693,0.041444190376570544,0.18895784874358582,0.093977518202231
Sofa_19_10.obj,Sofa_19,OB,0.2613345844127705,0.7193257086081907,6.3850548095367685,0.11806976698798462,0.9908702428775978,0.9194830789660924,0.9225728848186777,0.03361802871916126,3.2339386699174844,0.04562087355660811,0.9482224257059775,0.0006043627084196564,0.019388123768410263,0.0004550403716620367
Sofa_19_11.obj,Sofa_19,OB,0.261334993061714,0.7193253288954723,6.3850469626331545,0.11806984945481475,0.9908732715492194,0.9194860998922075,0.9225715582548135,0.03361800839577171,3.233929697188685,0.04566517727276703,0.9482235097386065,0.00025647381622270315,0.008202653014074711,8.950339861322942e-05
Sofa_19_12.obj,Sofa_19,SL,0.6805484349617242,0.301170248714228,3.2482838875560476,0.24460930403459707,0.5892533388474072,0.9993019438781128,0.9781008756052885,12.548488227632125,1.665343448451416,0.13344220339117055,0.9883521952502113,3.084808180584032e-06,5.866148199461796e-06,1.2929829245403299e-05
Sofa_19_13.obj,Sofa_19,CA,0.843260063016749,0.1414593779423314,3.472606719133877,0.26363671578172293,0.5436407568657442,0.9981629145429941,0.9861264988808212,25.681742810218445,2.444427626783675,0.4058574889878234,0.9926265366035107,1.4629927453120466e-05,2.8032189745680663e-05,6.704289094981794e-05
Sofa_19_14.obj,Sofa_19,CA,0.8432600835993783,0.14145928112469888,3.472606719133877,0.2636369498602653,0.5436459257018853,0.9981614579027911,0.9861273892507186,25.681748200531885,2.444427870900706,0.4058627754900618,0.9926265048985656,2.24763872647494e-06,4.362830495982897e-06,1.2079150983874804e-05
Sofa_20_01.obj,Sofa_20,OB,0.7773237120238969,0.20283352104275543,4.480514285415949,0.19723495148070372,0.9572660227816878,0.9999999659505323,0.9999999830808332,0.0019603913239363956,0.35108729364868435,0.0,0.9999999867117176,0.00024138444378064605,0.0015361477851891553,6.707879276254074e-09
Sofa_20_02.obj,Sofa_20,SL,0.881787440135936,0.08131530399488576,3.527054107915339,0.22532730026162207,0.8758393929576495,0.9871792464668171,0.9920312137929933,0.011321252900060943,1.5326847117483768,0.6864730992123309,0.9938002315816608,0.03703703853157075,0.1888525736741426,8.215440741506101e-09
Sofa_20_03.obj,Sofa_20,SL,0.8868479684619249,0.07688688070433732,3.527195478450372,0.22531872761597413,0.8758713216629251,0.994155973076986,0.9962100821104146,0.011344441926113726,1.5367351011164614,0.6336748962440678,0.9970577898319548,0.11567164291767297,0.3198307559984452,1.0
Sofa_20_04.obj,Sofa_20,OB,0.9586690117723998,0.03183550054754252,7.900348604688338,0.11502457885923073,0.9896278896492855,0.9992347324357599,0.9868171859278666,0.03507508713518064,4.175836701966829,0.2603577394443412,0.9927913629492688,0.021173824194650227,0.1400005523460176,0.00032357780578930905
Sofa_20_05.obj,Sofa_20,SL,0.8221127804611058,0.13391079277121826,4.199781496279264,0.20954945882718345,0.8003253969987348,0.9452278843953733,0.9046822365437699,0.05246658059701117,3.4146090059308465,0.031343730490105984,0.9454993454054805,0.0005870689715326702,0.002310356233995443,0.0026235331745486246
Sofa_20_06.obj,Sofa_20,SL,0.8217708258958364,0.13432863567712625,4.199831156080671,0.20954753977005533,0.8003212267952071,0.9471127260151606,0.9055891842529071,0.052445223850167096,3.4130979277615507,0.03250233640514282,0.9461557457873254,0.0006175403576340925,0.0021746617911648325,0.0031962909557212253
Sofa_20_07.obj,Sofa_20,OB,0.1573061736992568,0.8317150957311135,6.520991051726836,0.11209722721679831,0.9440779733450629,0.9409938569027722,0.9601894082056439,0.0031255316635433092,0.04120879307852665,4.323723068466734e-08,0.9701454301569342,1.834439450736676e-09,2.607865048562795e-09,6.707879276254074e-09
Sofa_20_08.obj,Sofa_20,OB,0.15730977252294281,0.8317115412064411,6.520991051709646,0.1120972272169565,0.9440823487784167,0.9409962298678441,0.9601911118198668,0.0031255316635012435,0.04120879306603973,4.3208460032140295e-08,0.9701466494912687,1.645908411940579e-09,2.506810506596732e-09,6.707879276254074e-09
Sofa_20_09.obj,Sofa_20,SL,0.7401025851421533,0.25440864895419524,1.2728841343458746,0.48702695620810216,0.12384108145625818,0.9999999999999976,0.9999999999999897,12.670522418545708,1.0925766626916322,0.7664320087807378,0.9999999999999916,1.8800552722569925e-09,2.811576564769931e-09,6.707879276254074e-09
Sofa_20_10.obj,Sofa_20,SL,0.7021094886911587,0.2915993703123534,4.321709969624623,0.18404608950764284,0.42369674091510673,1.0,1.0,5.272920491441241,0.1442237541214505,0.0,1.0,1.37786262284175e-09,2.291555415327361e-09,4.743186923619966e-09
Sofa_20_11.obj,Sofa_20,SL,0.04167658494347403,0.8560459441667595,2.9999977481098017,0.22941569437720322,0.9891186063882611,0.9999999999999992,0.9999999999999994,24.914492774743163,0.004191110593557734,1.5700924586837752e-16,0.9999999999999994,2.0420697707587692e-09,2.8709828640694646e-09,6.707879276254074e-09
Sofa_20_12.obj,Sofa_20,SL,4.524296100898677e-14,0.874428256140024,2.937497795077381,0.23403216613889608,0.9995101947028722,1.0,1.0,25.551678260824772,1.134722243463837e-14,1.1102230246251565e-16,1.0,0.0,0.0,0.0
Sofa_22_01.obj,Sofa_22,OB,0.3038567042479744,0.5941212641133543,1.746622344541878,0.4051416079495871,0.5321201973147103,0.9317285366861484,0.878979268882903,0.014666655801861425,1.2256120614562256,0.27703230698412135,0.9281801632188424,0.08214254567773065,0.048155403228366846,0.16674121219128685
Sofa_22_02.obj,Sofa_22,OB,0.3377622544932427,0.5332960988616466,1.833592224237256,0.39604631964151665,0.4685059083383762,0.8358046802516079,0.7877751286770729,0.013518209093434853,1.2299473067189333,0.29412062237265746,0.8796665271257074,0.0832556079741931,0.04902909356714946,0.17251000786312007
Sofa_22_03.obj,Sofa_22,SL,0.3732105732423439,0.5363757756264194,1.8356432671370486,0.4018520021740233,0.4864549666353458,0.9115640953241849,0.8590282434974311,0.011521802691244646,1.1456299000670822,0.2808096178383245,0.9209403280392544,0.08745977375410754,0.05358552903512279,0.18679222574430304
Sofa_22_04.obj,Sofa_22,SL,0.9239791664459475,0.04835649957325777,4.104999855787672,0.22440577370918458,0.7736065476863863,0.9511539613935218,0.9648670167293928,0.019092820215412486,2.4635556544879176,0.3211609821531798,0.9748924679378815,0.04634089210983519,0.044923499961993324,0.13216364965195262
Sofa_22_05.obj,Sofa_22,SL,0.9239070226137568,0.04848343060468662,4.104999855787703,0.22440577370918294,0.7736065476863943,0.9459602472427547,0.9626210312003439,0.01982990383391569,2.4995316374957257,0.31647169701944844,0.9732543793101587,0.04691341493220812,0.046061512083970475,0.13779814328050777
Sofa_22_06.obj,Sofa_22,OB,0.9090966633955307,0.08650535537741733,13.425575872835134,0.07099530743678024,0.9668517830889191,0.9464237161312022,0.9688707635263004,0.007561293682550264,1.3447635470620274,0.40747923880807185,0.977992484931126,0.048533138562832236,0.051879795091731545,0.1290252518535028
Sofa_22_07.obj,Sofa_22,CA,0.535082717315559,0.4093749687508165,3.6401234778257967,0.22061497493815435,0.8179672153848607,0.9431505707338698,0.8674733290249663,0.014447653149513108,0.8431152240312318,0.20845984429513698,0.9208453140233984,0.06111834214929792,0.042444086966251,0.13500432420468048
Sofa_22_08.obj,Sofa_22,CA,0.5417266928083405,0.3993352571567678,3.534998049191908,0.22724022228072743,0.8251531432016637,0.949036876076347,0.8760439646623306,0.013658328444842298,0.7990771297794782,0.26019147501188944,0.9255840491122654,0.06361463858265541,0.04303062386975444,0.13640485991099696
Sofa_22_09.obj,Sofa_22,CA,0.5396627039998086,0.399513881722941,3.575514158735939,0.2255685874713567,0.8176698389315372,0.9482755282855166,0.8725211421520522,0.014382831823867,0.8578629686469286,0.24007315029688694,0.9241220144781714,0.06216394300322021,0.04318706945908546,0.13708415092989612
Sofa_22_10.obj,Sofa_22,OB,0.7509057884966303,0.23655881973765905,8.629013043260397,0.10319133107422854,0.9958273085345611,0.9991026128547517,0.9991749908689714,0.0016589080812066447,0.6242449712505606,0.4269720767191453,0.9994008783304655,0.06675204730907568,0.050406499435862624,0.15385916653987455
Table_01_01.obj,Table_01,SL,0.0028072592801474225,0.996049937580315,42.51778763324172,0.016724163232264055,0.7764573843352461,0.7890676564856623,0.5003079185216285,0.009418881736113844,0.28860716733365194,0.046698735584484834,0.7894993345027496,0.0010608619581320984,0.006525216678073412,6.707879276254074e-09
Table_01_02.obj,Table_01,M,0.9791634012936382,0.016478780154633027,12.625062509763119,0.07743134354451948,0.8166666666704195,0.8105362979233742,0.9495982000768807,0.005818431888212007,1.129849914482478,0.3456246903708698,0.9629515031697093,1.290813033689628e-09,2.212615311836534e-09,4.743186923619966e-09
Table_01_03.obj,Table_01,M,0.9754158607707768,0.01952801492015335,12.479731634890998,0.07836174585935049,0.8166595227892314,0.8124938432850013,0.9504244453420733,0.00581940740531381,1.1294849186229463,0.5996420465695939,0.9633972742486145,8.448187513891143e-10,1.8477884203958364e-09,4.743186923619966e-09
Table_01_04.obj,Table_01,M,0.9959660306550866,0.0014707175964054763,19.751694908542778,0.05046238440535254,0.9999999999999841,1.0,1.0,0.003222993137743851,0.880559044096398,0.0,1.0,1.712041798048929e-09,2.463339554079617e-09,5.82376771756872e-09
Table_01_05.obj,Table_01,M,0.9960580615499263,0.0014945691105744557,20.213906028697455,0.04931360480231731,0.9999999999999843,0.9999999999999977,0.9999999999999999,0.0031882008057825682,0.8818484137009456,1.5700924586837752e-16,0.9999999999999998,0.0,0.0,0.0
Table_01_06.obj,Table_01,SL,0.004699734816890597,0.9941814703546978,42.472798643619136,0.01674188993579055,0.77645948857478,0.7867524785411186,0.5000009027310924,0.014686082970951671,0.3287928554928566,0.0685847789501901,0.7883431473504512,2.4794120374404804e-07,1.500927724702021e-06,8.215440741506101e-09
Table_01_07.obj,Table_01,M,0.9805347147919502,0.015137465769797598,12.479731634855137,0.07836182984161581,0.8166685717582173,0.812422233580944,0.9499078873858238,0.005818885871602187,1.12928772831285,0.5769996978020216,0.963087507940998,1.383330913184008e-09,2.181622890947768e-09,4.743186923619966e-09
Table_01_08.obj,Table_01,M,0.9748460295528787,0.020213682345229078,12.625062509762463,0.07743125965859601,0.816671845425733,0.8122407612211296,0.9498253499356569,0.00581038124111038,1.127046126625124,0.5970076912087725,0.9629824344065652,1.6641467268976244e-09,2.342369998495355e-09,4.743186923619966e-09
Table_02_01.obj,Table_02,M,0.998468383629834,2.1568329805512157e-09,17.93276224421006,0.054087446273160276,0.17833613611023108,0.9999865076181302,0.9999984834384099,0.009330048392972957,1.9866295942180796,0.749015420405599,0.9999988089755811,1.7636925543834138e-05,2.929600691415731e-05,6.301374293886444e-05
Table_02_02.obj,Table_02,M,0.9984683836298341,2.1568328896408334e-09,17.93276224421006,0.054087446273160276,0.178336136110231,0.9999865076181302,0.9999984834384096,0.009330048392972952,1.9866295942176977,0.7490158052547407,0.9999988089755816,1.7636925317112807e-05,2.9296007036021605e-05,6.301374293886444e-05
Table_02_03.obj,Table_02,M,0.998468383629834,2.1568330545183815e-09,17.93276224421006,0.054087446273160276,0.178336136110231,0.9999865076181298,0.9999984834384096,0.009330048392972953,1.9866295942177432,0.7490157593147356,0.9999988089755814,1.768469084215339e-05,3.1708472871421275e-05,6.424215137934845e-05
Table_02_04.obj,Table_02,SL,0.0008163263591408817,0.9990056743900976,105.99999985431022,0.006670670270750335,0.7764572938724947,0.7764556116594504,0.4999982432111064,0.009351537791368691,1.9014902537930581e-06,9.795061783608862e-06,0.783156384932303,0.0024038078693978822,0.009714868891832838,0.04166598305828792
Table_02_05.obj,Table_02,M,0.998468383629834,2.156833054154009e-09,17.93276224421006,0.054087446273160276,0.17833613611023108,0.9999865076181305,0.9999984834384096,0.009330048392972953,1.986629594217771,0.7490157310304268,0.9999988089755816,1.7684699784984813e-05,3.170846787530893e-05,6.424215137934845e-05
Table_02_06.obj,Table_02,SL,0.11814089099685732,0.8801434936785802,25.33333332260862,0.027910617393594885,0.7633885727522705,0.7794405395069741,0.49999349968017004,0.014130234861583681,0.2630865308322544,0.05955998770775082,0.7846399281051197,0.00013023708004879564,0.0021904066087606367,6.675231272658169e-05
Table_03_01.obj,Table_03,M,0.8872368183399583,0.11210195273764319,57.06773605406325,0.01548875946384359,0.7730101515658994,0.6069897850967924,0.5818297416515781,0.018261413231701162,2.479417489953469,0.30444757505564907,0.7920411517862987,0.0003010561905506338,0.006865121674841368,6.707879276254074e-09
Table_03_02.obj,Table_03,M,0.887236818339958,0.11210195273764334,57.06773605406109,0.015488759463844181,0.773010151565884,0.6069897850967932,0.5818297416515782,0.018261413231701162,2.4794174899534696,0.304447575050866,0.792041151786299,0.00030105617126251454,0.006865121672837392,6.707879276254074e-09
Table_03_03.obj,Table_03,M,0.8872368183399586,0.1121019527376428,57.06773605406325,0.015488759463843586,0.7730101515658865,0.6069897850967927,0.5818297416515771,0.018261413231701155,2.4794174899534687,0.3044475750507221,0.7920411517862985,0.0003010561751936688,0.006865121671715203,6.707879276254074e-09
Table_03_04.obj,Table_03,M,0.8872368183399583,0.11210195273764315,57.06773605406541,0.015488759463843003,0.773010151565924,0.6069897850967925,0.5818297416515772,0.01826141323170117,2.4794174899534696,0.30444757505534875,0.7920411517862987,0.00030105627687118284,0.006865121669155995,6.707879276254074e-09
Table_03_05.obj,Table_03,SL,5.660474702908546e-13,0.999421464368296,58.79626916391981,0.012025518971565924,0.7764577514342486,0.7764577514342571,0.49999868399256275,0.010858532689684943,5.316546092751901e-06,2.1631062126049707e-05,0.7831574640923825,1.0989931181936896e-09,2.0630004712352973e-09,4.743186923619966e-09
Table_04_01.obj,Table_04,M,0.9982638888882831,2.0797981581558582e-13,23.99999998196054,0.041594516539188595,0.9999999999998244,1.0,1.0,0.005993110711396206,0.9199999999400691,0.0,1.0,0.0,0.0,0.0
Table_04_02.obj,Table_04,M,0.998263888888283,2.082658728686948e-13,23.99999998196054,0.04159451653918859,0.999999999999824,1.0,1.0,0.005993110711396206,0.9199999999400684,0.0,1.0,0.0,0.0,0.0
Table_04_03.obj,Table_04,M,0.9962515618485971,3.747926895158258e-13,16.333333325426594,0.06099627594937017,0.9999999999999234,1.0,1.0,0.0057626064532555876,0.8846153845606398,0.0,1.0,0.0,0.0,0.0
Table_04_04.obj,Table_04,M,0.9962515618485971,3.748357379806104e-13,16.333333325426594,0.06099627594937017,0.999999999999925,1.0,1.0,0.005762606453255584,0.8846153845606393,0.0,1.0,0.0,0.0,0.0
Table_04_05.obj,Table_04,M,0.9871999999971248,0.0006599269119585227,6.93863749382074,0.10138350012503254,0.17879372940336086,1.0,1.0,0.015228202461236146,0.7967238957662545,0.0,1.0,0.0,0.0,0.0
Table_04_06.obj,Table_04,M,0.9871999999971249,0.0006599269119584035,6.93863749382074,0.10138350012503243,0.17879372940336144,0.9999999999999994,1.0,0.022842303691875482,0.7967238957660652,1.5700924586837752e-16,0.9999999999990559,6.324249231493289e-10,1.6123735120104226e-09,4.743186923619966e-09
Table_04_07.obj,Table_04,M,0.9871999999971248,0.0006599269119585227,6.93863749382074,0.10138350012503254,0.17879372940336086,1.0,1.0,0.015228202461236146,0.7967238957662545,0.0,1.0,4.743186923619966e-10,1.4229560770859899e-09,4.743186923619966e-09
Table_04_08.obj,Table_04,M,0.9871999999971249,0.0006599269119584035,6.93863749382074,0.10138350012503243,0.17879372940336144,0.9999999999999992,1.0,0.022842303691875482,0.7967238957660652,1.5700924586837752e-16,0.9999999999990559,4.743186923619966e-10,1.4229560770859899e-09,4.743186923619966e-09
Table_04_09.obj,Table_04,M,0.999527410207781,5.675527887534606e-14,45.99999996574925,0.02172886402032834,0.9999999999999085,1.0,1.0,0.00318782478023076,0.9574467677912398,0.0,1.0,0.0,0.0,0.0
Table_04_10.obj,Table_04,M,0.999527410207781,5.675527887534606e-14,45.99999996574925,0.02172886402032834,0.9999999999999085,1.0,1.0,0.00318782478023076,0.9574467677912398,0.0,1.0,0.0,0.0,0.0
Table_04_11.obj,Table_04,M,0.9962515618485971,3.747926895158258e-13,16.333333325426594,0.06099627594937017,0.9999999999999234,1.0,1.0,0.0057626064532555876,0.8846153845606398,0.0,1.0,0.0,0.0,0.0
Table_04_12.obj,Table_04,M,0.9961675541118373,3.832374173828475e-13,16.15332697117327,0.06167085251462791,0.9999999999999221,1.0,1.0,0.0058230790239937585,0.883404542839007,0.0,1.0,0.0,0.0,0.0
Table_04_13.obj,Table_04,OB,0.5739743891486362,0.4260227361828523,589.9999956789663,0.001413929390870903,0.9999999999999817,0.8009947695936855,0.8531836708424332,0.0015288547733296094,0.20408163265109677,0.0,0.9021906565383621,0.051724139211437696,0.10127017283284574,0.2500000000000016
Table_05_01.obj,Table_05,M,0.9995659744729237,1.8804713058259967e-17,48.000124428423476,0.02082424302194374,0.9999999999999523,1.0,1.0,0.0026198023289583467,0.9591204051671194,0.0,1.0,0.0,0.0,0.0
Table_05_02.obj,Table_05,M,0.9995659744729237,1.6975065301240078e-17,48.000124428423035,0.020824243021943932,0.9999999999999448,1.0,1.0,0.0026197159424388773,0.9590558042653071,0.0,1.0,0.0,0.0,0.0
Table_05_03.obj,Table_05,M,0.9960937289154601,1.9843464158896995e-08,15.999997449321171,0.06225728982937767,0.9999999999998367,1.0,1.0,0.007551458388407778,0.8823526422879784,0.0,1.0,1.712041798048929e-09,2.463339554079617e-09,5.82376771756872e-09
Table_05_04.obj,Table_05,M,0.9992283965859854,3.91966769977736e-09,36.00012697640521,0.027756271261152883,0.9999999999999241,1.0,1.0,0.003469576841991703,0.9459459978646978,0.0,1.0,0.0,0.0,0.0
Table_05_05.obj,Table_05,M,0.9992283965858862,9.918804627853845e-14,36.0000355377779,0.027756341706638613,0.9999999999999256,1.0,1.0,0.003469576841985677,0.9459459978613174,0.0,1.0,0.0,0.0,0.0
Table_05_06.obj,Table_05,M,0.9992283965858862,3.919865985155699e-09,36.00012697871699,0.027756271259370482,0.999999999999925,0.9999999999999998,1.0,0.003469576841985676,0.9459459978613174,0.0,1.0,1.712041798048929e-09,2.463339554079617e-09,5.82376771756872e-09
Table_05_07.obj,Table_05,OB,7.1277042024744825e-12,0.9969135802395427,17.999999989216494,0.039253433596346726,0.9999999999999918,1.0,1.0,0.003565966461216473,1.7820522199172087e-12,0.0,1.0,0.0,0.0,0.0
Table_05_08.obj,Table_05,OB,0.8796341217320135,0.12035936067470283,391.7025259562722,0.002411917372200001,0.9999999999999746,1.0,1.0,0.001945068947279112,0.4848494947754013,0.0,1.0,1.2648498462986577e-09,2.097516178155673e-09,4.743186923619966e-09
Table_05_09.obj,Table_05,M,0.9995659722680507,2.2048730157000636e-09,48.000124428423476,0.020824242999006246,0.9999999999999523,1.0,1.0,0.002619886936273302,0.9591836755579121,0.0,1.0,0.0,0.0,0.0
Table_05_10.obj,Table_05,M,0.9960937487589244,5.014241310809488e-13,15.999997450348305,0.06225729043830828,0.9999999999998441,0.9999999999999993,1.0,0.007551459516666631,0.8823529235291535,1.5700924586837752e-16,1.0,1.712041798048929e-09,2.463339554079617e-09,5.82376771756872e-09
Table_05_11.obj,Table_05,M,0.9960937289154601,1.9843464235742633e-08,15.999997449321317,0.06225728982937711,0.9999999999998458,1.0,1.0,0.007551458388407778,0.8823526422879784,0.0,1.0,0.0,0.0,0.0
Table_05_12.obj,Table_05,M,0.9960937487589242,5.016478067502051e-13,15.999997450348305,0.06225729043830828,0.999999999999835,0.9999999999999973,0.9999999999999999,0.007551459516666629,0.8823529235291534,1.5700924586837752e-16,0.9999999999999998,0.0,0.0,0.0
Table_05_13.obj,Table_05,M,0.9992284005056533,9.909724170778409e-14,36.00012697871699,0.027756271313685726,0.9999999999999256,1.0,1.0,0.003469577080168835,0.9459461314486652,0.0,1.0,0.0,0.0,0.0
Table_05_14.obj,Table_05,OB,0.9600018287269121,2.0319695919131123e-07,5.000126997266578,0.19244554554639484,0.9999999999994701,1.0,1.0,0.021395336839888566,0.6666730163889935,0.0,1.0,0.0,0.0,0.0
Table_05_15.obj,Table_05,OB,0.960002031918739,5.1323160276112745e-12,5.000126997266578,0.19244556364987042,0.9999999999994709,1.0,1.0,0.021395345897140403,0.6666737219388691,0.0,1.0,0.0,0.0,0.0
Table_07_01.obj,Table_07,M,0.9945328013414528,0.004281902187974263,23.874589895233758,0.041621682992783744,0.8166658905498105,0.8169748866825854,0.9744305327566966,0.004086734718248102,1.249007446650497,0.6511560045290054,0.9805632007438816,1.483230524334895e-09,2.3700352583853077e-09,6.707879276254074e-09
Table_07_02.obj,Table_07,SL,0.026344196278158743,0.969652919892789,22.202794231715878,0.031831570060924755,0.7764580074335786,0.7793175529314414,0.500021617866568,0.018300578833234098,0.3289615578913176,0.06907516545047045,0.7845981840750358,5.4881376299157466e-08,3.3671867537831204e-07,6.707879276254074e-09
Table_07_03.obj,Table_07,SL,0.05288074765116747,0.9430864848719581,22.22416971697921,0.03180095808374486,0.776457416774305,0.7768054200983967,0.5000482982438763,0.011736528672917348,0.288317585608987,0.047480395290752604,0.7833321420805381,0.0021551637280209325,0.009227855702551814,0.018749768679183768
Table_07_04.obj,Table_07,M,0.9855723452952204,0.011922853540705448,19.980822953160867,0.04962957704628659,0.9999999999999839,0.9999999999999992,0.9999999999999999,0.0037913293810818774,0.7855306746772087,1.5700924586837752e-16,1.0,0.0,0.0,0.0
Table_07_05.obj,Table_07,M,0.9855722352501479,0.01192294448073074,19.980746753023663,0.04962976316603739,0.999999999999984,1.0,1.0,0.0037913422894902613,0.7855299444695799,0.0,1.0,0.0,0.0,0.0
Table_07_06.obj,Table_07,M,0.9948045681906615,0.004039155388380332,23.877116841669856,0.04161728193045363,0.8166653261168446,0.8151802441254362,0.9743018168084522,0.0040903119336912035,1.250810139456758,0.43835798577237367,0.9804996626646971,2.0403675161946306e-09,2.5119762186186733e-09,6.707879276254074e-09
Table_07_07.obj,Table_07,M,0.9942817989209554,0.004496894722051827,23.874589895318973,0.04162168108496406,0.8166751333558848,0.8152638486913558,0.9745227215582732,0.004090327312143009,1.250817865830639,0.4339361854774738,0.9806416170558793,1.912646847624508e-09,2.4679623821373616e-09,4.743186923619966e-09
Table_07_08.obj,Table_07,M,0.9945325720811599,0.004282124464605572,23.874589895233758,0.041621681085112355,0.8166751333488173,0.8169846510790953,0.9744315428612903,0.004086728451046186,1.2490044309218007,0.6511944434335105,0.9805639591801327,1.4568272829203486e-09,2.26334170017078e-09,4.743186923619966e-09
Table_08_01.obj,Table_08,M,0.9954141622468818,7.717321741715667e-05,14.892789062076485,0.0668433244682962,0.9999999999999735,0.9999999999999991,1.0,0.004405523147021845,0.8731523449482492,1.5700924586837752e-16,0.9999999999999999,0.0,0.0,0.0
Table_08_02.obj,Table_08,M,0.995414162246882,7.730962962358653e-05,14.893014362085268,0.06684231778723723,0.9999999999999734,0.9999999999999997,0.9999999999999999,0.004405523147021842,0.8731523449482492,1.0053497077208614e-15,1.0,0.0,0.0,0.0
Table_08_03.obj,Table_08,M,0.9946551538086214,3.773261587866568e-07,13.678791321435114,0.07271825328903815,0.9999999999999691,1.0,1.0,0.004772665316922393,0.8637445177647162,0.0,1.0,0.0,0.0,0.0
Table_08_04.obj,Table_08,M,0.9946551538082473,3.7408710384522624e-13,13.6783084771496,0.07272080666872029,0.9999999999999687,0.9999999999999996,1.0,0.004772665316911015,0.8637445177602727,0.0,1.0,0.0,0.0,0.0
Table_08_05.obj,Table_08,M,0.994654992092371,1.617158763482489e-07,13.678308476670926,0.07272080085338907,0.9999999999999689,1.0,1.0,0.004772660398003148,0.8637425969074659,0.0,1.0,0.0,0.0,0.0
Table_08_06.obj,Table_08,OB,0.6004788901881825,0.399432109999832,105.99989985798594,0.007974271335057832,1.0000000000000042,1.0,1.0,0.001606049692161117,0.225432511607329,0.0,1.0,2.235959758751358e-09,3.1621246157466432e-09,6.707879276254074e-09
Table_08_07.obj,Table_08,M,0.998563906866985,2.430982547857184e-05,26.614357025358665,0.0375203163715545,0.9999999999999858,1.0,1.0,0.0025361946388685465,0.9269756775838789,0.0,1.0,0.0,0.0,0.0
Table_08_08.obj,Table_08,M,0.998563906866985,2.4210151719770875e-05,26.6134175707943,0.03752163897537467,0.9999999999999858,1.0,1.0,0.002536194638868545,0.9269756775838783,0.0,1.0,0.0,0.0,0.0
Table_08_09.obj,Table_08,M,0.994654992092371,5.390424092078446e-07,13.678791321435114,0.07271824747136417,0.999999999999967,1.0,1.0,0.0047726603980031475,0.8637425969074659,0.0,1.0,1.712041798048929e-09,2.463339554079617e-09,5.82376771756872e-09
Table_09_01.obj,Table_09,M,0.9715601382974063,0.0029148413194126444,4.479166665293438,0.21234757883689703,0.5667472247833261,0.8493419838183606,0.9611049684040727,0.07766943980805649,2.8628940760742543,0.5420352615979422,0.9709080881655321,1.6806149593747272e-09,2.4699647225067828e-09,6.707879276254074e-09
Table_09_02.obj,Table_09,M,0.9715599164523803,0.0029152800193209226,4.47916666542694,0.21234757883085284,0.5667468956884089,0.8493419296736415,0.961104885593357,0.07766943980806375,2.8628941315423284,0.5420345336768079,0.9709080268549622,1.98261597219505e-09,2.665876562457581e-09,6.707879276254074e-09
Table_09_03.obj,Table_09,M,0.9715599805754521,0.002914830566278502,4.479166665427002,0.21234757883085006,0.5667509043442661,0.8493419327990721,0.9611049354571379,0.07766943980805607,2.8628941155122902,0.542035261255547,0.9709080637722729,1.2960839227208622e-09,2.3117383992877144e-09,6.707879276254074e-09
Table_09_04.obj,Table_09,M,0.9944284336398221,0.0055444661428110465,188.99999944773765,0.005276475513001451,0.9999999999999218,0.9468805611229416,0.9947304292094922,0.004060264329855231,1.2706799063044676,0.6083978910594857,0.9958872715970809,0.09553219477181389,0.1333945171599622,0.3040867239846967
Table_09_05.obj,Table_09,M,0.9778180172023364,0.022141240379938403,156.66666594926812,0.006313215745054001,0.9999999999997375,0.9999999999999993,0.9999999999999999,0.005087973514575825,0.7407407407046631,5.661048867003676e-16,0.9999999999999999,1.712041798048929e-09,2.463339554079617e-09,5.82376771756872e-09
Table_09_06.obj,Table_09,M,0.9775807739378976,0.018780618748012862,15.232925074611869,0.06478757844485378,0.9182966517824289,1.0,1.0,0.005111574939224888,0.7395381228342935,0.0,0.9999999999999999,3.7131693170607975e-09,2.5417343677099193e-09,6.707879276254074e-09
Table_09_07.obj,Table_09,OB,0.23094823790833766,0.7690265069911204,189.9999994763258,0.003721588865131333,0.9999999999999942,0.5126584637350681,0.20089062153954373,0.002169076446488391,0.7070988713631946,0.3790762996285318,0.7160006333745442,0.056490407866094786,0.11411440335044265,0.30408672398469583
Table_09_08.obj,Table_09,M,0.9780521262002569,0.021835894851407963,94.49999972378086,0.010467188057641347,0.9999999999998435,1.0,1.0,0.005064526632020469,0.7419354838349962,0.0,0.9999999999999999,0.0,0.0,0.0
Table_09_09.obj,Table_09,OB,0.28571410983006074,0.7142618827888809,189.99999944500516,0.003721588865744812,0.9999999999999942,0.5000009233903646,1.384254278979924e-06,0.0021690807466883404,0.7071040109987878,0.37023754775755097,0.7071070516415582,0.09739725323821304,0.13589583211912765,0.3040867239846973
Table_09_10.obj,Table_09,M,0.9715604052747296,0.002914256445193491,4.479166665293423,0.21234757883689717,0.5667484381055976,0.8493320033751053,0.9611023569430887,0.0776695907142436,2.862900551927312,0.5420354943487401,0.9709062290861866,1.7976883769598327e-09,2.4190792130473436e-09,4.743186923619966e-09
Table_09_11.obj,Table_09,M,0.9885071751578346,0.011432026134820023,188.99999944779688,0.005276475512999799,0.9999999999999256,0.945054933999803,0.9945423110821457,0.004060300211113131,1.2706987349042032,0.6130970021034396,0.9957411826753354,0.06784735510229835,0.12038232000510571,0.3040867239846969
Table_09_12.obj,Table_09,M,0.9944869253444703,0.005486258947642294,189.99999944504967,0.005248855710994405,0.9999999999999313,0.946886396626555,0.9947585000368501,0.004040361517137737,1.2713682591292117,0.6090436983731872,0.9959090409251165,0.09553219483956188,0.13339451711144354,0.3040867239846974
Table_10_01.obj,Table_10,M,0.9821426951997805,0.016891760645257457,30.000005436369985,0.032939293542800785,0.9999999999999833,1.0,1.0,0.003538993675954572,0.7352975127638076,0.0,1.0,1.4060095424410309e-09,2.223857908004772e-09,4.743186923619966e-09
Table_10_02.obj,Table_10,M,0.981009143044236,0.017964021655784812,29.090889982330257,0.03394336454562506,0.9999999999999829,0.9999999999999998,1.0,0.003634557427587115,0.7281497286584176,0.0,0.9999999999999998,1.0411490098548794e-09,2.026774250034066e-09,4.743186923619966e-09
Table_10_03.obj,Table_10,M,0.9847678052613703,0.014994191695667174,64.81995791315268,0.015309382137373248,0.9999999999999605,1.0,1.0,0.003696829561367352,0.7802800160642167,0.0,1.0,0.0,0.0,0.0
Table_10_04.obj,Table_10,M,0.9847678052613694,0.014994191695668116,64.81995791315268,0.015309382137373241,0.9999999999999606,1.0,1.0,0.0036968295613673393,0.7802800160642107,0.0,1.0,0.0,0.0,0.0
Table_10_05.obj,Table_10,M,0.9847678052613694,0.014994191695668116,64.81995791315268,0.015309382137373241,0.9999999999999606,1.0,1.0,0.0036968295613673393,0.7802800160642107,0.0,1.0,0.0,0.0,0.0
Table_10_06.obj,Table_10,M,0.9847678052613703,0.014994191695667174,64.81995791315268,0.015309382137373248,0.9999999999999605,1.0,1.0,0.003696829561367352,0.7802800160642167,0.0,1.0,0.0,0.0,0.0
Table_10_07.obj,Table_10,M,0.9988183578238852,4.3725782449796064e-14,29.090889982330257,0.03433447543542965,0.9999999999999212,1.0,1.0,0.004066512625455266,0.9335346408074721,0.0,1.0,0.0,0.0,0.0
Table_10_08.obj,Table_10,M,0.9988888892927356,4.085196897122371e-14,30.000005436371655,0.03329635186926306,0.9999999999999235,0.999999999999999,1.0,0.003947256979824167,0.9354838822818539,0.0,1.0,0.0,0.0,0.0
Table_10_09.obj,Table_10,OB,0.48979591823637947,0.5102040813476562,1040107382.5001731,0.0,1.0,0.9999999999999998,1.0,0.11216790554546256,0.16666666651438702,0.0,1.0,1.9754328439026107e-09,2.545834896822011e-09,5.529063864673607e-09
Table_10_10.obj,Table_10,M,0.9990159771976598,1.4287805118682539e-05,29.99999998627167,0.033281683127389466,0.8105776787403896,0.9874624708459628,0.9991922407567889,0.03440748880291732,4.58985506833249,0.42195615409980364,0.9993663606747492,1.6478513005867623e-09,2.541087596611751e-09,6.707879276254074e-09
Table_10_11.obj,Table_10,M,0.998948466339532,0.00015710108297963067,29.99997998719584,0.033296379983917615,0.9870473873101635,0.9547020814168861,0.9961479165221918,0.03583356044474777,4.619749368678295,0.40209591662428923,0.9970380057853256,0.03743726202638874,0.18608519210917518,0.00023794052168578465
Table_10_12.obj,Table_10,M,0.9989588676436649,0.00014108448422948017,29.999999987615833,0.03329635790891071,0.9870494490707927,0.9438375491140292,0.9954804798884762,0.035834665925954946,4.619898594874799,0.41583073952565225,0.9965182885402021,0.02864126222926057,0.16029832578262826,0.004666499447454419
Table_10_13.obj,Table_10,M,0.9990058527705042,2.639693901651549e-05,29.999999987615833,0.03329635788430254,0.987062640757702,0.9686899958335788,0.9982785062398071,0.03450359062399441,4.603288624085859,0.41952106225233765,0.9986507994562613,0.01810939525219449,0.13334429771890757,6.707879276254074e-09
Table_10_14.obj,Table_10,M,0.9808774124887568,0.018091658246830778,30.000005436371655,0.03293929354279895,0.9999999999999826,0.9839750750956997,0.9968915627833737,0.005308298748557197,1.14457971914849,0.73002429187175,0.9975676632168473,1.3358200205973296e-09,2.275784810466958e-09,4.743186923619966e-09
Table_10_15.obj,Table_10,M,0.9810092687891643,0.017963902709882622,29.091415436860412,0.03394276675477474,0.9999880531040926,0.9999910503386494,0.9999800929803573,0.00636047548457257,1.2874014016416104,0.7770581425909495,0.9999843674627374,3.202153990384924e-05,6.228127498844146e-05,0.00016539093003714803
Table_10_16.obj,Table_10,M,0.9847678052613703,0.014994191695667174,64.81995791315268,0.015309382137373248,0.9999999999999605,1.0,1.0,0.003696829561367352,0.7802800160642167,0.0,1.0,0.0,0.0,0.0
Table_10_17.obj,Table_10,M,0.9847678052613694,0.014994191695668116,64.81995791315268,0.015309382137373241,0.9999999999999606,1.0,1.0,0.0036968295613673393,0.7802800160642107,0.0,1.0,0.0,0.0,0.0
Table_10_18.obj,Table_10,M,0.9988888892927356,4.0764728452039376e-14,30.000005436369985,0.03329635186926491,0.9999999999999223,0.9999999999999971,0.9999999999999999,0.0039472569798241685,0.9354838822818539,1.5700924586837752e-16,0.9999999999999999,0.0,0.0,0.0
Table_10_19.obj,Table_10,M,0.9988183578238852,4.3725782449796064e-14,29.090889982330257,0.03433447543542965,0.9999999999999212,1.0,1.0,0.004066512625455266,0.9335346408074721,0.0,1.0,0.0,0.0,0.0
Table_10_20.obj,Table_10,OB,0.2557609259301655,0.7442390740696863,49627995677.60012,0.0,1.0,0.5115154845423837,0.14688257960234619,0.004105850713461211,0.9829829495113048,0.00022271127834091873,0.7127641666197987,1.8972747694479863e-09,2.3236775435020807e-09,4.743186923619966e-09
Table_10_21.obj,Table_10,OB,0.14667319345623114,0.8533268065436104,49627995677.60012,0.0,1.0,0.5235081655585269,0.2466424987519582,0.004105847040724077,0.982987180602624,0.0005478145956288919,0.7210698200527625,1.2297151283459173e-09,2.0785979456511517e-09,4.743186923619966e-09
Table_11_01.obj,Table_11,M,0.9994002498957477,2.675460235908742e-19,40.83333330367582,0.024475121360637293,0.9999999999999073,0.9999999999999998,1.0,0.0034580867508432114,0.9521912350266938,0.0,1.0,0.0,0.0,0.0
Table_11_02.obj,Table_11,M,0.9981096408313391,1.439200173959659e-16,22.999999983219016,0.04339630365918443,0.9999999999998355,1.0,1.0,0.006026675709303002,0.9163608930362237,0.0,1.0,0.0,0.0,0.0
Table_11_03.obj,Table_11,M,0.9981096408313391,1.2480564008556416e-16,22.999999983218892,0.04339630365918467,0.9999999999998355,1.0,1.0,0.006027637322630573,0.9166666666109078,0.0,1.0,0.0,0.0,0.0
Table_11_04.obj,Table_11,M,0.9994002498957477,2.675460235908742e-19,40.83333330367582,0.024475121360637293,0.9999999999999073,0.9999999999999998,1.0,0.0034580867508432114,0.9521912350266938,0.0,1.0,0.0,0.0,0.0
Table_11_05.obj,Table_11,M,0.9990530865769541,1.368515369673999e-13,31.222222199605362,0.031995664682933654,0.9999999999998828,0.999999999999998,1.0,0.004489550557530126,0.9379310344362373,1.5700924586837752e-16,0.9999999999999998,1.8445726925188756e-09,2.3122942409727333e-09,4.743186923619966e-09
Table_11_06.obj,Table_11,OB,0.23192513914333812,0.7667449857960935,39.82608693512919,0.021417971861110004,1.0000000000000044,0.5238487187607563,0.39996675718588515,0.002646213788438419,0.7662768394453707,0.5623259693116083,0.7434904137520512,0.08008371066150444,0.19072665715057766,0.30408672398469644
Table_11_07.obj,Table_11,M,0.9981096408313391,1.2480564008556416e-16,22.999999983218892,0.04339630365918467,0.9999999999998355,1.0,1.0,0.006027637322630573,0.9166666666109078,0.0,1.0,0.0,0.0,0.0
Table_11_08.obj,Table_11,M,0.9994002498957477,2.675460235908742e-19,40.83333330367582,0.024475121360637293,0.9999999999999073,0.9999999999999999,1.0,0.0034580867508432114,0.9521912350266938,0.0,1.0,0.0,0.0,0.0
Table_11_09.obj,Table_11,M,0.9994002498957477,2.675460235908742e-19,40.83333330367582,0.024475121360637293,0.9999999999999073,0.9999999999999999,1.0,0.0034580867508432114,0.9521912350266938,0.0,1.0,0.0,0.0,0.0
Table_11_10.obj,Table_11,M,0.9981096408313391,1.439200173959659e-16,22.999999983219016,0.04339630365918443,0.9999999999998355,1.0,1.0,0.006026675709303002,0.9163608930362237,0.0,1.0,0.0,0.0,0.0
Table_11_11.obj,Table_11,M,0.9990530865769541,1.368524521980238e-13,31.222222199605362,0.031995664682933654,0.9999999999998789,0.9999999999999979,1.0,0.004489550557530127,0.9379310344362374,1.5700924586837752e-16,1.0,1.0540415385822148e-09,1.9719311544013567e-09,4.743186923619966e-09
Table_11_12.obj,Table_11,M,0.9990530865769539,1.370059058659711e-13,31.222222199605362,0.031995664682933654,0.9999999999998789,0.9999999999999974,1.0,0.004489550557530128,0.9379310344362374,1.5700924586837752e-16,0.9999999999999999,1.0540415385822148e-09,1.9719311544013567e-09,4.743186923619966e-09
Table_11_13.obj,Table_11,M,0.9990530865769539,1.370059058659711e-13,31.222222199605362,0.031995664682933654,0.9999999999998828,0.9999999999999972,1.0,0.004489550557530127,0.937931034436237,1.5700924586837752e-16,0.9999999999999999,1.8445726925188756e-09,2.3122942409727333e-09,4.743186923619966e-09
Table_12_01.obj,Table_12,SL,3.846974219968028e-12,0.9952000337068926,20.000047692765417,0.03533317848437877,0.7764588842223209,0.7819076691280493,0.5000010022174136,0.03233263111887889,7.076071790926266e-06,1.662542609940133e-05,0.7859011294031744,2.0884760145802757e-09,2.9772907780233973e-09,6.707879276254074e-09
Table_12_02.obj,Table_12,M,0.9885338022348166,0.011367105378280794,8.164262620510739,0.11916082996348713,0.040515582739456914,0.7552810744759377,0.8412729893616561,0.01635409379814125,2.658979324923352,0.3600256436752336,0.9092925447323809,0.004084069962864698,0.034298401439123154,6.707879276254074e-09
Table_12_03.obj,Table_12,SL,3.826735222924505e-13,0.9991999996187158,49.99989429523395,0.014140751499094056,0.7764600475437675,0.7852175614911737,0.49999991402564825,0.012933100941500648,3.9266866550966105e-06,8.087557006887726e-06,0.7875627712968081,2.1362290915527115e-09,2.9891835982159986e-09,8.215440741506101e-09
Table_12_04.obj,Table_12,M,0.9885338650242346,0.011367042548697836,126.97590746062629,0.0076726126686870915,0.5553836120880252,0.755280909031061,0.841271643302526,0.016354095039104687,2.6589798219939325,0.3600391253897405,0.9092923257584961,0.004099985325616434,0.034296310277493504,0.00010233094150362675
Table_12_05.obj,Table_12,M,0.9885338885567139,0.011367019069966561,8.211286455102005,0.11847912138636651,0.040677633700290886,0.7552799723852628,0.841271036855374,0.016354097643282956,2.658980141676537,0.3600141688341063,0.9092921132160732,0.0041011246144355695,0.03429666558861885,0.00011258347442520846
Table_13_01.obj,Table_13,OB,0.8975999999961046,0.1008000000021737,24.99999995968231,0.038069349380979334,0.9999999999998113,1.0,1.0,0.009464447029332253,0.5151515150982852,0.0,1.0,0.0,0.0,0.0
Table_13_02.obj,Table_13,M,0.9956287138854872,0.0043029847689197015,120.99999981991087,0.00824617826587723,0.9999999999999605,1.0,1.0,0.0024211376122036353,0.8759689922253894,0.0,1.0,0.0,0.0,0.0
Table_13_03.obj,Table_13,OB,0.8975999999961046,0.10080000000217326,24.999999959678757,0.03806934938098473,0.9999999999998112,0.9999999999999998,0.9999999999999999,0.009464447029332253,0.5151515150982852,3.510833468576701e-16,1.0,0.0,0.0,0.0
Table_13_04.obj,Table_13,OB,0.9851519059827337,0.013136038761855717,14.79999999093003,0.06640158940392572,0.7503816763404486,0.7533691078917512,0.7785728342916384,0.021728936284735965,1.580213699178768,0.5270631314377932,0.8997527313907149,1.4388230117673973e-09,2.4377676906227167e-09,6.707879276254074e-09
Table_13_05.obj,Table_13,OB,0.9795343234223829,0.01850257740472722,14.79999999093003,0.06640158940392572,0.7400554687569522,0.7897948834249535,0.7712136238798676,0.015864873903431605,1.2452104744571908,0.5269021779423348,0.9048660281631532,1.913906722387018e-09,2.69067868999254e-09,6.707879276254074e-09
Table_13_06.obj,Table_13,M,0.9969920310675711,0.002883076800995613,53.199999967343274,0.018745929060140526,0.9152618388070635,0.9522882272308262,0.9362174699796335,0.004525499251940446,1.5469888342257825,0.5035296407278357,0.9685777419359708,1.5341924011731166e-09,2.484299537333852e-09,6.707879276254074e-09
Table_13_07.obj,Table_13,M,0.9968400351249853,0.0016328611169192887,14.499999995613193,0.06863982230331188,0.6522955342717026,0.7674330346189909,0.9671192183328186,0.020122600969864977,2.2943808592077137,0.6211797812400692,0.9752894572012492,0.0004088015356266154,0.00118424191525597,0.0034184666674889675
Table_13_08.obj,Table_13,M,0.9968400564165635,0.001632862438237235,14.499999995613193,0.06863982230331189,0.6522933960973245,0.7674138101702236,0.9671152473807931,0.0201225872952257,2.2943792823442775,0.6211787996615109,0.9752865106897,1.020216293853145e-05,4.886079778089862e-05,3.292708289381159e-05
Table_13_09.obj,Table_13,OB,0.9521358410306946,0.04717489490846325,31.499999988522088,0.030868020395063412,0.9999999999999977,0.9839771431321683,0.9953181373587899,0.0030030044010370153,1.033371926518463,0.6298692219715947,0.9963436359243111,1.0613570936259063e-09,2.078803562533449e-09,4.743186923619966e-09
Table_13_10.obj,Table_13,OB,0.9509262039245128,0.04867874527184873,51.03999996544433,0.01902146349727213,0.9947287502746173,0.9947287502746175,0.9419148287014669,0.004024969391442059,1.2419087853679585,0.022089898053159685,0.976066649842287,3.7560264067103585e-10,1.3428249681809909e-09,4.743186923619966e-09
Table_13_11.obj,Table_13,OB,0.9279311742687107,0.06747398765984776,14.752475236134554,0.06532735537873036,0.999999999999921,0.9999999999999994,0.9999999999999999,0.00826261248595035,0.5767195766679911,1.5700924586837752e-16,0.9999999999999998,0.0,0.0,0.0
Table_13_12.obj,Table_13,OB,0.9493529023218498,0.050581770935509335,128.9999998121356,0.007512675183929398,0.9926262053316844,0.9926262053316935,0.9300519808508889,0.00397427759529758,1.2173606288830983,0.018126971215154355,0.9714097647657911,2.790109955070568e-10,1.1160439820282272e-09,4.506027577438914e-09
Table_13_13.obj,Table_13,M,0.9986373030457997,0.0012319755263130322,53.199999967343274,0.01877127639403403,0.8981689409487691,0.9453777924973542,0.9319157845543875,0.0040278108325943595,1.435773795831669,0.7750487702376105,0.9724160671225343,1.001906032575787e-09,2.2091242848817387e-09,6.707879276254074e-09
Table_13_14.obj,Table_13,M,0.9968400313688512,0.0016328649865336184,14.499999995613193,0.06863982230331188,0.6522956149891682,0.7674331018618301,0.9671191656053968,0.02012259819493339,2.29438048603726,0.6211796967246159,0.975289417934858,0.00039993044038682076,0.0011797355119163887,0.003420519837504341
Table_13_15.obj,Table_13,M,0.996840052661373,0.0016328663059643259,14.499999995613193,0.06863982230331189,0.65229348635668,0.7674138754555645,0.9671151946581836,0.00804903380811422,1.2272683851914474,0.77140147073791,0.9752864714275364,4.463994273121647e-06,1.3244494806548601e-05,3.293318523162202e-05
Table_13_16.obj,Table_13,OB,0.9679212469413189,0.032061504402564986,241.9999992316769,0.004065544541664057,0.9999999999999711,0.8491083746151691,0.960149651558102,0.0032761377754497484,1.10404329788794,0.617728902167478,0.9701170135004128,0.0973972552686591,0.1358958306638963,0.3040867239846981
Table_14_01.obj,Table_14,OB,0.028799394087553127,0.962802100621398,11.124999997953422,0.0634321596541835,0.9999999999999997,0.5110215821617743,0.18729991088170928,0.0023583178887255653,0.706925387683161,0.42626737107459167,0.7148352976629511,0.02127659584559972,0.06975998427030516,0.25000000000000006
Table_14_02.obj,Table_14,OB,0.1054297146959561,0.8943004180858675,40.09523806945892,0.01763293795485327,0.9983047026902271,0.500002507454144,0.001413712643206333,0.0024929634001444596,0.707101094418053,0.37023858670757775,0.7071077690482477,0.018072289499507496,0.06474152177237283,0.24999999999999978
Table_14_03.obj,Table_14,OB,0.016678725906565665,0.9829240165246432,42.272727246618665,0.016724917527083702,0.9883538822161568,0.5000030174521028,4.4678634891770486e-06,0.0022570665442150665,0.7070977287997043,0.370239190988312,0.7071076649803428,0.012500000609270801,0.054486236654482136,0.01250000637248455
Table_14_04.obj,Table_14,OB,0.9804203061017299,0.006649924853062652,7.999999998157542,0.1230914909754499,0.7561728395117088,0.8604737850310252,0.961245132210798,0.010155086490566059,1.0902507351670545,0.7305500369144865,0.9709833743974663,0.07150047382167424,0.123263142429268,0.3040867239846964
Table_14_05.obj,Table_14,OB,0.9804203061017298,0.0066499248530626585,7.999999998157542,0.1230914909754499,0.7561728395117092,0.860473785031024,0.9612451322107978,0.010155086490566059,1.0902507351670545,0.7305500369144864,0.9709833743974663,0.0715004738567338,0.12326314240893123,0.30408672398469644
Table_14_06.obj,Table_14,OB,0.9804203061017298,0.006649924853062662,7.999999998157542,0.1230914909754499,0.7561728395117102,0.8604737850310238,0.9612451322107978,0.010155086490566062,1.0902507351670545,0.7305500369144864,0.970983374397466,0.07150047382167424,0.123263142429268,0.3040867239846964
Table_14_07.obj,Table_14,SL,0.0002995209797924554,0.8269495294853334,3.3333333252243076,0.20751433907296385,0.7765612177162006,0.7765612177254086,0.5002386392451373,0.5428047449287714,0.0010948715734134945,0.0021849967336368195,0.7832102323203525,1.458352378275756e-09,2.4605354280235553e-09,6.707879276254074e-09
Table_14_08.obj,Table_14,SL,0.026131500005170543,0.9367041691055739,7.521772124622445,0.09359689968077296,0.7764427125045077,0.7764584617890694,0.5001011389383065,0.3909098988996214,0.2885068634594308,0.04714573441351563,0.7831577660971601,0.0008963919492187968,0.006068589230994063,8.215440741506101e-09
Table_14_09.obj,Table_14,OB,6.392484516165456e-15,0.9999935907705774,394.9999972194061,0.0017901408815395544,0.999999999999978,1.0,1.0,0.001771375960316157,1.611057050734074e-15,0.0,1.0,2.2359597587513584e-09,3.1621246157466436e-09,6.707879276254074e-09
Table_14_10.obj,Table_14,OB,0.9804203061017298,0.0066499248530626585,7.999999998157542,0.1230914909754499,0.7561728395117088,0.860473785031024,0.9612451322107978,0.010155086490566062,1.0902507351670547,0.7305500369144864,0.970983374397466,0.0715004738567338,0.12326314240893123,0.30408672398469644
Table_15_01.obj,Table_15,M,0.9907281708933621,6.392569840977861e-16,10.385258012741119,0.09540977784288034,0.9999999999999494,1.0,1.0,0.006597096381861987,0.8243342401466954,0.0,1.0,0.0,0.0,0.0
Table_15_02.obj,Table_15,M,0.9907281708933626,1.191636727886518e-06,10.385925445658046,0.0954037023126086,0.9999999999999512,1.0,1.0,0.006597096381862005,0.824334240146701,0.0,1.0,1.712041798048929e-09,2.463339554079617e-09,5.82376771756872e-09
Table_15_03.obj,Table_15,OB,0.6471327961129159,0.35263451313353456,65.55569661289606,0.013113681541009285,0.9999999999999953,1.0,1.0,0.0015782993545230986,0.25468447008007394,0.0,1.0,0.0,0.0,0.0
Table_15_04.obj,Table_15,OB,0.5630556282762711,0.43582255354987764,29.856490991637617,0.02793005544378779,0.9999999999999991,1.0,1.0,0.001514644099043188,0.20408110370358024,0.0,1.0,0.0,0.0,0.0
Table_15_05.obj,Table_15,M,0.9907281708933621,6.392569840977861e-16,10.385258012741119,0.09540977784288034,0.9999999999999494,1.0,1.0,0.006597096381861987,0.8243342401466954,0.0,1.0,0.0,0.0,0.0
Table_15_06.obj,Table_15,M,0.9907281708933626,1.191636727886518e-06,10.385925445658046,0.0954037023126086,0.9999999999999512,1.0,1.0,0.006597096381862005,0.824334240146701,0.0,1.0,1.712041798048929e-09,2.463339554079617e-09,5.82376771756872e-09
Table_16_01.obj,Table_16,M,0.7821852452419945,0.2170840650041172,41.2191217214701,0.021429606493445927,0.9661703257235049,0.9661703257222806,0.8402174527100895,0.010405430728005467,1.8450792091081547,0.28375668115485203,0.9201251434507093,0.04828781146122414,0.09819638186291085,0.2638294749906943
Table_16_02.obj,Table_16,M,0.9970260171623527,0.00016224567190153516,11.043171676543144,0.089820167380675,0.366505979855829,0.8621847649179382,0.9478101839824097,0.01863311724676806,1.9602590254781045,0.592977762676957,0.9658070272080621,0.009170807004241319,0.055863618531076166,0.00012555567069158244
Table_16_03.obj,Table_16,M,0.7821854327323129,0.21756172247385558,70.07099583954923,0.012607819716021072,0.9661701337045834,0.9661701337045115,0.8402163442278185,0.011140578853991535,1.7508641613587188,0.0755746905296917,0.9201249223902371,0.04828789281655768,0.09819649204958684,0.26382666865880483
Table_16_04.obj,Table_16,SL,0.7878531548988003,0.212146845101129,82351859514.00003,0.0,1.0,0.9395898434934479,0.8273580770339399,0.00992641296653977,1.7284204600151067,0.0737535865659318,0.9112385060984768,2.4992022048036215e-09,2.6142145132204245e-09,6.707879276254074e-09
Table_16_05.obj,Table_16,M,0.9969935866467,0.00019725035407844893,11.043171676543144,0.08982016738069598,0.36649671207064777,0.8634536893689839,0.9485343997769694,0.019871936875091308,2.040443874742598,0.5836857641874126,0.9661820151605084,0.005537147643577294,0.036784559995221934,1.2912562899686675e-05
Table_16_06.obj,Table_16,M,0.9970260383694617,0.00016222951168740955,11.043171676223313,0.08982016738327636,0.36650065883398264,0.8621791192379817,0.9478054850036083,0.01987535794537257,2.0408556480692583,0.5830173810519741,0.9658047219114964,0.009170639705549044,0.05586490073970262,0.00010770575684948029
Table_16_07.obj,Table_16,M,0.9970260372391663,0.00016223257054236642,11.043171676223313,0.08982016738327636,0.366497261797924,0.8621747956240597,0.9478033390965178,0.019875367164602472,2.0408567983630195,0.5830144761395522,0.965803591945797,0.009177124985598013,0.05586484740197031,0.00011846928789195204
Table_16_08.obj,Table_16,SL,0.7956271735113266,0.20437282648861235,88169990579.39998,0.0,1.0,0.9669821367948916,0.8424513515110263,0.009673507756990501,1.7618260953878717,0.07557811013180583,0.9211536115409734,1.984594429565058e-09,2.461791428137283e-09,4.743186923619966e-09
Table_17_01.obj,Table_17,OB,0.3740489004519832,0.5259521952846251,1.130509961452662,0.5302890734447361,0.3749988585771468,0.9999999999999997,0.9999999999999999,0.02462338350160045,0.23040886089219195,0.0,1.0,6.324249231493289e-10,1.6123735120104226e-09,4.743186923619966e-09
Table_17_02.obj,Table_17,OB,0.3740489004519832,0.5259521952846251,1.130509961452662,0.5302890734447361,0.3749988585771468,0.9999999999999999,0.9999999999999999,0.02462338350160045,0.23040886089219195,0.0,1.0,6.324249231493289e-10,1.6123735120104226e-09,4.743186923619966e-09
Table_17_03.obj,Table_17,OB,0.3740489004519832,0.5259521952846251,1.130509961452662,0.5302890734447361,0.3749988585771468,0.9999999999999997,0.9999999999999999,0.02462338350160045,0.23040886089219195,0.0,1.0,6.324249231493289e-10,1.6123735120104226e-09,4.743186923619966e-09
Table_17_04.obj,Table_17,M,0.9929207130026675,0.006099063573093516,31.940187510205583,0.03118311185639973,0.9999999999999244,0.9999999999999993,1.0,0.004966239487981815,0.844782748684674,0.0,1.0,0.0,0.0,0.0
Table_17_05.obj,Table_17,M,0.9977003344422801,0.0019812456308501655,56.040226323627934,0.0178210115607073,0.9999999999999597,1.0,1.0,0.0029282452239361356,0.9084792072666937,0.0,1.0,0.0,0.0,0.0
Table_17_06.obj,Table_17,M,0.9977003344422801,0.0019812632980489306,56.041781055186775,0.017820517320703427,0.9999999999999596,1.0,1.0,0.0029282452239361356,0.9084792072666937,0.0,1.0,0.0,0.0,0.0
Table_17_07.obj,Table_17,M,0.9971152149683304,3.825656930812712e-18,18.618439241775054,0.053555919744495965,0.9999999999999628,0.9999999999999993,1.0,0.0041615748602232515,0.8980550911664966,0.0,1.0,0.0,0.0,0.0
Table_17_08.obj,Table_17,OB,0.6081233259771477,0.3916309736719684,63.796537930316354,0.013285080229788585,0.9999999999999926,1.0,1.0,0.0016419028072974266,0.23001189287133075,0.0,1.0,0.0,0.0,0.0
Table_17_09.obj,Table_17,OB,0.3740489004519832,0.5259521952846251,1.130509961452662,0.5302890734447361,0.3749988585771468,0.9999999999999997,0.9999999999999999,0.02462338350160045,0.23040886089219195,0.0,1.0,6.324249231493289e-10,1.6123735120104226e-09,4.743186923619966e-09
Table_17_10.obj,Table_17,M,0.9929247695096189,0.0060956231001323075,31.950228853779358,0.031173383850234215,0.9999999999999315,0.999999999999998,0.9999999999999998,0.004964926842382413,0.8448237747452124,1.1102230246251565e-15,0.9999999999999997,0.0,0.0,0.0
Table_17_11.obj,Table_17,M,0.9970900836439995,2.52073143152519e-05,18.618684466781424,0.05355454730361618,0.9999999999999646,1.0,1.0,0.004160653082535635,0.8976346770464536,0.0,1.0,0.0,0.0,0.0
Table_17_12.obj,Table_17,M,0.9971152149683304,7.598974872573585e-08,18.618684466021374,0.05355521638966584,0.9999999999999645,1.0,1.0,0.004161574860223254,0.8980550911664965,0.0,1.0,0.0,0.0,0.0
Table_17_13.obj,Table_17,M,0.997115290958079,2.3560800078586904e-13,18.618684466781424,0.05355521841063715,0.9999999999999645,0.9999999999999979,0.9999999999999999,0.0041615776541046486,0.8980563654294819,1.5700924586837752e-16,0.9999999999999999,0.0,0.0,0.0
Table_18_01.obj,Table_18,OB,0.6212073913310268,0.3785073553624576,58.99999995783025,0.01430287343151973,1.0000000000000024,0.7299802390075174,0.7825685518687053,0.0022878852723118904,0.7578851456680376,0.41129403513783047,0.8655049089939812,0.09739725323821305,0.13589583211912765,0.3040867239846968
Table_18_02.obj,Table_18,M,0.9959040029080009,0.0035475834000343602,41.99999995446799,0.023754972157481086,0.9999999999999168,0.9490170778422732,0.9955130477686901,0.006586695768509887,1.2883947963502778,0.6398976420616581,0.9965008011540949,0.09739725323821304,0.13589583211912762,0.30408672398469666
Table_18_03.obj,Table_18,M,0.9985760056959282,0.0012237451049901236,70.66666659706239,0.014139465087930703,0.9999999999999497,1.0,1.0,0.0026761882353428866,0.9272727272485978,0.0,1.0,0.0,0.0,0.0
Table_18_04.obj,Table_18,M,0.9985760056959282,0.0012237451049901284,70.66666659706317,0.014139465087930545,0.9999999999999498,1.0,1.0,0.0026761882353428866,0.9272727272485978,0.0,1.0,0.0,0.0,0.0
Table_18_05.obj,Table_18,M,0.9905339021677363,0.002754106220656923,10.999999995805135,0.09016696346493798,0.9999999999999566,0.9995465763899459,0.9989759695363853,0.008892620422092334,1.1725444079552914,0.7304964959165242,0.9991992157612759,0.09739725642518997,0.1358958298350046,0.3040867239846964
Table_18_06.obj,Table_18,M,0.9959040029080009,0.0035475834000343602,41.99999995446799,0.023754972157481086,0.9999999999999168,0.9490170778422732,0.9955130477686901,0.006586695768509887,1.2883947963502778,0.6398976420616581,0.9965008011540949,0.09739725323821304,0.13589583211912762,0.30408672398469666
Table_18_07.obj,Table_18,M,0.9905339021677363,0.0027541062206569234,10.999999995805135,0.09016696346493798,0.9999999999999566,0.9995465763899444,0.998975969536385,0.008892620422092334,1.1725444079552914,0.7304964959165317,0.9991992157612757,0.09739725642518997,0.1358958298350046,0.3040867239846964
Table_18_08.obj,Table_18,M,0.9905339021677363,0.002754106220656914,10.999999995805135,0.09016696346493798,0.9999999999999551,0.9995465763899459,0.9989759695363852,0.008892620422092337,1.1725444079552916,0.7304964959165278,0.999199215761276,0.09739725567514715,0.13589583037256422,0.30408672398469644
Table_18_09.obj,Table_18,M,0.9905339021677364,0.0027541062206569134,10.999999995805135,0.09016696346493798,0.9999999999999551,0.9995465763899466,0.9989759695363853,0.008892620422092335,1.1725444079552916,0.7304964959165314,0.9991992157612759,0.09739725567514715,0.13589583037256422,0.30408672398469644
Table_18_10.obj,Table_18,M,0.9959040029077899,0.003547583400245268,41.99999995446799,0.02375497215747863,0.9999999999999102,0.9490170778421285,0.9955130477685683,0.006586695768499895,1.2883947963473588,0.6398976420584739,0.9965008011540007,0.09739725428731008,0.13589583136723432,0.3040867239846967
Table_18_11.obj,Table_18,M,0.9959040029077899,0.003547583400245268,41.99999995446799,0.02375497215747863,0.9999999999999102,0.9490170778421285,0.9955130477685683,0.006586695768499895,1.2883947963473588,0.6398976420584739,0.9965008011540007,0.09739725428731008,0.13589583136723432,0.3040867239846967
Table_18_12.obj,Table_18,M,0.9985760056958547,0.0012237451050634849,70.66666659706239,0.014139465087930186,0.9999999999999477,1.0,1.0,0.0026761882353403795,0.9272727272467925,0.0,1.0,0.0,0.0,0.0
Table_18_13.obj,Table_18,M,0.9985760056958547,0.0012237451050634888,70.66666659706317,0.014139465087930028,0.9999999999999477,0.9999999999999998,1.0,0.00267618823534038,0.9272727272467927,0.0,1.0,0.0,0.0,0.0
Table_18_14.obj,Table_18,OB,0.6485845672662353,0.3499806301625564,26.39999999061219,0.03256650944526522,0.9999999999999988,1.0,1.0,0.0017501825558142688,0.25564803804728886,0.0,1.0,0.0,0.0,0.0
Table_19_01.obj,Table_19,OB,1.0423439187698776e-06,0.9944688910508225,13.447291486685085,0.05251105034117733,0.9999999999999988,1.0,1.0,0.002134721458186816,2.605861154971482e-07,0.0,1.0,0.0,0.0,0.0
Table_19_02.obj,Table_19,OB,1.0000004354884567e-06,0.999373999999358,39.9999999623436,0.01767491245771728,0.9999999999999946,1.0,1.0,0.0024015622856652552,2.500002337309533e-07,0.0,1.0,0.0,0.0,0.0
Table_19_03.obj,Table_19,M,0.9876543209874742,1.6371169934217505e-16,8.99999999827088,0.10976425998737552,0.9999999999999923,1.0,1.0,0.003842498696424992,0.799999999969259,0.0,1.0,0.0,0.0,0.0
Table_19_04.obj,Table_19,M,0.9876543209874735,8.496429965859716e-16,8.99999999827086,0.1097642599873757,0.9999999999999918,0.999999999999999,0.9999999999999999,0.003842498696424977,0.7999999999692525,1.5700924586837752e-16,1.0,0.0,0.0,0.0
Table_19_05.obj,Table_19,OB,6.999971383591073e-07,0.9981413927494751,23.199999991039363,0.030464599081669024,0.999999999999999,1.0,1.0,0.0016562497279691336,1.74999346024103e-07,0.0,1.0,0.0,0.0,0.0
Table_19_06.obj,Table_19,M,0.9876543209874743,2.072299991673102e-17,8.99999999827086,0.10976425998737575,0.9999999999999923,0.9999999999999981,0.9999999999999999,0.0038424986964249903,0.7999999999692589,2.220446049250313e-16,1.0,1.712041798048929e-09,2.463339554079617e-09,5.82376771756872e-09
Table_19_07.obj,Table_19,M,0.9876543209874733,1.0340776958448776e-15,8.99999999827088,0.10976425998737548,0.9999999999999919,0.9999999999999999,1.0,0.003842498696424977,0.7999999999692528,0.0,0.9999999999999998,0.0,0.0,0.0
Table_19_08.obj,Table_19,OB,8.000003795181035e-07,0.9974991999994733,19.999999992315054,0.03533326972423456,1.0000000000000009,1.0,1.0,0.00192124973247193,2.0000017469228613e-07,0.0,1.0,0.0,0.0,0.0
Table_20_01.obj,Table_20,M,0.5566890683003547,0.4425617835876777,34.58996239256543,0.022141778568422768,0.8997458167915348,0.9077070103166816,0.8672410986273879,0.013059123286590937,2.1850092989529735,0.37839503009664766,0.9236929474963496,0.0010604414189940862,0.006464251855793509,0.0002195309621978308
Table_20_02.obj,Table_20,M,0.5548367547244702,0.44441320525777317,34.59346675787902,0.022139545309928184,0.8997503054261754,0.9084292471516985,0.8677418632152035,0.016007959397892027,2.465303739924006,0.3504492842138153,0.9240280700681182,0.0009006241802738866,0.005951096781175438,0.00016042021510065464
Table_20_03.obj,Table_20,SL,2.503134249544727e-06,0.9985564390098203,33.60180855863281,0.021039076293291215,0.9065823053859562,0.906582235370416,0.7055947593962593,0.012004811515957134,0.7668387372027069,0.05913237332286323,0.8598221300772071,1.8278287461612592e-09,2.644505162280661e-09,6.707879276254074e-09
